year	moisture	litterC	litterN	microbeC	humusC
0.0	22.08797427724191	2664.635336671221	81.14196252069613	50.21112648600021	8499.944890032153
0.0273972602739726	10.19266140333381	2619.87234615478	80.03035839456078	55.54831554132273	8506.166846010798
0.0547945205479452	5.603907567760054	2591.2807892999112	79.42994739415042	57.38581936903229	8510.330411710016
0.0821917808219178	4.984435556965471	2582.3314885342566	79.42528618740022	55.343528423642596	8512.02818094398
0.1095890410958904	12.966923669839575	2554.900405831246	78.8435720292089	57.10313410077049	8515.968500518698
0.136986301369863	30.45025842774936	2475.5067086209474	76.68759980737752	68.89958580005147	8526.125265267015
0.1643835616438356	14.603272341150863	2423.236336733045	75.41025103312462	74.63052433395663	8532.914762143222
0.1917808219178082	25.285760707312445	2352.9150939078772	73.58139578294299	83.82764231475821	8541.585041617811
0.2191780821917808	47.22520174528299	2293.8919236935694	72.141257892907	90.16225597282438	8548.805429742824
0.2465753424657534	38.98658684281119	2206.677713117575	69.8359110411452	101.96505928638229	8558.722090425954
0.273972602739726	52.98374166142873	2112.0542574407336	67.34056712182426	114.65394870062104	8568.87341917667
0.3013698630136986	55.88365859967684	2026.9001644944206	65.17421179124152	124.85187793627891	8577.543965144636
0.3287671232876712	75.57395376147325	1930.664315582956	62.67515906138724	136.98481913762424	8586.513138049124
0.3561643835616438	37.86127222465363	1821.3261764313156	59.763780109108374	151.6372109291437	8595.548389954613
0.3835616438356164	12.651327656689586	1719.5871498919023	57.14345944529253	163.96061705412583	8602.881914384243
0.410958904109589	6.421668913656528	1673.0462192216016	56.33713881510183	163.7763762299256	8606.217610392976
0.4383561643835616	5.162863208965991	1647.7742681437842	56.21377612129777	158.9661164332918	8608.197353154314
0.4657534246575342	6.024922752366113	1621.1874797480111	56.00501913720552	154.83400629382646	8610.097775803764
0.4931506849315068	12.163756816584787	1538.0674747840972	53.82034746844665	163.9242602605658	8614.050297824468
0.5205479452054794	56.86032688004201	1475.5316029829582	52.34070323424107	168.12129102660515	8616.399809301096
0.547945205479452	26.493386366451936	1359.6513703736177	48.96223934296965	185.05459413036738	8618.634360963266
0.5753424657534246	8.185474689744172	1312.7578830827124	48.068386455504516	184.83133859059106	8618.767006943124
0.6027397260273972	5.229520943526725	1302.008317836068	48.44265808457642	176.01743229751023	8618.675043441624
0.6301369863013698	17.48491577331025	1267.9718898856772	47.899706424536696	173.55849021397265	8618.311550661965
0.6575342465753424	30.35532621844359	1167.3361284569087	44.81513985220786	188.25740525170323	8615.865179544282
0.684931506849315	61.737783939115495	1073.031283179001	41.96432246413986	201.4114877196559	8610.907169489663
0.7123287671232876	42.82653790554673	1002.8882619996652	40.018658331370794	208.31761582096652	8604.966241570653
0.7397260273972602	15.682258181415737	922.324702558337	37.62488352199078	218.47257450077558	8595.817597774405
0.7671232876712328	27.563135328838133	904.3649326920772	37.72467797828352	210.8440058865242	8591.76122187119
0.7945205479452054	49.485148952330235	854.1641372209369	36.41557063924496	213.29684838765735	8583.275942309332
0.821917808219178	44.04277806376263	781.8054308143709	34.114323578189854	223.00308751074496	8569.462228000562
0.8493150684931506	28.645612718600216	708.1132651281374	31.691425739164437	233.98131314257424	8551.76792349789
0.8767123287671232	5.742558354545936	686.0892774273566	31.527859890021976	228.33053313132498	8542.453187101939
0.9041095890410958	46.58021747588169	651.0574014882617	30.67501637567797	227.82170598674284	8529.497796472135
0.9315068493150684	26.488687701436582	590.5139322397948	28.566255357829423	237.0100586379836	8507.337822469328
0.958904109589041	7.863322489527058	568.5382155688127	28.257313296479232	232.73329400789845	8494.106630949367
0.9863013698630136	13.91650929968149	563.7140876547103	28.723319660194804	222.57381304522846	8486.235778982704
1.0136986301369864	4.914574638481664	2016.9569311401694	55.87826263283082	212.6202927443219	8484.761792426814
1.0410958904109588	18.14010296748932	1931.4367777811053	54.54274546617211	216.978967931875	8493.5897177758
1.0684931506849316	28.08290712559699	1846.969669820564	53.217041391281576	221.00477567000883	8501.572625892566
1.095890410958904	52.25105905751127	1692.8927557471366	49.86957102970873	240.25973729363406	8513.005306105193
1.1232876712328768	39.96354389345275	1518.2655636686773	45.88357544047502	264.26678472560815	8522.19134285977
1.1506849315068493	31.19481028201991	1321.1894889559	41.18104361318829	294.0146650105698	8526.656527072224
1.178082191780822	6.40261849260049	1225.7836359254613	39.5909928032252	299.0512020509051	8525.79305019459
1.2054794520547945	49.73532243488376	1117.9850355475146	37.44255665617996	308.22922646418465	8521.992591916183
1.2328767123287672	41.768246811758196	994.2164436515757	34.62605621918688	322.7182755282449	8513.198259341585
1.2602739726027397	44.380785081082884	885.8157819399459	32.21674856633464	334.1488436612844	8500.029023732515
1.2876712328767124	24.463246193462535	785.2390006418775	29.91540959223412	344.88929395572626	8482.06242087013
1.3150684931506849	27.474935311320436	674.6425975355379	27.040973739091584	360.99673368299847	8454.835646143305
1.3424657534246576	18.555998974318882	640.606372097938	27.057006369470855	352.92126730015576	8439.051418075478
1.36986301369863	6.766732299740139	602.9583449432454	26.76008660955205	347.2038158828397	8420.61194688696
1.3972602739726028	6.081154255396328	598.2458928180113	27.748743394509972	330.60731255247464	8410.930386103646
1.4246575342465753	4.904370888076056	607.1588215813656	29.25569201580413	310.00931471007016	8405.643600650696
1.452054794520548	6.140744405588832	607.6341588862432	30.253877654509616	293.46516414336236	8398.564441585973
1.4794520547945205	20.74374999623554	573.1663310432834	29.399598781473706	290.5261663304391	8381.370527133417
1.5068493150684932	5.15513938818095	568.4691646109865	30.01087378382617	277.15505507223634	8372.181746910532
1.5342465753424657	21.3552598750628	545.7728620683638	29.565111396881186	271.3935164267503	8357.419169342415
1.5616438356164384	96.14687228296214	518.1594863679297	28.786954581082366	268.2198195918528	8339.672157315734
1.5890410958904109	12.772748011804602	481.7571948993598	27.450815243318846	269.37619027549687	8316.535775969298
1.6164383561643836	5.271135416110809	486.32195232387477	28.371480748594976	254.40470661167817	8309.195147899043
1.643835616438356	4.960316887593264	496.07661464178426	29.535152782872185	238.02578011102258	8304.68762976654
1.6712328767123288	15.6784398820553	497.0915168803932	30.122720209334023	225.92261743350485	8297.440626194166
1.6986301369863013	9.182724301183573	490.3792199980522	30.201372850940018	217.49441542668805	8287.335468564957
1.726027397260274	55.29704979355837	461.94501712228464	28.896071883260632	218.55870217751803	8267.849280436769
1.7534246575342465	44.27248613795393	438.62699632605575	27.869725691322618	218.08209258596108	8248.897708864268
1.7808219178082192	27.380685290189938	402.68995844853356	26.00053103526499	223.9473171596362	8221.53034797293
1.8082191780821917	71.01655427694648	380.5240461016791	24.97502316343094	224.3452406568998	8198.717348700082
1.8356164383561644	43.592283420203856	362.6733379978109	24.188819373591496	223.32950487067325	8176.846620365368
1.8630136986301369	32.81616876536631	340.1419335247187	23.051246047618456	225.3356212920095	8150.22125362148
1.8904109589041096	55.91367647843418	321.24314605920637	22.12110158376259	226.24558087825562	8123.734673428752
1.917808219178082	47.936333287151825	311.97189263310287	21.813188771913257	222.57519494929136	8102.9750866396025
1.9452054794520548	31.88169047011662	295.08569704224556	20.937742884866946	223.65352346271885	8075.339927638918
1.9726027397260273	23.00227373428673	281.4440269629229	20.258843270497742	223.56458885007908	8048.452686751789
2.0	9.538544233346649	1745.5557957708506	47.014334851014446	217.41001227573028	8030.1838523324695
2.0273972602739727	6.067487025015511	1699.080420379434	46.84579478178229	213.4328652740165	8034.777000863118
2.0547945205479454	44.48284271007701	1567.7553883910248	44.266529820265845	228.73817660406877	8044.0199605217085
2.0821917808219177	21.215981806710293	1405.5687510003233	40.82597907765354	250.86563528562527	8051.802790113119
2.1095890410958904	9.328153696012196	1349.233995406852	40.39493868942693	248.18908203661846	8053.779010594399
2.136986301369863	26.957986513058312	1296.7976690834955	39.97561253452669	245.1932244830063	8055.0147067379485
2.164383561643836	26.79820670032096	1148.2652832350245	36.549118246556986	266.170237474331	8054.614822136182
2.191780821917808	8.071362761721101	1067.3388686241478	35.19724189787172	270.37694589785764	8051.590946790611
2.219178082191781	9.270749972244026	1028.869300324792	35.12503089559006	264.0343893090204	8048.841876134886
2.2465753424657535	9.23133453192873	982.9283517994987	34.69416629268475	260.37708650048785	8044.977188539342
2.2739726027397262	26.400545333999553	902.1361284934777	32.91807870515258	267.1040505298218	8037.175426421825
2.3013698630136985	50.81351910468334	804.1171044436907	30.448455693340616	279.525412922956	8023.742183090425
2.328767123287671	39.18202994043095	714.1376679067185	28.149391305461847	290.93034427056807	8006.141676403157
2.356164383561644	14.216144557165311	636.8405812070015	26.23320411667501	299.70375584270863	7985.203882053126
2.3835616438356166	19.83096590293015	622.1369534400749	26.734203274553934	288.3940291688413	7975.850779882334
2.410958904109589	17.938857678768123	614.4920809755967	27.445558626621107	275.37372458826655	7968.011096314057
2.4383561643835616	15.612649404315688	597.7492993328107	27.643038184401828	266.3259679815321	7957.892448768444
2.4657534246575343	11.498153840141976	591.4898008593022	28.236400236791624	254.26863261156106	7950.38907995491
2.493150684931507	11.00910593859441	586.314260069335	28.799456805574753	242.5386770912631	7943.34735868989
2.5205479452054793	12.132546949447978	585.9224795080256	29.528747251514815	229.7735141994051	7937.798942531161
2.547945205479452	9.313658578069521	569.4929320567999	29.395805275333885	223.3263802882504	7927.790868044714
2.5753424657534247	25.497295948474658	553.2801903340369	29.19082127004955	217.46015546116004	7917.762675150007
2.6027397260273974	18.465343173731476	516.0034627324499	27.829305750925663	219.93900308870306	7900.058746914027
2.6301369863013697	7.641146491089051	506.89359055633093	27.93549270134846	212.17087950117144	7890.554040814103
2.6575342465753424	15.125913712975663	507.7996470887006	28.534320042162932	201.08386458218428	7884.799539281799
2.684931506849315	12.631660120915427	504.92833281658295	28.878981480776194	191.98037643644074	7877.967845440445
2.712328767123288	17.52275519554963	498.42678468860873	28.970964795495256	184.78618387375957	7870.07485848182
2.73972602739726	25.63788483883192	489.6456931742291	28.893098459501942	178.90735631342216	7861.3764873606915
2.767123287671233	56.1206644793478	467.08446038534083	27.970381135864404	178.89652961050984	7847.051188698545
2.7945205479452055	50.429111941112836	448.3581116034374	27.24649095475507	177.72939843779844	7833.2284290868365
2.8219178082191783	55.452806693559765	426.3120772762569	26.28925898356915	178.379649750249	7816.968215820941
2.8493150684931505	25.684647991528752	401.481993298965	25.125988978388094	180.75077945220107	7798.017011263261
2.8767123287671232	49.95338154985242	375.4314150850936	23.857258718344355	184.25680804750542	7776.412874640933
2.904109589041096	49.771675618669775	360.2857163444545	23.247533701449953	183.22586228289762	7759.1448249102805
2.9315068493150687	54.646347985017286	348.1302673745834	22.799684188079546	181.17009081981243	7742.790218780884
2.958904109589041	58.39583511406521	337.60620977032085	22.429429007348364	178.68747541127757	7726.81610750674
2.9863013698630136	50.61214186006314	327.93656656725483	22.085478664880785	176.13883734886548	7710.984210877744
3.0136986301369864	43.156950077195404	1711.513595722373	46.795636595653875	186.79770912311443	7707.845911542151
3.041095890410959	56.88033929944331	1609.0997025007644	44.93800404774142	196.7630657775011	7716.371466897196
3.0684931506849313	30.5195110776253	1464.6882651340488	41.87786036326601	216.12732995404392	7725.695429650779
3.095890410958904	21.625836883187226	1308.7030596930895	38.48208328351156	238.11806603733166	7732.101332156185
3.1232876712328768	5.410429187712435	1267.3699040037577	38.41146954030593	232.8315109534274	7733.2765470582735
3.1506849315068495	55.67028593419444	1179.889513090776	36.835953960091985	239.44245226408506	7734.151349675635
3.1780821917808217	37.95937270526453	1078.5280325837007	34.767959086634775	249.8587708132753	7732.6523928833085
3.2054794520547945	37.452497603208926	940.8481576873445	31.453509180876235	270.4951070683635	7725.789934812793
3.232876712328767	31.72715194264667	824.6647915358527	28.747227989454945	286.56611961739276	7713.9444404885335
3.26027397260274	25.23778296938119	725.1303947675093	26.48931932206032	299.28230064359764	7697.653675329611
3.287671232876712	5.559045340508153	703.8277515656507	26.956668826079596	288.7779966479957	7689.964732139466
3.315068493150685	12.115301395754566	699.283340686966	27.921966851714103	273.9148913095716	7685.120141084836
3.3424657534246576	38.06379080585011	622.0797570158056	25.877922501320306	283.3420140261449	7665.466830670247
3.3698630136986303	96.39355878365465	571.4724850420669	24.820417366133793	285.0606021585501	7647.289330437917
3.3972602739726026	6.928834828806315	544.3553121206287	24.66232345008259	279.40239401653525	7633.0453478245345
3.4246575342465753	4.928511667495519	552.6938350588351	25.99030578422944	261.6974663566445	7628.8300947801645
3.452054794520548	4.919706501579304	561.3546107213814	27.250705853589718	244.77328375134064	7625.248463071868
3.4794520547945207	9.746405362024287	555.9800721615673	27.7533979663644	233.6739746193102	7618.219359534083
3.506849315068493	8.627724642560082	554.3980334819728	28.3802514467904	221.8490799388635	7612.404883292532
3.5342465753424657	29.520853194309314	543.4843001192913	28.46070154069969	214.03717830227666	7604.1912376757255
3.5616438356164384	51.300310270471186	516.9347967748229	27.678045519343062	212.41351148449112	7590.7437413555335
3.589041095890411	60.6315419703769	490.24714354396536	26.827579151596282	211.43425143282974	7576.089962801626
3.6164383561643834	60.229965500350445	466.97898436296566	26.110641141340732	209.6955411136808	7561.37640893435
3.643835616438356	20.90476190476191	442.81367446785083	25.288823119160842	208.89255117579228	7545.142264470034
3.671232876712329	5.275967956620226	442.4481025437983	25.782060044744533	198.80788496218767	7537.8670820764955
3.6986301369863015	39.31902270924588	429.52968045539967	25.48518062848688	194.43625396988458	7525.818820525288
3.7260273972602738	41.982543458621954	404.41151909590604	24.434369354268362	195.64007810918127	7507.371075447635
3.7534246575342465	39.914006904130375	387.6797211278678	23.844427196079707	193.7654673472095	7491.5448996410905
3.780821917808219	26.798465749977318	362.58281012552146	22.700545592711965	196.20326171825408	7470.130549750077
3.808219178082192	48.803086633047606	349.0598099328092	22.243854117118456	193.82788251110304	7453.378168186588
3.835616438356164	50.38122655829531	336.9119097630996	21.836148874269636	191.24204509829707	7436.733308937966
3.863013698630137	47.18900019257318	327.1864796319382	21.549778063446325	187.88216011507313	7421.0106378394885
3.8904109589041096	22.099293497103943	313.42854366324826	20.964992466488866	186.95316483781562	7402.1013266047175
3.9178082191780823	21.318404366905565	305.0353975639188	20.706658723215096	183.6887842307744	7386.057860380958
3.9452054794520546	9.61576758042462	307.43146103515704	21.15704750871209	175.11664252632755	7377.254168483514
3.9726027397260273	32.8295632132237	312.81432720733	21.785522807513154	165.32156960738251	7371.263233644409
4.0	21.63833253838419	1771.1499139743773	48.10623964753654	162.87625180172154	7356.3941231105755
4.027397260273973	20.18396250839843	1716.4199010184516	47.43803489244622	163.70942934558346	7362.428822622565
4.054794520547945	8.011966491284781	1655.1618367134076	46.566991636610865	165.97474609982928	7368.621177125937
4.082191780821918	16.689950173722195	1631.4551766752652	46.70967370841549	160.30767995442088	7371.540110846852
4.109589041095891	29.32096509490983	1552.2224885801872	45.212206094502974	167.16704022111253	7378.281842147173
4.136986301369863	17.812605614739674	1456.438652066567	43.24001148875442	177.42575642364116	7385.106169243202
4.164383561643835	20.083889350218264	1403.7885230073857	42.51580518891503	177.92483679282748	7388.6174867798345
4.191780821917808	53.3093234983743	1349.6133202984329	41.711717747313536	178.90449421043002	7391.6708466869
4.219178082191781	42.768478954894235	1232.0199990737838	38.91774059287518	194.86095867178736	7395.752862030534
4.2465753424657535	27.78675294867523	1110.3621761590032	35.98026836748492	211.90108889833826	7396.877247598531
4.273972602739726	10.900932733310098	1035.542153106709	34.522491655819124	217.39595759226967	7395.522330536786
4.301369863013699	28.350506080707287	980.0301754274442	33.61994869832136	218.40133011896077	7393.234845296708
4.328767123287672	37.4420140473422	895.5093136422382	31.663832513501944	227.52583359711485	7387.873246503859
4.3561643835616435	7.329261924504739	839.5871163001484	30.671717195693525	229.11343830015878	7382.040812299286
4.383561643835616	4.927032975118005	839.5950261468331	31.619223761208044	215.55849183837378	7380.365942375601
4.410958904109589	7.654318896898428	837.8270737961428	32.421073449652525	203.32183370527602	7378.642119896946
4.438356164383562	24.171153107584825	783.8675372458113	31.125976841369102	206.669613261055	7371.677970739178
4.465753424657534	10.455042013995493	745.0560770629901	30.391437487687867	205.8881998169459	7364.898297689058
4.493150684931507	4.982804029699193	744.7687341380357	31.160685291162043	194.06469913812256	7362.629354083961
4.52054794520548	28.82702461096826	701.0335431994432	30.03584924995232	196.05611581395723	7354.269174614686
4.5479452054794525	22.607540809259742	662.7889762229056	29.109173373509673	196.68014948366144	7345.27501579124
4.575342465753424	34.210045443737016	622.1211639014294	28.009969190048	198.623804611037	7334.521334891462
4.602739726027397	26.78263019125664	584.3538611109211	26.992760480389034	200.07816178659812	7322.698636134851
4.63013698630137	80.73041391013712	555.7097649090761	26.341734807647867	198.91270766503803	7311.588624454437
4.657534246575342	25.7242535562648	518.7251293129027	25.2262949720811	201.29832783511114	7296.991976235972
4.684931506849315	27.686503384117188	493.75048686703906	24.636401549947248	199.86291652121358	7284.337191646979
4.712328767123288	32.432974749567414	461.17119688424265	23.614007701615666	201.8508290563122	7267.742513625847
4.739726027397261	32.09428699919158	430.94718673742756	22.650049215853052	203.60277683800518	7250.047494239709
4.767123287671233	48.93136147438166	411.7664161749321	22.213599047129463	201.44026010691567	7235.1006802101365
4.794520547945205	25.129201643308015	386.4469329070776	21.39006297853052	202.44417874832382	7216.175273081655
4.821917808219178	46.088874261544	376.37654227059056	21.350451139519	197.366826690162	7203.350930056817
4.8493150684931505	23.56325163041067	353.8742680725664	20.558170091799937	198.33782999632322	7183.466072992943
4.876712328767123	5.527069145601912	355.95268445797905	21.150362085625737	188.4883656321772	7175.757407379153
4.904109589041096	6.4435980691640635	360.420087700679	21.8396533930256	177.98181147108983	7169.958845159311
4.931506849315069	4.960101955255202	368.9823980442914	22.74246082419904	166.0775891713819	7166.858909619779
4.958904109589041	5.019637079897669	376.35031387139713	23.540679137689402	155.20500521753235	7163.758237109597
4.986301369863014	35.51631571983469	364.5170838429747	23.106860179553944	153.2594019304019	7151.601490523404
5.013698630136986	68.69531196650912	1752.7050133818452	47.8785249131015	163.1085203706726	7151.240162529621
5.041095890410959	48.51233854218715	1631.8534556557493	45.39594584999955	177.84859032339241	7163.129009108703
5.068493150684931	21.870179086198156	1501.1418338301864	42.66071921982785	194.27761479934662	7174.058325659393
5.095890410958904	22.754516239142358	1394.6047270053095	40.59930929961699	205.15105761422438	7181.458037049012
5.123287671232877	5.249281187034695	1357.298603955334	40.50697272006034	200.35275412013473	7184.151604997225
5.1506849315068495	69.53638954877991	1302.7531876619869	39.81124073760348	200.13092657724843	7187.229664017323
5.178082191780822	43.82996821060692	1219.2447656187226	38.19273763023015	206.83839939650096	7190.400802005025
5.205479452054795	30.927609947630764	1118.2501661346205	35.97395441088701	217.9939240784917	7192.11843500498
5.232876712328767	15.649841539600065	1049.616473155758	34.76134839863132	221.2475609027322	7191.711229826295
5.260273972602739	12.027904161990637	1016.848624803373	34.65524813260347	215.84629360087757	7190.82317017084
5.287671232876712	32.63593096755192	936.7700953007467	32.85071911070903	223.2712208286256	7187.719451358425
5.315068493150685	14.126607656518742	878.2230443209087	31.759616282631793	225.21278264262963	7183.521248900548
5.342465753424658	8.831456251050556	862.6717297804233	32.1339483394052	215.93687714843304	7181.221329530184
5.36986301369863	12.138036351549601	830.3683513555443	31.804388461451445	211.93456734357267	7177.435797115394
5.397260273972603	17.652807635634147	786.2408810862886	30.953950243802097	211.75416984380595	7171.844264592381
5.424657534246576	6.870378693242789	770.4488808975404	31.161305241888247	203.803480530181	7168.348012247075
5.4520547945205475	16.66057684350819	726.4726388844098	30.156683273340235	204.6812788692365	7161.1849169326615
5.47945205479452	11.062614342823487	703.9167674826527	29.98056204033892	199.57044565993937	7155.856239832035
5.506849315068493	14.161341672075384	653.0240983862151	28.545456250866796	203.60388642932088	7145.33849304573
5.534246575342466	59.924013259527506	624.7861116699925	28.02783169552762	201.03410847021243	7137.238703577951
5.561643835616438	54.15411845610608	590.6292198361507	27.189183449326343	200.85926430793072	7126.966434401817
5.589041095890411	22.72476707784404	547.9612438909442	25.894336375544995	204.1357489747698	7113.244197415517
5.616438356164384	44.7501148170094	519.3610750112788	25.20033159646309	203.1146900559863	7101.300950859329
5.6438356164383565	44.45794193211106	489.3742335676295	24.384354741190823	203.12092400677372	7087.585867868004
5.671232876712328	23.44952180703716	453.5688506381214	23.2151461166916	205.96240974873032	7070.24297538466
5.698630136986301	13.584053908252985	431.5755308437709	22.691682537063098	204.0883532513006	7055.908072323464
5.726027397260274	41.94670491678887	404.9922509545939	21.86068769131717	204.68493693787795	7038.539879125941
5.7534246575342465	21.542474678443373	376.47883771145945	20.87073813047327	206.78751817995865	7018.267657653716
5.780821917808219	16.199957245233097	377.5829655916123	21.466277923794287	196.60866298849035	7010.722879312983
5.808219178082192	18.189008627961954	370.98271784789324	21.568894792608	190.25135100992892	6999.996501111806
5.835616438356165	28.860981522159356	357.0430148261705	21.198996444311856	187.55574612073397	6985.501185901752
5.863013698630137	18.066480655448707	353.09013302801515	21.38916126223569	180.74356771502673	6975.504725399235
5.890410958904109	5.040317169546945	358.2055188556932	22.090986237009144	170.2241096188575	6970.483574032097
5.917808219178082	37.53285907888293	359.1721264016097	22.4973835172872	162.0115795853887	6964.073432913449
5.945205479452055	13.853449242738227	349.30949734596896	22.205594470759472	158.9618103920786	6952.11385514272
5.972602739726027	7.4060907779851	347.39103827190866	22.388882458687153	152.62452232397106	6944.2382321271525
6.0	18.27349998242786	1812.5817966609814	49.239007901478985	146.41345832534964	6936.937439910685
6.027397260273973	9.423232910447854	1722.67866508356	47.55418472652203	155.1037384242232	6947.144257162595
6.054794520547945	59.62435553691825	1660.0006820560723	46.584170455396595	158.11574512065914	6954.154704067392
6.082191780821918	23.88400025186125	1539.104975430917	43.9812856574739	173.38164809707345	6965.38233404998
6.109589041095891	5.790021049060424	1485.6760049090144	43.31338469749211	173.55368871404303	6970.368501478664
6.136986301369863	5.233794995138806	1472.5433742355292	43.75734513562319	165.25770555798084	6972.265279418955
6.164383561643835	47.75660618674811	1412.9521007654525	42.764411860520205	167.76151717956665	6977.030294106911
6.191780821917808	27.80087670692043	1292.2612965163282	39.91650922685977	183.95534141966348	6984.115593159583
6.219178082191781	23.15223721906706	1176.7073999851775	37.21411382944059	198.93427171095746	6988.487307353729
6.2465753424657535	19.040393389224917	1121.1625142477578	36.36712937179978	199.64594956893163	6989.691850434622
6.273972602739726	65.44053783274997	1031.968816900889	34.38683952226693	208.83201290770447	6989.800849926944
6.301369863013699	28.654221685568544	945.9546250008925	32.43625035328556	217.7028600384944	6987.6647534007825
6.328767123287672	9.483132131269723	910.3854655704142	32.172302174119665	213.5782370264418	6985.526992884331
6.3561643835616435	56.59072932297428	857.7407883695852	31.199678301262075	214.70857900840068	6981.855164878278
6.383561643835616	38.161412086591504	780.4635550778912	29.275039176481187	223.06186814430703	6974.553497794771
6.410958904109589	53.07742346265716	716.5735531310318	27.79062953042612	228.15066388370303	6965.62876931941
6.438356164383562	52.76979548501849	658.6843873586988	26.44509294153132	232.21077769652106	6954.922513030593
6.465753424657534	57.2219990481314	612.2063540300907	25.46661215798533	233.4593507384309	6943.677195371822
6.493150684931507	56.39067808154977	576.6861892226575	24.848213305341773	231.88366475489613	6932.751318675751
6.52054794520548	47.9102224894057	533.6418744671959	23.81703539599047	233.55471712484083	6918.420703976207
6.5479452054794525	34.23089664304971	495.2916227384494	22.90056259564753	234.42193080492885	6903.035895455962
6.575342465753424	7.881331117718808	471.97538139090955	22.611546264054578	230.47864151262883	6890.0666200744945
6.602739726027397	27.736030516322508	446.90007120760214	22.12487490325452	227.96324090713915	6875.792140928506
6.63013698630137	5.645830218156813	441.4045010058385	22.556846641239783	218.42061180990305	6867.225066536422
6.657534246575342	6.629602818370168	445.78441355963577	23.418615969781285	205.6678831872112	6862.509838164564
6.684931506849315	22.055536386864166	440.47679033823096	23.7079936916442	197.26310835691206	6854.908308746585
6.712328767123288	6.56800331560868	437.1339139505745	24.065061274194612	188.52856551075868	6847.930338937411
6.739726027397261	6.225741880693575	433.73211280314075	24.371698983912726	180.29148403281454	6841.123127421758
6.767123287671233	28.528370111935736	426.48725073302796	24.40927760502072	174.05693925614995	6833.22672055718
6.794520547945205	5.730090367793711	422.41789255687377	24.60473261883659	166.89211060878307	6826.291295020304
6.821917808219178	20.081488161689364	401.1168110456955	23.755377394647784	167.04996465627863	6812.621385110593
6.8493150684931505	32.50326557681308	400.6540951693755	24.10730775433464	159.06086691433822	6806.83001682823
6.876712328767123	18.281628062076962	384.7509991386058	23.50106147268703	157.79660229485572	6794.607293355605
6.904109589041096	18.81352235348145	371.09552352584546	23.00015447487819	155.95892881453787	6782.764264410624
6.931506849315069	49.39956417707101	361.2422279528868	22.707038959398496	152.81800531105074	6772.200808669472
6.958904109589041	34.37865824098861	343.3828312526916	21.885433283174542	153.53731052197517	6757.182218499692
6.986301369863014	73.36078254197493	332.02610968076755	21.455140224146266	151.67209372315173	6744.534059697602
7.013698630136986	45.12211701932557	1743.7495582330555	47.085761753354326	155.1835034466412	6746.023788152517
7.041095890410959	48.825793601763095	1635.8716688402005	44.96043348623889	167.2541191897859	6757.78304772763
7.068493150684931	16.142349302073423	1509.194726025176	42.332189349675005	182.9317770889867	6769.832931790911
7.095890410958904	7.690442997061811	1439.8776852577928	41.295098277906796	185.93869342941287	6776.0999903474585
7.123287671232877	12.629148300493426	1414.9706177537405	41.47746808488877	179.39281770606806	6778.832434437958
7.1506849315068495	4.968688431143262	1398.5488089165774	41.852968520647316	171.44482171728328	6780.861802606867
7.178082191780822	27.017652604672865	1330.0566402242514	40.59863716606842	175.72854129823264	6785.820584120652
7.205479452054795	32.31697446267117	1233.7969738993038	38.48334745537557	186.26768837853038	6791.079174009573
7.232876712328767	13.978740758390762	1167.0809116134988	37.27521244015646	189.80478649794662	6793.793788696118
7.260273972602739	8.803902270390429	1143.3424693653299	37.37667249916095	183.45053181448904	6794.748255302637
7.287671232876712	73.64988778721388	1074.8165530917638	35.95893553783421	188.28088841687529	6796.025773993346
7.315068493150685	44.082863841869916	1006.2902818708232	34.49657991173038	193.31982385776877	6795.997287704582
7.342465753424658	39.96469642811865	920.3112412989334	32.3959185900445	203.0233323314613	6793.904309758009
7.36986301369863	32.59002060022206	835.1124300897031	30.268287973800707	212.96665543778	6789.113772589312
7.397260273972603	37.374898837681805	765.9033130064448	28.64475652873333	219.13925458729022	6782.561685327116
7.424657534246576	17.53625602091053	721.2290278811862	27.87908132503051	218.7650969533472	6776.179724720904
7.4520547945205475	6.528934682550834	712.796641974907	28.421460472663718	208.4082395323481	6773.146483451883
7.47945205479452	37.1939799180238	674.9988932023948	27.70279973141291	207.4426982714109	6766.344087857059
7.506849315068493	29.749562475535136	617.5557549394921	26.122464880549852	212.96556662795925	6754.987366485731
7.534246575342466	26.049604831971045	584.010374986807	25.47896530054718	211.5503361684183	6745.650374733611
7.561643835616438	32.9733309701869	562.552029339745	25.28916424949903	206.73597852907076	6737.75823439662
7.589041095890411	68.74569569907469	528.4181984127572	24.46279305347586	206.70578327341724	6726.201805450803
7.616438356164384	22.458956313373157	490.98915080855147	23.40964892079876	208.47897369185557	6712.175577652158
7.6438356164383565	16.57572766211007	466.03790448959836	22.884204076748723	206.3957599734922	6699.937967912415
7.671232876712328	33.69454838746916	434.7932992952756	21.9818927804857	207.276687182271	6684.349427167577
7.698630136986301	22.654955125225364	408.4790123927929	21.263054051493935	206.929717601754	6668.653463552729
7.726027397260274	13.104395487081904	387.7611829456943	20.77336631948581	204.95695084634323	6653.614751960526
7.7534246575342465	7.043999145018137	388.0431095371415	21.347572928442474	194.85064961113304	6646.732891554631
7.780821917808219	60.015422964282514	382.7815482299771	21.55981428252549	187.52822913822598	6637.954997070202
7.808219178082192	34.31289419750158	364.2467373182251	20.979604214812493	186.19716798104645	6623.1720905155225
7.835616438356165	24.653633660289277	345.8496972753057	20.36393850235679	185.31191695530217	6607.274746125464
7.863013698630137	13.460595280029391	341.2657380964221	20.519107985205693	178.75500541472277	6597.432933735249
7.890410958904109	28.315677000978084	346.7185921134075	21.238748745115767	168.12549410284942	6592.882546806146
7.917808219178082	6.1928760774878	344.5776593614732	21.464563094286397	161.24441258324788	6584.980485972983
7.945205479452055	55.33619598570557	333.3005685360154	21.086826032999394	158.78821194145294	6572.650986463034
7.972602739726027	44.74070927153453	320.64866126373437	20.593054459177768	157.3117350996991	6559.070306192783
8.0	54.939332217663384	1777.361942327848	46.91427651692749	154.91864750953533	6546.3023725319845
8.027397260273972	48.22686652383303	1665.643130581613	44.76505169259281	167.39973872821878	6559.343592319998
8.054794520547945	20.148332258249223	1537.3712438013222	42.18019933408987	182.97546024634738	6572.634237846451
8.082191780821917	6.202967549571038	1476.5797049154744	41.43505597716161	183.83006551819764	6578.938545053951
8.10958904109589	6.224192160099749	1454.6689323835215	41.71246898986732	176.6533963718635	6581.824666310083
8.136986301369863	20.66609702021016	1414.9405838342664	41.4167087209982	173.87998330251222	6585.861491158395
8.164383561643836	8.207240023783452	1357.174373841682	40.569777731142786	175.16697342636863	6590.763547498992
8.191780821917808	6.665898116867372	1341.8084678917091	40.93350190850253	167.33131677124987	6592.628514760051
8.219178082191782	34.26848090988993	1294.5679183221052	40.26262831849857	167.18328212321154	6596.210985000036
8.246575342465754	43.00341754672518	1216.3436012666102	38.610211471623444	174.10117728483172	6600.701341167791
8.273972602739725	16.09580700332616	1128.337146943581	36.63025743884244	183.2554617515208	6604.209168692215
8.301369863013699	17.04271110855165	1092.994547261463	36.30247289969569	180.1019769346926	6605.31844510382
8.32876712328767	40.0226139672811	1002.7196927520743	34.10797462149817	190.55492547928887	6606.216323816689
8.356164383561644	28.350095820406402	906.07837264274	31.65967522947046	202.88185073714692	6604.498345390492
8.383561643835616	34.711332275533245	835.0381984501587	30.042467448899302	208.9962716672079	6600.908918480434
8.41095890410959	53.888520149933264	770.2044298671434	28.58644432962125	213.8779074162886	6595.508960180591
8.438356164383562	18.497330355402113	706.8751454059505	27.109125633782423	218.9281277608103	6587.9799517182
8.465753424657533	19.93276729408558	647.6494399595757	25.705035762845625	223.4685441638118	6578.422361704321
8.493150684931507	40.86174053554884	595.1029237752537	24.4802133187847	226.70714481734137	6567.26639037191
8.520547945205479	33.48030754429184	539.5039500542516	23.03438129385747	231.7998068570749	6552.769432370004
8.547945205479452	37.573620826348545	496.72968637883514	22.04085477854196	233.50881488789975	6538.085941735509
8.575342465753424	57.4368545496429	457.9029280839617	21.121662036099284	234.73368824689226	6521.9492646679955
8.602739726027398	38.66702933959847	433.01527743395155	20.742829689523997	231.66289400202157	6508.0930911687765
8.63013698630137	24.05382780351395	396.9668195465938	19.745729125461768	233.659943449015	6488.503457558909
8.657534246575343	59.711746101434215	384.38655062228213	19.82170707113983	227.0876468018296	6476.063670478216
8.684931506849315	53.302072714539236	361.28584391919986	19.275077159185628	225.47491513245618	6458.5155958733285
8.712328767123287	49.74005076119453	343.7547875463193	18.951308067556592	222.19324593615653	6441.958192807987
8.73972602739726	17.62861391852149	324.6418328993741	18.468546861680466	220.27062205740563	6423.388402930831
8.767123287671232	53.688498043507416	318.40849575531035	18.643507407160094	213.10197961065583	6410.787280428631
8.794520547945206	30.669000040316007	301.4399616512644	18.134265684511742	211.41024758292124	6391.86877475825
8.821917808219178	20.794818367144682	289.7021265531005	17.890204290890054	207.81772229189266	6374.594716362099
8.849315068493151	8.7433057055134	294.49645227083903	18.61414555675484	196.62664079452526	6367.208514264169
8.876712328767123	7.587484643503589	298.46076327760255	19.245560036703136	186.24554352592787	6360.076497316569
8.904109589041095	32.50072483249837	288.30101986628574	18.926596135452428	183.02593691723536	6345.146156278334
8.931506849315069	36.63150378422754	277.8928027790903	18.559290338215085	180.3440664666218	6329.382716822563
8.95890410958904	27.24729155019713	271.0471982717654	18.400313700779463	176.26461594552458	6315.283049940523
8.986301369863014	27.149026438030887	259.77059979840465	17.906811395426832	174.83060439329824	6297.941830399133
9.013698630136986	8.553702281256925	1689.3728548246183	44.0732755040846	174.0133902899629	6295.401329606188
9.04109589041096	53.86588268952206	1625.8022660712502	43.28469608438268	175.62689432930551	6303.569627754005
9.068493150684931	23.169800317869043	1486.725800968892	40.47894214521931	192.87331067512994	6318.20638869479
9.095890410958905	31.40628810350338	1398.7948001837012	39.032222893096495	199.06284137677332	6326.78963102738
9.123287671232877	6.780082578012032	1327.5863933243447	38.040436008283514	201.41911675361274	6333.1256477189045
9.150684931506849	10.355754502703634	1295.8759650435934	38.0971341928055	195.44902790780856	6336.2618034579355
9.178082191780822	15.114544217216391	1234.6482054956796	37.21701109443189	196.5584599798649	6340.780585108978
9.205479452054794	23.20496798393511	1177.728552668152	36.4107540231692	196.93599464539423	6344.354723700495
9.232876712328768	28.137175956935963	1100.8054474335108	34.946673498975336	202.10010857591064	6347.774661233234
9.26027397260274	9.698246373115774	1056.5317711098717	34.471452639333364	199.6828700644558	6349.239261524096
9.287671232876713	44.152405979156754	1017.8955875713267	34.103781190621284	196.37653319816673	6350.077201360797
9.315068493150685	10.025520310617567	945.6346062780395	32.564480913308024	201.59029314126744	6350.232937771525
9.342465753424657	10.143623063536639	932.7058498050502	32.987285823104706	192.3608231502765	6349.941524023446
9.36986301369863	5.8530650062624945	908.111375230216	32.94103901079258	186.59833719658326	6349.31446381554
9.397260273972602	25.888632916929872	875.904489178265	32.53867475214262	183.38447799812155	6348.2410513826
9.424657534246576	28.474498235751845	834.965301011387	31.766450252333005	182.7584237605921	6346.29464972288
9.452054794520548	16.36270228943853	784.1579685717966	30.57684629832169	185.03648479900474	6342.912511470996
9.479452054794521	73.44385179211257	734.0405753670923	29.35933916968267	187.5045892600314	6338.248203112244
9.506849315068493	27.952380952380945	696.8374893085437	28.591165023701336	186.79918986396476	6333.491697990981
9.534246575342467	27.43041149453219	665.4813072336713	28.00916487512172	184.79299757127325	6328.4534225073
9.561643835616438	12.136403584253557	635.9761470790239	27.451059445186605	182.64468512655912	6322.874304230049
9.58904109589041	33.575192899805636	633.7006939161805	28.007490122655078	172.7841532108162	6320.563108222011
9.616438356164384	29.8333222829497	605.1725638561	27.356265579949913	171.35954258399542	6314.441243557097
9.643835616438356	6.08415501546182	590.6900063153789	27.296301661106135	165.94792908753362	6309.90570722022
9.67123287671233	37.45537745580301	575.6276377168566	27.14500339570217	161.25761261536678	6305.1926878084805
9.698630136986301	13.515476792923348	548.5596466678933	26.403813952621398	160.63915629269752	6297.789815979081
9.726027397260275	10.738097779018448	532.5033600058449	26.142490434498583	156.85528609133047	6291.961258255516
9.753424657534246	25.707609999994848	518.1071010282053	25.91780523841624	152.92014974634415	6286.228611781063
9.780821917808218	10.304423578383334	512.1631505491179	26.08732058700225	146.4536078659786	6282.104851916602
9.808219178082192	5.148610520825628	513.2200727650923	26.575186830787114	138.0634739776577	6279.642398060313
9.835616438356164	12.69293136626679	511.1026398113981	26.864487646330588	131.19095182808553	6276.632513258502
9.863013698630137	75.33760006602758	500.87570383409826	26.69556172474456	127.44014100226975	6271.856098660901
9.89041095890411	46.86557726850551	485.7490611229435	26.24086277770371	125.63518971063034	6265.71827122043
9.917808219178083	29.274350549877436	461.20257328876977	25.25673249522056	127.35075897172663	6256.635615943583
9.945205479452055	51.03335614288434	445.1886452712068	24.71886981617264	126.25717751877013	6249.123973700935
9.972602739726028	28.60823554620647	431.89833759299347	24.3075789397707	124.43176416378861	6242.015294372096
10.0	13.20760302839318	1892.1379029202076	50.92819031546213	120.29517232738577	6236.780667241782
10.027397260273972	29.763749558275972	1846.5361415195357	50.29958958352908	121.36730663305498	6243.577685888466
10.054794520547945	16.518512526663123	1793.9809421935986	49.49004213945749	123.62284971065336	6251.0311664666915
10.082191780821917	65.4008585576172	1729.3209319808414	48.324442545766054	128.38760159599138	6259.594110091442
10.10958904109589	51.19291483796966	1641.61439556469	46.51966429537133	137.6275561633194	6270.222427490467
10.136986301369863	72.65743759216117	1549.3921582570529	44.59829309764869	147.44790560635226	6280.563654614473
10.164383561643836	50.85211345218025	1465.706121735026	42.908708715225856	155.32257374120692	6289.256840095941
10.191780821917808	17.0055771639964	1364.2162017787987	40.70094086506576	166.76353014644425	6298.406472509677
10.219178082191782	10.90279851183153	1343.0300501743432	40.86023499720529	160.56941032449552	6300.904791597089
10.246575342465754	57.164477874287044	1288.1947231452443	39.94239437240392	162.23949513082002	6305.440880257528
10.273972602739725	29.482360750355735	1198.9824117135447	37.931717815789824	171.69515290792455	6311.186166728241
10.301369863013699	40.70470383977052	1122.5144669381991	36.3036423096766	178.1783294698728	6314.9713265611545
10.32876712328767	32.877283269486234	1027.558787186561	34.04463715752347	189.14158137941928	6317.71989160435
10.356164383561644	45.27047756912545	960.4433424140029	32.6667857265264	193.4982772024248	6318.2380774678995
10.383561643835616	31.98985482454942	870.4667509511044	30.45226377222549	203.97503773742764	6316.705636647228
10.41095890410959	22.643577793433955	812.2516237807927	29.295265359385855	206.53286769219994	6313.819268012769
10.438356164383562	26.392655410207787	790.3949015319224	29.372969294195947	199.8158500916409	6311.74483603345
10.465753424657533	50.462830059551855	746.6156403957513	28.55918896753211	199.62342354459207	6307.809669870126
10.493150684931507	39.53086309418753	687.2018308719663	27.082147964604687	204.28580020162582	6301.145336764364
10.520547945205479	52.83786319557691	633.7028831802598	25.77230453840735	207.78149431336476	6292.917189651691
10.547945205479452	62.59318450511865	598.1399697531226	25.10464574431635	206.50801420053216	6285.4170672190985
10.575342465753424	26.452708876669185	555.3331315049355	24.058290834649036	208.07866407735585	6275.3369847007225
10.602739726027398	5.527530222789691	546.4287527247136	24.422674017689374	199.21470386959595	6270.34753048356
10.63013698630137	5.921938710822852	540.4096105397963	24.847375637752044	189.9991671285064	6265.932502985137
10.657534246575343	15.40536103075499	537.78601665803	25.36367194013685	180.2703915754149	6262.309268442527
10.684931506849315	9.319459726360385	519.1729631816927	25.075120876642245	176.2950061480472	6255.370879468976
10.712328767123287	19.73570359803332	519.4697712325714	25.645157421746383	166.49895194742402	6252.339081311388
10.73972602739726	10.109008948553692	513.2624762826723	25.852876623456698	159.36134392241024	6248.001378256916
10.767123287671232	40.56383465411809	505.1924204681386	25.918615834263655	153.32694822259074	6243.329382648423
10.794520547945206	47.98606947669049	475.9684406246216	24.871104087755135	154.81966933469042	6233.236476188497
10.821917808219178	12.707484338177954	454.20870178127916	24.178225020327098	154.07028915914077	6223.985537541565
10.849315068493151	33.37704160092736	430.23192652560294	23.32511613652171	154.54299654623333	6213.2821737279355
10.876712328767123	25.30671214578344	414.69427435177244	22.89765990993393	152.23142047562087	6204.2921622544445
10.904109589041095	31.26683212346523	392.7737570226996	22.082342893908837	152.72785376909587	6192.47369186402
10.931506849315069	35.7191120233818	375.2021147874974	21.47706962095313	151.91486183359802	6181.252336194988
10.95890410958904	63.8707986120432	357.1091696904225	20.812353488633356	151.6753197110049	6168.905273754461
10.986301369863014	20.062786709277052	348.1446906057553	20.64419826228835	148.02204671629357	6159.779116044301
11.013698630136986	37.58271753326913	1751.5303825078024	46.08346001880359	153.06179693455368	6163.18711989314
11.04109589041096	7.861128092699257	1657.8024571902565	44.422784415661	161.55737242847718	6175.106638192113
11.068493150684931	39.915514233788805	1540.4763615463128	42.09888874528366	174.89865257693617	6188.502672217096
11.095890410958905	52.92091344467271	1427.4352373145182	39.900069609861895	186.9469917829588	6200.057704447112
11.123287671232877	52.21562562879786	1341.3526418800614	38.41553367344677	193.16806966015037	6208.042469756971
11.150684931506849	34.819419789482154	1233.6076094228836	36.25705341686604	204.326376984327	6216.16950878526
11.178082191780822	12.053738133162033	1127.176933296189	34.122970259607776	215.07647894310097	6222.134846250116
11.205479452054794	34.554915863779264	1025.3097040748885	32.03324961646881	225.24921076795727	6225.595383766659
11.232876712328768	35.118629791555676	921.2534791885902	29.82252731486496	236.27030984344398	6226.194619053807
11.26027397260274	13.638704332886785	861.7618857579502	28.968090638226183	236.52954422066438	6224.739227978531
11.287671232876713	29.325267522558097	812.0797837998618	28.30503693632238	235.02348500811132	6222.382565380148
11.315068493150685	19.971096374093445	742.5416970772653	26.87681213990459	239.33640194473995	6217.311111054259
11.342465753424657	23.886475199095308	668.6095679573989	25.189347423526982	245.655715767148	6209.038514487013
11.36986301369863	6.025691359687644	650.7586456057653	25.513307582614004	236.37937546832163	6204.709285875008
11.397260273972602	6.1108399834880425	639.5455479188433	25.998236308029494	225.8705192883515	6200.993820187796
11.424657534246576	38.889122590807496	617.9311376924486	25.955439555495087	219.23391945048368	6195.894290026602
11.452054794520548	28.535808866614985	557.8920777820023	24.233012977900774	224.93457282224776	6183.786592762741
11.479452054794521	12.002501147377961	534.3930647231577	24.013631830465147	219.71718462069788	6175.9193113693345
11.506849315068493	6.265675495204902	536.3560364987422	24.85647125807698	206.84330633872747	6172.77054630229
11.534246575342467	11.430603814924503	535.9019639745342	25.51731064398615	195.47850564516182	6169.416045822149
11.561643835616438	5.9203772276685855	536.1579187092301	26.1587940301275	184.49387332679328	6166.34107968083
11.58904109589041	31.49325252819326	525.8678087555746	26.227528568214204	177.54988248469147	6161.352936138818
11.616438356164384	7.712505788058796	507.7183540281651	25.867663002669616	173.5809856274782	6154.424201624151
11.643835616438356	56.24649884367061	491.88605873407585	25.564623896846808	169.35298166579767	6147.737348171614
11.67123287671233	11.001236858379713	475.12317634636986	25.17964693846516	165.79137112677503	6140.33955019577
11.698630136986301	7.350879768082265	475.30800558348574	25.65082258734151	156.77178720307919	6136.986582100376
11.726027397260275	4.973222660983552	480.8730006039282	26.37496122779521	146.40258053807693	6135.187115493167
11.753424657534246	4.963993496393198	486.60424142405697	27.074313785854642	136.52632551018036	6133.680289324317
11.780821917808218	12.690858846713793	485.4472015379504	27.359112744331206	129.50541248338564	6130.762528369259
11.808219178082192	4.970826451714404	488.3731996494073	27.849928301447807	121.47042256136093	6128.930916348991
11.835616438356164	17.924392424131863	487.54768641494184	28.09969878676588	115.15134422757347	6126.412726404208
11.863013698630137	6.400351152435138	484.8953822119153	28.225581295298994	109.7650191254325	6123.53455329036
11.89041095890411	4.924493555969643	487.7943712172608	28.65379120594836	102.8167912863628	6122.085087671367
11.917808219178083	19.385494710108155	491.16917597900664	29.08976888176484	96.09045205086869	6120.909699212675
11.945205479452055	7.47550308401909	484.85965982955656	28.93817856051622	92.94030506989007	6117.558372556207
11.972602739726028	12.033877728166264	486.12676244681086	29.221835467085146	87.46539848254905	6116.056632349392
12.0	5.493912983334494	1952.939061987182	56.091075138341154	82.64963641955174	6114.390323247788
12.027397260273972	33.00196977427346	1885.5476649010939	54.566645927519815	90.28221628781526	6123.913783348271
12.054794520547945	38.265329512436175	1811.3779837017842	52.874643292691296	98.7968815480966	6133.997958920021
12.082191780821917	52.062702668347974	1727.4251197135613	50.92310821987834	108.82607800139888	6144.838515314167
12.10958904109589	11.290250499826582	1665.2096371008922	49.62444442801204	114.0892547663556	6152.7845718823755
12.136986301369863	4.922301043317188	1652.4186651504974	49.785472593038214	109.17712998278745	6155.180627057784
12.164383561643836	4.913554773350532	1645.4238175464443	50.08727211770129	103.44818208147797	6156.88939464472
12.191780821917808	5.304456553971212	1631.5921707124464	50.15189446366783	99.4736700101962	6159.26092764548
12.219178082191782	65.35266393012508	1580.008157936067	49.03631047928267	103.50443623659451	6165.437377889276
12.246575342465754	28.591362819636156	1507.4454501132286	47.27664587326198	111.71004038642634	6173.32734322069
12.273972602739725	33.1838070948361	1421.4254451954498	45.11086251988471	122.43106233643141	6181.786351573626
12.301369863013699	26.939640810847543	1331.3422161585504	42.83069727836473	133.6929775727	6189.623181090219
12.32876712328767	16.828942732872914	1256.987884784486	41.06054057687418	141.23475646064483	6195.337908198814
12.356164383561644	22.42537381377469	1196.8521717054675	39.730454110025235	145.59850207652784	6199.410690164968
12.383561643835616	6.052263034014713	1166.5618051243155	39.381562158012095	143.07231278565953	6201.46973305359
12.41095890410959	13.492907837121548	1149.6655620555973	39.436712033697184	137.84891028869862	6202.7486381154395
12.438356164383562	6.9123880054318745	1139.5849346851282	39.69164794780267	131.3905937718148	6203.64488514365
12.465753424657533	7.842573065507981	1132.80898181349	40.019022853500566	124.63235236415957	6204.354240399729
12.493150684931507	5.501298241167259	1125.6612216574313	40.297399666750884	118.38266577985586	6205.0321187767895
12.520547945205479	7.338066631366284	1112.746931089927	40.33532703948827	113.86848900655743	6205.873993712273
12.547945205479452	19.00510967863468	1080.6565115621827	39.65266339220971	114.10315567520884	6207.24075104276
12.575342465753424	30.23417595217268	1025.648517195518	38.11767584325656	119.81310982214596	6208.789646275622
12.602739726027398	45.798676679230994	997.7702731368424	37.58272511083252	118.91065813164752	6209.329568162379
12.63013698630137	43.03235037983283	948.8570476425435	36.23535104945954	123.28783695130662	6209.633535513264
12.657534246575343	54.326835883242595	899.0074862815527	34.838969226858616	127.92235561781415	6209.153418820865
12.684931506849315	21.79081308471505	851.5160323140243	33.51481594219866	132.03814418965396	6207.856716678462
12.712328767123287	18.769929615683907	819.0616642320331	32.76046732164492	132.3358399294898	6206.313109898322
12.73972602739726	37.41947578624883	782.8677748987916	31.82688887891713	133.82957665901284	6204.0741935271
12.767123287671232	79.98930370756987	755.549659223411	31.23215921166523	133.05203697518246	6201.760473157386
12.794520547945206	45.735647731908614	728.0139648180966	30.595614066553477	132.58159820659748	6199.011633238233
12.821917808219178	59.258780792920206	691.8283355125398	29.573513858494515	134.6975130893389	6194.957680715248
12.849315068493151	71.04761296849328	669.9495799233451	29.13136848656603	132.94491266420675	6191.650099408049
12.876712328767123	33.55049472557239	639.9863288232116	28.303243314829157	133.83217184849875	6187.01872858367
12.904109589041095	8.818851994499616	619.1461259599275	27.859249120305943	132.1503355443807	6182.900006392247
12.931506849315069	11.283386260253913	600.8258193844555	27.492901002817895	130.00615004418813	6178.798935819788
12.95890410958904	4.922063225208122	602.4504339879949	28.0079524927228	122.0619347242758	6177.470017858672
12.986301369863014	37.49622029041415	586.084590107657	27.649424662630572	120.07311469014667	6173.537160330308
13.013698630136986	7.3469276544322755	2016.4024780327406	53.591466441383574	121.12135654038417	6174.353571240326
13.04109589041096	15.87312276295307	1998.936793394002	53.73379739234654	116.45250962928681	6177.9865221789805
13.068493150684931	50.772904293451326	1930.5255657863747	52.48500810820963	121.98061416738406	6188.122985428728
13.095890410958905	55.328590329277496	1830.78185953873	50.40215400919096	133.34875550948442	6201.78946883778
13.123287671232877	48.4811639724293	1754.2913774540414	48.96925144526235	139.66415173918008	6212.101739813609
13.150684931506849	34.628404233165625	1649.6900394843894	46.751262570937065	151.46760975879596	6224.94811803225
13.178082191780822	27.793064034939913	1518.459747901085	43.792600525649384	168.3937236286554	6239.311538794252
13.205479452054794	22.51833081980144	1411.431402757464	41.53513301918997	179.840798785453	6249.856269343117
13.232876712328768	27.03172228684318	1326.1821742323548	39.88608930788479	186.52521115420276	6257.397294021284
13.26027397260274	5.5709316303101515	1283.9272481235505	39.507418015679214	183.63655424768436	6261.212528801226
13.287671232876713	7.962981478737461	1263.9263940490816	39.73938283734611	176.30318139833022	6263.3728972310855
13.315068493150685	98.24242496160129	1235.6835352390428	39.65650388595607	171.30848265717086	6265.849020810991
13.342465753424657	31.475224093525366	1139.3772842769272	37.347465981582154	182.0815916880566	6271.163536762301
13.36986301369863	6.651439525820868	1089.2930861552413	36.53718562253509	181.9857311931655	6273.377928041728
13.397260273972602	35.68813058722033	1011.0969050169821	34.70675777828835	189.0579921039352	6275.3860335926975
13.424657534246576	37.53229117688712	929.1411046804931	32.72161766372086	197.1464776279711	6275.582849229427
13.452054794520548	9.826698617420568	862.5005744933601	31.23132805598629	201.60896822098934	6273.997855549208
13.479452054794521	4.912161755090616	860.0642971916143	31.983613222737297	189.91952836851735	6273.415644775669
13.506849315068493	38.2838880586202	801.0776844154702	30.564081259386267	193.6704220711512	6270.4555657823
13.534246575342467	8.9064188222887	757.1025720543702	29.67644400776342	193.6353189088778	6266.8635437699295
13.561643835616438	25.730957531362343	735.5180391260579	29.576069381015916	188.0273131577312	6264.186605536057
13.58904109589041	9.462276166795244	700.1828361241893	28.884467984350525	186.59552754854457	6259.807488342473
13.616438356164384	37.88668465025447	670.4078516825041	28.352319496989576	184.06601823577867	6255.252290400711
13.643835616438356	58.064376088323144	631.8591600328041	27.399174455527792	184.49930531509503	6248.820986947602
13.67123287671233	36.293043284698	587.3342554762102	26.12176794311071	187.2661799693627	6240.24380481937
13.698630136986301	13.779120761528263	559.5509667163723	25.544180961321786	185.20307486649284	6232.890361696408
13.726027397260275	8.879693299528544	559.6648517731492	26.1763508631356	174.74967967504833	6230.167883408224
13.753424657534246	12.4918292860767	544.3394763949831	26.031445639181978	169.80272192732482	6224.697482063483
13.780821917808218	27.495502600163903	525.0291342324199	25.646619352711703	166.58123022063054	6218.137179189974
13.808219178082192	16.705592681565747	509.09827300440014	25.391156139175845	162.57544100871036	6211.777399569491
13.835616438356164	57.51338410057642	488.88306127531223	24.8776982366467	160.41280799745599	6204.043083856423
13.863013698630137	25.624012882462	463.42153205449733	24.053661948848582	160.4700939226836	6194.31214325062
13.89041095890411	17.33071526550387	450.02622898850154	23.819839406132672	156.60493525598653	6187.025317926902
13.917808219178083	19.129332697996702	447.5365501608685	24.123031101953828	149.2042268470292	6182.701706475987
13.945205479452055	19.004641087841843	445.4176581262923	24.412550604399215	142.07158796500028	6178.607924168448
13.972602739726028	11.041176076843639	434.8752555243495	24.211650004254718	138.34041603221308	6172.086833233168
14.0	9.139633500967854	1894.3717383304208	50.835225084164016	133.68885915981653	6166.455413193121
14.027397260273972	5.671498919243821	1867.4156776138739	50.781699414526564	130.10500212658013	6171.1893653967245
14.054794520547945	7.702531819489032	1828.031382035804	50.363648413300204	129.2093620842066	6177.3222480591085
14.082191780821917	13.784039494656358	1792.9261932475818	50.030133543775534	127.68170707686471	6182.787625997841
14.10958904109589	12.570432757191895	1754.255809212864	49.57909755764805	126.96538431273075	6188.527413627311
14.136986301369863	23.47379112535245	1697.0770852670778	48.58107750524745	130.1291576909627	6196.164163014494
14.164383561643836	95.20331708251433	1614.1525592022485	46.861508976029086	138.2472935266224	6206.192279295069
14.191780821917808	8.786467731363215	1549.5076478028507	45.668579827801715	142.3514075826394	6213.800577409556
14.219178082191782	10.62010358478431	1528.0260204591132	45.71170578465431	137.53862755416534	6216.964601049759
14.246575342465754	21.33486676321615	1510.1360608220873	45.82576960247498	132.30932887165116	6219.686861054427
14.273972602739725	58.67284782663976	1460.6248164511767	44.94850435690399	134.06642556934224	6225.111424891802
14.301369863013699	18.386175077466664	1378.9041306451734	43.07259269337686	142.65564997316037	6232.747170662897
14.32876712328767	42.56115718839144	1306.9061949495367	41.492832411635014	148.96044636953187	6238.810586121262
14.356164383561644	33.287036862731995	1210.717518614109	39.13455978852103	160.56131175522856	6245.359651985107
14.383561643835616	8.713293462140904	1159.7181003213066	38.228271128042095	161.70130618516984	6248.439719714209
14.41095890410959	4.985792062518776	1153.4553756784683	38.74147994365335	152.86954113718716	6249.269434372157
14.438356164383562	7.137396389994392	1139.695912417137	38.949882005050846	146.34483117095877	6250.34539875749
14.465753424657533	58.21634976565021	1109.6114076317563	38.55382434723363	144.06044991724227	6251.908669514159
14.493150684931507	13.376465200029319	1060.5351904428899	37.478198533381224	146.3550012955104	6253.677956956077
14.520547945205479	5.962336819962095	1046.5253330471803	37.60892252238383	140.44711519057574	6254.247508199115
14.547945205479452	23.742478762178415	997.9959299971822	36.45366818808667	143.26273717083183	6255.189797515678
14.575342465753424	7.044547979417794	960.7306715849528	35.70283615901522	143.26062460129563	6255.413202275162
14.602739726027398	45.73499544326567	939.40970607414	35.49544957065449	139.6460296997521	6255.326997094038
14.63013698630137	61.71189564411007	892.0231751116478	34.28183011294207	142.74966978897433	6254.599735420409
14.657534246575343	37.404249487050414	851.3247614491834	33.292400448528106	144.3242898504056	6253.262908223495
14.684931506849315	51.73237148844079	799.0748922494197	31.825841776310288	149.08567424816866	6250.632104705403
14.712328767123287	59.68150835134929	765.9263470168946	31.08612885544857	148.91719812273683	6248.043394775985
14.73972602739726	32.343973714991776	723.2896605398134	29.923471507480656	151.63263096218955	6244.084265184768
14.767123287671232	7.259747807136238	701.7701871000734	29.61078789069192	148.5560792806088	6241.088753134837
14.794520547945206	6.9339433944205355	699.2303562834921	30.048404505282573	140.51411655811526	6239.719703226242
14.821917808219178	22.641610798548967	699.581650249404	30.56991548739863	132.1393421074531	6238.675213571252
14.849315068493151	41.22108046129207	670.0696466987124	29.751587109546406	132.72357051227675	6234.631070914197
14.876712328767123	64.06100620428563	644.2851463105018	29.076973193749417	132.38522458205537	6230.390561476877
14.904109589041095	48.77343368925357	613.671193750298	28.15089694538613	133.76786396692913	6224.961996688846
14.931506849315069	13.486593803476	585.6442178538135	27.32319228855969	134.53460879787832	6219.098134931049
14.95890410958904	11.586401082829182	581.4127232027565	27.57147996096754	128.18436788105703	6216.635242529033
14.986301369863014	26.903597041513788	573.9074020715527	27.62897803909248	123.25581782645443	6213.686109822015
15.013698630136986	13.809992158535234	1991.7133169603803	53.36677647956699	125.91356222834375	6217.923648559661
15.04109589041096	15.735401194873155	1945.3320709065545	52.76618121803479	126.47467911547173	6225.273726844918
15.068493150684931	19.768743763961776	1890.1415188615763	51.90215199565801	128.88933419476325	6233.539501623867
15.095890410958905	33.08105464085811	1827.6479808632832	50.82546401357998	132.71187909390306	6242.452946173812
15.123287671232877	11.001236858379713	1735.5381039681845	48.94322398452104	142.13456085319228	6254.438304751004
15.150684931506849	12.349475693595014	1692.3338010631398	48.424361777418596	141.45449791842168	6260.504570604855
15.178082191780822	4.970967338129788	1673.7035547821692	48.57787343526167	135.9217320019451	6263.76317349885
15.205479452054794	26.58361232301652	1633.2999878794556	48.05223754847391	135.316761484971	6269.182940017904
15.232876712328768	16.65123083476549	1528.7749462670117	45.64909608915546	147.85569700700412	6280.581455638424
15.26027397260274	9.92548538362253	1497.967076977284	45.430909750683796	144.65576223716823	6284.496224009536
15.287671232876713	46.64744789804431	1423.1756366394432	43.85443511068906	150.98092331762584	6291.903449527141
15.315068493150685	37.54809735663267	1329.8335056483488	41.695143949370824	161.21767308970794	6299.855782954895
15.342465753424657	11.745760149772481	1238.063998971175	39.58505619730504	170.87416915966864	6306.392342217811
15.36986301369863	59.807535489714645	1200.7470062665072	39.16078429568406	168.39612048377242	6309.063030083951
15.397260273972602	66.20137588867891	1138.3917289263964	37.89239027549903	171.80498395569893	6312.360693248309
15.424657534246576	41.81039243482049	1070.2158229352608	36.38336491149388	176.79385214356063	6314.920680810516
15.452054794520548	35.54035238873624	992.1238797884373	34.505025798116264	184.27990348170184	6316.345524887438
15.479452054794521	16.964391507747028	942.9851211444651	33.604774341035665	184.70154632612903	6316.289969366834
15.506849315068493	59.25176159481158	890.669751347905	32.52697601518121	186.31558795937434	6315.30947190228
15.534246575342467	61.05868038891633	843.6239579556864	31.583390914024676	186.91959766453803	6313.459945415219
15.561643835616438	57.123366880899404	800.3814683691814	30.724850580359604	186.88024202015015	6310.824256387016
15.58904109589041	81.2733285492383	752.6176382608613	29.640982445140615	188.41038540024462	6306.8853792701875
15.616438356164384	27.03625371737788	698.090500656127	28.22332731493686	192.313228950127	6301.03453145753
15.643835616438356	16.52036875253354	651.1047731146048	27.062384889838007	194.43854142414332	6294.157423461798
15.67123287671233	5.314944196644813	647.7825425963409	27.65032233086043	184.10302190043612	6291.753380450577
15.698630136986301	25.928273979844473	618.3298423050242	27.049161107164874	182.22337605410226	6285.925713707981
15.726027397260275	35.58623034026069	583.6911329630645	26.17391634552817	182.32212536534183	6278.389303991964
15.753424657534246	46.798232588756704	548.3044839300219	25.21807329761865	183.07228484910465	6269.448724876918
15.780821917808218	48.532266202212945	520.5738321795988	24.55841550836002	181.80837334911274	6260.7830994915275
15.808219178082192	31.715790241681656	489.20409267370195	23.66510877527388	182.2896875506578	6250.26732523302
15.835616438356164	14.988211036649234	465.8690023876282	23.113259337294664	180.44322110432392	6240.469710969006
15.863013698630137	14.41900009075025	445.3678492453311	22.64643599250244	178.06511561445444	6230.624700064759
15.89041095890411	6.333613029123318	439.91056037094864	22.89811533481739	170.63173349673997	6224.675069674343
15.917808219178083	13.781582112863497	440.17657871563335	23.394952043468756	161.60502575972984	6220.648095578037
15.945205479452055	57.66383706475163	425.5155619445513	23.061983347439945	158.47325360153113	6212.1326373463635
15.972602739726028	13.85714285714285	412.9000911300895	22.80319910378487	154.9344674310392	6203.859198841624
16.0	51.951846643875996	1874.054737314155	49.56670346472338	149.05596707834098	6197.770012085469
16.027397260273972	29.996014488817167	1740.8609439513928	46.82164654250374	165.4296640192248	6215.111643127057
16.054794520547944	53.430058800323835	1634.6793759281231	44.81049228294939	175.85534683669272	6228.219086025909
16.08219178082192	34.97036611628778	1499.308591838073	41.98701125009695	192.1381680696168	6242.93968011043
16.10958904109589	8.9881502769373	1391.0558602133365	39.92585924319243	202.26751290086565	6253.475104762712
16.136986301369863	4.909038817531757	1378.0784765898193	40.5249833144366	191.9858243031791	6255.747109293417
16.164383561643834	4.900418314534485	1370.5537920341847	41.21196204697307	181.23697901081277	6257.50307782146
16.19178082191781	4.891879560600611	1363.6061949357863	41.85090153811038	171.06501280897433	6259.127516095581
16.21917808219178	15.86274118505523	1315.2295028494138	41.165505510183124	170.49971335694053	6263.563269215177
16.246575342465754	23.96971354480131	1245.5477548370375	39.77662285737769	174.82410209191985	6268.816512745544
16.273972602739725	23.37451441353451	1182.8191749504117	38.57162012578364	177.68418570919135	6272.846878463325
16.301369863013697	26.795266605120222	1081.8213729669028	36.08301570848269	189.53006381072632	6277.239762346779
16.328767123287673	52.872369123186125	1006.9763938592396	34.43327513309219	195.2433065219788	6279.013421253245
16.356164383561644	89.01861004565382	930.5493417810188	32.67589554483039	201.62398824353295	6279.150044998669
16.383561643835616	10.722362270497705	870.3879648322333	31.432346594543795	204.20869595162569	6277.783787084219
16.410958904109588	8.340666027691796	862.5952314870344	32.00126633276918	193.7285379953094	6277.080357474517
16.438356164383563	19.478004796424898	848.4880900386564	32.263649167657675	185.5757577264976	6276.137768394851
16.465753424657535	52.703787412336865	796.2943514099171	31.024275251923818	187.905708557558	6273.246701188728
16.493150684931507	68.47435051635532	752.4417268086115	30.05534390857285	188.34146217479136	6269.620127786323
16.52054794520548	34.199940130818845	698.7341933921474	28.62924361516729	191.97688653452965	6263.993695782342
16.54794520547945	53.23173020690133	664.1612403120464	27.938318270516476	190.49282329596323	6258.766449817737
16.575342465753426	42.09806418482052	615.5984555974587	26.59364050598276	193.64658570147458	6250.682011940474
16.602739726027398	35.53334620538063	567.5113143263408	25.205517179763138	197.23693841922858	6240.689158460704
16.63013698630137	39.96255170823996	526.239787336758	24.061356004369475	199.23997840461485	6229.770613141887
16.65753424657534	10.286179831707992	496.1952551528385	23.36548498118367	198.10579047352863	6219.50145132467
16.684931506849313	63.32626542656718	466.53065101938256	22.609477979478655	197.4721977039809	6208.1232621333165
16.71232876712329	52.51178940880518	448.22454863743127	22.341081276119905	193.3598835285691	6198.661850468114
16.73972602739726	30.584624423399255	417.38195568137763	21.383500753878586	194.3779599977904	6184.562709040952
16.767123287671232	59.062673288179425	397.5308003588563	20.93432073437105	191.82165112514087	6172.463907750511
16.794520547945204	23.547722171762985	375.80786696732406	20.32168134569748	190.56562687686474	6158.756251534539
16.82191780821918	7.0958012569321784	374.4322991218385	20.761919664711968	181.62849742039973	6152.128972528115
16.84931506849315	16.412681838604342	370.16895299183983	20.988673373246996	174.33006047138684	6144.715357263861
16.876712328767123	11.816863939580893	373.5969084983486	21.614429942702785	164.34368935186177	6140.464344842946
16.904109589041095	17.366515131374882	364.2793709352904	21.46913414320938	159.90099301822042	6131.414595574877
16.931506849315067	40.8362210714908	357.8964225750524	21.457865031775277	154.64042215055366	6123.48949453749
16.958904109589042	10.29298955644061	346.00884257373224	21.090255766090607	151.97065489531013	6112.9985126270285
16.986301369863014	49.841652224808755	335.95178633026273	20.801390310408365	148.88304942369552	6102.961100635343
17.013698630136986	22.287083797528506	1729.8807560853527	45.83378628121744	156.61339542833656	6105.140275190699
17.041095890410958	6.545287792017122	1687.587683600016	45.510055346966205	154.68214701451913	6111.404148225617
17.068493150684933	8.18617583529557	1667.4640433155241	45.73585434967139	148.5696688567965	6115.036205755312
17.095890410958905	6.656526274215173	1646.987350316535	45.90998341175661	142.92564323317615	6118.594661518576
17.123287671232877	53.8869619201516	1603.6192225754126	45.39434628210993	142.44559535955207	6124.441239920309
17.15068493150685	22.501431775889642	1495.482914795749	43.045048531922106	155.29975643336047	6136.311115382436
17.17808219178082	27.952380952380945	1420.1224986527552	41.63357420044812	160.9533462739669	6144.159083178464
17.205479452054796	7.428747368293755	1375.5796856838256	41.112121730425855	159.85858451041028	6148.88352163534
17.232876712328768	53.87561349538992	1324.2573371207657	40.32620724058954	160.63270790148445	6153.768234050396
17.26027397260274	34.962471982148124	1231.8701238821095	38.27275435702013	170.45955919508665	6160.719316276572
17.28767123287671	44.12116676150145	1148.8186775266693	36.49312617594841	178.08396868403437	6165.752507476576
17.315068493150687	17.864002071251253	1072.5258684635173	34.891666994016894	184.23202533790462	6169.14690345626
17.34246575342466	11.143088769051946	1046.7592040885788	34.878986664319314	178.65871472172458	6170.233785186839
17.36986301369863	29.068578976126126	981.6418996597907	33.49124554742051	182.98276766338265	6171.603130429194
17.397260273972602	52.00969527761006	928.7725036387726	32.487917513223486	184.4207240427166	6171.7454768461685
17.424657534246574	45.71473845161243	873.7391002701202	31.354400339898458	186.70959103146416	6170.848841018086
17.45205479452055	96.16006815502985	802.9635015357086	29.605177928088125	193.39043036461482	6168.053254544488
17.47945205479452	50.23876872457418	754.6679759155116	28.618207827139727	194.5041693571031	6164.581781727879
17.506849315068493	67.95732664506653	714.9094056244339	27.892772310138994	193.6799679011686	6160.540349465072
17.534246575342465	56.01868011434845	678.6956833552764	27.240704081934457	192.29944248252175	6155.848292795283
17.561643835616437	53.496178510951395	643.5954471098245	26.57119909777127	191.0377233098365	6150.330475056338
17.589041095890412	51.45345194489677	612.7961213126567	26.01171475906088	188.98593156337773	6144.443296419664
17.616438356164384	30.93290544979761	565.6171770750638	24.69240937600612	192.4438665138731	6134.995388766955
17.643835616438356	9.556124673934072	546.7908258748917	24.55795878106406	187.41161647695708	6128.882369011323
17.671232876712327	44.09996028677151	525.9389850612448	24.25745863650929	183.59049801793523	6122.04475578412
17.698630136986303	54.82834105251192	499.6853981292522	23.66350962120543	181.94077400162382	6113.317740222689
17.726027397260275	17.380952380952387	478.2308913277624	23.235394892246806	179.16658047850314	6104.866464675186
17.753424657534246	5.012197468181046	480.32226622954715	23.902226501485636	168.72805497643705	6101.782285934624
17.78082191780822	13.761799817025056	475.6897823432397	24.181860574501034	161.16658117464996	6097.323580646622
17.80821917808219	27.340970928888403	456.4504926039075	23.679207425785126	159.0807890161374	6089.060140853134
17.835616438356166	66.068510627765	439.2017882962258	23.244700812426775	156.63212721830234	6080.68575806107
17.863013698630137	48.99212109707404	420.30972274935027	22.678355766627366	155.19358069474538	6071.310985840996
17.89041095890411	30.151131911380872	397.58054518888787	21.870147997799684	155.5634158973413	6059.854098830877
17.91780821917808	15.545178028547888	383.52129873500104	21.50550210927736	152.97608939710196	6050.431334703074
17.945205479452056	10.75635280208273	384.8175848432956	21.965372430168735	144.7544154616285	6046.371485267048
17.972602739726028	7.548979372010901	385.84996457601704	22.37908443971427	137.03859517693192	6042.483025876368
18.0	17.56210587139463	1855.4890902241846	49.542404503715424	128.97072465748744	6039.569118250464
18.027397260273972	8.115847662942805	1812.1396081630144	49.0389043938769	128.88486441034908	6046.273925563921
18.054794520547944	32.24178163462654	1787.9256241708792	49.02185666704425	125.17215083671903	6050.50432340723
18.08219178082192	6.2283554292231775	1730.5197315240935	48.09018605747815	128.11575652028327	6058.55210159978
18.10958904109589	11.001236858379713	1654.9192492287764	46.63731307724512	134.71802143824803	6068.31696987329
18.136986301369863	9.97519740343244	1626.2872921311805	46.48597730431663	131.68360039897755	6072.624608938077
18.164383561643834	5.42819277771623	1607.012273426282	46.57532285739592	126.93667982077268	6075.82420047776
18.19178082191781	35.73086182312093	1593.5813081326562	46.79167950080052	121.39641249236182	6078.320169882758
18.21917808219178	8.21212979291875	1534.360906236661	45.65633977267551	125.41633037297652	6085.349953467791
18.246575342465754	42.521725669619805	1503.5818330686375	45.333339863433324	123.63231512156115	6089.322212127904
18.273972602739725	15.063974822034421	1415.1687579559775	43.27547493148786	133.92047471367457	6098.2485698259725
18.301369863013697	36.701644029362896	1332.3673505335285	41.38120069416038	142.84586007441254	6105.776672075968
18.328767123287673	15.895847437966642	1257.8042160038126	39.74509836984485	149.7171300912458	6111.782160573494
18.356164383561644	49.334539394034486	1187.7830390902764	38.23203866496422	155.54169881495753	6116.6085367307205
18.383561643835616	65.13928075678585	1121.8384911286655	36.8210509094233	160.48957160669696	6120.3213285573975
18.410958904109588	22.49768256212571	1059.51212332416	35.494789421371	164.70143509273822	6122.969250066097
18.438356164383563	34.88755173434195	1004.3728109671899	34.36968514172759	167.36468251217656	6124.535539811041
18.465753424657535	49.3600119768053	945.7588999530182	33.09942014496443	170.95559330636655	6125.192130751057
18.493150684931507	36.25873181855103	881.2748090103588	31.577763243300456	176.25886203398812	6124.634149113861
18.52054794520548	29.675493877156185	806.2957845459978	29.63540530399367	184.55196871329758	6122.102261205065
18.54794520547945	8.115983928544274	766.2095805503653	28.935055888253533	183.83313202939718	6119.352845337997
18.575342465753426	6.277530193618307	748.0015845773369	28.994199580637574	177.62300960246822	6117.307920335355
18.602739726027398	52.6676196947772	703.5283272999552	27.9709941644945	179.1408740839829	6112.963254768373
18.63013698630137	50.2347946581103	673.0238735155226	27.451523788090267	177.06841297802612	6108.820832795905
18.65753424657534	45.35882189143352	634.7778301993502	26.56305939547871	177.6290309425608	6103.046365073936
18.684931506849313	44.937677287927905	604.8173667278481	25.96291025984231	176.1577052339867	6097.3168262195695
18.71232876712329	36.023138534023715	567.1891744539108	24.97858535372923	177.45949857763125	6089.510255496788
18.73972602739726	6.98066851950294	546.8570539169544	24.716904530413807	173.66157053198305	6083.463248025683
18.767123287671232	4.975491115294975	551.0092107826409	25.49854751847711	162.58935295513402	6081.664838391321
18.794520547945204	4.9874712849085405	552.5287427096813	26.112454923749947	152.9409573265357	6079.57733679451
18.82191780821918	10.224374253774265	537.3740502486983	25.894511591201375	149.0895919392489	6074.5870267154805
18.84931506849315	8.075625116440017	536.4863011917196	26.324781638594192	141.02795450165394	6072.14309242427
18.876712328767123	5.087981078764008	536.6301940027189	26.77215450053463	133.06994293048723	6069.991069292361
18.904109589041095	15.270213322552442	535.8392003398012	27.13630821632574	125.88021510456339	6067.811722364222
18.931506849315067	5.158546517603332	536.2361667757689	27.53340182969224	118.6921335361663	6065.940647770435
18.958904109589042	23.583419290317092	527.0761805862857	27.408139178879225	114.99342753178315	6062.374765808511
18.986301369863014	13.870554440661188	522.4113441418375	27.49776306663975	110.06511267069801	6059.59998814147
19.013698630136986	7.5232112685489225	1974.852553997014	54.18318505325663	106.22171010721377	6060.9019690591995
19.041095890410958	11.894620449537815	1928.7279421488433	53.447373217678	108.09534525288069	6068.110979567092
19.068493150684933	56.03868139580497	1878.2401747072167	52.5862429509637	110.75047903022815	6075.727751531772
19.095890410958905	65.08707825595425	1807.3474500506902	51.16058888904369	117.24729984643172	6085.6628781092
19.123287671232877	92.083953551887	1722.092736337124	49.33551579924735	126.35422473795357	6096.895087728596
19.15068493150685	57.80664974352347	1653.3107091538584	47.99139289544618	131.7771317567422	6105.764507687533
19.17808219178082	65.39820421400256	1571.9072185387292	46.28117929518916	139.5815110518144	6115.485168051159
19.205479452054796	18.973436955502923	1499.0765337794405	44.81659930737176	145.41129788121626	6123.72859004809
19.232876712328768	37.136107754681234	1402.9662082591854	42.639224882924836	156.1064515898596	6133.31681085149
19.26027397260274	15.447538985349857	1302.57364844186	40.34411482821626	167.3704056375828	6141.995127958699
19.28767123287671	10.421977573220836	1274.2217556619237	40.244593628273854	162.75730592008	6144.8266404499645
19.315068493150687	24.015299402467505	1211.2864145852086	38.995780969579734	166.27511072112128	6149.472532898319
19.34246575342466	33.08130015751971	1148.8051820183086	37.734933417526356	169.72663438487703	6153.322306973606
19.36986301369863	15.771424080522698	1070.9712759545007	35.95599254248418	176.68378809983162	6156.769667264229
19.397260273972602	11.480550224455653	1034.4523906402073	35.50865272477659	174.10437637584002	6158.077415515571
19.424657534246574	35.63724845973063	957.1350463721353	33.614361409003564	181.6551102361491	6159.275891056392
19.45205479452055	68.05182308731005	896.2283052303327	32.26149310256687	185.2853181389778	6158.885768493943
19.47945205479452	43.6551161455768	842.3841431717847	31.098034754369408	187.50189117518724	6157.382873836745
19.506849315068493	33.91949511711393	777.8164777849804	29.48423162551875	192.88654757316039	6154.0609615623625
19.534246575342465	9.454054231864218	733.5045916667043	28.59155944984258	193.09962094991644	6150.239955680156
19.561643835616437	21.35172007423559	686.2558415671876	27.502916901658725	194.68718952316988	6145.040609277002
19.589041095890412	14.015128359439979	668.3235774153951	27.535658698533602	188.26356784500797	6141.651323675875
19.616438356164384	37.656592479880416	641.4999128547985	27.125447983545364	185.00450865870496	6137.0234546023685
19.643835616438356	8.351849554367215	612.5357498824529	26.58916299493918	182.67630967873416	6131.366532685955
19.671232876712327	30.107043380423388	599.4753290002502	26.664340808391678	176.11398228146552	6127.505143993839
19.698630136986303	34.862583354715035	562.2834289399536	25.621244018663003	177.3810567121211	6119.458052771705
19.726027397260275	7.888205575090621	537.9513054885467	25.123537250869692	174.93589749759798	6112.438768725837
19.753424657534246	17.789877430182948	541.0991320757614	25.846911681769573	164.1495579945224	6110.338352116703
19.78082191780822	5.026378571282134	541.2561268587325	26.38425408413015	154.8829227388059	6107.840839315563
19.80821917808219	12.839650265139147	534.890709949968	26.554947965942844	148.25961120842908	6104.2914290152785
19.835616438356166	13.847965762218534	525.6586755990315	26.54766960034104	142.95607403063576	6100.162277946656
19.863013698630137	12.377238963613447	524.2720531636116	26.904505405766	135.4545782043895	6097.561313073983
19.89041095890411	20.89901130014649	509.02398786272494	26.51527058773609	132.90571816707717	6092.189262373287
19.91780821917808	17.358459824288364	495.98914613330817	26.216122163013164	129.88017569393847	6086.987099655324
19.945205479452056	5.339555368962957	496.2846798730622	26.59699981796754	122.64848075156301	6084.649083487366
19.972602739726028	8.962165768713968	498.9451874837625	27.074256975643884	115.05347839753782	6083.013752303334
20.0	41.88899647316306	1953.5934482540742	53.39607067488971	112.76572907255775	6078.190611993399
20.027397260273972	8.956756911143938	1866.6795858095713	51.612050186913145	121.96420938361841	6090.581473583428
20.054794520547944	14.815472329461137	1850.67634772556	51.76967240392257	117.0304207755769	6093.8280716183335
20.08219178082192	7.6713596389931	1813.998903850408	51.32295730782067	116.47308120096042	6099.521823066679
20.10958904109589	25.436305471759084	1763.061954412911	50.45105366155211	118.895560864296	6106.763396349938
20.136986301369863	24.50169351864141	1663.572051047134	48.201837074299796	130.87558333972493	6119.214373707951
20.164383561643834	12.478575373317241	1576.3248421632804	46.32542071770566	139.89714327047878	6129.580118181113
20.19178082191781	44.58045687333587	1498.765533617247	44.72252147238117	146.74157483215834	6138.276224327734
20.21917808219178	44.204826717136356	1389.7551861572574	42.18592601428566	159.9957353600126	6148.8817533187585
20.246575342465754	46.6515444659293	1281.0543658644617	39.65499001557216	172.96715139388573	6157.894414314202
20.273972602739725	27.077752720130636	1177.7457417616718	37.26474806103423	184.72604103068423	6164.762583863299
20.301369863013697	12.793375528015643	1097.1633756630763	35.57366848121241	191.20866913876307	6168.821643632435
20.328767123287673	5.312890673110025	1082.637214703696	35.9632195141225	182.48211548612616	6169.804842993927
20.356164383561644	6.5096510086135195	1064.7292447021664	36.17384461364906	175.1627241481737	6170.774883227757
20.383561643835616	24.44070389401876	1030.4368879988722	35.767920047215654	172.2444602976973	6171.957094300159
20.410958904109588	54.094179604203255	970.572692113555	34.43546898907678	175.73794933725864	6172.955912660447
20.438356164383563	41.03383165243766	905.2309415802832	32.86626032933755	180.80373873808284	6172.765997344621
20.465753424657535	20.701454274615973	833.2085454587492	31.010837798800395	187.83869784491714	6170.818381122463
20.493150684931507	7.1133649458265085	812.2930883736852	31.003479435328174	181.7962481200143	6169.411141199709
20.52054794520548	5.397806066292537	810.2160328342923	31.651528178454225	171.31967994811492	6168.684084317896
20.54794520547945	32.622802945574534	784.4402824254013	31.305222881495986	167.808724569718	6166.857264017263
20.575342465753426	6.2872228474335765	758.6863386866961	30.937939758680855	164.46807749986286	6164.556411211615
20.602739726027398	26.421219017952936	731.6553555601052	30.448991104309087	162.00930556822826	6161.852023392088
20.63013698630137	45.10600440872151	699.5499328865759	29.714434718413802	161.23164829294183	6158.187178623195
20.65753424657534	38.259163422926065	651.5321035083532	28.26640636819871	165.30104120451804	6152.037861195579
20.684931506849313	50.612529167289885	611.625796113347	27.13170687545173	167.31782797320597	6145.345366732077
20.71232876712329	84.18247004267525	571.8000471321956	25.950795568579508	169.74017605865586	6137.327510528699
20.73972602739726	10.722887173767425	543.8984107791455	25.26824564028452	168.79245266424834	6130.019167872742
20.767123287671232	4.996273091211682	547.3417017305376	25.98925148792025	158.23301697167938	6128.096646314803
20.794520547945204	13.816270363230899	550.2652802074333	26.639643024173214	148.42863105975795	6126.275912560788
20.82191780821918	8.723173835026673	535.0474587605892	26.375434868799253	144.8859041529041	6121.178088536234
20.84931506849315	20.122121338428606	535.2807429822383	26.83231405539613	136.737314850344	6118.963251874866
20.876712328767123	5.667529219616579	531.4389930525606	27.056095198051548	130.30545206215558	6116.0350824803045
20.904109589041095	36.78963039998988	511.2518528339543	26.412620542918134	129.59524827976094	6109.816324623268
20.931506849315067	22.54403187493833	491.8659181365757	25.790480654435992	128.82564897354956	6103.193259452291
20.958904109589042	59.81999782169963	479.75529241871527	25.521522517014265	125.86082994237509	6097.862346967025
20.986301369863014	24.059571527265632	460.2641014453751	24.833968770453794	125.71755309968354	6090.399509675216
21.013698630136986	30.82110697470083	1849.8216817787818	49.71314414013053	134.578742574101	6096.175335702795
21.041095890410958	6.00886258999409	1790.4719765906486	48.8134681109466	137.18539665574687	6104.791023432675
21.068493150684933	14.695654988746432	1768.8831089130058	48.900222488705595	132.45132090001206	6108.693439817151
21.095890410958905	19.010857028460144	1729.4775922395959	48.46339524581454	131.58380696612866	6114.552380355835
21.123287671232877	6.210958989658347	1698.429851112552	48.24402322507044	129.0847039236282	6119.311930079465
21.15068493150685	31.20558786210143	1632.250008187985	46.98625628392711	134.06395843287808	6127.727802686881
21.17808219178082	31.84698433935189	1533.8687886326434	44.81797869160347	145.34783214953652	6138.903342372022
21.205479452054796	17.120587082165816	1442.077420060844	42.85676577258292	154.84019057508849	6148.485080432545
21.232876712328768	7.601422506134796	1398.9011880499727	42.318435395431585	153.8442925505914	6153.199376177801
21.26027397260274	5.498360269605496	1388.366622316334	42.719267911152706	146.14267253402596	6155.069726190333
21.28767123287671	9.853946514462532	1380.0850736390807	43.14066178991756	138.4791569843006	6156.682134091329
21.315068493150687	19.628995215209482	1321.9431282808666	41.964666093193166	142.04206004601747	6161.939606138567
21.34246575342466	28.390226779557953	1263.6776914379234	40.76560564273571	145.62729829371267	6166.667429748149
21.36986301369863	39.95018322892043	1181.5798346392414	38.78711691628926	154.48630565774226	6172.0281055688765
21.397260273972602	36.22916508419507	1091.3949872382964	36.531406919942995	165.13452640380046	6176.358445036883
21.424657534246574	26.841891041728903	1023.2960465109784	34.983863820049095	170.6503946098833	6178.502196827721
21.45205479452055	49.276976176994786	965.9268201079973	33.77187063871191	173.67009917911224	6179.339650176015
21.47945205479452	42.54133507880072	890.112824906163	31.87105578337127	181.51279184483167	6178.8660789643745
21.506849315068493	55.42174250005054	821.5371857293499	30.18896244813959	187.75698045207156	6176.601334667632
21.534246575342465	32.79234956222859	760.4240428305435	28.71436582741671	192.4827778992412	6172.812303039743
21.561643835616437	22.097856624391905	709.1278045296825	27.553710697343544	194.91896165772542	6167.935266426622
21.589041095890412	56.3654818820754	685.2576392800987	27.390300567098034	190.06442292443342	6164.35111681793
21.616438356164384	24.761901153827125	636.1393634801085	26.15445947903597	192.97869702613778	6157.340910024698
21.643835616438356	11.529953748879468	621.349270673144	26.273835027762132	186.1080953832074	6153.421346970054
21.671232876712327	19.882493708375332	603.8290276241066	26.204997711294713	180.6316749084359	6148.984136214176
21.698630136986303	47.93856267116529	571.7787184614731	25.458014273434188	180.01107913591198	6141.824860733944
21.726027397260275	56.33624315643543	549.2617615162496	25.08130157316297	176.8204928878776	6135.3926226585945
21.753424657534246	24.251861604379314	514.6437199775531	24.095651070025593	177.99697141232176	6125.864800001911
21.78082191780822	18.736396868070553	495.4587776715653	23.789177406634682	174.44316188252697	6118.437044445183
21.80821917808219	5.903938142899615	492.44418354075674	24.20354492694569	165.88598693956828	6114.446258647727
21.835616438356166	50.650493666663564	475.574341228824	23.883753594099336	162.5447793074896	6107.249325482193
21.863013698630137	60.11995951981093	457.15050442442873	23.449798410799076	160.08840932822264	6099.106886651699
21.89041095890411	48.02727907003147	441.0436172863586	23.090684634996318	157.20465061027858	6091.081052155022
21.91780821917808	31.476190476190467	423.91792155790034	22.642476248843607	155.03660619315764	6082.21517200663
21.945205479452056	23.430857707321962	405.4276716669936	22.07972862251189	153.76947903898207	6072.342854519166
21.972602739726028	5.334689597953137	405.63593759554055	22.503481976422254	145.75951597606286	6068.207454327355
22.0	15.022727263293179	1876.8328177843837	49.79603566971839	136.57695683522888	6065.8049702181825
22.027397260273972	23.742429660007215	1770.2112699908173	47.66629879486777	148.46500140627867	6080.310662546847
22.054794520547944	8.155191726435408	1704.5580755768267	46.65639853512783	151.62056486057685	6089.376050007759
22.08219178082192	25.988523685107374	1660.573162230521	46.20385345618611	150.4837885161329	6095.678734680748
22.10958904109589	23.497728797158373	1599.5617879237711	45.25615305945465	152.89768123788974	6103.541824425035
22.136986301369863	25.82407711991978	1500.7484111857627	43.21401765342075	163.1830247570428	6114.63423325474
22.164383561643834	39.71088320277726	1421.029054557126	41.71071431357964	169.22307150261076	6123.017461850597
22.19178082191781	47.96021506473591	1333.6582708915616	39.969263408081936	176.77104456762197	6131.121703329407
22.21917808219178	31.476190476190467	1251.5218852082205	38.35814437923507	183.1269358378877	6137.741718058719
22.246575342465754	16.34549652456745	1169.2732550711996	36.70885325367028	189.5492483858825	6143.174413239675
22.273972602739725	32.97624317517722	1141.1327100621727	36.69304371114958	183.86239506704484	6145.187801245083
22.301369863013697	17.1673460574946	1075.1557920011471	35.41846310971976	187.2293560319103	6148.2210339963995
22.328767123287673	11.656989357917682	1053.638614715566	35.54420294486579	180.43456850183674	6149.26036990076
22.356164383561644	13.688347751805418	1029.934311204081	35.533645577348956	174.6786287505704	6150.166302381823
22.383561643835616	5.53427953285386	1019.026334670098	35.91337890226246	166.29572046174675	6150.651261110402
22.410958904109588	23.293127291127725	975.5684164553132	35.082315085009476	166.3461930321051	6151.444750537228
22.438356164383563	9.318180530307648	928.9619633392175	34.11965369011493	167.22567580491145	6151.555103091874
22.465753424657535	42.35434247434835	894.1211437791198	33.52377703373091	165.5790594416931	6151.139419863956
22.493150684931507	30.92702100275055	826.9374744440909	31.684022484188787	172.4072081271136	6149.186698854774
22.52054794520548	59.32229320943365	768.3346181598438	30.134225017846	177.24191346086943	6145.835187401479
22.54794520547945	23.611504885137652	715.5640886824166	28.757943413668915	180.88873076026297	6141.2607430523985
22.575342465753426	36.601161863958254	672.1069712600819	27.699822198716817	182.3265705420746	6136.032052703849
22.602739726027398	56.31384578550372	636.2835986102009	26.912492499697233	181.8853010828721	6130.377539618945
22.63013698630137	58.21959549831599	608.9306879016459	26.422096678904918	179.37602157501274	6124.9115367753675
22.65753424657534	43.07682567925721	567.6505550610567	25.266507792876077	181.59664319559687	6116.506334934632
22.684931506849313	27.75261660855955	530.3568767922794	24.237961097445996	183.02675987707318	6107.155135671416
22.71232876712329	39.239908462293634	514.6294934020681	24.13705677100599	177.9011583694625	6100.978153800658
22.73972602739726	35.859343244382416	480.86926219489186	23.13654076884575	179.25195297438518	6090.217132914477
22.767123287671232	22.66756964832285	451.85858676687525	22.309941983590978	179.49473972966817	6079.113260120645
22.794520547945204	8.257167391982748	436.30833314954043	22.09891059242422	175.39565692689507	6070.606371096881
22.82191780821918	24.10621930982056	436.4173760690446	22.622541896050276	166.11347332682269	6066.523501939899
22.84931506849315	45.16440390833083	417.40937107237573	22.11174084030284	164.24155366564722	6056.797899845573
22.876712328767123	55.61746772258898	396.78795104749116	21.475401968226375	163.3775354095825	6045.719284738339
22.904109589041095	20.158575415270164	378.2537494276357	20.909715392387515	162.14205767451426	6034.449443079975
22.931506849315067	7.0951926162362895	375.66523524178865	21.189949932516125	154.99017136094758	6028.515868093413
22.958904109589042	4.94613543515217	382.7468257219819	21.97709686314938	144.46613255442438	6026.453454931964
22.986301369863014	40.27117919170847	378.0289275671784	22.049887368485052	139.03727298474675	6020.5406037397415
23.013698630136986	25.58142008038542	1782.3559045178374	47.31567649460368	144.95314167454114	6022.3630974198495
23.041095890410958	19.626800284543837	1671.921079730487	45.13791577573816	157.19416813179714	6036.67621783891
23.068493150684933	53.493714089328826	1564.0904115430565	43.03632087186491	168.5215445347067	6049.670759672792
23.095890410958905	23.53956107311935	1442.4842992903593	40.53456677590608	182.59179831773352	6062.717844064348
23.123287671232877	12.983708463031196	1365.1671656796725	39.25778839060358	187.02343167832473	6070.552754504973
23.15068493150685	28.72733694345858	1320.3067162488583	38.859820743936204	184.60493577631632	6075.1910247352125
23.17808219178082	44.12731396267324	1208.4993465374555	36.45629151022556	197.0754314631052	6083.60985499993
23.205479452054796	45.45895046455913	1111.03534199421	34.45214255678102	206.32047590519835	6089.205113707934
23.232876712328768	27.110437664807304	1005.823425616161	32.14281006855552	217.69563645857005	6092.848915742976
23.26027397260274	59.21711582821118	936.2108366510975	30.909814535608394	220.74361348563485	6093.663753784398
23.28767123287671	66.97403129512671	870.3922902437853	29.71344893542077	223.33578581242472	6092.929167001797
23.315068493150687	45.018671337757546	804.4123079017578	28.418169744240227	226.5256779074779	6090.4973356036435
23.34246575342466	65.6613850244604	756.6078595932836	27.68814381200755	225.3611863336993	6087.18238982567
23.36986301369863	60.45763083088642	707.6392835461587	26.821859964139072	225.11057502823726	6082.496900794405
23.397260273972602	51.910108144098224	667.9623263796898	26.21547658881389	222.84698552375497	6077.270497605784
23.424657534246574	36.65437041014245	612.0062581182445	24.880012996352534	225.96248467643218	6068.7543503856095
23.45205479452055	23.184774260114366	555.1536574217926	23.418096638409928	230.14575488279675	6057.445247610785
23.47945205479452	26.906339160893154	519.8922310570471	22.765635172260954	228.31856937073286	6047.479491164306
23.506849315068493	26.550543861227418	496.0865215870692	22.518501140740938	223.42312055188933	6038.626814750109
23.534246575342465	35.057016305198125	463.88461043432073	21.802385272276503	222.0367099527286	6026.807648633423
23.561643835616437	9.674518038330659	436.9782220224019	21.266652891056662	219.4324415076785	6014.682656921428
23.589041095890412	9.521605184662773	441.0764873478043	22.149351821410853	206.3612961205984	6010.810721587844
23.616438356164384	9.28564086521343	442.51902723728665	22.83762497041224	194.89894038524122	6006.563235887585
23.643835616438356	92.45599712615527	423.39711234333276	22.409934323906562	191.37034395716952	5996.543768032083
23.671232876712327	30.158681328766757	396.46750954279787	21.510140132633264	191.27999187632983	5983.167094138391
23.698630136986303	6.280013933902044	390.1269865613954	21.682248169012894	183.83533641925612	5975.610604677248
23.726027397260275	4.907142809266995	398.34373541445905	22.610536352723937	171.34724123128564	5973.297871412797
23.753424657534246	6.1650657629738665	397.30485649769275	22.976351636162452	162.91363138758538	5968.266381827009
23.78082191780822	12.157586311526106	400.15505238650996	23.52673636036095	153.48967275336446	5964.8443755535845
23.80821917808219	5.734588430593683	402.5867928802874	24.024578704589267	144.6657863529204	5961.522107934648
23.835616438356166	53.24273851958794	399.00633141345025	24.130297803434676	138.55639153894677	5956.5638734762215
23.863013698630137	36.377225211731016	386.32702839162084	23.662653920164423	136.213554544837	5948.502370972832
23.89041095890411	39.25622436521212	368.8375193888334	22.87975883409774	136.01673157434126	5938.190100615682
23.91780821917808	54.77464528868197	354.0435997978807	22.239549012184508	135.07794562493171	5928.194924087169
23.945205479452056	36.78126435994463	342.5811321888328	21.785972318572373	133.08377127364446	5918.996624348717
23.972602739726028	23.269326313271964	334.5557371295251	21.532202092601022	129.92069120308855	5910.863204095348
24.0	5.825248910996408	1802.367139822709	48.51467673181756	123.18492796719076	5906.696959181615
24.027397260273972	32.38931555970477	1786.7801161422167	48.70505047466135	118.12753754130522	5909.887004060554
24.054794520547944	43.9140046033493	1674.4767705100878	46.25806917109308	132.40036054845805	5924.49875341661
24.08219178082192	12.409120206491824	1582.7631191758624	44.40554927948789	141.9488006889669	5935.908299778962
24.10958904109589	6.261282477926006	1556.8960002646731	44.37484180827064	137.89201224705693	5939.86214222755
24.136986301369863	7.892425517220357	1527.3616903129143	44.206728699437576	134.86220820380868	5944.058578793334
24.164383561643834	19.647242324011398	1468.2775072364661	43.14671471658035	138.25803520278424	5950.954086027696
24.19178082191781	54.34715776081873	1410.8952500564167	42.12607759566571	141.2039676295921	5957.272117298985
24.21917808219178	61.8018478288038	1335.89114956129	40.56776400414725	147.83966805083534	5964.557170279719
24.246575342465754	64.31260271247012	1255.2859706714016	38.823003173799535	155.61659380930158	5971.413380306655
24.273972602739725	40.52546416332811	1176.8174135424727	37.1228068736186	162.87959462047382	5977.081695801072
24.301369863013697	9.7433637941612	1105.4412979906538	35.63791847447784	168.3919546865948	5981.264676542174
24.328767123287673	6.150248069352006	1095.0849628172202	36.063652897819715	160.07492216895196	5982.261335048776
24.356164383561644	18.93169991625286	1085.8060580192384	36.46827336882905	152.08124060027183	5983.145398787644
24.383561643835616	22.181317234303936	1050.3906604218362	35.949840057142495	150.62555825126682	5984.832117132926
24.410958904109588	17.24474285614657	1012.8759540408881	35.32336277872471	149.88799890468076	5986.204765226142
24.438356164383563	7.868900457895078	984.4502211860139	34.981743104933415	147.16153319128207	5987.011148942834
24.465753424657535	20.39340764508486	979.6916687064414	35.43444043216336	139.10242700962328	5987.276495863514
24.493150684931507	31.399780964481096	932.9361498637538	34.324459935616716	141.68962577078298	5987.866219196345
24.52054794520548	43.88435426685061	885.3583809802622	33.16674467550396	144.5264327406139	5987.703123330799
24.54794520547945	48.58123466057637	828.4940727127521	31.628331887638936	149.9085110797632	5986.472336978721
24.575342465753426	11.517539020641028	789.2538256255541	30.739552651205315	150.81150793543753	5984.6964353128305
24.602739726027398	5.823840806644999	781.4977102189181	31.034308854066555	143.67823547094451	5983.820550888703
24.63013698630137	39.64147538089928	753.0182043621102	30.455950471009466	142.54564407084007	5981.849024825376
24.65753424657534	8.045793539672728	722.2207952741664	29.767632062977814	142.14363790828247	5979.194553527657
24.684931506849313	6.002853948422674	717.4530427812541	30.10556674707688	134.94108562787102	5978.045674395093
24.71232876712329	35.59117880769214	692.1602785152495	29.541301482239355	133.8469664505854	5975.29579857057
24.73972602739726	10.8397155734738	660.6472462185577	28.693320358652638	134.64329028944428	5971.454120998898
24.767123287671232	10.361151186048545	661.1583227439655	29.197400301604755	126.57324747123472	5970.414829719969
24.794520547945204	36.216356951763586	636.2799621515483	28.541033816302075	126.25922294056357	5966.773797256932
24.82191780821918	23.10576833182136	605.8341154058581	27.615307453179344	127.74241232477657	5961.890337342301
24.84931506849315	54.49115986972784	582.7971955974875	27.00403147619308	127.18773363584488	5957.307225035996
24.876712328767123	49.19926846396331	561.3419493129927	26.436803369917655	126.39665926107911	5952.482425639945
24.904109589041095	40.566818548795204	532.0955104286173	25.47542086558611	128.29094591642115	5945.778796390522
24.931506849315067	57.1861963117247	514.612161125688	25.05451381513955	126.61720948024912	5940.487904825761
24.958904109589042	32.08336261547911	492.4774006497832	24.37478422702912	126.75958451543679	5933.841177583059
24.986301369863014	6.203879846402283	484.6195263049293	24.381230011486952	122.33056872783786	5929.802681892327
25.013698630136986	31.655495082995188	1886.8083809085872	49.82515382546766	127.65040156535422	5937.387210267671
25.041095890410958	16.117352956707425	1802.172795473623	48.25452744373711	135.55830212278914	5949.494627468119
25.068493150684933	37.110475633932396	1729.1419520858863	46.97654261217716	141.05662575105603	5959.707465670353
25.095890410958905	22.7785156406817	1603.3099471243922	44.28590540146046	156.80663686198622	5975.3116757747275
25.123287671232877	41.28673177297703	1512.9193228378924	42.5665598623768	164.96792637955386	5986.0036370312955
25.15068493150685	24.428571428571423	1397.4481559785138	40.14563753780424	178.08716977761782	5997.989265279044
25.17808219178082	29.13954016397136	1306.1766251492259	38.379242896209504	186.01665102522972	6006.510705068813
25.205479452054796	33.58614454809029	1191.2865414003184	35.900184678613606	199.0554924133167	6015.116392314539
25.232876712328768	55.06622753367321	1112.013914049589	34.4554926958346	204.0635707134122	6019.901621088021
25.26027397260274	47.42858683545189	1040.034646529258	33.165767642185465	207.69292912674632	6023.072775184384
25.28767123287671	32.36569421833538	957.5987281510447	31.469388067375814	214.18569047695087	6024.985951939348
25.315068493150687	18.24906322258707	874.8333370532208	29.71181296489388	221.02740769063593	6024.761599115102
25.34246575342466	6.603596578563671	845.34517700996	29.680862253505953	214.7763720376939	6023.822481311129
25.36986301369863	13.209319864529062	835.8153812879364	30.250780374526418	204.09949709236358	6023.149998519203
25.397260273972602	15.065226325830663	797.4601547931161	29.717810791094255	201.44609636977845	6021.296938884578
25.424657534246574	79.88805966450664	773.9448281105684	29.65717297146658	195.39961473656658	6019.529994207498
25.45205479452055	44.75345108480703	724.2817762790905	28.526886235702463	196.89730600431463	6015.703939623035
25.47945205479452	19.115651649231225	668.0405895174608	27.08037492905813	200.65143168347305	6009.764590262403
25.506849315068493	5.072355067279295	663.262137905161	27.6541296461466	190.15453391095065	6007.658877454889
25.534246575342465	27.164848231525866	657.5401239793177	28.11255874772288	180.64457331398415	6005.5570208953495
25.561643835616437	54.40213404023109	621.0137248593145	27.207118482303976	180.5369929925628	5999.827503385673
25.589041095890412	28.692738609712926	582.1956762780779	26.138978930270405	181.60270765043487	5992.6901030688505
25.616438356164384	22.799378236662264	541.3201037472019	24.929992627630885	183.7488976872426	5983.72167130719
25.643835616438356	7.449326484400855	528.5018493638872	24.95847888098398	177.418109977111	5978.624170811835
25.671232876712327	59.63889010810085	524.4785792427323	25.33909238247454	168.7987119404725	5975.18140973172
25.698630136986303	48.8273645353732	500.4655295703218	24.712269708907193	167.1137618827287	5967.631240601971
25.726027397260275	17.729934369853428	479.29857894154253	24.179921956302284	164.88821684356677	5959.972461470978
25.753424657534246	7.171134980150722	477.43974222096944	24.58022796989566	156.49841533885592	5956.397928752364
25.78082191780822	15.009410515583602	480.17200925611866	25.1737495680964	147.05717934463158	5954.083925086823
25.80821917808219	15.087580837421038	461.6605558901133	24.62018113788525	145.2701446892768	5946.808060296031
25.835616438356166	7.866976643059806	461.06822151965156	24.989593453187698	137.6158622092534	5943.695412357189
25.863013698630137	63.48782795249943	455.6065510055691	25.061027997635755	132.07121453532315	5939.519293786092
25.89041095890411	28.990502267328765	437.03408170990224	24.384423080020255	131.435742828973	5931.790966894728
25.91780821917808	9.266320794276908	432.5831592641501	24.475357229478455	125.99094108451176	5927.527030863211
25.945205479452056	49.044716087932755	424.0191156276445	24.301898802631488	122.38930732521708	5922.192670239878
25.972602739726028	86.4122386939318	410.33989485010517	23.8175329108436	120.87619776433766	5915.098605709044
26.0	43.67108597994528	1866.3711945820974	50.153860744706755	118.49190244102931	5908.640563596695
26.027397260273972	38.441280792904095	1761.9073200865175	47.96434587075668	130.9334960601979	5923.009745804592
26.054794520547944	18.355964370569705	1646.1581061887778	45.492843247006434	145.1259350804177	5937.866297813106
26.08219178082192	15.865151205907468	1597.8504127659635	44.88049965318541	145.26850868789296	5944.499350562222
26.10958904109589	4.961088616387924	1577.583324948134	45.02395077851855	139.8137749421871	5947.939027090631
26.136986301369863	4.951974520115653	1569.4150577769337	45.464374304347565	132.3322666702307	5950.006820418636
26.164383561643834	6.847065427917864	1541.5484292387202	45.294748723602204	129.3490771109921	5954.022789472919
26.19178082191781	26.438699313727444	1527.3035109282275	45.4896376406636	123.84134931737793	5956.544697307429
26.21917808219178	9.869560220472032	1491.7744279411531	45.03153896213724	122.96055117774469	5961.077593075997
26.246575342465754	6.921508947985308	1480.4561835487673	45.26785712178608	117.28185003928547	5963.141728520997
26.273972602739725	19.322846038677678	1427.7263012229548	44.20532383085475	120.65179543998289	5968.952049581881
26.301369863013697	5.079540357112323	1409.8111434839336	44.215657355328275	116.5229005306703	5971.426681130863
26.328767123287673	27.76064625215445	1392.5083223888662	44.20494639165543	112.65618065415529	5973.757600126978
26.356164383561644	73.95708955594469	1315.6158264735227	42.29835769541612	121.61672244543392	5980.7606023350345
26.383561643835616	47.78242360886505	1262.7192343754004	41.157075348979866	125.18461178949597	5985.31374554403
26.410958904109588	57.92196551883474	1212.557041138873	40.09468388347639	128.08596128166872	5989.229964954929
26.438356164383563	24.07353452723705	1143.4661914612057	38.39094607807716	135.24940913473074	5993.637890440751
26.465753424657535	5.515750349250714	1121.055345549163	38.243780584311814	131.6395364365309	5995.207792667908
26.493150684931507	5.5688685689537545	1111.702067584275	38.49895765923031	125.40886910723387	5996.091264597647
26.52054794520548	9.257295700829339	1095.822493034861	38.489860622719654	121.096567614652	5997.180034775516
26.54794520547945	4.968423808246566	1089.90761091496	38.80120308292915	114.7736112220497	5997.801279366269
26.575342465753426	15.298317762996044	1074.8074023370173	38.74644742505313	111.03067135970502	5998.722617354964
26.602739726027398	5.719466433197721	1058.4594284715754	38.6296370243013	107.74997979554051	5999.588881333277
26.63013698630137	18.045970732682587	1048.2125817166266	38.7011580542367	103.37528730408249	6000.191430314366
26.65753424657534	5.73480869815896	1037.5351446415166	38.73743505328692	99.32560396678934	6000.746140729191
26.684931506849313	30.710278983038737	1022.8212423118139	38.590893602370514	96.58044257432068	6001.3587967486355
26.71232876712329	21.850770572912243	978.0442087466363	37.30435296699731	101.06886582718701	6002.407954705964
26.73972602739726	41.612059477652856	933.6764692589617	36.02683151857466	105.42467580640597	6002.888839605933
26.767123287671232	33.41372374535302	897.1307793716575	35.041951964924046	107.8323344422901	6002.815737188207
26.794520547945204	48.69354412602441	863.7912478534365	34.17339826819956	109.43378401307488	6002.3144404816685
26.82191780821918	20.19376836606271	824.9240312613022	33.070796590563155	112.52675061256623	6001.2133503038
26.84931506849315	36.27219130287854	796.7008779171306	32.37402356246127	112.96132286970747	5999.937639374329
26.876712328767123	8.659927591842798	772.190567849105	31.81927128534044	112.44012209094446	5998.433051313341
26.904109589041095	13.370771866466486	749.8331747264101	31.326888278527473	111.54549099992033	5996.7509784751255
26.931506849315067	19.317595612188477	724.6266910100394	30.68976588722642	111.63122080158044	5994.605533044604
26.958904109589042	42.57754544845106	698.8410001467228	30.012603727070385	111.98154413972694	5992.016878984976
26.986301369863014	17.85871238590575	669.4599970592544	29.164195426181863	113.46198222783313	5988.652048749606
27.013698630136986	5.02876569725033	2125.4960438138664	55.99181469515021	108.61277152670013	5989.677087212092
27.041095890410958	27.592527769146834	2086.6264148368446	55.52028497302838	108.71411311544918	5996.441549087324
27.068493150684933	13.48260771486679	2012.7588332461783	54.12050692249154	115.44010830009309	6007.9146073367
27.095890410958905	33.02982320733428	1949.8500343721844	53.00480313928249	119.93039817926864	6017.631862398343
27.123287671232877	17.617039105308514	1859.6881621362509	51.17455992608554	129.32563255366162	6030.593533455324
27.15068493150685	5.020384714683044	1834.0706576138455	51.114453920500104	125.7203267946073	6035.138876204692
27.17808219178082	6.7443023996765605	1805.199345545086	50.927366282573644	123.0842029816637	6039.9706255877645
27.205479452054796	4.908962497562794	1794.1622334487558	51.21458710070973	117.13345983429707	6042.543498049329
27.232876712328768	7.729646482207783	1780.288644965794	51.38468617249287	112.15272820762812	6045.378881623156
27.26027397260274	7.411557572693213	1734.1959703098134	50.60861294256329	113.80588689866148	6051.943656073807
27.28767123287671	7.496660147120236	1721.6367876255736	50.786702179574775	108.81847973699519	6054.485207560289
27.315068493150687	9.267826128496148	1701.5859100789717	50.71292437064431	105.68332409899546	6057.80914836468
27.34246575342466	42.379179625508634	1678.1700027710606	50.517364251212065	103.43353229865272	6061.433332850091
27.36986301369863	55.661332914024484	1613.3925020119173	49.07107594296664	109.64615416868054	6069.4433428502925
27.397260273972602	36.21002466860684	1537.1783497395043	47.2798602642436	118.01794179415549	6078.2019681373
27.424657534246574	10.823361177563392	1485.5789237479187	46.258523168536605	120.89011355755049	6084.103509671975
27.45205479452055	30.234287558909394	1439.100315125296	45.37118511193224	122.7745122762916	6089.228823546536
27.47945205479452	9.294053575730443	1370.579868211587	43.79928217494072	129.13511920352894	6095.854230950641
27.506849315068493	72.88601549992363	1320.8743569002556	42.79980849904335	131.48518223046423	6100.4773175318
27.534246575342465	41.26478249367254	1267.1976956547435	41.6584643514669	134.68242788763246	6104.960614943178
27.561643835616437	31.30822191958028	1200.9736196706876	40.102944993998385	140.53497020426974	6109.643667076565
27.589041095890412	6.084121370416135	1164.2644891154962	39.5143317594659	139.6747078370072	6112.148140669444
27.616438356164384	78.6900663388345	1140.773202853257	39.322790393565576	136.16645570433965	6113.785109929772
27.643835616438356	40.08166674844174	1088.9049663235967	38.12918464221652	139.39409194253614	6116.299746299458
27.671232876712327	16.160959665378407	1027.788135294548	36.602110782666834	144.75006646279775	6118.361950310166
27.698630136986303	37.094022845322414	994.911822051571	36.03892831092143	143.5361015309486	6119.180626898515
27.726027397260275	15.42041814857572	933.7152880041685	34.43804753035718	149.26353646500002	6119.6568015947305
27.753424657534246	29.783617956504955	867.2190946737032	32.60887922357348	156.50386937159269	6118.820879995031
27.78082191780822	12.9688064232734	831.6360328795753	31.913522825901378	155.92469067671988	6117.517010302703
27.80821917808219	96.46907744436311	790.8175883387011	30.970361659733168	157.03647224218903	6115.404240798363
27.835616438356166	62.67021230100076	752.8376528131249	30.10272504699072	157.6148630130875	6112.636037501684
27.863013698630137	82.20103030622599	714.6949977461724	29.188798457406286	158.5121079310355	6109.048839153326
27.89041095890411	55.55155582701109	688.5056186726229	28.720759610051076	156.3537645911846	6105.716890519022
27.91780821917808	39.33999736193612	649.759877152268	27.68710007910515	158.1114675369455	6100.515604525021
27.945205479452056	7.947619090309657	622.6358862433934	27.117645871809913	156.6921059355906	6095.692982062583
27.972602739726028	43.75510499049554	611.3023569694677	27.175515576947912	151.0173959000292	6092.573487487283
28.0	56.599472625968	2044.1045624943135	52.86898573797731	152.46429989987305	6085.864949749731
28.027397260273972	39.597587053518325	1921.0169625542017	50.47822236308175	165.96431863474868	6103.900604950904
28.054794520547944	25.799766361583114	1763.4486709573844	47.197232112899385	185.78696931255715	6125.078569864754
28.08219178082192	17.384961871189404	1692.4005424149568	46.23735019372215	187.62278176641428	6134.979209439745
28.10958904109589	8.259079267829076	1648.8127120313761	45.98103505722923	184.01901287344947	6141.44905858055
28.136986301369863	13.054284220328332	1626.0159914985359	46.24237509811889	176.59124476247237	6145.485415939364
28.164383561643834	14.92568474630481	1602.1128395247686	46.41935899978867	169.87666346457854	6149.492375634969
28.19178082191781	32.44048576592229	1489.3314783283113	43.98193154668961	181.944230166223	6161.921495936221
28.21917808219178	6.912523522854489	1420.304622182929	42.83183506872975	184.4214514489923	6169.317108140009
28.246575342465754	6.167467752763364	1398.5101662170962	43.03709811828282	177.12115127623454	6172.357688965539
28.273972602739725	39.017534830526024	1304.0686298852224	40.96007690820739	185.9405692064155	6180.570781562065
28.301369863013697	20.380744023595387	1188.3601646946863	38.19774942056119	199.40424290124483	6188.470358789029
28.328767123287673	44.18871596590359	1104.3497068512415	36.40375750823331	205.7670187250452	6192.818356407793
28.356164383561644	24.428571428571423	1008.594754428381	34.172440079874164	215.11518000474138	6195.689864036416
28.383561643835616	18.730822798896302	963.736072811759	33.591021362875836	212.46172263646187	6196.251894951587
28.410958904109588	7.213985552168014	914.1446961471055	32.78569343651252	211.33196709832055	6196.007890848161
28.438356164383563	38.79222286612157	881.1701473398614	32.47042023029494	206.66298560830006	6195.315155986443
28.465753424657535	37.29298265229833	803.8321476998665	30.46609924401165	213.85149226678627	6192.313811544551
28.493150684931507	37.02922591837477	728.6379746305078	28.470943001805487	221.05097458941063	6186.75402819187
28.52054794520548	21.169571323324295	665.8009617056558	26.88517921661173	225.43046503742454	6179.367318071466
28.54794520547945	6.817491946689133	653.0355839849176	27.231855517824364	215.8838070855532	6175.869028629963
28.575342465753426	6.314944549871829	653.4105938219119	28.04472060894778	203.19776753936014	6173.890806417434
28.602739726027398	17.974202958934697	656.1881494031297	28.894840129232563	190.55440352735002	6172.319132597522
28.63013698630137	24.50893301226047	614.8617803226902	27.741553404970876	191.54228526351335	6165.2964036472185
28.65753424657534	17.855478123539605	581.6118142255872	26.895584508317032	190.55025697987122	6158.1149221429
28.684931506849313	17.826538372529054	560.7271733734013	26.559134944490157	186.19539641324735	6152.108270897549
28.71232876712329	5.115907106367978	559.3296763489998	27.09984628066809	176.10162240733703	6149.17774903649
28.73972602739726	24.62958011866349	552.8081562415265	27.33095355851888	168.26859619395788	6145.544047852012
28.767123287671232	29.166362310252236	540.4731200396601	27.239650856832554	162.69689880812584	6140.730885399715
28.794520547945204	49.43589126486582	520.2646299528882	26.70933290802554	160.08596430630624	6134.131998819146
28.82191780821918	53.30477424165622	499.29546369416147	26.10170988516426	158.09079961324255	6126.816078896311
28.84931506849315	11.001236858379713	482.72955595901357	25.68683587313898	154.9667033910675	6119.958450761687
28.876712328767123	37.48982102924124	468.4984653836411	25.35401605733069	151.4379801562878	6113.3601079683995
28.904109589041095	19.24949654338316	446.0082139382977	24.547511937237527	151.10993727606026	6104.040323264412
28.931506849315067	5.436660196216566	445.88371304852876	24.93814707854797	143.1198644338869	6100.512442108995
28.958904109589042	8.187628944973607	439.99843989792225	24.97436084913514	137.6088264135964	6095.517923383732
28.986301369863014	9.895062975309438	442.68800264092806	25.46668389606859	129.38757595043495	6093.086397132868
29.013698630136986	21.54957420577737	1839.568405671039	50.48796517036487	136.60898461052233	6097.844482591697
29.041095890410958	39.572310192511964	1737.3102237115559	48.37289355630798	147.7468258509164	6111.45056655236
29.068493150684933	32.15689892996173	1596.4009648271692	45.201929998075805	166.28362069644413	6128.303316073901
29.095890410958905	15.700782014240128	1495.427385200645	43.17162022490769	176.07275363942114	6139.604512934508
29.123287671232877	42.43460510966776	1405.2356234013107	41.406373061396984	183.64632553708253	6148.8472070254875
29.15068493150685	22.50329699539787	1296.9682089072983	39.10093770408961	194.93104956418696	6158.228480754484
29.17808219178082	5.236624091465123	1265.710913509247	39.08307548367488	189.15230225025743	6161.3349335732355
29.205479452054796	18.32886342706746	1204.790227776185	38.07418240805774	190.53675309031834	6165.85616277097
29.232876712328768	19.044595105553476	1148.8487949341793	37.17819745024961	190.96065331394738	6169.384478997312
29.26027397260274	5.3108382982136435	1123.9816354350564	37.240656852461605	184.44718014531745	6171.067757861132
29.28767123287671	6.332691652777356	1087.8752998409805	36.871429608407844	181.01472753628624	6172.904377000969
29.315068493150687	8.21807345632601	1061.375592159631	36.76655670132633	175.75053830194688	6174.125157038257
29.34246575342466	6.676486131861344	1038.6382184940792	36.74074647772809	170.00251308205065	6175.021305262079
29.36986301369863	32.79009650717203	1021.0007580414488	36.83559228381351	163.54135499969686	6175.651793369754
29.397260273972602	21.133730963070253	967.5405982987778	35.604415015321365	166.03540355653382	6176.429537276917
29.424657534246574	5.835154484750278	952.6610426610948	35.74845861718475	159.28330470757712	6176.4987808959895
29.45205479452055	5.287534883831137	947.9068265941625	36.217087154463144	150.5699404342699	6176.500452782358
29.47945205479452	7.706412076219606	942.2795011968005	36.60338428288998	142.63845773871367	6176.482656847108
29.506849315068493	7.137234129890826	911.9824332741101	36.001366609399874	141.20342692583472	6176.226374130432
29.534246575342465	49.22272072426736	889.5853804271496	35.6641856227464	138.1419586771072	6175.790366888715
29.561643835616437	52.776265342136796	851.7653659666527	34.686856575837446	139.19481158661333	6174.685872259143
29.589041095890412	32.57052707165607	808.5649580488686	33.45834317094382	141.86677327072573	6172.752196539182
29.616438356164384	26.71450573695423	758.0615726698725	31.9053465797109	146.63287607444298	6169.484563634126
29.643835616438356	7.489006778971702	742.7069623470636	31.807073635954094	141.93601278483095	6167.644436576937
29.671232876712327	31.76818512675579	716.2414375264773	31.181168948267636	140.7734641572494	6164.828934287012
29.698630136986303	12.079499493568855	691.2368171247671	30.603372013539662	139.31616674075372	6161.62103624336
29.726027397260275	19.965167407029934	686.7274511905833	30.89087061543429	132.3810189802064	6160.121821992634
29.753424657534246	39.29936525388631	661.889328742303	30.23126577998988	131.64379498703744	6156.505095790669
29.78082191780822	27.145673702632795	630.207754935699	29.23642726908996	133.09913944244985	6151.537019860007
29.80821917808219	19.394022978491453	616.1176068660844	29.03074833775154	129.5197797562487	6148.258247259149
29.835616438356166	12.760273765637992	593.6540728223437	28.39967146328226	128.76792238019775	6143.5701119739315
29.863013698630137	79.1329853770759	589.35409369634	28.60607212773784	122.7238218782794	6141.346080936119
29.89041095890411	31.339426650065032	565.1004764715128	27.81641157042912	123.1761126826307	6135.877780411796
29.91780821917808	22.37078261932539	546.1320657092023	27.271439528904406	122.09984300361299	6130.734737357961
29.945205479452056	8.542009424653044	541.0368987852927	27.390388597487338	116.84956459724745	6127.922518356041
29.972602739726028	10.123820849492656	533.133343799752	27.339164564889334	112.83457544093771	6124.601962434082
30.0	17.02924792027947	1988.5776444138257	53.76265037755297	110.15003996325775	6120.546301981398
30.027397260273972	11.935898107683911	1939.023323622007	52.979746731970884	112.39703212123803	6128.226872530426
30.054794520547944	7.102428446904548	1902.8917383298294	52.55532626047272	111.9492077840766	6134.043889194742
30.08219178082192	15.447584026948274	1855.8128596504907	51.80752440457577	113.7955498591791	6141.094313527693
30.10958904109589	17.769457345629053	1802.795373582485	50.89195657353203	116.71622389077466	6148.689596309155
30.136986301369863	30.78536100080345	1720.6507322497673	49.15136538992369	125.37665427692315	6159.397061513967
30.164383561643834	10.846266430167134	1641.7614156464922	47.52878180341831	132.89337040317355	6169.222187183476
30.19178082191781	20.15045571271099	1566.695758721469	45.998833708894125	139.55460710370153	6178.085371869571
30.21917808219178	56.195819358356744	1475.9738466595263	44.01128200186376	149.25390295167617	6187.776633959034
30.246575342465754	43.03931481045838	1399.2995213416891	42.44007785825407	155.71529158142732	6195.372710959803
30.273972602739725	24.428571428571423	1309.2486543210457	40.45635802725851	164.91340638510053	6203.09099613947
30.301369863013697	13.895266432570105	1260.5210187691418	39.72161054439831	164.94064797043453	6207.143912117581
30.328767123287673	39.2204846796903	1212.0690475897431	38.94048235439019	165.22233728446227	6210.739484940731
30.356164383561644	41.98889693671394	1113.3588737408525	36.53306211453547	176.95636473059423	6215.854249471509
30.383561643835616	15.330532329947888	1034.4739809411035	34.75108702461685	184.06024224066059	6218.485089005437
30.410958904109588	11.59062478334992	1014.7275996714282	34.89524827672983	177.2302628275638	6219.076538461972
30.438356164383563	17.28988510853636	999.7326919781847	35.143365011918135	169.76634090942247	6219.460793871375
30.465753424657535	8.151241769374854	980.3684173117086	35.18976452475258	163.82013071782558	6219.745492291201
30.493150684931507	4.944768739327161	977.5435733566757	35.776568493829984	154.31201941231305	6219.836340998067
30.52054794520548	20.424903010736415	963.7630091090969	35.915010200866526	148.0406329250554	6219.93175243117
30.54794520547945	6.0903077315924605	944.8557434994652	35.82233993823621	143.42874814273657	6219.910375502733
30.575342465753426	19.404476241400438	912.0522393129704	35.15428950642181	142.7070617462719	6219.608098348453
30.602739726027398	5.186721654595718	901.3015168440738	35.31373058114074	136.5585356484814	6219.289586702808
30.63013698630137	27.37985181274481	887.1025894593338	35.28818399073942	131.789400332681	6218.870644419155
30.65753424657534	35.05561580381654	836.9834288953033	33.81284739674987	136.45553478656367	6217.232815214603
30.684931506849313	40.50236908388195	792.6226166802007	32.55167451382792	139.69524469397274	6214.832953508325
30.71232876712329	19.655797469045655	746.4380683162103	31.191772543643786	143.5834723486849	6211.344795360012
30.73972602739726	26.989896051983763	717.5777723998907	30.524906720955883	142.88288909247854	6208.230506262256
30.767123287671232	8.288904892358866	695.6259956267355	30.119991225275783	140.4767090277636	6205.240059487554
30.794520547945204	4.9548165674156195	697.1928198047502	30.691829292431233	131.74898170051395	6204.3063382878245
30.82191780821918	41.62906113337247	663.271364702661	29.66445642307206	133.61438786010262	6199.81415008168
30.84931506849315	24.90239818047729	624.8098031964863	28.413753023819552	136.98621966101857	6193.859390953462
30.876712328767123	26.631612072532	595.9263148204163	27.566493356843324	137.74228465216487	6188.235590715736
30.904109589041095	11.1561709068519	584.6725496163756	27.510300542493702	133.2709690389165	6184.736998226944
30.931506849315067	35.60287502540653	580.4525823303181	27.745423792025274	127.00752573118754	6182.345256682846
30.958904109589042	25.95311256949101	549.5553687377865	26.681502943218252	129.39620932602872	6175.254020759075
30.986301369863014	24.86814742799345	529.9291904329974	26.137034815076856	128.41181752758294	6169.486963824427
31.013698630136986	13.850371353095825	1948.8518154307553	51.93561756680274	130.62009094815986	6173.365829509914
31.041095890410958	4.912995929239899	1926.6573456293388	52.002392866112906	126.24014046805037	6177.594301483523
31.068493150684933	9.324074076590604	1874.2612057102492	51.22866869254291	128.0526957904278	6185.501249972036
31.095890410958905	49.248829315552534	1784.5081525158864	49.42178790014169	137.28147968673903	6197.630781187382
31.123287671232877	45.91879182873706	1684.2389839328296	47.341747579168626	148.20386552754434	6210.304032613775
31.15068493150685	65.49036827027528	1590.041256400335	45.433244297358655	157.57359966114782	6221.486680693133
31.17808219178082	50.11364712974	1502.3024776655802	43.70185906180683	165.36848100535377	6231.175643144769
31.205479452054796	54.13242201122257	1417.7060389117576	42.04912529251068	172.32855572384545	6239.700306005062
31.232876712328768	31.476190476190467	1326.4362407124138	40.17315311516863	180.68810019197323	6247.721066991445
31.26027397260274	45.53668771801575	1231.8982322836293	38.17233787714406	189.7288559269432	6254.626833117463
31.28767123287671	54.21602051288069	1126.5942930394526	35.80043813483424	201.3069716578077	6260.310395021212
31.315068493150687	45.82021867680366	1031.3378462310209	33.69252484125642	210.77720252898936	6263.4254511649015
31.34246575342466	38.331278897758615	927.7200039841812	31.248526154733383	222.6690118979609	6264.051612713507
31.36986301369863	10.793403869935082	853.383538335349	29.732942336271382	227.53773133963415	6262.1854419886895
31.397260273972602	56.777928308504535	811.1010906976551	29.222160927057406	224.6764311694368	6259.8393435641265
31.424657534246574	33.806330949485144	734.4338443685218	27.385702647976863	231.67219914141498	6254.090640745714
31.45205479452055	6.483179443807699	700.0628463495315	27.06025539845256	227.33421340578107	6249.4649344581585
31.47945205479452	8.259730783436577	672.9545722645303	26.90890527994581	221.61004001456376	6244.876011850878
31.506849315068493	50.645530030280504	642.3790377573592	26.52579919458534	217.54090752755454	6239.308385626951
31.534246575342465	41.419444525178974	598.328857897715	25.513478973475866	218.06532648768334	6230.8436420645985
31.561643835616437	46.971220135648736	549.7114420970131	24.22964566663052	220.66927074845373	6219.660251599772
31.589041095890412	22.74954012256195	503.78990317227084	22.971428859719598	223.24049823041634	6206.5636251242695
31.616438356164384	5.249030477008724	501.0382890904651	23.605720261061254	211.90372575841582	6201.713470631992
31.643835616438356	14.883609542244198	504.20585026951693	24.439780963598313	199.28066157560824	6198.5334687282575
31.671232876712327	12.33678534024317	489.0667772100074	24.330386467738357	193.45084484388968	6191.243291720811
31.698630136986303	31.077057234890663	487.2149875801006	24.823429870871973	183.58390616349254	6187.018140148624
31.726027397260275	23.969232420316903	454.42068943360994	23.69182281054265	184.94642982421448	6174.7269761471025
31.753424657534246	38.778231840765294	433.9877515486734	23.149008525219493	182.43130581875678	6164.5451392813275
31.78082191780822	27.972854091747028	408.53122943574687	22.28746271353375	182.27539736236255	6151.850511063028
31.80821917808219	42.57678204503961	387.51083628192094	21.620669585886652	180.94546076080982	6139.364415311155
31.835616438356166	39.29691129489964	363.26271865590866	20.72652400992795	181.4259609065726	6124.4138002645695
31.863013698630137	43.75830083408534	343.2238750838241	20.02512575524919	180.75583209373502	6109.690371758573
31.89041095890411	20.261026007967693	327.0155486042694	19.501879233242253	178.98271783900336	6095.485502246203
31.91780821917808	29.997680126793806	323.08626589849143	19.663001618616768	172.3073636657461	6086.672213068773
31.945205479452056	57.94186721022386	313.3690842980467	19.43984151195195	168.53895140960233	6074.890757006245
31.972602739726028	53.6040283712082	306.49199967139623	19.355248782719507	163.87401912896578	6064.324838101308
32.0	49.07193283949686	1764.0702972874517	45.76630057870541	160.55933126289986	6052.384368902794
32.02739726027397	29.71676660429083	1611.7853587966513	42.652338879058185	180.36863448637834	6071.120863786672
32.054794520547944	20.02805843686377	1476.7778960264345	40.004050124212476	196.1669418084472	6086.0929306087755
32.082191780821915	7.565987943959541	1430.0804705956189	39.71595011313552	193.1294943992092	6091.731273904664
32.10958904109589	6.440473187578554	1397.7383721948981	39.766258212092886	187.392221785758	6095.828755984056
32.136986301369866	14.666154286721254	1373.6155486292957	39.978426732047666	180.43781081915745	6099.050068228438
32.16438356164384	33.94616058976478	1311.4102525013009	39.017856318169144	182.2344291484117	6104.936318220219
32.19178082191781	6.514565721878587	1249.6449437662225	38.06461814628683	183.78892206036784	6110.112873409799
32.21917808219178	40.309210324366326	1187.9413883674235	37.0302600425093	185.7880355690151	6114.593674780273
32.24657534246575	52.51555154533191	1082.9718716608766	34.62226605862451	197.73002883664014	6119.877857379988
32.273972602739725	34.66894832115605	984.0727310021065	32.35501049929004	208.50853562206794	6122.571739513884
32.3013698630137	37.815730924636206	914.5405768999843	30.989185509841686	212.43823555763274	6122.827614679413
32.32876712328767	31.937618452456828	840.673382229878	29.420180497855632	217.78473992985175	6121.205513974307
32.35616438356164	54.78738135875204	772.8391824300477	27.97406345832258	222.12500888708016	6117.673400926603
32.38356164383562	61.92412790751929	723.2933159576363	27.105631624053256	222.05957357420232	6113.3069736694415
32.41095890410959	59.45124293384442	668.3518501341791	25.933362160717245	224.1794996440685	6106.946303595331
32.43835616438356	60.33659805999406	630.3216968340164	25.337586032860084	221.9720467136975	6100.631736586298
32.465753424657535	54.9928999587692	596.5485122569356	24.822575976611226	219.11432480935838	6093.739255141995
32.49315068493151	34.04294346856689	550.7866799493835	23.717899408671467	220.61712181354778	6083.672713901024
32.52054794520548	22.62006231450317	509.85454658047695	22.746300169289885	221.25434174049062	6072.306396297791
32.54794520547945	18.87878435932513	474.44163776011214	21.922897729305042	220.8446171802802	6060.248064761602
32.57534246575342	15.23091465477257	449.3787135181513	21.4981746207557	217.52702956462517	6049.139110346573
32.602739726027394	39.35350946000552	431.32554331771144	21.31538341067911	212.3798994239335	6039.179542186169
32.63013698630137	36.30147639709189	409.7645184532859	20.890255974043576	209.09136031379026	6027.372434297223
32.657534246575345	49.83721791701445	391.02944950906493	20.548106105915945	205.29688001702542	6015.419227274179
32.68493150684932	19.24519513074618	368.0153918781367	19.910090809826805	203.77888531054484	6000.967765422808
32.71232876712329	60.245478246801945	360.79939800234115	20.061543296228354	196.51499408829602	5991.724578713838
32.73972602739726	41.37735098148818	346.76612232830183	19.777743473163703	192.508724530118	5979.5520821789905
32.76712328767123	67.87692195687403	332.76117630752844	19.449857268767857	188.9629737420634	5966.6203727452
32.794520547945204	39.06446775325448	318.81745872539767	19.06719935492207	185.909234161158	5953.189045053181
32.821917808219176	23.381655395746286	310.55765411887296	18.988065045166238	180.79649679348884	5941.706382565064
32.84931506849315	22.53287629937345	295.4532127301317	18.442694316668238	179.1944300211169	5926.439011297538
32.87671232876713	5.638681934482527	297.84683385843283	18.953872852020435	170.0149677196506	5919.873162613559
32.9041095890411	57.98522121392222	288.62573108552874	18.690378489872987	166.5172504571812	5907.489482274994
32.93150684931507	64.88344242079842	284.3804596678463	18.716610430318394	161.06236186236902	5897.623730671343
32.95890410958904	36.46198985308652	275.7086126133078	18.420715005191997	158.02184752223667	5885.28269771977
32.986301369863014	7.079125094124089	273.3553463221855	18.526467694353077	152.25985571202264	5876.231646185221
33.013698630136986	16.629945500761394	1679.8820211245197	43.96336195614036	157.13873717564957	5877.259534565476
33.04109589041096	9.612578888782576	1610.8408085626386	42.96275012458182	160.51907758360844	5886.570821509642
33.06849315068493	44.71727890933984	1527.9181155282856	41.54526247429865	166.90302470785252	5896.834339765943
33.0958904109589	53.161433824411006	1416.067661502762	39.3501513270988	178.97538974233	5909.014537138864
33.12328767123287	18.68852851406463	1310.3576332884907	37.29830852947843	189.64348352123915	5919.175510110665
33.15068493150685	19.79088402738848	1225.190548494227	35.786749870174994	195.86675549960367	5926.382840264061
33.178082191780824	15.409770591799932	1163.2994719369221	34.91306366539745	196.96223945761403	5931.062149524385
33.205479452054796	13.529665803316615	1137.8413153828233	35.07817949319262	190.0528170326143	5933.234524084366
33.23287671232877	5.084821556769416	1124.1335898687257	35.53654626005141	181.02325659084119	5934.657202599091
33.26027397260274	6.899285798514157	1112.0575067530976	35.97525694557997	172.28272883502578	5935.907739888165
33.28767123287671	25.45347539811723	1076.8522714206401	35.614439735422	169.35055808354895	5937.9816096420645
33.31506849315068	8.306033263728251	1044.0935364243928	35.2911584303533	166.12800827909567	5939.618426089186
33.342465753424655	21.679939078447674	999.6332008370623	34.51097791319213	166.09331243108397	5941.211417519544
33.36986301369863	27.65498265877044	945.727066542822	33.36621616464599	168.52942475621256	5942.291396838397
33.397260273972606	29.19093423628963	883.7893993528625	31.899828523289937	173.13213762641917	5942.3680044200355
33.42465753424658	26.201458009502076	823.5920751631014	30.45078094581065	177.5535302076705	5941.11374772054
33.45205479452055	20.093355654259714	789.7940882926893	29.931515043950924	175.38120558537304	5939.520036423022
33.47945205479452	16.152302309114262	779.8302679716271	30.264353157719196	167.2943953899056	5938.503819214167
33.50684931506849	36.94496361336469	741.2773199661002	29.422168912730562	167.3823128307251	5935.930433224122
33.534246575342465	16.986829893138726	697.935760268015	28.35859867266102	168.99046993519514	5932.089010366962
33.56164383561644	5.734998312855791	688.5135899616024	28.621869565066316	161.5016108291884	5930.220442478552
33.58904109589041	10.632522348551282	684.0889342569268	29.035116966739064	153.17063615034093	5928.77521580079
33.61643835616438	5.724753377894011	681.9831197573457	29.506151195053327	144.66693129128933	5927.531582441814
33.64383561643836	7.44132810414782	670.7157639366834	29.538301232720034	139.23041523949868	5925.509697590399
33.67123287671233	23.28038725904447	634.9488152640225	28.454890700913477	141.13472743585885	5920.850003060264
33.6986301369863	12.460541996978481	624.5973251822867	28.481970565140802	135.84803136045065	5918.3782586090465
33.726027397260275	50.419727361996955	608.1421673810954	28.193496120154638	132.72519945772478	5915.075596873125
33.75342465753425	34.48520065995203	575.3008561075914	27.115715288764108	134.7833954194664	5909.188981812587
33.78082191780822	21.8234353545908	559.5214868893535	26.819505011082367	131.800983088333	5905.091351833081
33.80821917808219	30.702560427448034	533.7927415365717	26.00898226145332	132.26398204647717	5899.033071910427
33.83561643835616	6.735647210758698	523.4145509813443	25.923916670518924	128.04243277639173	5895.165906352822
33.863013698630134	27.952380952380945	513.1552588831728	25.80528253597044	124.16708363243961	5891.287950067621
33.89041095890411	13.76046822975437	502.73521507156767	25.657334592376007	120.57956959389402	5887.206338516906
33.917808219178085	8.162495149164245	499.85180166647257	25.865859261983818	114.82350047134805	5884.60884124748
33.945205479452056	5.055641208042881	502.9756430611651	26.35947715042108	107.44596301133552	5883.32696324735
33.97260273972603	37.89335921921909	487.9462925774643	25.877950659320355	106.38225353538598	5878.372842363437
34.0	43.29426893796647	1934.8450175176133	51.79673716786713	107.07015675741317	5871.966140138519
34.02739726027397	23.815389724471004	1823.4107447805204	49.38092832710564	121.36574463704139	5887.708740882569
34.054794520547944	5.320247351716051	1788.7630751991392	49.05857401910388	120.00743308764113	5893.318731084576
34.082191780821915	4.952175460519514	1773.7815603611732	49.24122539759456	115.00463628323058	5896.388378421618
34.10958904109589	5.280173672294071	1754.730652252579	49.279452099124605	111.13962292667837	5899.874105808216
34.136986301369866	5.792473370653732	1730.601175603237	49.14913140303098	108.53879077615439	5903.887828424342
34.16438356164384	6.237784938227258	1708.7410139167507	49.05710084398183	105.71140095996864	5907.542998873504
34.19178082191781	9.656878069113834	1664.5000413910495	48.30494200451234	107.54069412749627	5913.692716247424
34.21917808219178	50.1424083248657	1646.6822639043357	48.303025254907325	104.06012862415189	5916.7138679534155
34.24657534246575	36.07576728488978	1573.146806726769	46.65874023224307	112.00727399673924	5925.712185426542
34.273972602739725	18.046128992864098	1490.617961828987	44.76426264860889	121.45528934033696	5935.091393661904
34.3013698630137	28.305213876185363	1457.4048208317988	44.344277922867676	120.39099130238753	5939.234899154355
34.32876712328767	39.745048774547875	1377.4095799702013	42.48503053484446	129.2891581847644	5947.30933683226
34.35616438356164	31.585729723087297	1314.292495672735	41.15801543943859	134.22134586698905	5953.2801671639
34.38356164383562	25.802190813713278	1238.0517625584257	39.39957227966167	142.02666872128643	5959.523739880905
34.41095890410959	6.971965315004164	1195.400222144335	38.704479263261106	142.1880901892886	5962.9092560755225
34.43835616438356	9.873328839980347	1161.2701673302358	38.24389424875123	140.67743066999526	5965.476854131778
34.465753424657535	10.011533815664878	1144.6615081930984	38.32190266724333	135.46032487922898	5966.929911766236
34.49315068493151	18.231209316261598	1075.9751510673836	36.63423166299148	142.36831453062527	5970.454548181193
34.52054794520548	11.30132048396299	1047.9672693195405	36.303272001426684	139.83815402414493	5971.819144404248
34.54794520547945	60.494562983306245	998.6762279057161	35.20522776142923	142.5403207860948	5973.415879459636
34.57534246575342	36.785983593060884	943.2303404666824	33.86287434854491	146.84016658868288	5974.367440520235
34.602739726027394	11.202599255340994	900.6794723158253	32.96682600007691	147.97762951058766	5974.425028162994
34.63013698630137	33.723165442451744	847.4546319978897	31.62984577137082	152.12377014425059	5973.649978498004
34.657534246575345	33.08469601868629	814.0972170748416	31.01591520861002	151.21569793675692	5972.432256061134
34.68493150684932	17.482719307433094	775.1853446885025	30.150093071317528	152.03188116898912	5970.429603430193
34.71232876712329	14.386076426881466	758.403550400895	30.10192478019502	147.2309200216811	5968.971431899864
34.73972602739726	44.29856831603251	740.6422958168856	29.963825434657785	143.129645194908	5967.317122912719
34.76712328767123	45.99111012575844	707.7187989753754	29.183721794114025	143.41117267638037	5964.327293841142
34.794520547945204	32.97008629983719	668.8835996862067	28.123306760943052	145.61118260807766	5960.127599267531
34.821917808219176	18.83381586068517	649.0376088803202	27.83431923593029	142.5723261332606	5956.9761754553665
34.84931506849315	13.944704146236697	645.2159017677866	28.18885829625074	135.28116278949832	5955.338420800569
34.87671232876713	12.603151212311664	641.1341178544178	28.491000254493787	128.52733286087323	5953.718266558697
34.9041095890411	34.49680478487389	614.2304366279378	27.74385081805152	128.8113532138962	5949.430254494756
34.93150684931507	12.487287868925694	590.2773532764786	27.11041706986411	128.37259025961788	5944.907796494434
34.95890410958904	76.79926372304875	566.6092644953698	26.45654622709738	128.1282988755994	5939.932300848186
34.986301369863014	32.92766672160127	544.0499206558154	25.825954921444982	127.7849438315436	5934.592651786549
35.013698630136986	33.091886061176076	1924.1940303318459	50.504225053213005	138.17841101550965	5941.961763269665
35.04109589041096	44.82096421504833	1811.0768276972983	48.25671175338217	150.86573082743283	5957.986285798682
35.06849315068493	39.43717521824133	1662.700700194213	45.087754087246076	170.12381751239315	5977.15090281624
35.0958904109589	34.92083527415574	1514.1099613664696	41.92751971787169	188.9507986484487	5994.452643048637
35.12328767123287	25.479055887552693	1376.1670432320593	39.04915433182461	205.30720503249228	6008.512579547226
35.15068493150685	55.16244718107646	1302.5912003924088	37.95616251247952	207.71966842036892	6015.6092204355955
35.178082191780824	32.31641777758051	1189.1897677397537	35.640917128102274	219.14959642380103	6024.149748839918
35.205479452054796	24.27390063699247	1069.8053307175458	33.09425088067931	232.12384634503155	6030.472008409813
35.23287671232877	11.75407020980623	1037.11269196646	33.16233865225511	224.98644280071093	6032.026908917989
35.26027397260274	21.92003146704703	986.0430236727584	32.542857817148295	222.88616719478165	6033.514616645528
35.28767123287671	12.586712002984004	940.5782186344112	32.03595322419653	219.83072061325637	6034.12010525076
35.31506849315068	27.952380952380945	891.024544483222	31.29319689140403	218.37304129258916	6033.95544116841
35.342465753424655	50.66400852196195	828.7714516692624	30.034023631934385	220.5615597556688	6032.417631725467
35.36986301369863	36.660400992965194	764.1029809515658	28.600307133792704	223.93627839777378	6029.069091301982
35.397260273972606	19.893002562704755	696.8407877005452	26.98914326811326	228.60363268713954	6023.335679249617
35.42465753424658	5.105110495584216	689.4663152244323	27.611358637940523	217.04911424585066	6021.08911510275
35.45205479452055	5.581625230570312	693.130047047847	28.589976314414777	203.1872501588643	6019.880141786128
35.47945205479452	6.669181884784926	674.7580980859035	28.595531215347435	196.2449502280631	6016.7529188452345
35.50684931506849	48.817053566080986	664.0721761753401	28.852779833422204	187.71966223059786	6014.209235205947
35.534246575342465	35.23708029077904	626.0585458700396	27.862140651445117	187.62795233538827	6008.455787364936
35.56164383561644	13.971980774945935	599.4053626246421	27.337373991045702	184.4954838830085	6003.0379286653315
35.58904109589041	18.17119736361078	592.6786604894471	27.655343527597182	175.87158757382153	6000.008830425154
35.61643835616438	13.128288695124922	566.9443315253048	27.03411478488234	173.55059408186824	5994.04939306079
35.64383561643836	49.11030096545591	533.5181306038268	26.000360169809166	174.04258834549066	5985.954240531262
35.67123287671233	53.10646241803193	510.7302155195265	25.435878022147126	171.54816618586025	5978.820587573401
35.6986301369863	61.58238974238901	489.07870728798963	24.87845461309703	169.11506322216576	5971.275116005759
35.726027397260275	44.01933756850137	470.08070563863134	24.409748900789694	166.20552652277215	5963.712985841941
35.75342465753425	30.746296104786357	440.16130557490163	23.33123960329596	167.50193428085106	5952.599431246463
35.78082191780822	45.56211801681875	418.9494651505056	22.671347167024614	166.147550006835	5942.634465257863
35.80821917808219	50.78621342842694	397.6112464159766	21.962955830516687	165.2723847960595	5931.70446548451
35.83561643835616	26.16988755929826	375.2011568086135	21.151301720186574	165.27832631954553	5919.3823863484695
35.863013698630134	52.63414495894787	365.62106058003974	21.024123358536073	160.67475402412697	5910.853332132738
35.89041095890411	39.58692928948232	351.3569309027908	20.587577717286347	158.3349457830976	5900.250673201085
35.917808219178085	51.8004572275639	334.37773839117887	19.959290177070194	157.49054797866168	5887.7773785078225
35.945205479452056	24.183684500534568	322.1538267724186	19.57766664890597	155.05718343930673	5876.644133366952
35.97260273972603	13.077579511700424	319.61988645670675	19.756084827774572	148.7901633493555	5869.60526913725
36.0	22.935113865898103	1786.2411562380878	46.72532789478523	141.7868247868316	5863.9524213891555
36.02739726027397	16.534270271001265	1684.8524828247089	44.81311857162879	152.2738361972138	5877.646178230302
36.054794520547944	23.576140439210132	1601.4207596328731	43.35861654544775	158.97878229697815	5888.528948120165
36.082191780821915	19.62895301964553	1489.4040205711822	41.140994661580955	171.19649387914725	5901.6068621621935
36.10958904109589	5.3074435817544385	1453.8741263942568	41.01166977910094	167.27359028889867	5906.398614792561
36.136986301369866	21.875885517930634	1429.2719289735608	41.12383175113999	161.55086608676427	5909.970100801719
36.16438356164384	6.063261280840729	1395.6852562920874	40.94408439963817	158.00316543365827	5914.180979472758
36.19178082191781	51.79865138337956	1341.2487063838778	40.09648707634052	159.30688583599314	5919.892422937684
36.21917808219178	24.379198990577567	1243.1760295407341	37.92764473106286	170.05676829030517	5928.213080629224
36.24657534246575	12.061735539882376	1167.7968363341286	36.435383839420915	175.63624189294933	5933.730326476763
36.273972602739725	6.118067444926685	1145.1861198729657	36.543768698543104	169.43045803232977	5935.69651235723
36.3013698630137	58.509441799861904	1113.9668803649356	36.30554634956886	165.765737239237	5937.907139645537
36.32876712328767	23.295717409446098	1034.77619893954	34.47310562516947	173.38072376817584	5941.47253303833
36.35616438356164	38.02161792821667	981.1485103415924	33.44857281552313	175.0946535674213	5943.121007170796
36.38356164383562	18.20145203221947	906.6964909838932	31.68204119484894	182.004565306438	5943.887690349429
36.41095890410959	26.90061828870956	830.1512702765868	29.79060272781019	189.75858619385403	5942.752959434379
36.43835616438356	39.370182987797996	762.2464404171975	28.145850663005795	195.70955887078927	5939.7378422879365
36.465753424657535	8.557715382602304	718.6609160462675	27.3528484760543	195.42897077911485	5936.222091898471
36.49315068493151	9.683847527926856	692.0916875445612	27.12298668413817	190.9994952007242	5933.090314393314
36.52054794520548	4.944023168474018	693.4457952702081	27.924578136839852	179.27201236744904	5931.93758743788
36.54794520547945	11.83518155054563	665.8721417744323	27.498950320783262	176.28426219953047	5928.3205768256175
36.57534246575342	23.866125959768762	623.0556125442108	26.38702846448906	178.09859047366677	5922.40587739565
36.602739726027394	39.815150143188376	591.2100130270411	25.68588867423519	177.0850608472195	5916.59718979409
36.63013698630137	30.104894280690452	557.9720452806638	24.876670841193828	176.87680901923017	5909.580663294563
36.657534246575345	24.71168281795679	520.973188453673	23.83788680193951	178.35510207447481	5900.748668204445
36.68493150684932	21.12751547782753	496.1540498472746	23.298911730130246	176.37754344389623	5892.997747180692
36.71232876712329	24.29371404233404	489.13943507116323	23.54620113294947	168.92275008809818	5888.446046729911
36.73972602739726	5.440961283575034	485.7534749634769	23.924653598668048	160.6995278575666	5884.668473099544
36.76712328767123	27.806868820286518	476.03412477543225	23.932845316897385	155.14062255666676	5879.672355347188
36.794520547945204	37.934699366083606	454.1190852690278	23.293905035646272	154.0755177007051	5871.473036504692
36.821917808219176	65.87488898293921	436.3005560427511	22.833440211547604	151.90199841201323	5863.541862171491
36.84931506849315	54.09469139196784	422.9609831746152	22.565616853898202	148.51438250446418	5856.3915557822575
36.87671232876713	32.07559956597357	403.54866178628413	21.937092902031587	147.69024140582204	5847.020262855048
36.9041095890411	15.25494058142242	394.6276545352757	21.848753189453653	143.27943762387167	5840.327282477885
36.93150684931507	19.192298268085732	396.909223115754	22.346338007307292	135.02648347618853	5837.2763137041775
36.95890410958904	33.83680143478775	385.74402416870515	22.0569789071328	132.20072563674293	5830.014710759566
36.986301369863014	7.493070787646902	377.6178315850189	21.919567320037793	128.46585351431602	5823.482400913397
37.013698630136986	5.2996598801392585	1839.2924729559945	49.010856908992416	121.44918600564635	5824.235622175216
37.04109589041096	46.941881484427455	1740.2479295047533	46.99849855498121	132.69570354832945	5837.95903097223
37.06849315068493	18.11289419211985	1633.291485007117	44.79825407952471	145.00707191397422	5851.866165242749
37.0958904109589	6.1997312877025825	1599.9968767099713	44.60722655261922	142.1127060147148	5856.914594708423
37.12328767123287	5.089954816532877	1581.7208681151592	44.79468509118794	136.45783455541368	5860.184410531264
37.15068493150685	22.076821836865655	1566.2266560502742	45.01718564058879	130.65720628146462	5863.055123285168
37.178082191780824	11.689461370609036	1483.9765600111032	43.306033683249765	138.76015441119384	5872.651301205243
37.205479452054796	11.657889643798358	1406.9404265830087	41.73940575499988	145.58936949917836	5881.032160486392
37.23287671232877	6.553775054768975	1383.2819863288669	41.730533347694866	141.07284959649752	5884.186976236952
37.26027397260274	61.8441684330614	1341.8969534263417	41.142803262497374	140.70923981856308	5888.676645454242
37.28767123287671	50.8319507463064	1279.0248450629545	39.88189950668014	144.99561714858558	5894.487102367366
37.31506849315068	40.148743698320466	1188.883305486105	37.75316014676241	155.2580753762409	5901.35439705554
37.342465753424655	25.387606157929444	1096.0970739762429	35.531127019833235	166.0050701663685	5906.876679198256
37.36986301369863	68.38789334542793	1044.816379968049	34.61927104124124	167.21226305384812	5909.379659323798
37.397260273972606	41.23247371628474	988.9560645556089	33.5103452301494	169.7239071948826	5911.282554850342
37.42465753424658	38.4349318062045	905.9292899632657	31.44546107236626	178.9730374839039	5912.348153005523
37.45205479452055	26.164049977881426	830.3158074439411	29.5944531844382	186.64087423554255	5911.346622179953
37.47945205479452	23.254530541815605	792.9463892288935	29.047268348903316	184.77875747295812	5909.7883466590965
37.50684931506849	35.83435161419537	738.6687735485923	27.81460332057854	187.82229022149463	5906.611879706591
37.534246575342465	36.75765369107071	683.5162705810112	26.497839706613387	191.4709007727638	5901.742761892541
37.56164383561644	9.149823453596428	643.6928278419722	25.721421456215786	191.18723648944078	5896.586255542452
37.58904109589041	5.185897900344888	638.9278411089305	26.271128212919425	181.2989358334734	5894.428461602071
37.61643835616438	25.364297898226024	628.3462922423545	26.50691722042265	173.76975651748924	5891.724706299035
37.64383561643836	5.433623495803568	619.3159993336808	26.770236229442677	166.1821736687965	5889.037064080249
37.67123287671233	16.471805482962925	610.0697738499281	26.96200781075725	159.22309423077786	5886.334066058316
37.6986301369863	15.409535189196601	604.9672648178894	27.295211146238092	151.4675759247505	5884.087685699754
37.726027397260275	25.441197141211703	599.8217088277207	27.585225585205517	144.18147478693075	5881.850652922015
37.75342465753425	15.247104876912154	579.435173585789	27.133545369967607	141.88597036013877	5877.526874025564
37.78082191780822	6.77708679674176	579.8733715804448	27.622874949890424	133.5894501500661	5875.934154642637
37.80821917808219	18.00826738798676	576.2740462686654	27.87938675806036	127.02112017824331	5873.8901191027335
37.83561643835616	27.731773942539984	571.1298470618663	28.032414769716866	121.28716005887537	5871.6430921234705
37.863013698630134	5.6453775592895274	564.5068741169528	28.089400397575996	116.30454843423527	5869.15154652063
37.89041095890411	6.06338966373423	565.8230725705006	28.509869607471582	109.26386491313515	5867.913602943775
37.917808219178085	6.862017955753141	566.4414702250367	28.868860118900912	102.83597049129915	5866.665628383967
37.945205479452056	46.03183607356229	561.8740608184632	28.938330856130165	98.36861149641513	5864.721557386177
37.97260273972603	19.548393718283336	541.5730171501419	28.184207682002135	98.95693142068461	5860.181864587254
38.0	12.729165746739424	2001.2979173831134	54.77429612169882	95.51677804138363	5857.623251446577
38.02739726027397	9.534501071314466	1968.4716006228527	54.352633851431726	95.4257243410182	5863.2105290810405
38.054794520547944	18.22824545384936	1891.577656678793	52.717713542689665	103.80213327370119	5874.580090229585
38.082191780821915	49.05973188640749	1848.2298225210172	52.02699718911566	105.28630699099182	5881.330924608133
38.10958904109589	77.22015379716865	1751.8813256590545	49.85596557025109	117.02937202829573	5894.5014980877495
38.136986301369866	33.808835893974646	1665.0587333278522	47.9657571465768	126.51144451297802	5905.90847685859
38.16438356164384	9.091031565982155	1597.2496601605949	46.64542932679214	131.65774629921424	5914.653966272358
38.19178082191781	41.88423164118438	1549.839863997298	45.88987304281543	132.69526111843544	5920.842941122367
38.21917808219178	18.721172830285347	1447.0505303443138	43.5025408498579	145.02594744364393	5932.11048556548
38.24657534246575	6.745703801935676	1409.6245332424223	43.068392147803685	143.3498438520351	5936.604589364334
38.273972602739725	4.909110960632603	1402.2109867078898	43.508829768257186	135.60638657337776	5938.295590667009
38.3013698630137	27.952380952380945	1336.1954173276365	42.100009649556576	140.71744384070982	5944.787092737377
38.32876712328767	29.259915792724573	1242.2210195067335	39.80473408104903	151.777712859873	5952.561246716977
38.35616438356164	22.945127047667775	1167.007738747741	38.09120758067464	158.5984441791371	5957.9017599819435
38.38356164383562	15.706370511671059	1136.0877397307218	37.80003201204915	155.36044900172683	5960.167294260918
38.41095890410959	21.693931412818745	1104.816337433	37.44629224342537	152.57846702464778	5962.197664779613
38.43835616438356	6.395440027648916	1082.75981738546	37.372696360321065	147.89205188902662	5963.606224196615
38.465753424657535	27.027443145645947	1039.967877228634	36.527981157555125	148.4955062642833	5965.527809885718
38.49315068493151	56.646358792756104	969.7932859526073	34.70549482094301	155.64016558382855	5967.386016517177
38.52054794520548	29.80287904086118	907.1057733330439	33.119946317846434	161.08944300027065	5967.864776452972
38.54794520547945	7.751425403455829	868.8393300319416	32.4038832978381	160.49204487467406	5967.433581591617
38.57534246575342	44.79355438286913	838.4744493994327	31.919859859528923	158.3106858026146	5966.658156119272
38.602739726027394	14.411349425003312	787.2716172032068	30.61639011604239	161.6978594968935	5964.605583810351
38.63013698630137	25.446481997049514	746.3753442512133	29.659470778813066	162.70381000374658	5961.993509154001
38.657534246575345	7.898603145250929	727.3717735573016	29.541618377016576	157.96911899630285	5959.990970290316
38.68493150684932	42.607697782131744	715.2523724380164	29.643123852993202	151.84856878387708	5958.321645316331
38.71232876712329	33.53746089208385	672.6829007239786	28.45194181191371	154.47943301613105	5953.911877971367
38.73972602739726	60.12426153317073	640.6335060392173	27.666336393363423	154.40130601570587	5949.486061271616
38.76712328767123	24.430385467403433	604.581803357346	26.66343524171697	155.84253387422015	5943.770249651813
38.794520547945204	39.18232194680585	565.1931100401978	25.474616542494093	158.62646874443044	5936.4209556348715
38.821917808219176	16.384938889559407	531.2910894232417	24.496577275721073	160.04875687001615	5928.5583430608995
38.84931506849315	35.734091718166304	506.9585087970755	23.90764514221442	158.83331577707062	5921.457185425439
38.87671232876713	32.03161937186942	480.9427296578075	23.1961131602065	158.5500324564596	5913.196152355235
38.9041095890411	6.195885566099286	471.76088659280504	23.262762757571913	152.8913938403094	5908.048945729633
38.93150684931507	13.153323238370756	471.64608362853926	23.729583653803793	144.59085342273545	5905.077189839612
38.95890410958904	57.4565031839841	464.6576379095244	23.80880144712617	139.094535685686	5900.64431154085
38.986301369863014	21.895001000772552	444.0492074964818	23.160267415525798	138.6171011359611	5892.6108210303155
39.013698630136986	43.8241870615701	1845.206766375707	48.435270583565426	144.50550655544131	5896.593271316567
39.04109589041096	39.068445033833434	1717.6968405315884	45.84307480992185	159.8224139917419	5913.849838690069
39.06849315068493	31.476190476190467	1587.9219317113234	43.21054323011054	175.06576010288018	5930.075218607009
39.0958904109589	51.593059824881415	1482.441044217381	41.21895105824668	185.0869487531654	5942.359427982498
39.12328767123287	63.593727272114265	1376.099814756876	39.18718170585693	195.0904961807671	5953.439783136711
39.15068493150685	42.99868916645605	1270.2210234424833	37.1150698095377	205.09802474080874	5962.956954351165
39.178082191780824	9.480964330133618	1174.264954340743	35.31280022096996	212.78193267880167	5970.0991219036005
39.205479452054796	10.790343047760043	1093.2494920820232	33.882365492903915	217.37783462765168	5974.869387354441
39.23287671232877	14.469570785104752	1077.8946114071737	34.40767402319862	207.1191823845554	5976.150946092804
39.26027397260274	33.00309573831789	1007.7895421415055	33.09408622997755	210.39103582981508	5978.840099402108
39.28767123287671	6.797745939035369	955.0082208283014	32.31525615019841	209.6031080079284	5979.961307742756
39.31506849315068	47.724244805124506	931.8882878383229	32.43488703748498	202.2041895940343	5980.25874853524
39.342465753424655	62.39012133046663	858.9909354328638	30.76881081003173	207.5694439821711	5979.709870778047
39.36986301369863	50.06324854730251	805.7095247820799	29.72883026211875	208.3658527825957	5977.905306131224
39.397260273972606	33.64233240626204	733.8012191030341	27.925215386033607	214.60503446245494	5973.652970637348
39.42465753424658	21.550910266492412	665.7567305407483	26.194431975276377	220.40100183207764	5966.983611833416
39.45205479452055	30.17890340392085	632.2163394749488	25.717574621954036	217.03209621397048	5961.707484783135
39.47945205479452	39.50971012804167	586.6406520704893	24.67806498677615	217.77212589981758	5953.721370781492
39.50684931506849	11.339937937917982	552.0140715849942	24.027168448084414	215.74002880818205	5945.640931791763
39.534246575342465	5.798030827867176	554.3279085202669	24.894214890400526	202.79119664772605	5943.09496756453
39.56164383561644	6.864522813443442	554.4987886595883	25.596902281975208	191.24234675349226	5940.410828825457
39.58904109589041	5.911238897386097	553.3337832114959	26.18167909041311	180.74567717407848	5937.6427470843255
39.61643835616438	34.08361125619888	544.5168265667493	26.345092499050722	173.25916322900622	5933.735562693126
39.64383561643836	9.254216395420714	524.1834561278636	25.91439345887956	169.81207980644984	5927.535399266409
39.67123287671233	17.667514067048394	519.9955049868197	26.227127893608234	161.64614986044157	5924.137992483286
39.6986301369863	50.74019295608705	499.7128357432346	25.687101616880145	159.14538814227322	5917.501032070616
39.726027397260275	15.425325736555056	474.39781653696014	24.85152658080582	158.6777766662907	5909.097387059174
39.75342465753425	20.55033467663167	466.1665890049194	24.866252871435268	152.81207284507855	5904.132918888821
39.78082191780822	15.543727405297968	443.86107621068487	24.100371676339527	152.13632547057475	5895.365261615372
39.80821917808219	5.031022273437525	446.5846071208742	24.656816672069503	143.02993390042818	5892.788585781009
39.83561643835616	4.918206943849681	452.66500735808376	25.3643181236092	133.25548984669388	5891.339106391854
39.863013698630134	32.47028212972955	439.7128794788559	24.97208120129923	130.60217947565818	5885.201481629609
39.89041095890411	30.851634914390846	418.3924290572724	24.08572050458405	131.17065430842254	5876.244457130323
39.917808219178085	53.18604458083105	401.2900193883456	23.419204380474362	130.48214848542003	5867.760347376605
39.945205479452056	60.62141585078133	385.92850187438427	22.82965354730587	129.4332645956585	5859.252062417145
39.97260273972603	50.54206390131569	376.7457561085721	22.581900017633306	126.29647126063138	5852.430601633218
40.0	28.168436187679973	1828.0830481032485	48.60977631714176	125.82760372683765	5843.107215138113
40.02739726027397	47.05222774364003	1733.210467501889	46.743147852448665	135.93360270532818	5856.247705886538
40.054794520547944	43.68352833064829	1643.9596658709038	45.02991825072208	144.60880666511392	5868.061488918604
40.082191780821915	52.4196564694175	1535.8300948610154	42.80905759523738	156.77579980445418	5881.160685414716
40.10958904109589	32.339396502939046	1433.422635724263	40.730485525337464	167.59018488649423	5892.53937619047
40.136986301369866	42.36880857865463	1315.884511404959	38.216926681576474	181.38296193238577	5903.8635649865355
40.16438356164384	9.503923544816868	1226.7242208841044	36.520725923864404	188.7475989949596	5911.3943330831335
40.19178082191781	44.99333198193287	1188.645174379158	36.26315772699507	185.11568108377094	5914.760557184417
40.21917808219178	24.925462462339613	1082.7632402797547	33.90636226816307	196.96528871858305	5920.906112806466
40.24657534246575	5.401501856539991	1054.1923012123425	33.92526803511013	190.96554248616172	5922.568125537868
40.273972602739725	20.180165636690496	995.9322675437572	32.917389227977466	192.44326826932897	5924.67464915183
40.3013698630137	31.796723958573292	940.6490027244026	31.93244571239297	193.61471892869798	5925.802452537971
40.32876712328767	8.477233340004684	888.5742784762333	31.0219763839251	194.14320438177128	5925.878445782215
40.35616438356164	10.054757220075269	867.4275853224078	31.114397235512342	187.37701143137514	5925.52879678615
40.38356164383562	96.40445750784298	838.8912583837152	30.867695953869294	183.052585485536	5924.823804917933
40.41095890410959	39.72766703702013	783.9128789014107	29.596577479164967	185.91857292793642	5922.722753899747
40.43835616438356	42.02134537213792	736.7744167097227	28.56878653766113	187.03901483058556	5919.654484125984
40.465753424657535	40.164535700120865	694.771425323114	27.674132064507898	187.1995857178643	5915.786387395501
40.49315068493151	18.62894595010078	641.0775612833618	26.262240578127553	191.03984734259205	5909.533721298632
40.52054794520548	73.13310807571054	607.9096371106567	25.623645647009365	189.41479144021423	5903.950823655816
40.54794520547945	34.68549501932002	571.9468212634858	24.792816556692234	189.16729610552008	5897.046452986975
40.57534246575342	52.79931416557656	540.1218084064076	24.09176933476511	188.0598601765273	5889.512875164376
40.602739726027394	55.00205599229017	513.9859831177798	23.575773611212604	185.67385556806533	5882.004566806991
40.63013698630137	19.56994007469651	482.28760504007636	22.743152441087073	185.60938394742843	5872.387237575906
40.657534246575345	10.215537858133263	479.194410139804	23.202527312493203	176.43061023390635	5868.305552065911
40.68493150684932	13.51580469614913	474.73936458736364	23.538964814827775	168.25915691596975	5864.076716792744
40.71232876712329	4.905009841062451	478.4490690569286	24.23916669471946	157.8068959674291	5861.784501745961
40.73972602739726	5.536843877670001	480.28306417710667	24.80125339817588	148.54326586574422	5859.310294353186
40.76712328767123	9.05140234495897	481.26331088320956	25.279902110235913	140.07729692547295	5856.852836123983
40.794520547945204	38.96698847234086	457.3181036375155	24.417877815336816	140.40922794705384	5848.662306456449
40.821917808219176	22.89916800573849	433.6682653616822	23.54336407961052	140.95513825115185	5839.627193021864
40.84931506849315	41.54234541925408	427.29609569246225	23.573486174923076	135.69305236687214	5834.72737544288
40.87671232876713	25.852914538985395	406.0683792496612	22.757182278011452	136.09683423885016	5825.316168082741
40.9041095890411	44.4466860260257	392.9358146367075	22.36571406292313	133.82274678040358	5817.706075917321
40.93150684931507	27.895208193065823	374.89677451271314	21.668847026052056	133.70102313436502	5807.9679149523845
40.95890410958904	16.758127395346012	364.1433094863561	21.368202593262883	131.04524578093017	5800.169417189004
40.986301369863014	7.909208774658732	362.29337688309397	21.564382573150407	125.17268228742	5795.509748254538
41.013698630136986	12.17427380149821	1792.473077404224	47.691421543666124	125.24908600254783	5798.384720600772
41.04109589041096	36.91822592299308	1728.9611198654295	46.62769435930644	129.48446698094037	5807.552546701598
41.06849315068493	36.09418948903579	1640.2344429731493	44.90470008849509	138.37974653975866	5819.3291420895275
41.0958904109589	51.6870429063216	1544.4699966561182	42.99135745569612	148.41623702842674	5831.171035236803
41.12328767123287	36.8153792055708	1445.9707586525071	40.99134190303564	158.8265569710471	5842.356654476735
41.15068493150685	7.158404982576444	1374.9690422457375	39.77595774732915	163.09182568742716	5850.066506678686
41.178082191780824	14.471179564811749	1338.9943780191165	39.51905290452786	160.10442190217807	5854.261213408456
41.205479452054796	5.448767330522628	1315.5966496593633	39.59327020370594	154.68003088061667	5857.222251933124
41.23287671232877	46.08869297602152	1221.75305976153	37.50720074821905	164.8813668614807	5865.052139863423
41.26027397260274	45.97369683779525	1153.8075604511764	36.193455641090985	169.2537205487286	5870.021842889944
41.28767123287671	23.08245298487574	1063.3806290771583	34.14277292231499	178.8198400854622	5874.962582337695
41.31506849315068	56.14331275321533	1019.1105404361816	33.53060871399966	177.73194028192754	5876.951407194478
41.342465753424655	49.80574522035578	960.7165159961405	32.4061669320522	180.2571946586058	5878.584926904608
41.36986301369863	34.25965877161749	892.8321577915884	30.905453151883364	185.39233437799214	5879.161431186657
41.397260273972606	38.29319906957988	821.5299333949894	29.236893848184618	191.66951416191395	5878.04135710075
41.42465753424658	28.132398779152666	744.3154433836945	27.298740713049366	199.91679663544977	5874.515280410035
41.45205479452055	8.979745321460495	714.3864884854627	27.03061637137718	195.8326322293974	5871.7258307613365
41.47945205479452	12.786670564916273	695.770633477591	27.110045286589703	189.1931750429382	5869.297280859687
41.50684931506849	9.546114933430237	677.0158823316423	27.122485869533907	183.08339460779496	5866.586853146272
41.534246575342465	96.33993853677383	659.874426779937	27.13204523744344	177.04746894543067	5863.797669293959
41.56164383561644	24.815698913194	612.6120374350578	25.852141880858067	180.07731312052067	5857.36769311664
41.58904109589041	39.75322251765808	576.5579941546897	24.990598853385283	180.22463184285428	5850.806588297992
41.61643835616438	34.59294868839471	539.2898862894936	24.017167660626132	181.22084049748327	5842.813486924822
41.64383561643836	57.73277081539134	501.0326342151677	22.94435498199087	183.03066287700972	5833.090651346463
41.67123287671233	36.13429320398364	469.40137040925873	22.10468938067095	183.2659152468509	5823.187133935503
41.6986301369863	63.24936824276235	444.376214684772	21.521718902210942	181.74739739787532	5813.502802043579
41.726027397260275	43.89012254654744	424.138028064486	21.10825665159762	179.06321178330532	5804.163397379654
41.75342465753425	35.00658560414557	399.53531513028327	20.42542983846009	178.43313811475045	5792.610839456035
41.78082191780822	28.95084136384398	374.8878667701468	19.68478313297591	178.3664258750865	5779.7356045711285
41.80821917808219	17.767485115983998	365.1225033067085	19.67755103491198	173.02251374879836	5771.014638558012
41.83561643835616	54.7588316501598	361.31812058780895	19.936269567394085	165.7922850541443	5764.487381625026
41.863013698630134	30.309302610834028	346.15716711751026	19.525869426642785	163.46753278404847	5753.597417149804
41.89041095890411	18.028605833724054	336.43540242700107	19.385655742580262	159.3155542838516	5744.260543743278
41.917808219178085	11.93966834208083	330.6506508019422	19.43396360398269	153.90536132021995	5736.387892693292
41.945205479452056	6.523599389568304	328.18578207199147	19.64692112242231	147.4419273346609	5729.905991448882
41.97260273972603	60.75434826166233	323.40848430383767	19.68757150348025	142.29677665132564	5722.61778930653
42.0	40.45643755328199	1781.7329095212701	46.14872994952696	138.97129960815226	5713.743642292243
42.02739726027397	9.9666064107182	1679.8780631647296	44.2488020199199	149.51902027307565	5727.8154047072285
42.054794520547944	29.254560413504453	1583.199642634866	42.452874131804336	158.9893522920027	5740.456959972393
42.082191780821915	41.40714543088267	1479.838290408418	40.48965060557297	169.41701226478438	5752.903327248758
42.10958904109589	37.11050226474797	1351.0090922359043	37.821201677793724	184.9434297683705	5766.437087568503
42.136986301369866	12.670153279224794	1245.6416516547968	35.795099113773794	195.23064789729395	5776.1105813367385
42.16438356164384	42.68981081339775	1144.654726256455	33.82805728823084	204.77726596389869	5783.750832319449
42.19178082191781	22.13083055515299	1035.7574685581847	31.584677544576785	216.23279387542945	5789.665151184864
42.21917808219178	28.83383704689846	959.3533529719308	30.24940485648013	220.43879637770794	5792.290722845135
42.24657534246575	5.762574784565995	924.2246796234667	30.159421773016007	214.919386619705	5793.008785657599
42.273972602739725	43.42243958836159	895.5263248066453	30.16243543187963	208.58094789081673	5793.316535184266
42.3013698630137	34.673287880123674	819.1696483059939	28.497687252934224	214.55965993691737	5792.4862574379995
42.32876712328767	22.753197796026853	751.8550209648018	27.074508084077085	218.67654085599463	5789.682106444325
42.35616438356164	42.919632245561154	677.9035189788289	25.318032811725104	225.2574989808789	5784.104730979971
42.38356164383562	30.625742155910167	610.430668332219	23.702164095351076	230.85889868079252	5775.968297063604
42.41095890410959	46.151506737937225	559.0720021211672	22.6122132543945	232.54263834298408	5766.815873702968
42.43835616438356	91.89577194660474	518.0972299530491	21.83680016033175	231.8299222005899	5757.032049874728
42.465753424657535	25.50587734588753	485.7840918392693	21.31393606636943	229.1399806752238	5747.187015652312
42.49315068493151	16.646936719773553	458.1700832498455	20.899665272879723	225.60653257167368	5737.005634739177
42.52054794520548	52.819488842853836	437.55696321295295	20.708638591799716	220.36415572665467	5727.509451170313
42.54794520547945	62.78431373986065	417.79055176850886	20.478566090037237	215.44042124760458	5717.414792423024
42.57534246575342	38.189993526351735	393.6281414795787	19.94788851304657	212.76031796336528	5705.1940379261905
42.602739726027394	81.80425383076168	370.53891542826966	19.403998247129678	210.31840105440307	5691.9017512747405
42.63013698630137	51.231482167804984	355.9711243794368	19.22628348681784	205.23527569056967	5680.6211094819055
42.657534246575345	26.119665713344308	343.5446043711856	19.100066733513913	199.8455835755984	5669.584024272968
42.68493150684932	34.860258356169574	330.1850227273037	18.861398199352273	195.3539042313489	5657.699353970574
42.71232876712329	43.16620030628897	320.9161605988343	18.802180415880127	189.6650724693858	5647.034347084898
42.73972602739726	55.30725144054719	309.36070713323977	18.563468355680353	185.38961225071327	5634.936666006778
42.76712328767123	62.33468148988484	299.15513906210356	18.355525018891424	181.00067532924623	5623.057637152318
42.794520547945204	31.47619047619048	292.28677400007695	18.310393632729372	175.5657598727407	5612.463196400586
42.821917808219176	40.32924031912909	283.27219942905333	18.091946476029968	171.48359611083484	5600.603409077966
42.84931506849315	13.412151835979365	276.1646728237052	17.962776979386994	166.9096421811698	5589.348926719756
42.87671232876713	5.6839674165012966	281.57190260746273	18.61387242549969	156.95333144900053	5584.941641190102
42.9041095890411	34.471894636068015	277.6943595557124	18.62332209357692	151.59246940622054	5576.169294648689
42.93150684931507	21.426586812505143	268.3292245150562	18.240925470203365	149.06908748507925	5564.335607226319
42.95890410958904	20.601391694876348	263.65252933199935	18.152281034550057	144.66748277814415	5554.878932920503
42.986301369863014	52.72127145176534	263.11158361260004	18.32782830767076	138.58582599981068	5547.854178617049
43.013698630136986	54.969499662243805	1688.7755804024357	44.29707440559613	139.5534965091932	5549.11684673918
43.04109589041096	46.682758871628415	1590.5638203497808	42.444052143060155	149.60349625096865	5562.377920990373
43.06849315068493	39.77204560584771	1495.0411917727763	40.6573310306571	158.84286224932538	5574.494642105009
43.0958904109589	27.243696663886645	1388.8598846112955	38.57568060126884	170.0219792174684	5586.705721609385
43.12328767123287	6.556593401250475	1344.2582603314552	38.18333725576909	168.0972400437459	5592.191006079901
43.15068493150685	11.382545029640596	1311.5036108110749	38.061527165596445	164.08033381644265	5596.326833350337
43.178082191780824	6.150822382153153	1299.6508486903438	38.50315239382209	155.92833060685132	5598.497645444944
43.205479452054796	42.6000311445241	1229.3455759377205	37.16270211177128	160.78937873612165	5605.205150312538
43.23287671232877	24.70725081780249	1148.461349082367	35.48797454799777	167.87174784042764	5611.757386759415
43.26027397260274	27.04340155144086	1077.5800192463857	34.0785675971073	172.83303553015824	5616.588536272886
43.28767123287671	27.599669981965874	1030.9503671430418	33.39780171279546	172.34560338299198	5619.377389465938
43.31506849315068	63.679243171710276	967.3859687966893	32.12257818614136	176.03193415167596	5622.055034667696
43.342465753424655	59.782549195373136	914.4057051043895	31.146772601144637	177.43453706923003	5623.462525085227
43.36986301369863	58.121128040770934	861.9950881607356	30.13764674964696	178.97308539923858	5623.939356591566
43.397260273972606	49.87323783285876	802.727068389292	28.830689543545844	182.55755955538882	5623.267755422267
43.42465753424658	14.572157841669748	747.5202805983129	27.619025008341122	185.39669615143518	5621.261325963842
43.45205479452055	42.55163134814246	715.4631852706199	27.191052412074683	182.5520686445584	5619.136533667975
43.47945205479452	37.306540822137556	657.8038962135525	25.73168627556373	187.06350877902554	5614.477513729829
43.50684931506849	51.62223799665334	627.0613451627917	25.260193855510952	184.48962328897602	5610.510568030609
43.534246575342465	28.98442411449113	581.897709767598	24.14166076651804	186.5485763859083	5604.085367151002
43.56164383561644	65.49023471492292	551.9298698470706	23.592644634332476	184.55401461215865	5598.165329191605
43.58904109589041	53.38585280227538	528.4792566101183	23.256260820564346	181.0526626749168	5592.405789587677
43.61643835616438	31.476190476190467	506.99178263129335	22.946852580241156	177.39393739495384	5586.351787749743
43.64383561643836	17.274931574996792	492.76143236996063	22.911850359827714	171.8541414090146	5581.105630101726
43.67123287671233	11.151791084137361	480.9356019204985	22.92893742496264	166.02325350202534	5576.130663416015
43.6986301369863	25.166041379243374	481.77346784448287	23.50037744686508	156.5261498812192	5573.625985309031
43.726027397260275	23.351446285991344	472.4741839978988	23.536770885239942	150.81040417168393	5569.171211606341
43.75342465753425	10.781792995430987	468.32671020182414	23.79057844576951	143.79266115874512	5565.73372948109
43.78082191780822	13.438910528946076	469.6968449722632	24.285061342890238	135.40325284280036	5563.5704819057255
43.80821917808219	20.30248552839236	461.2019799771735	24.23450466700098	130.7134004803384	5559.455985261357
43.83561643835616	28.387104997207825	440.00231499465235	23.491701780300602	130.55982442688116	5552.232653119014
43.863013698630134	5.733246978228585	436.5199764954732	23.66887767449667	124.60909649450986	5548.796495695041
43.89041095890411	4.922326878330342	441.80913805812884	24.289913465946288	116.06044962795582	5547.621412286238
43.917808219178085	7.7033547610083355	442.2748446977359	24.619210969663012	109.59246470166505	5545.503720892977
43.945205479452056	10.601617381844312	429.95770486697654	24.21879180978232	107.76920594383778	5540.343812862168
43.97260273972603	7.2591955179173775	429.25802211098926	24.452254094872647	102.16738305445939	5537.9540839257625
44.0	8.180721201913101	1894.3364793108276	51.27989316043114	97.19647648131729	5535.472955569857
44.02739726027397	6.058170122761761	1880.9090204360946	51.40030072067833	93.28111282101537	5538.429466854502
44.054794520547944	12.895013302405983	1856.8691832013465	51.20354855722674	91.71084011233239	5542.763941695643
44.082191780821915	4.977899577017843	1843.1523666260596	51.279970371840136	88.21909272403073	5545.648444754127
44.10958904109589	39.024290330087055	1816.979249440095	50.98124598674654	87.45668616611142	5550.129906663574
44.136986301369866	31.638384559504157	1734.7937986826487	49.124819436053535	97.46820953989166	5561.824273828306
44.16438356164384	6.966730324986679	1691.9338099762113	48.40295633440294	99.26205298972357	5568.250069878201
44.19178082191781	32.78177623054116	1619.4544417793927	46.821744905833064	106.97242142531157	5578.056223092759
44.21917808219178	35.64921495109866	1544.5713296377812	45.18497602227246	114.82783247186505	5587.709191354158
44.24657534246575	19.34405348524612	1457.2579134365246	43.203815514721384	124.82960245453673	5598.146585326708
44.273972602739725	33.47193081488241	1416.1821780059595	42.586713144359955	125.04190386306034	5603.332862922934
44.3013698630137	6.41841226902337	1370.3384580761438	41.815714479829765	126.22824709658073	5608.737978454361
44.32876712328767	39.111497637567574	1297.643723227015	40.19405453327598	133.25299968234486	5616.153082470747
44.35616438356164	35.443803515626485	1207.8871996198684	38.04668153641936	143.73278182025385	5624.069220631778
44.38356164383562	48.864517654100744	1138.9017080334975	36.54629314358996	149.46409734499898	5629.447069173491
44.41095890410959	43.2684678545928	1074.772830305828	35.1735036432382	154.14509230429465	5633.6693128550805
44.43835616438356	70.62282744354759	1015.226493962337	33.9175489260626	157.8690473819633	5636.814793490491
44.465753424657535	36.64128515219696	955.2763151991218	32.61083447897472	161.8339305107616	5639.0686568776655
44.49315068493151	12.35384525620934	905.867102388959	31.634510224229647	163.36163827197694	5640.1709722053365
44.52054794520548	5.810920879496432	894.5745501368642	31.940769928324816	155.88110302412343	5640.396237314319
44.54794520547945	6.806924461004092	884.7464606859157	32.2450077284758	148.56940184054056	5640.544105654867
44.57534246575342	34.56449184019782	852.4468331492694	31.675933619484255	147.29945768011265	5640.611007631594
44.602739726027394	36.686257847036266	798.4344398597128	30.274940565869628	151.63519013353527	5639.815426626958
44.63013698630137	21.39999140989437	748.4642898016012	28.999711079820628	155.0763522734025	5637.939372929148
44.657534246575345	24.861244442329237	720.3164601559323	28.51907842542198	153.06708955638496	5636.1208452668625
44.68493150684932	32.369624648340256	674.198869295692	27.28880931908134	156.19088405124614	5632.583529477451
44.71232876712329	31.670760084963657	633.8303903658999	26.25504057888873	157.98035852762013	5628.263937664644
44.73972602739726	19.982947186682626	598.3839249619035	25.383495007061345	158.67252986978264	5623.332690856275
44.76712328767123	5.6641565384433195	591.9534478231567	25.694112797080106	151.23855323677128	5621.091186864145
44.794520547945204	8.617342701353763	594.6891950644771	26.35164091460485	141.64458737738065	5619.980597517341
44.821917808219176	19.428676287185375	586.8891395622435	26.499729066433492	135.6625571637593	5617.729707129893
44.84931506849315	18.33361760412827	581.2314658171522	26.711860720356352	129.40651947869452	5615.691898024033
44.87671232876713	39.73921127983281	554.8621184976952	25.93769330937426	129.67851070687638	5610.863871188257
44.9041095890411	42.47440989311249	530.137882608848	25.212495212548706	129.68892700858993	5605.6147974694395
44.93150684931507	28.03290076380172	512.4038364933194	24.78953323738961	127.78055187389843	5600.949650836166
44.95890410958904	10.00157342765485	494.9641178966801	24.355756807144974	126.00951689469638	5595.929652453788
44.986301369863014	59.61486190738407	483.3878451484324	24.175409484855262	122.66192667560557	5591.753646486651
45.013698630136986	34.265979134749614	1903.924036923762	49.976551288330235	124.88836188738475	5595.488049192651
45.04109589041096	13.869246537494263	1829.152304010808	48.669738490512906	130.72347516075692	5607.0452979057745
45.06849315068493	4.913446478880282	1808.9810261915318	48.79102369202349	125.90074205983915	5611.13811104029
45.0958904109589	13.720449162674653	1769.0192569555554	48.34151269100623	125.30064600477257	5617.688923118716
45.12328767123287	15.939286372860606	1733.3056123109038	47.98658961991314	123.96707239569226	5623.553463783215
45.15068493150685	34.18146774657516	1694.1217372513804	47.514291098848695	123.43901421661059	5629.709445757286
45.178082191780824	8.366323996239919	1624.0476132712438	46.176917341302826	128.9546418634329	5639.386479475743
45.205479452054796	46.4891509873468	1551.0948965050761	44.74061823158661	134.9916704440464	5648.941522125517
45.23287671232877	40.97042009065008	1469.9912060841841	43.0648998051583	142.50484768669946	5658.822306133603
45.26027397260274	51.51605472529569	1393.4315662155936	41.51600724256941	148.87285118568056	5667.557806815508
45.28767123287671	24.982464802208305	1297.6570499099594	39.37796322190041	159.2172804932375	5677.175705636356
45.31506849315068	10.266428867970664	1261.0466398424055	39.02291755274182	156.62775443391786	5681.155345534878
45.342465753424655	10.17252683565721	1195.5545339652208	37.73522207202105	160.5596908510783	5686.876747368911
45.36986301369863	40.41100848070984	1111.358777510883	35.82248726916899	168.74409888541987	5692.852775555859
45.397260273972606	39.7187962599865	1030.2005932267916	33.97693646049149	176.28117410566762	5697.270822455991
45.42465753424658	16.3936669775035	955.4936574469007	32.310701158992785	182.3965322373837	5699.95378408032
45.45205479452055	6.871788193830765	941.9960538264936	32.65311050153047	174.1423238228813	5700.496740492118
45.47945205479452	7.057082567746834	928.9242580218181	32.946019334213524	166.37683830291155	5700.937382826568
45.50684931506849	6.067302595159076	923.6320241224349	33.460949198811726	157.26238220712128	5701.193719878445
45.534246575342465	9.422632599358481	902.2961852407269	33.34295279539959	152.58851849810574	5701.5483998195705
45.56164383561644	5.2178129117640175	898.9401784111483	33.84659675914329	143.90211463959977	5701.651507201545
45.58904109589041	21.271276053284804	875.8775915512214	33.56568170914329	140.53439667132537	5701.7630706404725
45.61643835616438	16.691095239127204	833.0293247753499	32.49215314967905	142.36044450872038	5701.430779781724
45.64383561643836	35.949906553589756	803.6645935796757	31.904455523442277	141.01427175911613	5700.728728599364
45.67123287671233	38.87684822077265	758.5497783385017	30.668095970156585	143.89235301279234	5699.012112893455
45.6986301369863	23.60707471059744	714.6366543585721	29.446185026178775	146.67840146713522	5696.388064896868
45.726027397260275	5.304999221821259	706.0984932423002	29.65101110191295	140.09343311381647	5695.163572004628
45.75342465753425	91.6524221939687	688.7661686160129	29.43987753868597	136.36375089384217	5693.32294142264
45.78082191780822	53.441310963730935	656.1019274084933	28.540442696328363	137.15666043420615	5690.019166344756
45.80821917808219	36.32879049948964	621.5688734405736	27.528954187601297	138.71451661137698	5685.79359073461
45.83561643835616	31.1294664599431	596.6053104903601	26.914278966191002	137.70549902375504	5681.807868802637
45.863013698630134	40.97222888782504	573.0740419934124	26.327045639863016	136.57538834715686	5677.490687111798
45.89041095890411	9.391987099075315	551.4231941540327	25.799830452523082	135.10091981150643	5672.890173419714
45.917808219178085	4.929346457225586	554.5433737743796	26.391450900923953	126.4184599971149	5671.724289769282
45.945205479452056	12.00594103311392	553.3121009143819	26.73932072053338	119.55799901294672	5670.056018987705
45.97260273972603	9.101161413259232	552.2585614837208	27.068303767488985	113.01805431560372	5668.469724166255
46.0	6.218301634927659	2020.627334822687	54.17065190681324	106.02876546086253	5667.367615649039
46.02739726027397	41.91476666480571	1975.1595131498495	53.47861919303153	107.64216525479466	5675.041956717939
46.054794520547944	26.815018630267275	1853.7022730682763	50.75703415815618	123.54112175574812	5692.9059219715855
46.082191780821915	6.084030467742458	1807.8258746799397	50.1285007707023	124.08079545337993	5700.277206640658
46.10958904109589	7.107383857421167	1767.467130421389	49.625491110583546	123.6749444043357	5706.763435129983
46.136986301369866	5.750678098233758	1745.7027054338284	49.619498879826224	119.73740554763909	5710.782125027639
46.16438356164384	21.414832690888232	1726.0356351534524	49.63712820919617	115.72553638286581	5714.444812758606
46.19178082191781	5.492998753321307	1697.1457319431368	49.37457068258309	113.68643388188387	5719.153537548161
46.21917808219178	6.050594184189748	1672.519044882852	49.20702655644731	111.03076118467668	5723.2399196535225
46.24657534246575	18.236446944974936	1620.1508520179543	48.19803265594099	114.1624804206019	5730.444780373797
46.273972602739725	41.22277475236633	1581.236090965552	47.58445087719218	114.45933846219872	5735.910574656251
46.3013698630137	47.159301623084346	1481.1731705799123	45.13554071402226	127.131376086733	5747.621974571426
46.32876712328767	49.77129700118931	1406.3827302969733	43.46869857436112	134.15516007399512	5755.964972787001
46.35616438356164	33.35494782491369	1320.6371595719365	41.4590904504445	143.320130447293	5764.543804909798
46.38356164383562	15.549251314916907	1233.7586569553473	39.41137185908853	152.51920101518883	5772.180894180246
46.41095890410959	33.54430776167181	1142.1026360992719	37.183419603669044	162.79718789446514	5778.869709861612
46.43835616438356	51.859037048155855	1066.9742488385355	35.47844812790899	169.23845285144063	5783.2668487898
46.465753424657535	31.834368886916266	989.4562814545848	33.6532668891473	176.38806014606075	5786.436213904753
46.49315068493151	6.1654105599610425	953.2243481967022	33.20439752517811	173.73700716664823	5787.507737263209
46.52054794520548	20.80436983041786	908.8538204367596	32.39754425006513	173.5561623058481	5788.20603233723
46.54794520547945	22.963135808368804	877.4059087218415	32.010248310317294	170.4211141470572	5788.259743379596
46.57534246575342	5.452819376176229	859.368725703534	32.06775119552761	164.25795641363754	5788.046968811282
46.602739726027394	11.58167964162743	844.3426029931481	32.17308388643113	157.89046488997374	5787.740877362793
46.63013698630137	40.76022987829521	797.3422118376965	31.018530590733423	160.02281124361994	5786.507827162764
46.657534246575345	40.3231814872196	758.2870348017441	30.13045548114335	160.3482225121595	5784.652560519163
46.68493150684932	30.949505775948232	704.36500342967	28.613597712301836	164.91237474834588	5781.049883041331
46.71232876712329	33.82398818787512	665.062394356444	27.64104165770552	165.80733907163574	5777.13381737723
46.73972602739726	22.120563018057453	618.9394863137885	26.344464596005196	168.9544065208909	5771.4005489832725
46.76712328767123	51.36247223807706	597.8006172151697	26.05500820342129	165.22005455080156	5767.394554528442
46.794520547945204	16.60714568641119	562.988017068616	25.127721170259893	165.91459576376036	5760.978139861903
46.821917808219176	6.504662608475346	560.3539162764488	25.5879025429622	157.177032165887	5758.594465859917
46.84931506849315	11.681019849890784	563.2440444986823	26.251437409996168	147.30348369924644	5757.139057598463
46.87671232876713	55.14084321368157	544.2010370976705	25.85062686311641	144.63915856628537	5752.461393365298
46.9041095890411	32.55626417217304	518.6280998253726	25.102566796872708	144.34207018382855	5746.226999688575
46.93150684931507	11.186748948286462	504.02762849323034	24.85650160714091	140.80406806959184	5741.348178457608
46.95890410958904	64.13292635193017	492.63900114288117	24.729139435360878	136.58912308805452	5736.892225738013
46.986301369863014	58.17685520299369	477.9135296200581	24.40271123579523	133.78171022933245	5731.545028350798
47.013698630136986	40.78086021469823	1881.9940668052398	49.75976378177569	138.86395262416158	5736.576827460505
47.04109589041096	27.952380952380945	1765.8791078219024	47.41888825357811	151.95255845126306	5753.18061180804
47.06849315068493	24.259935043536423	1633.0993411945822	44.63369927015647	167.99422339408378	5770.744933964925
47.0958904109589	50.62174807607887	1507.7865342789887	42.05909040583526	182.08716083707856	5786.017952992011
47.12328767123287	26.167753859910647	1375.7702092749603	39.27901042941337	197.38358265696718	5800.243668020063
47.15068493150685	22.79568136380619	1308.378411634477	38.31736448413241	198.72340857622197	5807.323177022551
47.178082191780824	5.892915960600989	1256.7930871852755	37.770266219713136	196.79354626535206	5812.528010774131
47.205479452054796	7.858053876038179	1231.6600970058896	37.93770601146464	189.56231526838377	5815.458038505372
47.23287671232877	6.817386357114944	1211.0561786582962	38.17870826743607	181.88015485004482	5817.89847272367
47.26027397260274	10.184925763310128	1196.6008160106635	38.54831721344867	173.41857636972048	5819.802063979733
47.28767123287671	13.604086470700484	1128.744723428545	37.16295166387596	177.20627941514786	5824.589638237114
47.31506849315068	5.9432695113356155	1110.4300256381293	37.3511491161919	170.01029520178585	5826.243505166924
47.342465753424655	20.987050707434364	1034.8193870973978	35.56239488522806	176.38509203292082	5830.008498439314
47.36986301369863	24.250542279473336	978.041726098026	34.37094585857501	178.53781713707312	5832.017727348449
47.397260273972606	28.911567985851132	902.5397102579345	32.47827018687061	185.42872149040298	5833.1437224713145
47.42465753424658	37.27348717330583	839.7710117674837	30.996711999183624	189.4083447478646	5832.62063600388
47.45205479452055	7.274338512343068	797.3245270682196	30.223810540238635	188.40845354661946	5831.217487925842
47.47945205479452	6.705983047888993	783.8993870299522	30.472581917739344	180.37478734367699	5830.245261199612
47.50684931506849	14.479217218931373	753.0492514248924	29.978430405572894	177.48132416947152	5828.380416608712
47.534246575342465	61.2462025798149	713.9046374576878	29.103273742383564	177.18002608495195	5825.429862589358
47.56164383561644	65.44832667074452	680.9827143363785	28.431713332367007	175.521244143233	5822.058220898301
47.58904109589041	55.208648259158835	651.7454414497192	27.861947955883085	173.2096804359107	5818.299741241451
47.61643835616438	27.01705959529519	606.9929415756666	26.573911444768424	175.78671431379098	5812.101794524748
47.64383561643836	56.16913932010698	564.4588933453387	25.33331459822666	178.14153465742643	5804.601543770138
47.67123287671233	27.9283534696239	530.5895660025836	24.421221306044973	178.34022314251544	5796.967044134291
47.6986301369863	5.7200692335164245	522.2944763000759	24.643303288963487	170.8192214081149	5792.908763164549
47.726027397260275	32.386269382609676	501.4710076312912	24.20501922347403	167.88421810825136	5786.527224141429
47.75342465753425	46.56832690665132	471.49549601711624	23.287533238172763	168.31627259197046	5777.424596358251
47.78082191780822	30.071742404970074	448.230341416012	22.651254245312792	166.9404443713582	5768.764623263752
47.80821917808219	22.334480089576957	427.2979231472334	22.088399748090435	165.16951924388093	5759.827464394846
47.83561643835616	10.292389366576057	418.68933340282285	22.122040375814848	159.38972783825022	5753.6738014016455
47.863013698630134	4.979505279750983	424.33060727410617	22.865912584001634	148.9419662483082	5751.597762939657
47.89041095890411	13.995130848017567	414.6032221593596	22.744006614819956	144.47130747021652	5745.468393064695
47.917808219178085	11.03564368149263	406.1168466939143	22.65801427248778	139.8860970956261	5739.55066399501
47.945205479452056	42.592719344655706	400.8380910639636	22.720172076905286	134.45983944806505	5734.53153865144
47.97260273972603	30.569249158636367	380.99701374184303	21.930138887341382	134.74671758154838	5724.748919509495
48.0	6.375374491831091	1843.852778493563	48.705514736979424	129.23054200234228	5719.726080183816
48.02739726027397	27.952380952380956	1782.2422385157524	47.7273394814723	132.66230199949499	5729.083208787638
48.054794520547944	9.531705785806906	1694.6220622004469	46.07131209214345	140.87559571822686	5741.339301001816
48.082191780821915	46.161707554802916	1619.8245756902077	44.74252902045743	146.42796273113584	5751.5086300037065
48.10958904109589	42.586113513690954	1516.3361457946235	42.62453716124435	157.54673418290426	5764.216422482124
48.136986301369866	22.94077759846877	1393.37157459068	39.958210673974186	172.42791353933973	5777.634829912196
48.16438356164384	14.78743015555277	1354.1101118310103	39.6699154283056	169.39303718446075	5782.39307100473
48.19178082191781	49.39305564822093	1277.4855273682401	38.23084237570542	174.71579973825183	5789.8184154247
48.21917808219178	42.671518525608874	1176.6185128252887	36.04597325962275	185.28471251428553	5797.835670160257
48.24657534246575	44.40153919819403	1091.266473236622	34.30855320907242	192.33859017922552	5803.294750118049
48.273972602739725	35.194893654337925	1006.4951023002612	32.52450546002866	199.5450244679549	5807.139462319336
48.3013698630137	23.39457146038638	926.074178202029	30.826705456199033	205.95925068019807	5809.053699814755
48.32876712328767	6.257841875432053	900.2994472347193	30.886347549536396	199.29104903218723	5809.277757302693
48.35616438356164	22.23400677346242	869.9057748486144	30.701065471050285	194.3878067681046	5809.194288843612
48.38356164383562	6.0061892765852	848.9241833378395	30.791912923437813	187.52984918040767	5808.817702040845
48.41095890410959	53.886981294531786	817.1250475309621	30.412604896781946	184.0088089999257	5807.997350736178
48.43835616438356	18.49584206232488	758.060935910327	28.968219906740476	187.9001581263499	5805.549317833301
48.465753424657535	25.98453266282142	743.8903670963895	29.177200086979248	180.24711264241807	5804.147345516539
48.49315068493151	25.11106553454149	723.4226680207331	29.08403060440319	174.76870519370644	5802.220625755969
48.52054794520548	39.01680192864336	683.8488084637312	28.16021433263228	174.98461277701813	5798.632858227138
48.54794520547945	38.35238098977891	635.2350890337275	26.818502167318552	178.0844919209561	5793.089616759296
48.57534246575342	78.31310442153236	603.1011007473704	26.116961347822233	176.83764360252098	5787.935753965191
48.602739726027394	33.6545132947628	570.1538676294144	25.316094739757173	176.31509905052647	5781.817678872606
48.63013698630137	8.647443882626247	547.7713648819713	24.943380704941486	172.90691255928823	5776.300133048237
48.657534246575345	14.743346724420855	540.9050920822655	25.212845505245834	165.19071011125166	5772.975252338573
48.68493150684932	30.48706739635778	523.0465567370019	24.919161592890028	161.39490238861822	5767.7455772937765
48.71232876712329	8.02327276249212	512.9674958289967	24.96510700275093	155.4262451783241	5763.510827928297
48.73972602739726	8.00618769812454	499.40456459427725	24.79591400918944	151.00356172052193	5758.508111024243
48.76712328767123	4.931719887034366	503.20482005112456	25.446911468805354	141.36437595214653	5756.837438632575
48.794520547945204	30.792625354863496	479.3763230955946	24.66318300659125	141.18592318269913	5749.705367513283
48.821917808219176	9.568261744469927	466.8803519424083	24.434955284291906	137.5004797732313	5744.399939678892
48.84931506849315	10.102471118017084	470.0870538942171	24.992630193287457	128.90677011489845	5742.595676213386
48.87671232876713	41.53890003364219	459.5899679554615	24.787756026423647	125.37007648805971	5737.867315173848
48.9041095890411	10.176488933066127	444.27187479002623	24.306186315669052	123.681758215046	5731.680686393798
48.93150684931507	8.169023643971606	443.955527884044	24.616149726540915	117.10841259830715	5729.076791561769
48.95890410958904	44.45476890845813	442.5279190524967	24.83864418360246	111.28367434866172	5726.339666260167
48.986301369863014	25.977210150676587	424.0578761972602	24.086142464282148	111.66403961879323	5719.151376282315
49.013698630136986	73.36885611367725	1855.8996656791028	50.151005088652354	112.20038061282119	5721.970221579989
49.04109589041096	50.40987534235939	1786.6356782679397	48.85139666936985	118.12532552705241	5732.184839161019
49.06849315068493	25.88566488540228	1698.6625967032799	47.04293824069185	127.52760736250758	5744.343852996039
49.0958904109589	53.43178207771718	1619.1638236211618	45.48400531983775	134.82448357355904	5754.9466038507835
49.12328767123287	52.765115794356035	1549.0272921748422	44.18459780451168	139.99817156339813	5763.981697840455
49.15068493150685	23.11843527355365	1442.1296547341879	41.83209685335278	152.5797595785375	5776.15838601776
49.178082191780824	40.252086434185394	1383.0106306410905	40.85277822531856	154.91599969264686	5782.869081713716
49.205479452054796	59.42059200557669	1289.6289913091086	38.852746847713846	164.4449923967534	5791.845521229418
49.23287671232877	49.74945068678204	1224.4009827791754	37.66641451238558	167.8543386418772	5797.647047820353
49.26027397260274	53.050285772640436	1142.5614262486524	35.94158002237004	174.97426956763735	5803.626261644604
49.28767123287671	26.160413246460102	1049.9422110124776	33.83508894189474	184.68639496518614	5808.701843453616
49.31506849315068	30.65647530749782	970.6278221354298	32.10985514696641	191.46706269566133	5811.529935091179
49.342465753424655	13.835299223025421	895.650058604559	30.489940895806757	197.35330336391542	5812.544043375833
49.36986301369863	52.075525197961326	834.5679985985903	29.273929791475314	200.16118082223704	5811.938245756237
49.397260273972606	46.31904778252951	783.9086611901789	28.349051401057324	200.73119552468023	5810.21475899444
49.42465753424658	51.815674227919814	749.0440818964586	27.921167264958935	197.59984147737234	5808.102289018429
49.45205479452055	24.32638968061988	688.0494975773928	26.450216045092784	201.9864064750115	5803.450954346003
49.47945205479452	23.625838886853266	674.2084094083917	26.725862352059615	193.71649234045464	5801.053106632372
49.50684931506849	21.573494114643687	646.3259833874829	26.365615774200673	190.0113351134237	5797.226616166938
49.534246575342465	20.411699715716008	621.8343144817222	26.080477737088927	185.79643229069157	5793.160158792307
49.56164383561644	11.138336794408529	611.250682000961	26.321673852421906	177.97573814124314	5790.262161369087
49.58904109589041	24.10166668762473	582.17568800319	25.699444503039782	176.16795117904078	5784.935568536006
49.61643835616438	20.708868529681098	553.0583536132265	25.031175591961755	174.73782861373016	5778.729824729363
49.64383561643836	24.974427144627075	520.9247287766069	24.172204569942078	174.68741397458763	5771.0935705172415
49.67123287671233	25.883413134958506	482.6152798024088	22.973700660936203	177.1098425657302	5760.932458253083
49.6986301369863	57.92572033350735	456.88391503291683	22.320558666537455	175.854320313798	5751.927676096493
49.726027397260275	49.610645139219564	435.3117703457524	21.81299984986858	173.66071722795718	5743.015918397902
49.75342465753425	31.416782973505804	412.36740555691455	21.186051372666277	172.41095743957032	5732.847590273574
49.78082191780822	26.111884095212883	391.43758711837705	20.609590248031942	170.9158869314457	5722.304032007507
49.80821917808219	58.37187108026259	383.60577274144885	20.67515038318568	164.956792769024	5715.291990601113
49.83561643835616	26.109370178210135	365.4055218505098	20.136347314695165	163.35852904021715	5704.541839882614
49.863013698630134	22.367523223542605	355.86169659225413	20.033440689308794	158.79048821309024	5696.254557482271
49.89041095890411	40.95138038901422	343.0898801564838	19.70951777171263	155.88063153469383	5686.467583754939
49.917808219178085	31.35280452143804	327.0034788408314	19.160154155957077	154.6938507839083	5674.727046163109
49.945205479452056	13.10055798503157	314.4432529094324	18.785299971713698	152.41314519295253	5663.669525717392
49.97260273972603	46.44093636858227	307.7641191632714	18.72277128831643	147.99734054759236	5654.973059714729
50.0	27.131682793528427	1764.350034047553	45.08981248832136	145.3776196142551	5644.482391810827
50.02739726027397	55.68257109803852	1678.2635321450807	43.64739198055194	152.51086142199733	5656.73077780801
50.054794520547944	30.043902986474013	1553.3364388870878	41.185521351803416	167.24963172520157	5672.736787976928
50.082191780821915	8.992373811067473	1487.6588307150878	40.3010037470816	169.42183047611908	5681.277846770823
50.10958904109589	12.63755245399773	1448.0030296906825	40.06146596823492	166.48912926379174	5686.741017436267
50.136986301369866	5.133987274191738	1430.1340372905927	40.38489122514534	159.27768538542395	5689.854848830143
50.16438356164384	5.9992451218720175	1389.9567963324184	40.03483753355947	157.1253763530655	5694.950731140309
50.19178082191781	16.713483310712736	1328.0787248442002	39.02693048148427	159.7218618508489	5701.66586703893
50.21917808219178	15.825787731995614	1300.8505757351445	38.98655521799662	155.13370188275155	5705.051265465951
50.24657534246575	27.719568819208266	1248.3704554793676	38.13823529679945	156.3791931366746	5710.1933417817945
50.273972602739725	8.362708664980488	1189.8537728834358	37.09560084855193	158.86592109298445	5715.238524053042
50.3013698630137	17.973859063573506	1145.8515120184697	36.45584285552339	158.35580253485261	5718.809591641382
50.32876712328767	8.871867523279962	1119.7918116060523	36.353064114830865	153.9799930221838	5721.01132265567
50.35616438356164	17.90422953688938	1076.0813310428603	35.620689348875615	154.03996524640812	5723.863638733384
50.38356164383562	11.273758993234193	1057.6766004723866	35.698248602183284	148.41494463356526	5725.23223989764
50.41095890410959	36.194970769386764	1047.3431223408252	35.9987173471465	141.37943737568082	5726.161691038613
50.43835616438356	12.838199362957603	987.3026636185996	34.56333111865811	146.19417433110445	5728.615150683338
50.465753424657535	52.93054015984223	949.2856341948209	33.85704582673663	145.9704062247638	5729.778818408618
50.49315068493151	40.73249948949089	887.7623651241937	32.28588258626502	151.5758868474266	5730.579430107681
50.52054794520548	52.38594796286523	835.9345630896562	31.043390998965275	154.8556987777041	5730.241010035873
50.54794520547945	30.24787821482395	777.5480910479698	29.512016500352466	160.09212411610608	5728.649006898814
50.57534246575342	6.41853568870841	754.068623755002	29.27575615425921	156.3422545894587	5727.248636776327
50.602739726027394	11.036572123195933	741.660240374316	29.407683511267106	150.1447873876962	5726.140030057653
50.63013698630137	9.532318464492864	728.8452380705436	29.48423930049658	144.4372468683958	5724.889764680244
50.657534246575345	10.575202643814896	717.3658399055297	29.56973074332898	138.7951907436378	5723.624452142127
50.68493150684932	57.79380801881252	707.3372247964948	29.6741264526796	133.16374939635807	5722.37404332472
50.71232876712329	24.428571428571423	679.1301594917759	28.985457767951836	132.80319237271667	5719.739055477702
50.73972602739726	7.193228587070445	666.487737122726	28.933479580896936	128.32729820007393	5717.906483522388
50.76712328767123	4.956521261981604	668.719627417441	29.489271430726458	120.08972876327711	5717.240846980991
50.794520547945204	52.1539738941739	659.3387888919261	29.49489137274583	115.5838757881687	5715.695881269366
50.821917808219176	56.07236985518029	637.8094360555508	28.936615327607804	114.7266573923186	5712.927512807341
50.84931506849315	26.694594432798212	609.5764624272208	28.050649974849385	115.9935200401212	5709.076788907812
50.87671232876713	6.587078462301054	602.5093062722087	28.12048018600124	111.21801555706784	5707.182784101789
50.9041095890411	28.911201558647697	598.7871586583807	28.31200318177628	105.84613673266259	5705.709624495414
50.93150684931507	8.947832562785653	583.9170301894071	27.95944250532988	103.98917243824096	5702.826566591241
50.95890410958904	10.732077594148716	572.1152646736789	27.730107128436206	101.44699804416221	5700.179799399204
50.986301369863014	23.463097918088998	550.2747045716391	26.996132818588908	102.12773557503732	5695.918231906557
51.013698630136986	23.097230193751773	1956.3821649209672	52.29899344542413	108.25008081711289	5702.013989665155
51.04109589041096	39.45402624375922	1876.6630154081652	50.7242407431581	116.25196137361611	5714.11551447919
51.06849315068493	12.2320088986648	1773.9599019896316	48.56146894738953	128.20005450481588	5728.797972484304
51.0958904109589	37.50390482130682	1750.337300005029	48.54841926353032	124.3371727905288	5733.094428822518
51.12328767123287	44.409409928150986	1647.2520347667348	46.32206193783197	136.34995045177558	5746.833797556056
51.15068493150685	11.023772285232653	1553.17199384033	44.37066282662501	146.03891540727253	5758.7317023392025
51.178082191780824	33.66453525083841	1464.3399516176146	42.543303363195946	154.59066332741077	5769.242028087609
51.205479452054796	20.87028885149386	1347.7176196687674	39.919629234613694	168.6209995828701	5781.306928135608
51.23287671232877	42.83104796953621	1305.6624147623336	39.47262093113806	166.6071765261586	5785.964848779257
51.26027397260274	13.06645356522006	1224.1195411763504	37.81194181747653	173.2027536482585	5793.110860897209
51.28767123287671	6.022069245109044	1202.4013526709643	37.94522351341115	166.7859116483205	5795.5154551655805
51.31506849315068	43.34020241509065	1123.923933005834	36.2385332318938	173.40569266947298	5800.985414406072
51.342465753424655	29.33710685285174	1026.688954630404	33.89341871458785	184.41307566611403	5805.843932352446
51.36986301369863	21.279289460988537	963.938370123004	32.64478016239524	187.42696527493447	5807.90383449802
51.397260273972606	5.975417000743137	934.8872308222612	32.48965670666267	182.53481570284296	5808.562448814841
51.42465753424658	19.024969400560625	909.209006821614	32.36837706515807	177.42575479804862	5808.9263208543725
51.45205479452055	5.857707824360452	893.2186389800818	32.552962704380505	170.25223782949547	5808.987526059495
51.47945205479452	9.766520815884599	859.9063270869211	32.0491423968165	167.8673729057177	5808.776778998192
51.50684931506849	76.77436250351488	809.5207950098724	30.862137965356855	170.1189321078294	5807.677496523939
51.534246575342465	36.453148111798626	764.085554959103	29.80926628516796	171.42941975026574	5805.710321744189
51.56164383561644	37.20636028090324	707.9474494588017	28.301235497589087	175.85201831231015	5801.984728828131
51.58904109589041	52.97283789254708	657.6497589820094	26.974109393196073	179.06368313788897	5797.016969816081
51.61643835616438	33.13976955215318	611.2407967879226	25.74032743080018	181.67484774834418	5790.855958092931
51.64383561643836	47.15247574190791	574.65909884445	24.87020266991838	181.7951761840903	5784.35824834995
51.67123287671233	40.130708680602744	535.8162237998067	23.83866934062529	183.1127593454903	5776.239512828698
51.6986301369863	38.33182751224097	503.4349776898435	23.034827082564746	182.89846128917256	5767.777674160514
51.726027397260275	31.353051111333897	467.70812913427176	22.01648729355196	184.3205566559691	5757.223845166408
51.75342465753425	8.281548593338934	452.15009124812303	21.889794725196563	179.42412821802952	5750.012400358558
51.78082191780822	14.899249328269299	436.1888650143364	21.680903886105195	175.16146568280345	5742.349405716968
51.80821917808219	9.292978086494013	435.44901242565805	22.176722460381423	166.01458974695842	5738.4352439286195
51.83561643835616	14.322060397849103	437.86532957522365	22.787135948706595	156.27646797001034	5735.563892520658
51.863013698630134	20.73412462882962	430.3749997675049	22.84049685983231	150.49091711596756	5730.311027937098
51.89041095890411	9.747013958218789	428.95934561128814	23.184851278053372	142.9180590238452	5726.632373499392
51.917808219178085	11.417199762688886	418.21499373560295	22.989876498981854	139.04973702573707	5720.510770351238
51.945205479452056	10.813403442454444	403.95124895184455	22.573699262206546	136.7459958206254	5713.087985841829
51.97260273972603	57.65636682659333	393.1233007492107	22.31749523410435	133.50726932458713	5706.377164788132
52.0	22.69343304323066	1844.7297363447942	48.458963796143344	132.15723139156555	5698.015687167757
52.02739726027397	11.334208592460266	1762.7676190978684	46.991410714242534	139.17819989659824	5710.04294053431
52.054794520547944	4.923824013248185	1745.537633048479	47.229487488049465	133.31619967933943	5713.645012028829
52.082191780821915	7.308028622146637	1734.1904894692912	47.581715629288375	126.73937915817375	5716.418716861775
52.10958904109589	6.635015525776245	1717.9908019111897	47.76104018351181	121.5569206615224	5719.701423379734
52.136986301369866	14.812128389219556	1692.5563391596038	47.646255035264915	118.58953849868584	5724.012346277267
52.16438356164384	39.77926626499059	1598.9421269704408	45.60381337023054	129.34422516885778	5736.130518845872
52.19178082191781	15.938782808695231	1523.8498191804126	44.115704459598085	135.80098958918865	5745.545126413989
52.21917808219178	4.962846198801772	1506.2320085012957	44.26181587042125	130.4566541934554	5748.564668173862
52.24657534246575	35.694482495173744	1479.7759164445317	44.10046256520667	127.39546428587087	5752.380302698514
52.273972602739725	55.27329296063399	1401.8386202792458	42.39612741393701	135.0917720836928	5760.993726595407
52.3013698630137	47.26068701591049	1338.9831687291473	41.13753828957082	139.45070495699696	5767.59266484904
52.32876712328767	58.44877729282333	1256.4107420509322	39.268581774968105	147.90258806952994	5775.119967005431
52.35616438356164	11.001236858379713	1200.2517465318706	38.204030857640994	150.50387735146975	5779.903363577635
52.38356164383562	5.416540104656802	1180.351729438872	38.261934158375354	145.163324389438	5781.960309378582
52.41095890410959	6.032836067458418	1172.2954094926731	38.65337646851665	137.64611943044562	5783.186431770558
52.43835616438356	9.68028821476396	1161.6796207850132	38.913076611829936	131.21586708729708	5784.500804415038
52.465753424657535	24.235664713726457	1139.9867862260853	38.76050132092457	127.70023670266755	5786.367900673639
52.49315068493151	5.351010413429832	1120.7795294948876	38.67376221634528	123.77786609447624	5787.959324188101
52.52054794520548	45.30163452166611	1083.1449003822622	37.910035924527435	124.41727059876685	5790.293735050853
52.54794520547945	57.632660124231585	1025.2491337645577	36.43124256833024	129.69507396440537	5792.984472046495
52.57534246575342	39.13034890637199	967.7970435869289	34.94605696332294	134.9293242924089	5794.840522275946
52.602739726027394	22.657991020533768	908.6762432071978	33.38836371190924	140.55075240540793	5795.7631970047905
52.63013698630137	26.478462128382986	886.1473163234165	33.14327979112694	137.2961073078674	5795.832289152396
52.657534246575345	12.396378738771483	842.9557788144759	32.09753568308347	139.4065109038153	5795.428084478528
52.68493150684932	5.856729709241447	839.3317391036493	32.5210550962754	131.72665663548932	5795.198386461608
52.71232876712329	4.911532107758395	839.3795682721658	33.04503714491619	123.6154435598358	5795.02879470544
52.73972602739726	53.80805075261412	824.4168870746793	32.936355618216986	119.81854376943689	5794.599451156949
52.76712328767123	45.86456189816289	794.7797096013957	32.220729552875476	119.98072275116316	5793.61257226611
52.794520547945204	23.672968252851028	752.1288430124125	30.958296193814057	123.66839829275413	5791.630270283348
52.821917808219176	10.549515213176619	734.9680576472805	30.721153132346263	120.69432910906613	5790.2715777885105
52.84931506849315	28.68881238246685	702.9343014177881	29.82999407033501	122.02076075771056	5787.794693060369
52.87671232876713	21.289561050334985	683.5576510818377	29.45792964312587	119.97639173455734	5785.697755647483
52.9041095890411	15.555983483781525	666.6003757092781	29.162201064058237	117.49707719488926	5783.555913082385
52.93150684931507	23.6678040833721	635.6671464957128	28.230968464070706	119.18149278335802	5779.836149908304
52.95890410958904	6.952243704305736	622.9794700409087	28.08971523335957	115.7537814263503	5777.487159526178
52.986301369863014	27.359454773010384	611.4572870691848	27.96523264570931	112.33113705145543	5775.18897122072
53.013698630136986	22.43315146267096	2014.6360115642299	53.30969223173826	118.07228550708172	5782.504060549521
53.04109589041096	5.233089972429219	1979.4052770064502	52.983232931508375	116.80226781130781	5788.786346911144
53.06849315068493	48.24053538611863	1913.2835794104649	51.79692556909064	121.75543641395227	5799.119319422608
53.0958904109589	12.959423699334566	1808.6632258823963	49.6014721602392	133.71488157063317	5814.170293659182
53.12328767123287	10.279199007982756	1734.2725015594215	48.236735706354665	139.35712428084065	5824.826727044416
53.15068493150685	8.206868971751286	1680.2434037912406	47.427893402859674	140.7823245745761	5832.66821301558
53.178082191780824	8.957275455979271	1627.9888066698907	46.643760923508076	141.91577972353215	5840.027865740376
53.205479452054796	9.69664636086278	1584.3828849453382	46.08612794793862	141.32698849872767	5846.164637295047
53.23287671232877	15.987899774550806	1536.0279129736825	45.362573686966066	141.8425014278726	5852.566552599167
53.26027397260274	41.08452065697586	1426.5272731605264	42.81778830525528	155.05097200811088	5864.575489865147
53.28767123287671	27.39736283679559	1323.5391554195403	40.48218848287581	166.4753096768075	5874.6473437032355
53.31506849315068	8.411396126031482	1279.1757995063062	39.91510442743324	165.10650296571603	5879.12584879946
53.342465753424655	18.5307068158735	1201.7078666885686	38.27026955269523	171.24681313983726	5885.374779308415
53.36986301369863	9.616527793782284	1126.6056263039613	36.67842022186818	176.81655789026325	5890.405653291545
53.397260273972606	4.940637878103382	1119.5811705564508	37.242177126630544	167.14522454577195	5891.4514870921375
53.42465753424658	14.94782844070492	1063.2308483375175	36.11008461057718	169.32771104310802	5894.483505403913
53.45205479452055	31.67550125335868	1025.481996214654	35.560030925718884	167.41060923740548	5896.23818781672
53.47945205479452	14.166154515445301	976.0278059718548	34.575589116070766	168.41788987171228	5897.753390029037
53.50684931506849	51.9617729002408	946.2142383736438	34.22585873668486	165.05518327806527	5898.408275301326
53.534246575342465	16.622944643487862	883.0072412455253	32.638043590243434	170.08106115122723	5898.61222876443
53.56164383561644	26.98599926890252	824.7955946928939	31.182792334303056	174.158409481751	5897.550006942806
53.58904109589041	34.08400646908082	763.1619705188656	29.561758209176276	179.35527779129288	5894.883067904382
53.61643835616438	9.033954777027809	729.9704025026166	28.9962215732696	177.23296013656318	5892.288766548096
53.64383561643836	39.49241733486392	678.3673988897274	27.635329096578864	180.61855780244287	5887.561354763397
53.67123287671233	45.41915564496413	629.1666102265451	26.317004956464753	183.76071025544027	5881.401863389568
53.6986301369863	62.74999586425077	589.9213895968928	25.359728753046618	184.42923722564475	5874.788741062129
53.726027397260275	54.88754039535891	567.0921838675863	25.040318730505465	180.63728307504454	5869.434594121182
53.75342465753425	55.48552851814239	535.8517896164218	24.292236078316705	179.89885699728765	5862.073908106604
53.78082191780822	53.13948571530733	506.720840412158	23.58439052645254	178.94652543828872	5854.020941566008
53.80821917808219	49.54038056962907	481.57829394514806	23.004960583677757	177.1629815300003	5845.782573342518
53.83561643835616	46.43238026739088	453.4572912053564	22.22882516908294	176.85804414627026	5835.871155324712
53.863013698630134	15.070029584125466	431.23621019081526	21.691316397373797	174.96887256756344	5826.303119334886
53.89041095890411	23.499320483864423	408.14093324051464	21.0493397700604	173.9115401041604	5815.63083190512
53.917808219178085	18.830037063448824	388.1436506361157	20.518499045927847	172.17982599061855	5804.87174836517
53.945205479452056	10.542217751669044	385.0739953016086	20.836233187623982	164.46590006049877	5799.165988650711
53.97260273972603	31.45518817556821	367.2976740452015	20.313651258262947	162.801561181382	5788.368921857297
54.0	27.310544085982325	1813.8631953174206	46.287852266585176	162.49310727512645	5775.782091841783
54.02739726027397	5.600582510624053	1757.019440676784	45.686347175456106	162.65270506495432	5784.679175060352
54.054794520547944	25.781317891198363	1607.0113496357578	42.63497909423574	181.47436761212538	5804.099760519168
54.082191780821915	44.74371217958216	1486.7040052385807	40.363040636050016	193.87950039218026	5818.539785826588
54.10958904109589	15.267944141998086	1359.2094535142396	37.88254632659527	207.5437319576521	5832.001513271689
54.136986301369866	6.7340863120672765	1323.2639576866095	37.89462200206258	201.6746937764416	5836.4254584816135
54.16438356164384	32.61692570623786	1226.5380154454701	36.07658523650573	209.56176384857983	5844.953528742098
54.19178082191781	43.856311022089336	1122.9455448547087	34.02969613320249	218.9293753710906	5852.166818525828
54.21917808219178	22.791951457774225	1003.4321849343571	31.43334684955056	232.27188516765554	5857.588275141372
54.24657534246575	61.849659710197336	951.0285047949693	30.84380088181434	230.08660303909946	5859.047220073589
54.273972602739725	43.90868252287458	865.7852366510774	29.093467229586352	236.489823745005	5859.380289944603
54.3013698630137	28.47497983453911	772.765862730677	26.994794181321986	245.47792052346435	5856.67377916216
54.32876712328767	7.643819464997151	722.3446849214045	26.29214551769386	243.79427044800605	5853.02024816694
54.35616438356164	5.545972446985882	717.4710019456551	27.121706716429856	230.47789431648482	5851.447105070813
54.38356164383562	5.979283613732975	717.4142491889512	28.043315036558912	216.6960794615523	5850.238299647324
54.41095890410959	5.538120568356899	714.2044174055387	28.766027283128377	204.57720935017045	5848.878358784723
54.43835616438356	4.963124802001693	717.7786796096657	29.691434414363513	191.3662940342418	5848.02299965567
54.465753424657535	6.537252908403006	706.3166802337297	29.935937653145874	182.96380918373197	5846.208975688171
54.49315068493151	48.718441430037906	666.103849828255	28.894702347875	183.09769504914763	5841.961174539017
54.52054794520548	30.54507970688546	621.3636050577597	27.602780107148995	184.94945649171487	5836.079010603992
54.54794520547945	23.16155418640335	578.5223831982887	26.344534884657616	186.68370957169932	5828.866818185566
54.57534246575342	8.199373899145238	566.7502521865072	26.445057793299323	179.44715822673962	5824.980466453332
54.602739726027394	4.948281832412521	571.1455670825688	27.242631455593305	167.83890462162958	5823.477236397712
54.63013698630137	4.948072877474575	574.1083757281756	27.924048348105764	157.3144654365307	5821.934493655126
54.657534246575345	29.390688458883673	547.75918876456	27.13059101065213	156.3032355780609	5816.1146404925175
54.68493150684932	8.290546577104694	530.645045888892	26.768250587392533	152.66401219756943	5811.10943963473
54.71232876712329	5.225127416830235	531.0057961013374	27.244618737489535	143.92266488020076	5808.998612193091
54.73972602739726	31.47022107293383	519.8466361816465	27.087666289123234	139.33840545067545	5804.997555327609
54.76712328767123	25.17337237831922	492.10045716105634	26.041589794665082	140.37410479407467	5797.4717228962245
54.794520547945204	48.68464582383651	474.40537546055026	25.4991869051959	138.381365380669	5791.240431198619
54.821917808219176	43.87226172232192	457.724038196682	24.98027550069088	136.36074709844826	5784.803521831063
54.84931506849315	26.624630322329068	433.54327848016874	24.023907223334692	137.23388618977089	5775.930940123592
54.87671232876713	56.51162416782165	421.4812694521867	23.711731080695508	134.11955211045188	5769.576807474814
54.9041095890411	52.043078998681565	405.7091530787903	23.16200981769633	132.65308225329753	5761.849155124528
54.93150684931507	58.146579708420596	389.80361379389217	22.57991111460331	131.51940037553413	5753.543055124579
54.95890410958904	22.535975092864753	375.1901894686353	22.046015221085554	130.2012225848896	5745.1356556882865
54.986301369863014	11.927357980181933	369.3289800343135	22.00270936081928	125.79159488376399	5739.391212465775
55.013698630136986	13.200080324119451	1802.4345994061491	48.294527675123256	124.6734715062614	5743.445400019228
55.04109589041096	15.33638540930806	1744.5526679442933	47.37776255189172	127.657496397091	5752.0585339117415
55.06849315068493	5.037143670163069	1723.1732712985454	47.434972062308425	123.3774273582886	5755.98903926954
55.0958904109589	21.685015564228095	1682.1424938047535	46.90914861598069	123.40390966963757	5762.1677641117785
55.12328767123287	31.06901600431436	1633.7007086400818	46.16746335378553	124.8939074100735	5769.036141630941
55.15068493150685	20.52918599688327	1562.8204119752904	44.78829028783021	130.8227849374387	5778.138811382349
55.178082191780824	22.18702071739191	1512.1149988939735	43.973259186316774	132.5169968433695	5784.674175367623
55.205479452054796	26.74940268093281	1412.6196309237507	41.733831958844796	144.25043351138183	5795.592475444441
55.23287671232877	29.98610554363949	1357.5034297200186	40.79967795523794	146.35334743131463	5801.619555066358
55.26027397260274	23.863915884954707	1305.384179685119	39.93396003489813	147.82816816728652	5806.963269636552
55.28767123287671	12.524235075223983	1226.3398938222563	38.22390422982141	155.1720324904529	5813.760234302682
55.31506849315068	37.159364113604965	1148.3693181811811	36.51642381324297	162.3176922070106	5819.444091008376
55.342465753424655	19.251671586903328	1076.3510459671968	34.981586264690264	168.04238334434038	5823.679291209636
55.36986301369863	9.96631670100557	1039.9931852511274	34.56172774505078	165.66306372939633	5825.627585211858
55.397260273972606	15.744286212249214	991.9161126547207	33.699439245346916	166.37209688031353	5827.491601398256
55.42465753424658	4.999163207123646	982.770370975212	34.117308619641086	158.04945767787143	5828.016630823822
55.45205479452055	18.869235679347906	958.9839513796013	33.96831149834029	153.7936781545375	5828.744507240349
55.47945205479452	14.867350304181787	933.191320627602	33.70985656746286	150.32626193241836	5829.261246327203
55.50684931506849	25.270155726311884	918.5717955852177	33.81039939219126	144.48821287989904	5829.482045869693
55.534246575342465	28.003724306634393	862.6078409194126	32.351472914655155	149.1852006325514	5829.41643046845
55.56164383561644	36.45750778833728	810.8138724427911	31.022738301705964	152.9488442631833	5828.303500896299
55.58904109589041	36.92613648094433	768.477027991551	30.016019484157585	154.49685059720318	5826.476827274732
55.61643835616438	32.12649742501294	716.3857663089456	28.592778546145272	158.88083711826866	5823.156683933026
55.64383561643836	44.19102762994801	679.863597527679	27.751678001223485	159.26535413857755	5819.65465195984
55.67123287671233	62.83732935292925	643.7073774999467	26.886000862958564	159.82999393916188	5815.293431686344
55.6986301369863	27.92785753296947	606.8531435916261	25.935563069516203	161.00960280764073	5809.940375381963
55.726027397260275	46.22471896991194	571.8973829458746	25.02621237108554	161.94913739051995	5803.711808938173
55.75342465753425	35.2580787325172	536.3039875075054	24.04269274257007	163.4710325111919	5796.224237685556
55.78082191780822	26.692867476414712	504.5521347824475	23.182549663946098	164.20220433364815	5788.147833829812
55.80821917808219	55.84848921379743	484.79392354560343	22.829158058684357	161.40649932533134	5781.433166803471
55.83561643835616	37.159833357806605	464.48029391056195	22.396452315425577	159.22440211324877	5774.079577878175
55.863013698630134	37.71411986365195	437.71523980950855	21.612327370312382	159.62039541849614	5764.356599847487
55.89041095890411	27.820107454387745	413.1725349347559	20.890522279148254	159.68412402726764	5754.088755209031
55.917808219178085	47.708593392300386	401.4081417438157	20.772686069112368	155.49569955235185	5746.707036498841
55.945205479452056	17.446908744946093	383.1995213161666	20.279605572467577	154.07607994751385	5736.898422958652
55.97260273972603	12.978222811565022	381.6458951918351	20.62483041201338	146.7388180105534	5732.225678605475
56.0	5.23072013357612	1852.211782689708	47.898622491610524	137.73241960023876	5729.537334078013
56.02739726027397	31.56056612819153	1787.393603117884	46.91902101665803	141.2236232998116	5739.420382737375
56.054794520547944	54.2797871219765	1650.2538148860335	44.05937434797395	158.70164156118884	5757.671083066114
56.082191780821915	68.4885305082565	1572.007391176103	42.77527495037075	163.8422573249579	5768.036425349076
56.10958904109589	58.14715492370254	1498.2446514895175	41.58644650914008	168.0203971073912	5777.321223122426
56.136986301369866	56.28673920756738	1413.0019575022425	40.04894151943167	174.5828348548719	5787.062425609248
56.16438356164384	63.02865119216092	1337.8041446045454	38.77506532169687	178.90695703149845	5795.042450186204
56.19178082191781	59.55293840158031	1265.0647110577686	37.52950898057	182.7946258219747	5802.0090033391225
56.21917808219178	54.70758831511032	1189.1266691109172	36.148414925960104	187.47019660414915	5808.291524563694
56.24657534246575	32.96754634672427	1090.2597925018179	34.023360394718075	197.44496827943732	5814.583298885567
56.273972602739725	29.10453222209608	994.9424796378294	31.956379318109185	206.8057298537215	5818.668903946642
56.3013698630137	8.213362782313077	944.5900084987423	31.282239687801376	205.6280041822586	5819.992534262332
56.32876712328767	8.126102180943088	898.2445294454108	30.662925130993177	203.91211412534577	5820.471826505742
56.35616438356164	21.305906737945527	885.9108591017387	31.127234559256955	194.26632932217578	5820.444258668611
56.38356164383562	38.70126027793545	826.0351631454013	29.84770897516705	197.11786172844847	5819.6342767745855
56.41095890410959	7.739591875474285	780.0650497026725	29.024110593053084	196.64695386806866	5817.841267338249
56.43835616438356	9.249652483059666	776.2434599270406	29.68228929520795	185.6902211160365	5817.090168393914
56.465753424657535	42.4072801113785	770.3682622621864	30.195882362976203	175.95810661971805	5816.269488080064
56.49315068493151	24.00300047684989	714.5236578629173	28.69983688181501	180.0010906077343	5812.698473193025
56.52054794520548	25.101137817843426	675.8624559058388	27.831669138657308	179.76523805206	5808.9160173556575
56.54794520547945	21.738620850154057	651.981412715133	27.525958857495695	175.7074174501446	5805.553944506265
56.57534246575342	38.874864725984914	615.0975472631247	26.60823634805386	175.8566326518875	5800.327870895811
56.602739726027394	9.218195074092696	585.1554869078855	25.952258413978594	174.2707126944252	5794.86324423535
56.63013698630137	31.476190476190467	574.3205280618441	26.07426608105254	167.46009067831855	5791.50186290067
56.657534246575345	19.25817835056743	537.9196680359996	24.99381024430437	168.85344565143413	5783.926482881714
56.68493150684932	27.163538267796287	511.0052245690424	24.29888078887247	167.72489288476035	5776.829124645217
56.71232876712329	11.668832062202123	488.0791532447419	23.755303923061888	165.65495654347464	5769.596712939857
56.73972602739726	13.250722752209121	480.25279631482425	23.891761466180107	159.05030531282065	5765.111852412234
56.76712328767123	12.836721071691674	479.5649108774432	24.340562862342374	150.51558564606836	5762.185433632374
56.794520547945204	55.10246281803782	474.44446704990463	24.523307778119307	143.93050097609827	5758.443074017379
56.821917808219176	45.34066042439477	457.62034907398964	24.070379004700946	141.6243739618778	5751.946500976048
56.84931506849315	28.889375737813577	434.78288691235963	23.268443550070305	141.7126813482422	5743.425750680692
56.87671232876713	35.07116969538189	422.736436954544	23.011507988473785	138.32564890424948	5737.105275245907
56.9041095890411	13.157781981726918	405.29430714978645	22.434601431823204	137.15888631356472	5728.852775279288
56.93150684931507	31.28159106424372	401.86602593066806	22.596436304998306	131.225373492103	5724.517517031108
56.95890410958904	37.536421272643004	383.50404375424534	21.895503662424094	131.10029680191872	5715.390638410242
56.986301369863014	8.576657441316613	374.1132419540996	21.684377725614723	127.84235418498633	5708.613749181296
57.013698630136986	31.62813701855653	1776.9685620570422	47.15509081369765	132.80429518664437	5715.859685607833
57.04109589041096	50.56083302265447	1672.58798650374	45.07904437414233	144.34217948563963	5730.117291044722
57.06849315068493	42.358053711656886	1570.8738131256248	43.071223441240264	155.06244415366194	5743.1949702062275
57.0958904109589	30.13973083667819	1446.1614985577107	40.43750813873979	170.16944458937263	5757.584742108504
57.12328767123287	59.20048500174834	1348.6222223336545	38.55891945629362	179.26560791161936	5767.909280838583
57.15068493150685	34.28569275268523	1247.4128174450352	36.531446212184264	189.2105930740234	5777.207031118624
57.178082191780824	28.733026047595857	1138.7974607920753	34.25707625725088	200.7687986684803	5785.263263799846
57.205479452054796	9.134568035461434	1072.1754892342221	33.20856951699595	202.82112327687102	5789.373815808075
57.23287671232877	29.097042262280993	1037.429746605499	33.04954703897997	198.01757285224934	5791.442645379225
57.26027397260274	9.269017946247903	979.7091754729437	32.12195007942253	198.82501571608532	5793.6404979828785
57.28767123287671	6.81879724133134	967.2879120121039	32.59698896081524	189.29445224682456	5794.25815713616
57.31506849315068	12.683753722322026	940.5163629804725	32.52011062933059	183.81755865331357	5794.980081629403
57.342465753424655	19.363098740966418	904.4929317207091	32.069834943126494	180.98330363392623	5795.43186849794
57.36986301369863	7.536219573085856	879.9887133927916	31.970367189794985	175.69314030052328	5795.4460789349205
57.397260273972606	40.15156031257799	854.0954903612883	31.750959540356497	171.28015576083175	5795.204547235872
57.42465753424658	20.872078380264895	788.9352366681153	30.03712170409768	177.10406675613095	5793.564991823622
57.45205479452055	29.674525817250363	727.918613762397	28.42073533025154	182.26505170273796	5790.329767735458
57.47945205479452	29.75619775307965	679.586047136558	27.247318898172896	184.3579002907104	5786.1613411003655
57.50684931506849	14.788755603974103	648.1289847638801	26.696005335189334	182.1048344838347	5782.181043755086
57.534246575342465	7.082956706161686	628.23004961871	26.56449193120153	176.95582078466106	5778.713204540942
57.56164383561644	4.945386001333813	632.0197974407163	27.372445780606355	165.5003955885223	5777.599137527022
57.58904109589041	44.34701775279941	612.7399612460237	27.1176570482667	161.3865557231949	5774.149646123065
57.61643835616438	39.7597751879018	584.4900139775839	26.431232624242263	160.22117354911714	5769.128396168747
57.64383561643836	31.172266885845985	548.6189077218219	25.35746529653661	161.71577010588283	5762.178310004982
57.67123287671233	43.299803372153576	516.8767515844422	24.431968336072664	162.30934606427303	5754.670465474732
57.6986301369863	36.21465023108589	484.3784538262573	23.421579639248165	163.5913223247411	5745.850715175903
57.726027397260275	35.72520308184764	452.853180432166	22.414103756296505	164.99658125125126	5735.841317936211
57.75342465753425	47.862535828522084	429.03503049494486	21.74339540411137	164.19472515744275	5726.398009915267
57.78082191780822	30.796877360371216	403.7803084635056	20.947708005346268	164.3897665038772	5715.548039184326
57.80821917808219	16.048209599515605	384.49013287668083	20.419423153046957	162.82829350186444	5705.353300808518
57.83561643835616	10.762992642471774	380.15349088434925	20.642920498909298	156.02482974048414	5699.510620371123
57.863013698630134	16.1863716694984	376.58107789223305	20.865512140488633	149.34341427840366	5694.057869675551
57.89041095890411	44.794684671507085	369.9858206048561	20.881283764137873	144.20800569368475	5687.713083354546
57.917808219178085	20.904761904761898	358.1125733308883	20.571399564606892	141.42106021146125	5679.311339003309
57.945205479452056	23.278942804448437	353.06698982847206	20.62416565884234	136.26189453816346	5673.161201584563
57.97260273972603	56.22488565444797	341.1570785629426	20.24887605162377	134.13241676916778	5664.29684453066
58.0	34.36421740693312	1797.7823472327475	46.62133790158455	131.5625594988766	5655.856442675364
58.02739726027397	39.65184427877219	1683.5250656685862	44.3470396945537	145.0657377750535	5671.629444000881
58.054794520547944	44.45128441867439	1568.591362395301	42.07769998233949	158.17476695046528	5686.469114565762
58.082191780821915	22.12468343583408	1450.240873070121	39.710017106803754	171.71237944714233	5700.418913618047
58.10958904109589	28.596739685247368	1405.2102696617676	39.330530443522036	169.74017267576994	5706.174113244808
58.136986301369866	35.944957008695425	1285.2521366816918	36.8129506879969	183.82421994865092	5717.9556364658865
58.16438356164384	19.344710574763813	1194.0246958793866	35.103600202601335	191.4768133952605	5725.779572798896
58.19178082191781	63.97643830497872	1146.9995634088643	34.62386300626737	189.56195294196158	5729.722405983974
58.21917808219178	61.273439032276315	1079.946710900834	33.4880782336781	192.42403408237533	5734.100746717551
58.24657534246575	39.501212558802266	991.7120579429203	31.63515999074783	200.4548398160324	5738.077135156141
58.273972602739725	8.00011887035613	930.0692546590266	30.595528554182962	202.2412490654494	5739.703074149415
58.3013698630137	27.236004452307554	907.0065912043268	30.71959487715841	195.2497652461795	5740.14227763258
58.32876712328767	47.58304632958853	852.7784281384451	29.73555481109148	196.32837583927866	5740.126212393146
58.35616438356164	7.682432282316627	813.8254257549953	29.225409815519175	193.87565724246093	5739.309600005248
58.38356164383562	47.78733773722014	782.7413098848613	28.911227538139546	189.95394359508992	5738.113200158796
58.41095890410959	35.3545053030117	721.8403184564401	27.44020086089234	194.2563466677217	5734.850644106678
58.43835616438356	40.98832644216206	674.5938426505785	26.423659504713314	195.29537405172817	5730.705834344069
58.465753424657535	19.779905607368164	635.4877686350438	25.66564625356225	194.47417888270172	5725.90015181514
58.49315068493151	8.27051244171504	629.5016603627698	26.168450908744752	184.69814842028896	5723.7126863796675
58.52054794520548	15.928562701196919	618.1539311934037	26.375682463127674	177.1202166135335	5721.010641948539
58.54794520547945	4.962602245383313	617.5904884312808	26.996917102089657	166.8904813266846	5719.3802796772525
58.57534246575342	21.817914493624986	579.3845718418398	25.917172680732236	168.21487844454188	5713.290672685174
58.602739726027394	11.691883100539927	563.8457371258426	25.811116662243514	163.05849028134097	5709.283621052329
58.63013698630137	39.42393352780631	547.415138554454	25.60666047341542	158.65580080664287	5704.950722390754
58.657534246575345	45.11830078620672	519.1970409850966	24.80973867593908	158.27553239114184	5698.26706659838
58.68493150684932	62.93528978424035	502.19998785843484	24.504991491192662	154.70263095289377	5692.865580430568
58.71232876712329	54.64605294744518	485.56382999686025	24.177237722012688	151.3759874218765	5687.155420003042
58.73972602739726	32.88891670261718	467.1777209468455	23.721212852278736	148.99539957753566	5680.686704632983
58.76712328767123	14.835315635486873	449.3036749796627	23.257679009654264	146.7621850691531	5673.791730112655
58.794520547945204	13.43190327345965	440.05716662250006	23.200160746019844	141.93846967008827	5668.646646424206
58.821917808219176	17.4573114327218	441.3767458816493	23.66708525471258	133.82116335979066	5666.102932023506
58.84931506849315	5.493119716425351	441.55063113965195	24.043890523710413	126.50746270772798	5663.424681465978
58.87671232876713	6.671642393633349	438.39426437061604	24.21173935323479	120.71964502419416	5660.051107548711
58.9041095890411	18.344895721283713	433.8226771001711	24.271344700626916	115.78959776846288	5656.44133339778
58.93150684931507	7.685051158936701	431.49568841828204	24.436663780527685	110.3503832804524	5653.415122612284
58.95890410958904	6.278342162072481	434.9492736866494	24.906563607474183	103.23004232063917	5651.992651818204
58.986301369863014	30.509535397026795	427.9941173067562	24.758110435335066	100.09040153363655	5648.079537611562
59.013698630136986	18.709040149920163	1864.1618610621993	50.80990156452444	100.75949263442341	5649.56146913391
59.04109589041096	41.61156561915356	1795.0737750093724	49.43940032460984	107.36564793855656	5659.790202443687
59.06849315068493	56.645840952483354	1726.9353114063179	48.10962856111076	113.44174104393396	5669.597059712953
59.0958904109589	95.7892456495649	1662.954657814933	46.899540186880024	118.45035221646457	5678.566562433191
59.12328767123287	62.68055731850306	1587.352516445431	45.36511313153494	125.5705495909216	5688.522721066322
59.15068493150685	43.997860973316925	1500.6120667441119	43.50759722253152	134.78265218399338	5699.131584045522
59.178082191780824	55.184577373037534	1427.0673552686749	42.039611157218424	140.93466377010557	5707.699835485259
59.205479452054796	77.03355011865524	1359.3908923928539	40.72943943162838	145.7532203686751	5715.100903106637
59.23287671232877	71.73723928268467	1303.7758924936365	39.758165987647295	147.97939440397357	5720.899973931799
59.26027397260274	27.382700461496125	1228.573536854384	38.162759207187385	154.49806621127348	5727.645342166706
59.28767123287671	34.78526815371459	1150.6076110317124	36.46416927219006	161.55570743531322	5733.610091210794
59.31506849315068	9.580488307621227	1084.1024217341246	35.114198847767355	165.93268528677672	5737.873516664638
59.342465753424655	52.24251531955555	1055.1060460860372	34.914333524770484	162.02848378228603	5739.772906672233
59.36986301369863	30.618484640743603	976.6415773209511	33.04218941747949	169.88232067489946	5742.864375866378
59.397260273972606	36.16435346504871	899.734951531375	31.190595533270884	177.486917683755	5744.269415195298
59.42465753424658	12.29844056596622	855.3200221302031	30.427990404078063	177.21806563285634	5744.177767218818
59.45205479452055	24.124115804864303	809.6911102569228	29.54436738877315	177.74302754377257	5743.318802045581
59.47945205479452	49.24003734467669	784.6004164245513	29.365221483867163	173.24277758833222	5742.259016311078
59.50684931506849	56.171466565337624	749.6675328133667	28.76458022497575	171.70646634871167	5740.407400477909
59.534246575342465	66.9186734437475	720.2043168440634	28.32146603250416	169.06418137264058	5738.2115402605605
59.56164383561644	21.284542252844783	679.3783163052065	27.37801297503019	169.89316942340136	5734.653553105835
59.58904109589041	7.684538663797824	671.781063836335	27.725988454171176	161.82681170317096	5732.980125967459
59.61643835616438	5.929499354507893	667.0307190881516	28.136904955393778	153.5097052394875	5731.536766540985
59.64383561643836	23.728215861484237	647.023708717089	27.849689935134958	150.00898284071266	5728.785886910101
59.67123287671233	9.433393506146404	622.732155119109	27.35059030273438	147.96733688147927	5725.205513812664
59.6986301369863	11.718354608412659	622.835967349146	27.87662750800507	139.26910415153216	5723.95291734063
59.726027397260275	6.779168870321726	611.190477355823	27.842090245616813	134.40608025554567	5721.458184396693
59.75342465753425	20.214948589755092	608.8675097064285	28.1918460884375	127.23401400316818	5719.976026190563
59.78082191780822	11.155084236336199	596.4873651028756	28.046209847329227	123.37355704343473	5717.32788132412
59.80821917808219	7.307487642233787	596.1656926923031	28.436583816478482	116.28680751099964	5716.072782807339
59.83561643835616	57.17683570298936	581.2585227991491	28.102576575592053	113.88523660389073	5713.038661772317
59.863013698630134	43.231056837486875	562.8982877103342	27.57786501286904	112.75125483804452	5709.310018698817
59.89041095890411	27.952380952380945	546.1540247990744	27.112631919880137	111.30802009643247	5705.486619386097
59.917808219178085	24.43162879182014	531.5495197767121	26.72989740530233	109.43032926126368	5701.739166119613
59.945205479452056	44.81395061780897	511.827905955242	26.07016091107527	109.35910744367189	5696.825758003817
59.97260273972603	49.44798786787292	495.69729021663096	25.575609494573293	108.30880566633898	5692.142456465731
60.0	28.395630288071565	1950.0505222362224	51.92246901167499	106.23611284642325	5687.938044381266
60.02739726027397	11.007048932940647	1870.8104488811541	50.37065753809419	114.17403161949191	5699.9582721290635
60.054794520547944	24.08968739646729	1770.0968841842011	48.256216516867084	125.94290410016835	5714.347090295776
60.082191780821915	10.041054800454456	1701.1071854850122	47.018672535018	131.01099214639524	5724.220392074263
60.10958904109589	45.92798119436344	1633.6916967826896	45.804166721998	135.73682775860163	5733.515741128157
60.136986301369866	36.2939673581978	1513.2268589688601	43.11168586337832	150.94743309568986	5748.1182093838925
60.16438356164384	9.795815084407366	1429.1333822655158	41.474962115896076	158.11592552720754	5757.847311232192
60.19178082191781	21.801547448636533	1356.9610930311983	40.13560318209295	162.9158877482933	5765.686526466552
60.21917808219178	74.55071106850582	1277.6789180609833	38.575026849528825	169.09536091113077	5773.347056599699
60.24657534246575	49.01136868214306	1213.5439472687895	37.43499237267694	172.0226516561504	5779.015044697904
60.273972602739725	52.37078428917975	1127.505187212896	35.59099520624309	179.85469497653517	5785.133451627648
60.3013698630137	63.49811877202842	1066.0445477210221	34.47907994663898	182.2019035987792	5788.786860500927
60.32876712328767	33.39316486115336	986.9663409414715	32.737800393000725	188.94607904465656	5792.003728508642
60.35616438356164	40.02299162524683	898.8791800765104	30.659434758636138	198.02254333514972	5793.5249360598145
60.38356164383562	20.123026091548468	819.0699951924053	28.802785255283734	205.4249020284786	5792.69705921439
60.41095890410959	7.008734899825112	804.7193425166018	29.17562989075549	196.4388201506765	5791.920150071763
60.43835616438356	11.669942833395078	763.6443365016224	28.501200771805433	195.00306648833305	5790.0089674536475
60.465753424657535	7.773757037738867	750.1922760133452	28.79477049675818	186.67689317252234	5788.695548423824
60.49315068493151	20.432665509361136	735.7372161524694	28.98198307578696	179.20560502707852	5787.218634207946
60.52054794520548	7.7698570734231645	725.4968037714855	29.281692235629325	171.092349216798	5785.834990705954
60.54794520547945	5.195397928025368	723.3453642464344	29.849445564963393	161.36937076999303	5784.8989852452105
60.57534246575342	39.537755314200915	717.4032766647817	30.202478227735515	153.30690190895538	5783.796371500337
60.602739726027394	67.53026175391038	681.7852024757411	29.272667035486673	153.71345990661504	5780.518095739209
60.63013698630137	52.78345164203253	646.6417696352854	28.319426242544402	154.31557907900628	5776.485856886077
60.657534246575345	34.06860716117342	609.3973211634799	27.23430782819182	155.83576019775006	5771.3217845844965
60.68493150684932	64.8174893358099	583.6027937758734	26.62785140297626	154.24595704772176	5766.568669811024
60.71232876712329	62.699129787408246	561.6343648623883	26.149524192256855	151.87971911601164	5761.789763301092
60.73972602739726	28.825061792304513	532.3701915729146	25.2875769134049	152.12996494674442	5755.321555762298
60.76712328767123	53.80511178052465	514.8464286967838	24.94792238280776	148.9866202171222	5750.105948906335
60.794520547945204	58.54878725706468	499.7649384358333	24.687790275420635	145.40653444445005	5744.993413072069
60.821917808219176	35.88971456368359	474.88217282749076	23.90494011643508	145.38483387709155	5737.486582909655
60.84931506849315	6.950733936418479	462.9841486065915	23.748853421353157	141.28035077813792	5732.134963254687
60.87671232876713	28.9324901193265	456.05932708133025	23.800575389617048	135.92164580581039	5727.913425604978
60.9041095890411	12.447608638135316	445.0935376692006	23.617608699322815	132.22590157288647	5722.571159535859
60.93150684931507	4.962398816865439	448.8008648430381	24.182551338427672	123.80528217231043	5720.812710677203
60.95890410958904	4.993723885254926	451.57204513087135	24.66857474101512	116.14597920977775	5719.0219244266045
60.986301369863014	54.43752698755294	439.29451265864026	24.304496350522246	114.04210561692567	5713.697783941613
61.013698630136986	27.184812666848746	1841.5693824460006	49.506726909964385	120.63535763596272	5719.146296599091
61.04109589041096	7.9625677037154565	1761.9478767554244	47.99878795678961	127.88548053615249	5730.709527838516
61.06849315068493	5.196045533308679	1734.3921051439784	47.889299392875635	124.75818605851458	5735.464462974799
61.0958904109589	36.382151049832515	1687.2664155205832	47.198836379289	125.86711416067718	5742.457073882926
61.12328767123287	8.127206482254202	1616.329004509915	45.857259581187435	131.47331583016756	5752.003705176735
61.15068493150685	32.28394465979111	1553.8080688149425	44.71668977190717	135.4976646739628	5760.169094083047
61.178082191780824	6.234869575188407	1501.536277890017	43.88643845125753	137.07289012627652	5766.893285156031
61.205479452054796	31.268326080834935	1476.5077245926386	43.80412568421983	133.29396173311835	5770.588034144504
61.23287671232877	21.119370688504997	1380.0051259837853	41.59447300443656	144.4694617741552	5780.866881694516
61.26027397260274	42.0358734275471	1286.1648061666447	39.46150589516337	154.85446499372307	5789.772662782647
61.28767123287671	12.029447879570288	1211.7754872116739	37.92151027309002	160.7707625081718	5796.100842071951
61.31506849315068	7.717984956133515	1188.0111554791818	37.91600248817091	155.6610420025748	5798.4982115839275
61.342465753424655	9.615490843078975	1131.2062893412783	36.82141923894504	158.19767702751383	5802.5722798852
61.36986301369863	32.96909654286079	1111.996536696519	36.904055323048844	152.43651952155807	5804.2346886271
61.397260273972606	53.47911567646912	1043.5409576129675	35.32388877162178	158.19093438408234	5807.7726200155585
61.42465753424658	31.476190476190467	991.5644449051191	34.261795020172464	160.2341835251768	5809.800790780247
61.45205479452055	21.56527278631608	957.0447731699879	33.77288897105051	158.22188505738825	5810.800556082117
61.47945205479452	73.44265492758475	914.5223673026939	32.94317917748399	158.544121442144	5811.469512246568
61.50684931506849	28.891522874791477	860.6958602929483	31.666364300771065	161.8879273541654	5811.412035562652
61.534246575342465	9.03548337871158	821.7263534947169	30.910701633042507	161.57692613244598	5810.600331611104
61.56164383561644	30.70610138445619	779.2787809056705	29.961370783820374	162.5826485633668	5809.039373534661
61.58904109589041	32.50823680932607	729.2816198770797	28.685467478016218	165.81777772715503	5806.1620513524385
61.61643835616438	12.842188351620228	692.3556768122547	27.887876528438365	165.73566509491977	5802.911729567611
61.64383561643836	43.22425924805993	678.6194472279893	27.96258373744285	159.65842385403153	5800.8731154985335
61.67123287671233	9.587470205548122	644.9325385579255	27.183970788215497	159.47285278258357	5796.763982466253
61.6986301369863	4.989355842000982	646.5222002587676	27.8378752197244	149.62631114901401	5795.653906944087
61.726027397260275	17.45515268998366	637.516189195267	27.98581850518328	143.3817784158643	5793.592684317891
61.75342465753425	11.948123617639475	624.762855568314	27.93499633032711	138.57436822375013	5791.04578462587
61.78082191780822	32.61689517201405	598.9666729475922	27.263085745532983	137.91940804983986	5786.806175153119
61.80821917808219	8.732624715886523	585.3331297506535	27.119058070669013	133.8631362118161	5783.615090505616
61.83561643835616	12.278228637613093	576.1312338498502	27.142305710746147	128.83691679582716	5780.897982231327
61.863013698630134	5.001158671437751	576.2458076779761	27.57081766565572	121.3692710798224	5779.454851676432
61.89041095890411	32.46613266453607	548.8647730408711	26.65217405230208	122.63364636467715	5774.029261666264
61.917808219178085	20.947024403127823	528.2786719264121	26.042264740568523	121.97647443484632	5769.022253217021
61.945205479452056	5.15821492726629	527.1340345246283	26.365556327122103	115.42187640006594	5767.087164818529
61.97260273972603	40.77574100155657	509.22745823130106	25.82145736326758	114.53767399978642	5762.190255199397
62.0	64.16414761334859	1960.819123389863	52.066986456359615	112.93851301507543	5757.461968476016
62.02739726027397	32.08683136527868	1857.3888094718588	49.90526747744003	125.23040428616096	5772.680025944468
62.054794520547944	16.39084141287776	1783.1197735181483	48.555801972181676	131.2154163750415	5783.599799530563
62.082191780821915	28.4631059206223	1662.987188115556	45.9554463736806	146.12288574027843	5799.5684731087995
62.10958904109589	14.490763304099636	1593.360606931423	44.7715866786065	150.27373857400994	5808.881087925496
62.136986301369866	26.459004975820548	1517.9913871582671	43.38351762345509	155.7467345454656	5818.301567426639
62.16438356164384	35.69687424064206	1425.3371959611327	41.49580117482207	164.61424836454478	5828.738192103158
62.19178082191781	10.019101101271161	1351.6061348770336	40.16052512228812	169.17000768321282	5836.551492530912
62.21917808219178	29.651948583534672	1313.2905535298173	39.825533809291635	166.31889772893268	5840.848783729416
62.24657534246575	36.70243328890977	1227.8072839257893	38.01613061735365	173.97311142029312	5848.210586154302
62.273972602739725	47.27441254185237	1127.9996674489994	35.74810309503194	184.71976489282886	5855.062850340838
62.3013698630137	32.504287518721895	1042.055340135927	33.87489363800368	192.42827603148052	5859.452639673195
62.32876712328767	20.77495972152481	950.9652698839587	31.783512844268166	201.58387952849293	5862.105983172009
62.35616438356164	8.57726186636548	891.2433083394435	30.69051566412938	203.3175340370216	5862.534618188409
62.38356164383562	4.916678501927432	889.1565641174237	31.495094609603687	191.24122295197787	5862.469122563743
62.41095890410959	20.67086007280124	854.1443203726598	31.05378657188486	188.1359730576561	5862.084624846558
62.43835616438356	22.40923637265953	804.8813396687468	30.038968483714996	189.0272580379152	5860.731439644756
62.465753424657535	36.87237407680623	754.9191028115699	28.937125832734598	190.48486614250527	5858.239039792509
62.49315068493151	10.681948629961926	706.5539351506184	27.853525515263325	191.79923250926683	5854.4952591151705
62.52054794520548	56.26046204097418	677.1624974957638	27.430842596662995	188.4434968034891	5851.1456695758425
62.54794520547945	41.69387796946794	642.5287249827892	26.74076194704425	186.97648334704445	5846.602693903943
62.57534246575342	30.33981420234789	595.417117245696	25.476540624096085	189.56041151733598	5839.519250978802
62.602739726027394	10.282367648521454	578.9529269602427	25.46450557063968	183.4218120310284	5835.209811840337
62.63013698630137	7.041209353799519	574.604095093753	25.919213715419765	174.16355881161752	5832.482423381909
62.657534246575345	10.182358161263789	556.4896697056373	25.69860098069554	169.6298505907839	5827.708058471384
62.68493150684932	15.432976896839746	527.7225698293956	24.936563994427804	168.82765681877873	5820.708219696737
62.71232876712329	10.304978099318483	528.8587260634825	25.540755363886532	158.94604449930787	5818.46458162162
62.73972602739726	4.975257803740471	532.5403859609344	26.222832023662658	148.8269233345924	5816.835199565425
62.76712328767123	27.442221860221096	529.9977388657665	26.5548441029418	141.23625467967886	5814.313908768617
62.794520547945204	23.648093541101485	517.0662553411534	26.335191034643515	137.32274809582105	5809.935741288619
62.821917808219176	9.39265577348436	499.89874031607553	25.871603115431835	135.06091726851315	5804.482335845021
62.84931506849315	19.161205408104255	498.25226209431105	26.173670730491295	128.10141365326115	5801.975427855129
62.87671232876713	33.983624810348005	482.06502376189337	25.68277307714635	126.27539285605434	5796.496356590349
62.9041095890411	38.08786026358965	462.92109764327193	25.013425585475478	125.66449536999811	5789.908324533156
62.93150684931507	28.752083973520293	439.71015553320524	24.101689854938932	126.70021886224045	5781.6843838760615
62.95890410958904	10.541766470834654	435.9157191114071	24.231327134356675	121.18109819830381	5777.952684115511
62.986301369863014	17.766486843558607	435.2051215784566	24.503200477729894	114.9407764885192	5775.160402156949
63.013698630136986	9.037483188142206	1883.5863343146	51.030603014891504	112.00137006049657	5775.877318727975
63.04109589041096	36.143910575035555	1856.2834574821707	50.84597649118284	109.870168193406	5780.694206315696
63.06849315068493	44.328913408193024	1777.7142408454615	49.25136686956696	117.81780600234796	5791.961224826226
63.0958904109589	28.672398547115797	1678.7995498990585	47.1184977124439	129.34492940878826	5805.233333693974
63.12328767123287	60.57733578282614	1590.8907600612547	45.30617342457144	138.25742394112834	5816.515899907135
63.15068493150685	55.58881663596231	1511.7212307761936	43.7372380658857	145.15849303211473	5826.184000501008
63.178082191780824	44.2705657934278	1435.9385484078036	42.252451436638836	151.22551892607672	5834.860889427109
63.205479452054796	45.00563648263969	1364.248386342614	40.871155346636534	156.33162941648385	5842.487157968453
63.23287671232877	59.95907108514725	1283.3980080825343	39.20192152398149	163.2914722142378	5850.099564712668
63.26027397260274	34.65061102388163	1194.5315974648547	37.25434526219983	172.05436799320452	5857.201473276262
63.28767123287671	25.034881788264705	1095.93721799951	34.98267548256691	182.96359764501182	5863.327051429471
63.31506849315068	7.826435710605395	1064.9456591277544	34.83204548170384	178.34298351704302	5865.245759302169
63.342465753424655	7.96741206403743	1060.1405078516486	35.470134027470344	168.1680920511281	5865.983165410253
63.36986301369863	29.27432105614613	994.9323194699379	34.02571546090659	172.71155490313365	5868.472453585576
63.397260273972606	28.63820773978375	961.2953815247729	33.635854924504805	169.74706974572953	5869.407349642885
63.42465753424658	72.14283482389918	894.0809153024593	32.02001166651414	175.289402607986	5870.005850363667
63.45205479452055	46.33502620594354	849.305520687424	31.153125764098196	175.5220542836695	5869.511825344118
63.47945205479452	39.627426170789214	787.3916521595287	29.612506714858984	180.4203008374613	5867.585869175457
63.50684931506849	10.760337657410295	742.1636809021843	28.654181590308276	181.19676666811907	5864.872960434805
63.534246575342465	7.194174266296005	732.5382270483555	29.003187784420373	172.8266062437142	5863.48860680763
63.56164383561644	35.86067948800555	713.4970770439702	28.91699921905506	167.57424460421336	5861.450852622141
63.58904109589041	44.24899505326677	667.792404299757	27.709094113120635	170.02516806473753	5856.908451640891
63.61643835616438	15.497797326883184	625.0596841999818	26.575565121703637	172.00639338669666	5851.313273168884
63.64383561643836	30.552126612705255	600.7478550432323	26.166009256453457	169.02764490021536	5846.8111077790845
63.67123287671233	24.247738139364476	578.7128402083446	25.814390954637965	165.70128969111758	5842.038932395553
63.6986301369863	43.31078679512782	548.3494016417484	25.032487966166823	165.37861725859455	5835.501802157631
63.726027397260275	18.113802011842157	517.3499505353286	24.18048759206709	165.61536540479187	5827.819039743063
63.75342465753425	22.978639214480335	486.60202434517913	23.288193043164636	166.22482715925818	5819.072650377827
63.78082191780822	25.418844262634384	479.34519431861077	23.47213360120336	159.438452035986	5814.582662011697
63.80821917808219	30.558602960900753	458.62309709743033	22.954690277193357	157.58355544675157	5806.852190735705
63.83561643835616	31.3541836564253	430.38161783493285	22.016148600970283	158.74704278008863	5796.410264468425
63.863013698630134	18.385237391338382	408.2795053310895	21.351614488327492	158.14239053003104	5786.4287428583175
63.89041095890411	37.88173591669883	393.26998914088693	21.01151282289769	155.35620963209803	5777.852004363705
63.917808219178085	7.472562984502929	383.41086762815394	20.916553198351323	150.94791608504897	5770.4187605440775
63.945205479452056	11.487914752263714	382.1475929852923	21.245447173321114	143.68484871358146	5765.902934842807
63.97260273972603	72.48018404059853	369.3921361123312	20.905004704216516	141.15752477303892	5757.480741088602
64.0	20.348323743716612	1825.275818504653	47.312342439259226	138.1775876354913	5749.386745815211
64.02739726027397	50.16839243319998	1730.322100853601	45.570336193384314	147.45088936377374	5762.85333177126
64.05479452054794	36.311053323084224	1598.3243833048923	42.85654134950954	163.82469435450437	5779.848080632402
64.08219178082192	40.85618572259838	1490.1925556467863	40.79332303545556	174.85469204654828	5792.878478777585
64.10958904109589	47.63645775925621	1370.6181145458463	38.405730381488965	188.04800266122132	5805.649707732914
64.13698630136986	43.760077921887024	1261.550768400218	36.28081152309101	198.91833094742123	5815.786860335766
64.16438356164383	28.499894105338225	1134.6173228351997	33.59465611839101	213.84322275744105	5825.022623757334
64.1917808219178	28.78138274545315	1042.3345863786474	31.864592112650836	221.1436216235574	5830.004455698802
64.21917808219177	50.649184816771864	962.1925732260763	30.44470579526602	225.8318757846414	5832.670084269216
64.24657534246575	16.073053503793382	875.2182711525362	28.72124358519232	232.6519830547382	5833.376356678331
64.27397260273973	5.756454099231198	860.2474292201634	29.264850658707037	221.95653629669852	5833.078089762917
64.3013698630137	22.04270408590854	832.8103657054752	29.287876024325946	215.15928421517654	5832.420843563094
64.32876712328768	7.6859230664423	794.5439874344479	28.862324255478278	211.61930657231082	5830.984144424308
64.35616438356165	7.599786526356564	762.7224392916481	28.587747373845453	206.92705860841767	5829.115153717107
64.38356164383562	4.90451883535709	764.1508235934044	29.480186620113848	194.01918353322552	5828.4271555315045
64.41095890410959	4.895941195787796	767.039709070303	30.360098821018592	181.5161444909801	5827.865060081198
64.43835616438356	9.149967592121735	767.6608441755515	31.08754246412285	170.36725321563756	5827.265772359393
64.46575342465754	38.919171071568655	748.5384134686187	30.956048484630955	165.09971663806456	5825.784583665534
64.4931506849315	55.70623944021741	712.6189791990327	30.094742914684538	164.64962609272385	5822.977045375279
64.52054794520548	50.90628118553935	677.2330841715129	29.20669352218363	164.41393250762826	5819.447009164152
64.54794520547945	21.076823599409465	634.9634012145468	27.978182712209026	166.45636019737614	5814.367167588675
64.57534246575342	35.79438930846734	612.8800301324626	27.587055602362696	163.04602640764375	5810.505094231251
64.6027397260274	39.79903783077653	585.0669039353384	26.893912426952372	161.69624357534818	5805.436099425697
64.63013698630137	10.149477689257813	558.8769780233326	26.241022949256696	160.14810592152293	5799.834228827705
64.65753424657534	27.595333648611003	525.748590507829	25.20855648802097	161.2011233589828	5792.368590149195
64.68493150684931	31.810363436408593	494.59715832358177	24.228675387870098	162.0222381725652	5784.065252945066
64.71232876712328	15.308832625934643	469.2088356859665	23.491308920527793	161.33024198165782	5775.81020285563
64.73972602739725	4.947809321687845	472.2323079282616	24.1317156275975	151.47718788800282	5773.503064909922
64.76712328767124	14.070048824237102	459.7419466050972	23.935871087291307	147.35447494431602	5767.84453314844
64.79452054794521	8.426569074448558	460.39126771900675	24.390729533584775	139.11089259180466	5765.163101578188
64.82191780821918	4.964864472806637	465.22927382283666	25.034692582505308	129.90461609037098	5763.637796089413
64.84931506849315	6.107174006518927	467.91663988633695	25.531685325521504	121.91302595674753	5761.83270727465
64.87671232876713	20.364464348344725	454.2193205548365	25.10845586606019	119.83961928327854	5756.338272046812
64.9041095890411	27.285599512719838	447.84225443241604	25.06617734946537	115.51355081809882	5752.422766215229
64.93150684931507	34.94950678419161	430.6303445926082	24.398427809549858	115.1903703556432	5745.599410272819
64.95890410958904	9.651333094567043	419.1565668829135	24.03945420095748	113.02464806070745	5739.856087238386
64.98630136986301	25.35454457604952	404.2281926280447	23.457775390990342	112.37982513715943	5732.895672665275
65.01369863013699	16.585662175181113	1842.7889172833045	49.710007046424685	111.58901559012014	5734.733228232244
65.04109589041096	54.42137038067296	1770.5876605435087	48.3351972802173	118.13411677843789	5745.225792143451
65.06849315068493	53.87998313172522	1670.944945763866	46.2218174158934	129.82689486844635	5758.637119334061
65.0958904109589	60.07683654206411	1598.2083713964932	44.86584531933267	135.6779370001276	5768.272624869673
65.12328767123287	64.8081622273335	1516.199018426676	43.24207927497887	143.26088136657359	5778.384458655789
65.15068493150685	46.74591955796848	1429.7568366532744	41.48221500584513	151.59380824237198	5788.218125357642
65.17808219178082	31.84042953725405	1324.9693962871238	39.18359498541859	163.60892011726884	5798.704379677363
65.20547945205479	34.241091763769816	1225.1754272872354	37.021213410519444	174.37259710776448	5807.3273314936805
65.23287671232876	7.092877231248655	1164.1466292372666	36.015735557571304	176.3906696280956	5812.138209061466
65.26027397260275	20.76577301187624	1126.8335820336708	35.668071273618786	173.48515698057872	5815.026789004997
65.28767123287672	23.867707490953755	1042.4959235322244	33.79159672891566	181.55829417028866	5819.452677407789
65.31506849315069	16.57792298515921	981.779803946279	32.64567954335083	184.16669324566655	5821.690708908805
65.34246575342466	33.43801299258525	922.908680139528	31.491289700021596	186.70448692913754	5822.8816016528235
65.36986301369863	50.887862375982316	850.0788160099034	29.826712478051686	192.84416385974805	5822.71025876497
65.3972602739726	24.907686248624334	782.7647704490347	28.287935534050348	198.00331313136348	5820.751010968034
65.42465753424658	5.400200682847667	766.6472387899138	28.539384468632086	190.0778956723163	5819.461773799414
65.45205479452055	41.414698909717536	761.5105037541283	29.116498978023817	179.93596338890026	5818.591575127157
65.47945205479452	9.414265933998053	717.2727550615023	28.15683021599861	180.6527440640596	5815.470916364252
65.5068493150685	6.833571787665246	716.9452939230051	28.850435404743447	169.9035300058472	5814.523982707146
65.53424657534246	4.918419601898391	719.2916169575323	29.595733098332534	159.08267121833234	5813.804327006197
65.56164383561644	7.894080225702105	721.0691477570556	30.265383208015834	149.0696698879647	5813.120751779381
65.58904109589041	6.691447653695638	717.6509621005953	30.671958743770194	141.04111184117096	5812.164916229703
65.61643835616438	47.68592877393048	698.7611867736589	30.37008968065637	137.7428490860556	5810.203585616378
65.64383561643835	13.5643817066388	664.0691873339225	29.361964568107695	138.99782569613984	5806.607676264533
65.67123287671232	31.42107400142243	642.0508012707538	28.871025783520977	136.99433074878337	5803.567629581733
65.6986301369863	65.58139962915159	608.6481221418356	27.84583315789072	138.47051164384436	5798.783514161
65.72602739726027	28.874509610455924	579.7658413289919	26.991897964177035	138.90309910957137	5793.747793153216
65.75342465753425	19.209598660539264	548.8615483873359	26.017673574697127	140.1822292351512	5787.591950462995
65.78082191780823	18.916435652016045	539.6563517284641	26.03520727442608	135.03519737854126	5784.287050414984
65.8082191780822	20.529896448488216	526.2772838835434	25.821746283684202	131.50592213980067	5780.150464418758
65.83561643835617	11.03735120218893	517.1231119519839	25.78254913260007	126.95667647835288	5776.608390664864
65.86301369863014	5.437495248315691	516.0912147707362	26.11958388336248	120.13494849592165	5774.514366890263
65.89041095890411	54.902482085685214	504.7551154827862	25.90215321515079	117.0136107320148	5770.593992095018
65.91780821917808	41.89252975726927	489.863341072774	25.483173668308364	115.25593030209735	5765.743574363653
65.94520547945206	38.43207441302237	468.0882261766051	24.684241194764102	116.00219534760865	5759.045187847865
65.97260273972603	7.651900555603687	457.0244040256271	24.43227673560407	113.31073103047838	5754.256177097317
66.0	17.177351708669207	1912.913135895929	50.83533736499683	110.80184651999575	5749.40074212768
66.02739726027397	39.544231353464234	1811.8822683217818	48.728187930268206	122.85187905318745	5763.973352676362
66.05479452054794	11.62441163275023	1728.2478182385667	47.12185665539713	130.85870915212405	5775.778589283914
66.08219178082192	18.49912995621675	1684.5039556308407	46.57596051255767	130.8928961136329	5782.3531121147635
66.10958904109589	36.705106582786264	1576.2691811037723	44.24535489123234	143.82488589073904	5795.995471156482
66.13698630136986	15.515776740987642	1487.4197236290993	42.477184994504974	152.29895854193958	5806.620892447368
66.16438356164383	44.79839415600594	1399.1302566726363	40.708157467139145	160.5252083822526	5816.3278838016695
66.1917808219178	59.15962514294952	1288.3577528824505	38.27325669761355	173.39081230800113	5826.816009627067
66.21917808219177	42.30323425706109	1205.4004991798124	36.63588750985499	180.12664415369935	5833.741679706496
66.24657534246575	17.380952380952387	1129.2179100729531	35.17000315909965	185.380082220037	5839.083566511256
66.27397260273973	5.012197468181046	1113.5173323620122	35.5380067232604	177.0596183992392	5840.630817463206
66.3013698630137	4.905360251062194	1110.6723857855586	36.24735306975367	166.45497249054995	5841.470338045802
66.32876712328768	52.12195847540231	1049.7373874658251	34.998047907373234	169.801201397643	5844.686170261953
66.35616438356165	59.222848380214465	972.5779857529383	33.18433263563154	177.00378723821194	5847.290983613602
66.38356164383562	33.7382776033712	900.3658269184006	31.48910155174106	183.26443769261218	5848.233287606191
66.41095890410959	11.52839131739551	841.4819064916486	30.22723777918113	186.34548804595516	5847.649670787553
66.43835616438356	5.978548227903198	837.3864319832715	30.861896320469057	175.9162118191001	5847.295426199232
66.46575342465754	46.19092638474102	827.1180256259589	31.19868645145578	167.7639998871445	5846.825901513636
66.4931506849315	60.60044887894696	784.8438282186261	30.290729137612697	168.22244948857147	5845.210175749476
66.52054794520548	35.393022771514396	741.365635928608	29.27812641401991	169.38422830089752	5842.696597308857
66.54794520547945	49.041828148906625	694.4461649328491	28.08810646288615	171.76092039163368	5838.886161576175
66.57534246575342	54.58115191748571	659.073477723361	27.31567828977005	171.26954721316287	5834.832738499332
66.6027397260274	66.49771660691587	626.6741894963616	26.610226981032127	170.33547508846738	5830.238433347278
66.63013698630137	55.56380528038807	598.58460162505	26.03899206895536	168.50769032479707	5825.3453796656895
66.65753424657534	20.107378634731532	562.5911855584828	25.073155592257503	169.4499633419963	5818.567686937419
66.68493150684931	74.59042564072897	534.087968731701	24.397044068490167	168.45079185073422	5811.799305841257
66.71232876712328	64.98987668923431	513.4198534791068	24.019416241348825	165.43394647751083	5805.687830121597
66.73972602739725	24.894639070730516	491.0431547849826	23.514630756577862	163.36537096076304	5798.668321953961
66.76712328767124	10.403682868669003	480.91940523975876	23.55582117595001	157.60512863786784	5793.682726646318
66.79452054794521	37.82586278488672	468.2059918086984	23.417613149309975	153.1686710793604	5788.066827051566
66.82191780821918	8.97687930317387	450.8218682114397	23.01788113298818	150.60775619275014	5780.93664762196
66.84931506849315	7.344640498049608	450.83825481797624	23.46064380202769	142.45610819348963	5777.91474727452
66.87671232876713	20.051950864321842	445.9796648557163	23.611616601924727	136.43273986245106	5773.85890934301
66.9041095890411	34.82513277865943	431.917218351679	23.25121924331993	133.90544476360915	5767.3106638834315
66.93150684931507	37.55332754351196	412.64281538920915	22.578763456940557	133.5494732838643	5758.910866496251
66.95890410958904	39.622984951520635	394.1382329150275	21.920669692663115	133.2173584731517	5750.019424732679
66.98630136986301	73.64065463973242	383.7917174067169	21.688449719751084	130.1323754736251	5743.166515476916
67.01369863013699	45.02715683411637	1802.8196246783534	47.517128116924376	132.29568022894375	5746.933614953832
67.04109589041096	65.4517119016349	1701.3686403212857	45.539572456100665	143.20587351114003	5760.974148184302
67.06849315068493	44.769882857375485	1621.2404769334796	44.11893499099845	149.64466917385894	5771.781456042364
67.0958904109589	34.93135399319746	1490.7452786224296	41.332799507267204	166.0644634965312	5787.267809793919
67.12328767123287	6.857142473523743	1420.1642082013984	40.216347448268394	169.5627411269287	5795.532791567231
67.15068493150685	5.4205160083758415	1386.7386129061265	40.101754205981244	165.41314950307017	5799.888485105936
67.17808219178082	26.463242959173595	1303.1162982373266	38.46979043081088	172.41586027588392	5808.181211822293
67.20547945205479	57.76342824140659	1218.6300257480393	36.806341345968406	179.4042514822854	5815.462011576405
67.23287671232876	51.92842434511367	1131.3685214346606	35.017757583536074	187.09724372854055	5821.647809513216
67.26027397260275	57.35128852713587	1063.4673056119225	33.78525480568261	190.4754837459563	5825.545982990913
67.28767123287672	42.62206425548949	993.6674730931322	32.42956279106492	194.58681457837332	5828.380537107268
67.31506849315069	54.86844088345533	905.4848967791891	30.42946163439815	203.31444497433054	5829.925636986804
67.34246575342466	60.60819796812616	848.1268184794567	29.391339757317557	204.80345013936216	5829.557808637214
67.36986301369863	45.52192142033667	796.110095093857	28.469097750108755	205.32726313968362	5828.0268003997635
67.3972602739726	44.312134785279596	743.7913097719323	27.46353416614072	206.37382746282827	5825.202744842407
67.42465753424658	49.874783276699006	685.3628390768985	26.153294386175734	209.60070170807586	5820.441961838215
67.45205479452055	50.47375521524935	629.750820893967	24.86477694673674	212.6646441193088	5813.886742629751
67.47945205479452	24.19481261804972	581.3893408247366	23.77121535286134	214.30372735915856	5806.076283232175
67.5068493150685	13.130373521677152	560.5252097045434	23.723593824489726	208.20302478305607	5800.614652868449
67.53424657534246	57.62244484592654	537.3878422069927	23.495148159833278	203.40501155008513	5794.339669662631
67.56164383561644	33.42951447603749	503.0829238236263	22.7039202152917	202.70866521705258	5785.261980876815
67.58904109589041	37.54703456676171	463.10470783594315	21.58652660525641	204.5040855193455	5773.307779499874
67.61643835616438	31.44500696554656	427.08077752571467	20.57394470114	205.71127123084003	5760.117271755549
67.64383561643835	48.817677060271	404.6422897796672	20.142237266734767	202.75037399297443	5748.887452906075
67.67123287671232	51.39892661875223	386.3065343095208	19.840087378237094	198.87513667700898	5737.991612073505
67.6986301369863	35.548232664742116	361.1894753231546	19.11959836765815	198.18260209741072	5723.8178814632865
67.72602739726027	20.15640797420656	338.4049566818417	18.460067829475122	197.23067422262287	5708.847365730126
67.75342465753425	26.14869899411868	334.1695679283855	18.74678168971917	189.2767204027876	5700.547395241827
67.78082191780823	43.040570452503225	322.8464800522431	18.58501495270114	184.70081032877874	5689.217504434169
67.8082191780822	59.080202009926644	309.9344233788974	18.28456290644697	181.25043860143487	5676.626771128395
67.83561643835617	32.31702535404287	296.79293013314003	17.917387814228285	178.38739316632052	5663.377639421471
67.86301369863014	50.1045296258539	287.9951777096927	17.771455445588487	174.03244813683298	5651.62124570027
67.89041095890411	32.460275208944175	275.2149984567694	17.33744858639321	171.90855342076975	5637.365584044227
67.91780821917808	6.44967009033959	275.2266389195874	17.67743247957428	164.2312905035463	5629.563310733404
67.94520547945206	29.338896171433127	272.57140716389205	17.809792792357598	158.13771780608795	5620.752221246366
67.97260273972603	61.07441651571669	266.6338854909697	17.70122421794007	153.88882158880972	5610.131502814789
68.0	34.442548572830574	1725.5411921105904	44.10855850423138	150.8295761846921	5598.392005574238
68.02739726027397	7.480735512040136	1648.4643415702658	42.934769463093915	155.7759047664698	5609.446885632224
68.05479452054794	17.375536655283906	1587.7874624665646	42.135763503727446	157.61719271376296	5618.086717823183
68.08219178082192	5.063816920426619	1561.4398266926341	42.23200045941155	152.45928959610188	5622.553843214773
68.10958904109589	8.987261846285376	1539.8823422198013	42.404617383917355	146.77635421596264	5626.347251454019
68.13698630136986	44.887355426483644	1431.1605980406212	40.144709642641836	159.2198364619271	5639.080356013173
68.16438356164383	10.517702353851641	1340.4718199454148	38.40254337158476	167.46942054062242	5648.8937236931615
68.1917808219178	7.2993270629412565	1325.0145449119775	38.76485592552034	159.8519998095322	5651.452669106858
68.21917808219177	31.23265036541707	1294.3527041881632	38.61940800158774	156.0539418834446	5655.172400498657
68.24657534246575	16.437413130309547	1204.863197104231	36.703456133004345	165.02724882835443	5663.046112670528
68.27397260273973	7.5220145700167285	1182.2824988528434	36.786872336098	159.3166913207216	5665.507034841993
68.3013698630137	35.553182244344626	1140.4682956126055	36.208352692425144	158.38225428023298	5668.991911720617
68.32876712328768	16.466881469798835	1068.943841246788	34.677353009873244	164.10598275121637	5673.5127968315965
68.35616438356165	38.06255310728267	1007.5888089774709	33.42527838252415	167.70118148298874	5676.563597091101
68.38356164383562	31.757701092893107	931.3410856595692	31.64494900545623	174.93847774689763	5678.882721339309
68.41095890410959	23.734522052027394	862.4090024927898	30.076271495457284	180.55950242168555	5679.479397178992
68.43835616438356	10.825065893004451	819.3010015164106	29.350201383336827	180.02892169776612	5678.9369436762845
68.46575342465754	8.212364801650736	800.4546323715305	29.430031017976578	173.71314510225554	5678.283225035665
68.4931506849315	15.348524928361027	780.3653766542657	29.409909665004992	168.16313344050633	5677.379136959403
68.52054794520548	12.880092632487633	749.2299862444158	28.91796203803644	165.92548481392834	5675.795755812757
68.54794520547945	52.226900116947284	717.0463753654014	28.335145454080877	164.31532818745717	5673.6225560759685
68.57534246575342	49.79671407795021	687.3638923802749	27.80226976168218	162.370214544542	5671.00734518042
68.6027397260274	19.328020558399327	644.8489613597219	26.706245066411764	164.29871390107624	5666.688471664777
68.63013698630137	6.317490036833287	637.9324048803687	27.036657293204733	156.49206235918808	5664.829740280053
68.65753424657534	6.791797589161007	635.108692929961	27.487519283673347	148.05891944970702	5663.381117739123
68.68493150684931	17.54969097806288	606.6114835266392	26.786835801713323	147.4025376415271	5659.279450589647
68.71232876712328	6.008908966103973	599.2694969238086	26.9834690378027	140.87504712442652	5657.092158970191
68.73972602739725	22.287328158868814	593.2489566174672	27.196049600380167	134.4116030518364	5655.06562625781
68.76712328767124	17.946378437241496	563.4798700495791	26.289710329688734	135.3039729741808	5649.899103828571
68.79452054794521	50.53724860413836	543.3960612795047	25.80300363705351	133.52834499292817	5645.421156337392
68.82191780821918	17.688500637423825	518.5909293395644	25.060986961093825	133.4895456996404	5639.704778123758
68.84931506849315	22.187952158207786	503.4551785319524	24.749812607165396	130.70720004746877	5635.15698465333
68.87671232876713	8.643945495232678	496.8767958053285	24.83468025021344	125.4309296257076	5631.93970565287
68.9041095890411	8.629516673556362	485.3989678619652	24.645097710142476	122.0564944504024	5627.730224940062
68.93150684931507	51.600212347273576	477.1936480612749	24.58903189238329	117.93725099492825	5624.086640790442
68.95890410958904	32.8209783972659	456.4021918439444	23.86134446601391	118.23785313608002	5617.5591610157235
68.98630136986301	8.278803864000318	446.44300363531903	23.68146177065469	115.06549469722688	5612.99543719854
69.01369863013699	42.88513739715704	1861.2954944291137	49.42057772579665	118.19693363174838	5619.388837066438
69.04109589041096	23.00010437287726	1763.8012445963166	47.45407174324531	129.00315774780546	5633.530469600395
69.06849315068493	29.23931025148513	1670.2266553180355	45.58900241714383	138.7850580418421	5646.532891716725
69.0958904109589	25.82220414354329	1596.0340877071285	44.26513003142343	144.27060506242765	5656.63768743662
69.12328767123287	41.13207686270862	1489.112340067285	42.02602134403411	156.24466967319663	5669.707589274313
69.15068493150685	30.311235743309744	1393.3545623128903	40.1096925852273	165.51803098213637	5680.544490245286
69.17808219178082	52.44204993572815	1296.0337252886525	38.12194377270181	175.05191610156547	5690.368580623683
69.20547945205479	19.705656216100685	1194.1287440659219	35.96871129500192	185.55514041055858	5699.123706954934
69.23287671232876	59.38395410293775	1128.316633352892	34.86229857346762	188.07541941424057	5704.158373378811
69.26027397260275	39.39832554054856	1047.2279993032143	33.22727674740028	194.30039477978715	5708.919368869939
69.28767123287672	55.22243101424578	962.2820482438458	31.423963341628955	201.58841898782828	5712.188322356585
69.31506849315069	51.22538432938488	896.0708630459834	30.16113162874218	204.72710818482113	5713.37959544005
69.34246575342466	23.003185272679723	819.2503676449213	28.46861591563939	210.91132132025731	5712.888037173488
69.36986301369863	5.296962990837533	803.5644901288096	28.83436309551264	201.8587356367634	5712.181337358264
69.3972602739726	19.28837208417606	770.0800633322406	28.4697257168735	198.0946554279355	5710.761303026747
69.42465753424658	5.237791920823166	758.4089066470922	28.85662669763377	189.01351117216763	5709.692586398515
69.45205479452055	24.64036296961913	717.131020884742	28.0395244624318	188.4014713566461	5707.027691403705
69.47945205479452	67.55689559810688	678.7116044164707	27.269687535292668	187.4448500660823	5703.597236499007
69.5068493150685	41.21822912437717	641.9636502808959	26.507278165673576	186.44337089273822	5699.334455223525
69.53424657534246	22.138041755933457	601.6775030477345	25.54574687793409	186.85240833431294	5693.612316413569
69.56164383561644	17.826081050978512	588.4066815553762	25.66774125217535	179.782913129202	5690.1881363628245
69.58904109589041	22.233636086538205	562.61280449064	25.175969161121632	176.99165000217997	5684.912290095499
69.61643835616438	20.759967836595077	547.745007608622	25.11955384544134	171.30246021650223	5680.675704752239
69.64383561643835	46.38997866732618	535.3455155863977	25.123598192218495	165.30985567644063	5676.6167425951
69.67123287671232	26.59888787645968	499.398641049863	23.977216400875374	167.12359154504355	5668.086957431229
69.6986301369863	11.319505684450345	488.76668251761674	24.001737198375025	161.15755416652246	5663.374722694369
69.72602739726027	8.829836938306029	488.1483189449319	24.471645412723337	152.3800383014138	5660.628553825881
69.75342465753425	30.596840955197564	485.62453907380643	24.800415665133908	144.74383830177354	5657.681919965535
69.78082191780823	5.974213710309032	478.34602921616107	24.859714967482866	139.01709331999464	5653.747522941872
69.8082191780822	12.233113415651037	479.90842691700414	25.33900010193775	130.8160812936475	5651.726949641332
69.83561643835617	18.869360962773502	475.3580025793344	25.462511894368415	125.07135682589588	5648.596088482457
69.86301369863014	5.644206967869339	476.0400867911317	25.843308274691857	117.91931240398874	5646.581996786309
69.89041095890411	11.22437732961983	478.15538905625147	26.272858627610958	110.72124734149351	5645.02975085707
69.91780821917808	15.367967986605008	464.5032845617554	25.816129214482554	109.04722378973108	5640.197010270552
69.94520547945206	6.234720151089966	463.491668176271	26.041818138862954	103.38018144718377	5638.0029318268
69.97260273972603	28.592817285903966	466.11308745760095	26.449756228304597	96.84135250764952	5636.727164664778
70.0	29.039498374256787	1916.9501098871424	52.46035036831252	96.77231724883508	5631.388568899405
70.02739726027397	55.71767856286446	1845.6448066261005	51.01006856373008	103.87124325706935	5642.166418897269
70.05479452054794	22.9614065187177	1753.0382010100898	48.98388275772463	114.82580666452911	5655.360000421082
70.08219178082192	11.935259494491548	1687.7790076127574	47.74014750640393	119.91545812646714	5664.668098015472
70.10958904109589	19.391371805545667	1645.2518281610808	47.120016703354764	120.44788832275817	5670.9581572962325
70.13698630136986	7.0574575475797445	1600.846299500313	46.44504462922941	121.2472633132847	5677.292625603923
70.16438356164383	22.001233647438905	1558.9830773477918	45.81143101454264	121.7167339942672	5683.128985660424
70.1917808219178	5.2113288008561	1534.0475388900272	45.66794030165401	118.68635976127324	5686.958248650612
70.21917808219177	11.489517473355654	1484.3531429627924	44.76125924201169	120.94717763360282	5693.260559432559
70.24657534246575	11.351256312426083	1460.6609803964836	44.61550569841567	117.90098727031784	5696.691416356757
70.27397260273973	51.50408958532974	1427.5726882683186	44.155024045012105	117.04279810457668	5700.929305912013
70.3013698630137	20.477056054259485	1350.940825088628	42.343651035655945	125.29206276438691	5708.964029629124
70.32876712328768	7.083170833881991	1317.2010214738063	41.872607879569934	124.20167703986085	5712.760354805359
70.35616438356165	46.41458853673589	1291.8220273380875	41.62702298486851	121.61464722634538	5715.690933391495
70.38356164383562	32.0563963873544	1218.5780591904415	39.8282317798726	129.45884042675004	5722.0021386838025
70.41095890410959	8.752018463757997	1181.045068718301	39.1965566444813	129.2126127138239	5725.244609509339
70.43835616438356	12.385888583459401	1164.1068273828373	39.20632859968619	124.67811432236908	5726.975135719785
70.46575342465754	23.522338968610462	1146.4701635250408	39.15972984519837	120.61517858750743	5728.647322176536
70.4931506849315	41.837700806627105	1094.5907586325995	37.92424073687274	124.43677688283415	5731.99452853689
70.52054794520548	83.07897958362099	1037.9043846474135	36.51172375587154	129.31663870093294	5734.939093315264
70.54794520547945	51.24493516133646	998.5443426669244	35.68466167164609	130.214119580489	5736.640198300851
70.57534246575342	23.287166470423653	939.0876317037688	34.119144625827516	135.96803291468646	5738.257207785038
70.6027397260274	59.102016901514645	898.5994003326659	33.219289530115724	137.18545447030982	5738.796740000093
70.63013698630137	42.981874132198044	860.5903434701594	32.381568877142726	137.94889954090743	5738.779849606032
70.65753424657534	22.347530731376715	818.3807464896394	31.365662025900694	139.8579122488675	5738.101778181504
70.68493150684931	6.707877399503641	805.1599523917454	31.42296613583817	134.5844890314311	5737.55480666369
70.71232876712328	5.9143062448399855	792.8629736159427	31.478064795216135	129.44273275199774	5736.936449020761
70.73972602739725	23.579594302194952	775.349487187106	31.280786490623655	126.08395062041657	5736.08008717824
70.76712328767124	8.173198733737994	762.6958217088735	31.257897973064104	121.6532654560699	5735.2235367568455
70.79452054794521	35.84132027176126	728.2138733641845	30.30669941184346	123.3147056650837	5733.2065176183005
70.82191780821918	21.7318771191123	689.1772009853463	29.149211786285296	126.309397986932	5730.2078089862725
70.84931506849315	46.329124235062416	658.6846764882931	28.32991934714819	127.09296419066007	5727.051202025971
70.87671232876713	28.62745067078362	621.6983720830896	27.20163403141209	129.94893147259853	5722.599260311324
70.9041095890411	23.216070087735044	598.1085105072324	26.639108712536572	129.06155388134994	5718.762333885952
70.93150684931507	64.0252929016222	585.6779648179481	26.535436878120155	125.18753546071923	5715.953255121257
70.95890410958904	47.829270493578264	564.7253944693443	26.016173789915783	124.14005558290951	5711.810327259173
70.98630136986301	45.635050465736725	545.7311628858688	25.559934483178033	122.72720900629272	5707.538733751734
71.01369863013699	38.13023157779229	1941.0474766472787	50.614464706660016	130.34613441382714	5713.244751768223
71.04109589041096	9.915359747826704	1835.0469676886926	48.546226387126936	141.78463658799376	5728.983388985859
71.06849315068493	19.672851447546883	1753.2461508367235	47.10229525944748	148.2801732936633	5740.9604637795
71.0958904109589	6.004232475988234	1713.6208235408212	46.78823068213031	146.15972457683432	5747.366874081451
71.12328767123287	7.308330328220432	1695.7393940591987	47.020263464289236	140.05104782417325	5750.985154224477
71.15068493150685	27.163964799498117	1626.9646674672829	45.8032019737872	144.49492122757601	5760.444159506016
71.17808219178082	43.477012237044	1538.5925895484086	44.02946463417506	152.73777490545163	5771.577265893319
71.20547945205479	40.444974959951075	1425.321923573037	41.548891060022804	165.81052837032362	5784.323872232126
71.23287671232876	33.4193079884845	1329.8275525195015	39.56121228879408	175.02288545982873	5794.09754486633
71.26027397260275	43.75459487224377	1220.5497586755596	37.148565834137216	187.0753229244649	5803.5382295065865
71.28767123287672	74.56283826601432	1132.5094371756895	35.342655735640854	194.45367942450068	5809.881079076658
71.31506849315069	57.10821231405403	1066.1185606561503	34.16675632367629	197.01317491865288	5813.80106574039
71.34246575342466	30.33583159817299	977.0726939522787	32.20005492530881	205.17811595060343	5817.194202099673
71.36986301369863	18.69107412909074	931.9894368708599	31.633593934820276	202.9641218672099	5818.187385988315
71.3972602739726	7.883647171043904	884.3186301962792	30.909495839449324	201.79361416047809	5818.441003974398
71.42465753424658	5.83546772723059	879.2289743054438	31.591061809842397	190.56193230094354	5818.360881597826
71.45205479452055	22.21443044088933	871.128494382227	32.09076327738259	180.82110941528214	5818.247693902557
71.47945205479452	8.059978958241867	849.6845615871144	32.05105325926788	174.92487570335535	5817.87787662437
71.5068493150685	15.668413772558143	810.5448232066111	31.280481704873857	174.01910441743343	5816.8672753614255
71.53424657534246	64.5050559273863	785.5570411547279	31.00166914229323	169.81388793662438	5815.70823169281
71.56164383561644	17.186456874441024	746.524171481195	30.124259903017776	169.64132831154896	5813.506452904372
71.58904109589041	5.481781381933155	737.4900993534201	30.412447087888022	161.75568992835912	5812.30923503185
71.61643835616438	30.61147817800331	714.0204408577807	30.04023372256927	158.35843467093915	5810.239968440821
71.64383561643835	36.39529167390236	672.8331074201304	28.89182706082996	160.08265879152995	5806.345829245294
71.67123287671232	25.448002747264397	628.7077091035164	27.581373460316744	162.92327766522706	5801.00384944789
71.6986301369863	10.73146794921896	613.5094801656719	27.496028245272026	157.699784642725	5797.841252193917
71.72602739726027	16.047328088400928	579.3572774543238	26.514600616811606	158.47524261944466	5791.984492751376
71.75342465753425	47.52949097965129	552.202006529048	25.809463409282763	157.49201093592433	5786.181142847596
71.78082191780823	16.47476888909949	522.2662411830241	24.932317975197837	157.73594886098817	5779.101821619827
71.8082191780822	24.623925464761083	519.9706973030816	25.329147006928867	149.57764812881985	5776.391282557712
71.83561643835617	18.414792697343447	506.3930842016767	25.13677096484978	145.4617810884845	5771.632594949187
71.86301369863014	16.500019471213008	498.1618569937739	25.171227186292064	139.98265418742628	5767.751172954772
71.89041095890411	28.450038473277456	493.0449912325066	25.331037110820876	133.83966805472988	5764.442322129686
71.91780821917808	39.49355802426308	472.1716061857392	24.65041395431877	133.22944733517122	5757.73311447414
71.94520547945206	96.45716497990436	458.4900571032415	24.317243503398	130.47285720018252	5752.125005080919
71.97260273972603	52.86426357000818	444.01327096528695	23.9134502484624	128.27611023663948	5746.026590038919
72.0	43.49539595620193	1897.9848096535063	50.24520307004086	125.73600146957205	5740.060536318391
72.02739726027397	31.47619047619048	1813.9180153949935	48.67327195805337	133.48443620791278	5752.53459963083
72.05479452054794	14.160225445846383	1700.1039222360243	46.319328328382376	146.70675547661983	5768.163035788843
72.08219178082192	35.29130373108107	1581.1630534719436	43.819548962808845	160.69316216433276	5783.340722267316
72.10958904109589	49.031522289061094	1499.0572311803319	42.34268715546769	166.75260362620094	5793.497265449068
72.13698630136986	39.31352727989996	1399.5302929179102	40.35224242304812	176.349170697651	5804.514194503902
72.16438356164383	29.04714155049059	1286.4437174414713	37.95521437258694	188.67101806014952	5815.341194685114
72.1917808219178	12.374864270227718	1223.4139230260714	37.001666564812595	190.01962903218052	5821.04380424286
72.21917808219177	17.60225091856025	1184.7437824690478	36.71784490090592	186.30301877721192	5824.56314165547
72.24657534246575	45.7456332131409	1131.2384035970324	35.91277994439056	186.2960036473037	5828.522300310163
72.27397260273973	65.22114930029248	1038.4121840372027	33.826570868535406	195.39461731282458	5833.314377404953
72.3013698630137	51.67845812289291	971.5322173520027	32.52410125473979	198.65213368614013	5835.603291848711
72.32876712328768	25.30365693993662	882.7691921506745	30.425306449104927	207.56484686548345	5836.547493773309
72.35616438356165	57.82322723158346	825.9994678650019	29.356941245615825	208.87370603056812	5835.672652419367
72.38356164383562	22.236444644544427	757.9270080507316	27.81296068685216	213.57077205532704	5832.902928914325
72.41095890410959	46.18634564361819	733.7049075430343	27.79923136383852	207.05597222159795	5830.8011102747205
72.43835616438356	35.133983884924426	681.9585294532878	26.660109355665554	208.61831939309144	5826.274820663352
72.46575342465754	46.596408200449766	632.13976795713	25.527944424012812	210.1427961224838	5820.1940939790575
72.4931506849315	36.25524209859636	592.4738863613209	24.71847114472787	209.33589907723342	5813.642306603873
72.52054794520548	30.585633185310655	549.4415745200904	23.68603276959909	210.16582896783297	5805.154955826629
72.54794520547945	28.946962452019093	504.36804076584855	22.487314212808133	212.3142456833909	5794.33299143725
72.57534246575342	6.25763892072259	494.65908696645533	22.796475850337327	203.5537748495208	5788.897472200231
72.6027397260274	14.651287930370094	471.6275447556414	22.413569056013685	199.79654150716476	5780.450835310215
72.63013698630137	29.615539229858957	463.19089617000486	22.649801707336568	191.68395610949966	5774.849050465496
72.65753424657534	34.731905454238756	435.18418829351157	21.869287273844655	190.80316258337058	5764.139083394965
72.68493150684931	32.708580499863835	418.05921060051935	21.582064407037198	186.58141659015882	5755.1889707612845
72.71232876712328	25.25805365180319	389.9009814269607	20.662986944043062	186.92295811441102	5742.159412098832
72.73972602739725	30.004629162781534	377.22222072519855	20.50582773824052	182.00438681363207	5732.968971379423
72.76712328767124	14.100066967071918	363.294036315773	20.232360882496014	178.01455230954647	5722.881199127275
72.79452054794521	26.15357388479668	357.4792813860503	20.36083358046426	171.29551525330115	5715.451188716551
72.82191780821918	13.136076471893448	342.14372369991435	19.909132398077578	168.7506955065356	5704.157044734903
72.84931506849315	43.089516911585264	328.0407266202852	19.481037505841485	166.16965655173422	5692.776176326403
72.87671232876713	43.716772400117904	313.361398366587	18.982374181221495	164.246689944984	5680.381729979329
72.9041095890411	65.46638198607228	302.0947254982377	18.654329456162	161.2706493535902	5668.822816208663
72.93150684931507	33.23746238108535	290.2127935780564	18.248106407217414	158.9742419813664	5656.553366203869
72.95890410958904	6.382187126353194	289.14863161894107	18.497130355396035	152.15157496165162	5649.288261859141
72.98630136986301	4.950659119567791	297.49351333958293	19.317030020856546	141.4959855614102	5647.231866327004
73.01369863013699	57.72776835345981	1716.7877800897702	45.15739150721039	143.34074163051943	5649.818889293271
73.04109589041096	33.253731291424316	1602.72634030717	42.89402093998791	156.35539587186756	5664.937192789063
73.06849315068493	38.422147344638226	1477.637953707489	40.35130811567183	171.15053373244763	5680.063529153166
73.0958904109589	27.440555655436473	1372.3711392695002	38.34618941547775	181.49902995660872	5691.731890384337
73.12328767123287	37.85027992444252	1274.6149087931633	36.507454098086455	190.27319194634677	5701.3837773955665
73.15068493150685	44.7939898101661	1196.326596438494	35.18338495869538	194.84459338482623	5708.286082942853
73.17808219178082	14.513340533555771	1118.989556733814	33.84145903571877	199.30877421683218	5714.006509154885
73.20547945205479	33.99117511711343	1092.2045813469729	33.95684368637047	192.6273336274229	5716.248387952504
73.23287671232876	45.84038119120313	1002.0799283995707	32.045771086265525	200.89697152222064	5720.601669926978
73.26027397260275	62.843652820833576	912.5660209816092	30.096187291876813	209.30519460584622	5722.842291132879
73.28767123287672	60.819036173425125	854.3193612480437	29.104465103996223	210.42233920425815	5722.95570268345
73.31506849315069	49.87218364208544	807.5698919272212	28.4203540880181	209.11491269344552	5722.0445315664265
73.34246575342466	56.11408297290536	756.4808780698664	27.50829939960718	209.38310255733586	5719.938471487517
73.36986301369863	60.330023225948736	718.330373774659	26.988070327975763	206.7014907922817	5717.274478331531
73.3972602739726	27.573776891995156	661.0896808324602	25.663160248203624	209.80792602063931	5712.239552830839
73.42465753424658	13.276109637850622	626.7056634315736	25.154702093218305	206.97089170876723	5707.519402959551
73.45205479452055	4.991103022047449	627.4380714352084	25.97920928543579	194.58937780464035	5705.864957611946
73.47945205479452	11.415795123910058	620.9323007707561	26.429691624875215	185.0358709445606	5703.593767926705
73.5068493150685	14.019357574038228	608.5249377969676	26.57093246523247	177.7542236830682	5700.644101013629
73.53424657534246	4.917029621280629	609.1809435454686	27.23196217592284	167.16628974303896	5699.084600893796
73.56164383561644	5.991258903577292	613.6461812238077	28.00967929669624	156.12040035848923	5698.074066012504
73.58904109589041	4.9799103032452985	617.6180829141431	28.71950534426357	145.84924311590694	5697.128924336853
73.61643835616438	51.156837362272526	595.5650881172222	28.17805011836823	143.65898651108432	5693.342957945177
73.64383561643835	37.31397324625386	560.9596662820115	27.00838448518829	145.5054139865736	5687.376954023133
73.67123287671232	7.287533149233834	543.1251884967611	26.620803080430687	142.46733207749193	5682.9558805340475
73.6986301369863	90.95332428825917	525.6726185375674	26.210170537615088	139.6879545257867	5678.292275092908
73.72602739726027	14.673637675222166	508.7945667235874	25.79685447576771	137.02430068617562	5673.363954536191
73.75342465753425	22.268388840044175	505.4005602942125	26.031082874882323	130.4047138621147	5670.713348124683
73.78082191780823	10.11802886433294	499.3746811154645	26.10112316534219	124.99096664100333	5667.60250132194
73.8082191780822	9.266660951126212	496.2488140217895	26.29282022601852	119.00187463313122	5665.075515528291
73.83561643835617	15.125135635243675	493.7966452702216	26.492761318848384	113.15758949610284	5662.753940297527
73.86301369863014	11.0238742049844	488.3869823856062	26.511747145773562	108.58551862174218	5659.895371150619
73.89041095890411	7.338212715749435	489.27682574884244	26.85224723468969	102.24832952121274	5658.3071076371225
73.91780821917808	18.48332806376985	479.86551229797595	26.60451963834399	99.61106296980292	5654.756618992321
73.94520547945206	46.817327259936604	468.7719279881843	26.249626501103975	97.70405528077646	5650.701843478954
73.97260273972603	14.302111967907512	455.2430049693331	25.74435070865863	96.78009314129405	5645.898980536674
74.0	7.162469809533928	1917.8102417853802	52.42329940584967	92.84570925329962	5643.097211045245
74.02739726027397	61.944474352945335	1850.5017885819025	51.05990690410129	99.49734153877499	5653.277340536338
74.05479452054794	32.92629861361416	1768.987135405036	49.31582389652506	108.63929915920185	5665.011378676494
74.08219178082192	16.45086897041295	1711.4618102706033	48.264597373934286	112.56105688887443	5673.379284054095
74.10958904109589	26.98168809778784	1665.1307435510043	47.50821345164083	114.28806343308871	5680.13775295922
74.13698630136986	12.188446322211572	1603.084146534585	46.31146359112571	118.95967632705536	5688.522826600902
74.16438356164383	21.798902058491347	1562.973389795834	45.729210733178775	119.17679294193132	5694.14170008105
74.1917808219178	29.645677202575772	1498.4570505558286	44.424339874914935	124.35528975609994	5702.158786764396
74.21917808219177	18.670898773482776	1404.1326221011714	42.24251521145001	135.4670310614509	5712.608209647245
74.24657534246575	5.056931491742992	1385.397324653696	42.32176021738828	130.49770224293755	5715.392168585218
74.27397260273973	21.93009284056762	1348.902534484293	41.808894139854516	129.73941286516293	5719.645903209536
74.3013698630137	5.963375760262009	1318.2864756947015	41.47060530042642	127.70367933798073	5723.188769575681
74.32876712328768	4.973687308368923	1313.2510198020773	41.89633592944705	120.51086993221071	5724.480230337342
74.35616438356165	14.161104235009587	1293.1355206892017	41.799628817172106	117.03238217121996	5726.933767385914
74.38356164383562	51.569001165996156	1231.5582950300093	40.350254170496584	122.63052498982057	5732.373342604304
74.41095890410959	41.42439922548699	1155.6307099013973	38.424114672950786	131.29318148485063	5738.071142132696
74.43835616438356	46.10394477586584	1079.5008726948033	36.48694807815234	139.86542349797278	5742.719151604066
74.46575342465754	65.12052818928302	1026.8571564697927	35.33479513776165	142.91206642340458	5745.346954186376
74.4931506849315	32.77212236353424	966.3178528014332	33.87275554035242	148.00475260979914	5747.458527034552
74.52054794520548	43.24654653668306	913.4881496878447	32.65817710812997	151.29382345422704	5748.471559402562
74.54794520547945	25.751750759749285	863.5111406346879	31.522360627580614	153.9550576536565	5748.570983035145
74.57534246575342	17.6611441262016	838.706675759612	31.260135620182538	150.56052334485324	5748.211345546849
74.6027397260274	18.27835349095139	830.1896915235486	31.559950489820807	143.40557421679205	5747.895575321427
74.63013698630137	16.779374918345972	795.2386307822529	30.81396351982036	143.39342692684681	5746.880265335017
74.65753424657534	36.16508765262461	742.7934926344602	29.354933875797514	148.18215054336292	5744.516955787529
74.68493150684931	42.654698495747915	704.3497807883006	28.41886711991224	149.40737668676556	5741.723599255168
74.71232876712328	53.226585242127186	669.4702621296493	27.590855578833665	149.896596112378	5738.343169735166
74.73972602739725	46.32594954067205	642.7186036007145	27.052907184047882	148.42365693154144	5734.965970589158
74.76712328767124	19.680174412265323	605.3940615118386	26.032512780098596	150.2755076035319	5729.838488298767
74.79452054794521	17.57348529979788	583.9368601721726	25.649475697749303	147.7916029768247	5725.7703380518815
74.82191780821918	6.170210103083554	575.3650432448097	25.799100566153843	141.73959512536655	5723.040025692109
74.84931506849315	18.904451801358864	547.7961986942822	25.05744835794429	141.80508702278263	5717.440483100777
74.87671232876713	17.442314962147844	540.3701487130406	25.19889017419899	135.96474719072404	5714.470621678553
74.9041095890411	10.477110607303928	524.7443328106949	24.923669110930238	133.0229728040572	5710.069575659971
74.93150684931507	25.473158897383353	505.82957123359114	24.452372542248543	131.47061227267778	5704.826524331343
74.95890410958904	32.2078921462159	490.5901717985449	24.13463205810867	128.95695097734483	5699.830047119358
74.98630136986301	9.400900483691427	474.1043776593497	23.72924264295904	127.10086857245979	5694.21961401454
75.01369863013699	47.76061675354833	1897.7919558983588	49.811805549282376	127.5688354169108	5699.986185490213
75.04109589041096	15.672810904670168	1786.313239382538	47.560392627128856	140.4294159745076	5716.101857895683
75.06849315068493	17.619997987607473	1753.128275507969	47.38120081305559	137.59923219234685	5721.7660597194235
75.0958904109589	22.814202510967935	1627.7216188162565	44.703688611001986	153.10626557814598	5738.299267879752
75.12328767123287	13.66778464475827	1577.0212959286985	44.074151129186035	153.1337589548615	5745.463387090179
75.15068493150685	5.831491977365152	1549.2379591354352	44.05202312160102	148.63279160213335	5749.883024324563
75.17808219178082	21.04590844095746	1457.2988900978307	42.170901700921114	157.5814951526752	5760.706625150939
75.20547945205479	21.922043301100167	1378.7602948799383	40.66159663024537	163.56855405310634	5769.374494333098
75.23287671232876	46.651257227088	1271.0695993377446	38.279902070605594	175.6485080406028	5779.501072017851
75.26027397260275	70.49899938650188	1185.676673819452	36.550658781230794	182.7207024391891	5786.489728218703
75.28767123287672	56.613311450761536	1115.1646919090233	35.2287449497511	186.61680901437308	5791.403278940913
75.31506849315069	25.596841419452044	1023.9314263625881	33.19945393673137	195.4861204285539	5795.966707405624
75.34246575342466	6.669145282706777	989.9064221448124	32.983062479950796	191.001355707128	5797.414912928211
75.36986301369863	8.296478193384194	976.6647815759934	33.3845415922192	182.10882255855313	5798.093465781825
75.3972602739726	6.897038826070531	955.5340594455691	33.45421153042535	175.6730901958373	5798.796831453107
75.42465753424658	19.563718450966967	909.2309646115519	32.584388887249766	175.78330886694388	5799.496643131773
75.45205479452055	10.513538886527526	878.3893680416862	32.220236677753604	172.3608343788605	5799.533354981343
75.47945205479452	44.293290744195936	828.9228872404594	31.114302665127806	174.01315411475647	5798.874697225988
75.5068493150685	19.511470009210598	773.8707327094489	29.762952853741414	177.30886508286534	5796.938508459594
75.53424657534246	20.760657962248448	740.2477238925226	29.169298761335234	175.36881853545185	5794.837226342956
75.56164383561644	14.750820933393143	709.4551610390876	28.644283406994738	172.96693937997074	5792.232946601063
75.58904109589041	7.7187282442260665	691.1178042724466	28.566889223876366	167.55500885053536	5790.005228069859
75.61643835616438	4.913200215728196	693.3874232791491	29.287791571068574	156.93995227311547	5789.172739816279
75.64383561643835	7.330074082955789	688.7919000104654	29.667561120896057	148.84190303132542	5787.912301401238
75.67123287671232	7.270542483119153	684.4947594612757	30.018352473628692	141.1470663532497	5786.680762925362
75.6986301369863	6.013379625000213	674.5639557117087	30.08635839606977	135.4401255344959	5784.991535681356
75.72602739726027	32.716920163693885	664.9831421387187	30.126693411228707	130.07897117300809	5783.305586621272
75.75342465753425	10.509370163590235	642.9571492141382	29.580608964783117	128.48356688662093	5780.331964460384
75.78082191780823	18.459309045128144	636.1573566196519	29.698542147417278	122.85713930682915	5778.638811363868
75.8082191780822	27.237736771169207	611.2087386575969	28.94147099782683	122.77934020967427	5774.914956546346
75.83561643835617	15.645564187215232	593.3195017842872	28.49699123080068	120.80875284991421	5771.5720318261065
75.86301369863014	27.62795536379684	570.2941576437804	27.778027796024837	120.630354581426	5767.238299421732
75.89041095890411	30.509236357333247	541.0743672099071	26.735903694715624	122.54529522565865	5761.393465446656
75.91780821917808	12.039344755413245	530.7627844827994	26.608469691693653	118.73392395293342	5758.017995843941
75.94520547945206	6.041515124597877	525.1623711525287	26.690061373939063	113.73358119847468	5755.377977692034
75.97260273972603	27.838850395733484	523.9606929134768	26.965047709410538	107.70608048113832	5753.563954836859
76.0	30.927067020028936	1976.3707666051869	53.21254819780575	106.12371342801087	5749.436562729952
76.02739726027397	17.79241145606417	1885.1573241178714	51.31438539832549	116.3511404059801	5763.089094152227
76.05479452054794	12.680937161025167	1843.2461688745439	50.76126593210282	116.64777566376993	5769.890023307047
76.08219178082192	41.038828346696896	1763.7670837931598	49.15578045506726	124.40064539089776	5781.281950216539
76.10958904109589	46.41689798265711	1649.5104501607507	46.606932646228486	138.61359617853148	5796.319663266812
76.13698630136986	42.267332063136365	1540.57733734622	44.22846738277312	151.25723301975484	5809.71525793107
76.16438356164383	9.135537070241702	1452.2494795088248	42.45127534948058	159.23310731535187	5819.970718920337
76.1917808219178	13.003366144329082	1418.3429207605377	42.21895552323804	155.90464821453568	5824.4263140553585
76.21917808219177	46.59732640009142	1318.4267730226575	39.99266207635232	166.74107963372512	5834.275153990415
76.24657534246575	39.95075900686665	1225.8530817968249	37.97758958597898	175.80995727965526	5842.206176818687
76.27397260273973	40.712394372995405	1121.4546373583391	35.56736134301589	187.52183080668004	5849.2917218229695
76.3013698630137	24.88063220593168	1027.4590726736906	33.44429520122031	196.9861703571176	5853.851158920843
76.32876712328768	44.0457495499958	952.0649271655415	31.877153005734378	202.2447481706762	5855.994436049054
76.35616438356165	51.98272915037057	888.5516060996827	30.646849155629912	204.9075254811545	5856.465714765708
76.38356164383562	49.42751257851732	837.6004002234371	29.767856634433837	204.8868349191465	5855.771829702807
76.41095890410959	35.73976493875515	766.2763230455512	28.09440362704823	210.5592360025929	5853.129055636316
76.43835616438356	10.614640064283048	714.8238874540995	27.084969695991575	211.36752888126773	5849.411542819148
76.46575342465754	6.862235367829755	711.3123848796563	27.79984429106085	199.6605530894167	5848.037262856538
76.4931506849315	4.959585241930727	713.6516762020432	28.67404611681523	187.0804085456825	5847.105180986471
76.52054794520548	22.05819627799894	710.2804278459815	29.24935437714517	176.83022274929132	5845.892215276168
76.54794520547945	7.7367108651525225	695.1404248033639	29.293960621352472	170.33115783009205	5843.79351575458
76.57534246575342	21.20275840731933	660.3177283274517	28.446476806078692	169.83492867787942	5839.854985904532
76.6027397260274	33.65517347080221	639.7472000075455	28.166321569988753	165.63094284259088	5836.58289772755
76.63013698630137	55.43746545187891	597.4933258555114	26.891941957269502	168.07016427864448	5830.273239625682
76.65753424657534	54.491134533216304	572.9489277075626	26.366967086671604	165.59908506229266	5825.137803803603
76.68493150684931	39.38356262187537	536.4874864560112	25.242364163014425	167.21251100915154	5817.437969344182
76.71232876712328	87.02618324709638	501.1873971205346	24.130553840435102	168.87076339953734	5808.504481072568
76.73972602739725	22.88331651601519	471.89441167343045	23.25402284290909	169.05791082074188	5799.45559428186
76.76712328767124	28.057576945815615	445.8430404490468	22.487031946051893	168.61438131145215	5790.012578783904
76.79452054794521	5.680024584327962	441.489380409886	22.77638713808914	160.98864329634063	5785.329941727729
76.82191780821918	27.38114142753336	439.30923440646325	23.123246038716037	153.12355785493187	5781.4429531505875
76.84931506849315	39.383708878995	433.3164400640467	23.240443415365558	146.96565686418504	5776.5540838920515
76.87671232876713	21.002206001647885	414.22794836043784	22.620140755168904	145.82688242116396	5767.921102312882
76.9041095890411	28.388272635950596	404.0999849890459	22.45144075873908	141.79746765464327	5761.435014183723
76.93150684931507	42.95402137070094	386.9019910186187	21.86118214691864	140.69347475377577	5752.409610996723
76.95890410958904	11.001236858379713	376.1213985358299	21.60557548098732	137.46803607282146	5744.935941935588
76.98630136986301	49.124451472118196	367.5299889857841	21.441612032545468	133.74353224137923	5738.075044269065
77.01369863013699	41.03480916608322	1770.6964419567742	46.74491190524697	139.54454034815168	5741.881601191114
77.04109589041096	11.850266101161298	1667.7573901090366	44.76081929695366	150.34912168883386	5755.92078737973
77.06849315068493	11.425404729814405	1629.8533719992513	44.492614303874554	147.993881378909	5761.778732599199
77.0958904109589	8.783646352698039	1612.933322788611	44.76298051687975	141.62519709209374	5765.096623262577
77.12328767123287	51.512911443660236	1559.2623855052207	43.96505304672928	143.17059328834262	5772.353485253575
77.15068493150685	45.94397316050155	1452.7450075553738	41.67917644947807	155.4111218794479	5784.614323185042
77.17808219178082	13.73593099291139	1358.7396823035317	39.75611292035245	164.6868952434351	5794.522284281463
77.20547945205479	39.381663512127076	1266.8200954204106	37.85931485123059	173.52748828110873	5803.094743850249
77.23287671232876	30.714061795583852	1153.7209608763774	35.31186936266777	186.94188753042766	5811.587042322621
77.26027397260275	10.210144121396732	1086.2502970041025	34.13272226493428	189.9993147591843	5815.826858229971
77.28767123287672	11.907699746004317	1073.9820939750778	34.61274827641576	180.7487851556036	5817.035845860319
77.31506849315069	4.943693159751391	1065.731156386623	35.16253922831158	171.16172268663632	5817.984257845704
77.34246575342466	26.582992068581014	991.6119563731438	33.47583274941981	177.49079821181567	5820.946096224411
77.36986301369863	19.12436217089458	930.1537679078872	32.18246683212873	180.89734262460703	5822.299611744183
77.3972602739726	22.854803152565754	868.9099541701642	30.84093037566914	184.54780086215922	5822.4489203730855
77.42465753424658	5.254333909225312	853.7396852721695	31.09011689032375	176.8575925493282	5822.133824735884
77.45205479452055	61.42350454269141	816.9070253462751	30.474816879674993	175.2702357774054	5821.25978864247
77.47945205479452	65.4702136229303	778.7733741997657	29.76946458623332	174.28573152701148	5819.667655424619
77.5068493150685	39.38877175106405	736.4459791829164	28.84644859275528	174.790016875035	5817.12896239688
77.53424657534246	31.135561166120706	674.8211737181883	27.11989534543829	180.8935871361257	5812.078993785272
77.56164383561644	14.755442614745684	645.4450223551352	26.636267046229275	178.3216955126329	5808.141293361311
77.58904109589041	41.65197785278923	632.2944170407983	26.756609230203388	171.576601478292	5805.3843385882665
77.61643835616438	38.50385517173172	595.0905279036159	25.80749491991557	172.27335872735392	5799.560518036732
77.64383561643835	19.140098356877772	562.0463176678411	24.99386817479756	172.0884670885561	5793.126771855787
77.67123287671232	49.13549712650552	532.7053218031543	24.28735079835284	171.21559374832572	5786.279438708654
77.6986301369863	38.19823307363616	504.0318117285339	23.5587162748393	170.56480858886746	5778.590902623308
77.72602739726027	30.74391722161824	473.99685882256625	22.713864121525816	170.81452994241528	5769.5611714160295
77.75342465753425	63.90293115215624	451.07936575950066	22.161795250240687	169.1053754399499	5761.007605267341
77.78082191780823	9.035483378711577	438.7890326443367	22.082975564617968	164.14060862601	5754.441413349208
77.8082191780822	28.944680917422815	421.4343792218313	21.696166220810664	161.40456989953023	5746.278460524953
77.83561643835617	21.22957620796258	399.86560318992156	21.053748952244536	160.56707503117102	5736.168035442744
77.86301369863014	5.812960348434968	400.4743905850933	21.53881935241964	151.94320876139432	5732.30741885076
77.89041095890411	52.561196286911624	389.1731208948009	21.33898029879055	148.1746593684427	5724.971089455707
77.91780821917808	55.87244111548154	378.1351295210343	21.123093899290044	144.62453601066414	5717.3861799536735
77.94520547945206	33.341310380267416	363.7672456141772	20.68668093750029	142.69286271582956	5708.339006250718
77.97260273972603	9.03442507965027	356.2150394550547	20.611763474993175	138.38878488922484	5701.282525353349
78.0	5.9411963048323395	1826.0996142663346	47.79463719162987	130.1912526086139	5698.289186805174
78.02739726027397	13.437978551727237	1763.0217527687146	46.81691350706462	133.70941516793428	5707.80252590384
78.05479452054794	17.443945874225236	1696.7081001423091	45.74073386048866	137.78317390636252	5717.397766643039
78.08219178082192	8.88372641499123	1662.243301935614	45.50162647947712	135.47422173161388	5722.889959300493
78.10958904109589	17.038613785531762	1603.3936102291707	44.57160076538231	138.20277932343194	5731.019458898794
78.13698630136986	23.091890963041013	1561.7994352990777	44.095991049802045	137.46841474440595	5736.928366003104
78.16438356164383	41.31828727681548	1480.2780877861262	42.47543906819135	144.9618685153114	5746.760922154886
78.1917808219178	33.28669172331548	1364.2360183441756	39.865892118307116	159.41955790575295	5759.005263668266
78.21917808219177	16.023338628062202	1264.1562303068797	37.72695611799682	170.14487697332171	5768.343959551776
78.24657534246575	34.71147489792866	1186.5979218257364	36.2092772734935	176.0707909181284	5774.75786512346
78.27397260273973	41.44375223330067	1105.838201150378	34.57947094600727	182.60962311983408	5780.200015426467
78.3013698630137	31.738833097103083	1004.9517892821989	32.27043523634925	193.98748991617813	5784.88563152466
78.32876712328768	37.01193137162549	924.2511207596167	30.555226037231392	200.8266716332083	5786.849937713128
78.35616438356165	53.08081418339034	863.210477869193	29.43280462188501	203.12043304931333	5786.969980657031
78.38356164383562	26.758987757295777	791.6903270380453	27.86964473475459	208.5649151683127	5785.383692372135
78.41095890410959	5.54192809142601	771.2613312318817	28.04573778998632	201.035882333048	5784.050761588587
78.43835616438356	5.066608522849707	768.093068614116	28.764969633366285	189.63875741308686	5783.273157619822
78.46575342465754	37.74613869137229	740.0312853803999	28.468093904604572	185.56631020108176	5781.3864421456
78.4931506849315	22.761525535861033	679.6763186280465	26.88679388909	190.55541481170908	5776.641798353816
78.52054794520548	30.45137544353634	660.5585697611344	26.86788236305445	184.50708845011772	5773.8137505624645
78.54794520547945	37.47540731553998	617.8632784729332	25.829518529932564	185.6367241939432	5768.192922818177
78.57534246575342	12.994573861871922	587.0184162142907	25.233729739060525	183.69546592394994	5762.690797415532
78.6027397260274	57.750939521981735	557.2961622278315	24.611220290359736	181.96053790172007	5756.5536666682865
78.63013698630137	40.876774943200786	524.4731953503327	23.79336891477896	181.64867841523144	5748.952794494982
78.65753424657534	18.191332769139457	496.72525036291034	23.15869630608958	180.1340602157767	5741.055578879035
78.68493150684931	5.0537236899189235	497.86020616056226	23.809024717894957	169.71636439330493	5738.35625131383
78.71232876712328	19.398909332173837	489.79646504163975	23.958728559337967	162.9027578696202	5734.066827276457
78.73972602739725	73.71365534689734	469.4647667625125	23.46829353997514	160.53075680444147	5726.982545309844
78.76712328767124	31.385423259825107	448.40380444546446	22.89631184456001	158.8078846008481	5719.108289589608
78.79452054794521	23.541269136728783	426.81969905273417	22.25971900449252	157.63548727606093	5710.312211286923
78.82191780821918	13.263159960151974	417.42900306513764	22.218523120262677	152.5167353893055	5704.224821534729
78.84931506849315	21.105697491627208	416.98717632048164	22.61685188982013	144.57249915174515	5700.6037548466875
78.87671232876713	34.372738430028775	397.5435538175083	21.946748336103635	143.89351550194124	5691.550751725981
78.9041095890411	8.282718298365143	389.6861600816833	21.89125097288117	139.22068407516022	5685.416540666787
78.93150684931507	61.27565295607871	384.76439955280154	21.96193865931555	133.83707744150993	5680.278644110555
78.95890410958904	30.97777552344762	371.41507837679194	21.524828005528732	131.93868976913384	5672.280717538699
78.98630136986301	9.295218901244747	365.7611813657369	21.513097094292828	127.33459956272901	5666.550505153085
79.01369863013699	30.25787570127636	1774.318810309072	47.13014629273484	131.19269942900794	5673.131259216015
79.04109589041096	55.178614551333105	1688.2542487852475	45.52568430168193	139.206846122585	5685.2441139171415
79.06849315068493	30.82032404619181	1568.2190507133587	43.00006413441652	153.8310918231757	5700.5987180351385
79.0958904109589	19.87492207053025	1510.1315662281042	42.18588840437164	155.3199028038003	5708.28042599393
79.12328767123287	11.8486963909867	1429.498526981346	40.70937415398336	161.55544907616988	5717.774146099678
79.15068493150685	6.173302573706849	1405.4894590575789	40.807846510956786	155.98492153379212	5721.337480405007
79.17808219178082	5.105116449170268	1390.8423446393685	41.129495577287514	148.8710653952725	5723.898315323909
79.20547945205479	16.992888698337282	1319.832539471217	39.73984883300142	154.09763899772352	5731.273640133663
79.23287671232876	4.9987398159699445	1302.8805967365577	39.957534074158325	147.6764085029327	5733.717294577715
79.26027397260275	34.27824567029998	1228.3003648420427	38.356576333351576	154.1667505859408	5740.3785076520735
79.28767123287672	25.522260515199125	1128.034004210316	35.952160087576544	166.16116155267954	5747.567020491517
79.31506849315069	10.750861590890626	1088.1945125227317	35.446135817802585	164.43226687164537	5750.301319321219
79.34246575342466	6.930789297608089	1063.381437113459	35.37654765326874	159.59732091247585	5752.024508417988
79.36986301369863	25.296774406902227	1031.2741525055278	35.00915895008895	156.88110221831397	5753.81578849481
79.3972602739726	22.686986120676107	1005.1127771191142	34.81299118795372	152.97199892761978	5755.106537145728
79.42465753424658	11.649106876854965	982.1474226022864	34.68224122543004	148.65970726716225	5756.085712245509
79.45205479452055	29.700888524494758	970.3182494537353	34.89725313515598	142.10058633294034	5756.651449902034
79.47945205479452	25.14122636979506	916.8411622627762	33.57660141566466	145.89560668403138	5757.701337567818
79.5068493150685	7.7920716231145715	899.1113725925193	33.538977733156244	141.04018677743574	5757.882290624316
79.53424657534246	40.53433138657408	855.0169264560967	32.472409627915766	143.08986874309704	5757.785045273158
79.56164383561644	16.56636846122197	803.2521091712356	31.0941273411704	147.16853446353107	5756.727414449374
79.58904109589041	5.110989441284429	798.2141597971935	31.48551223385944	139.42768648683042	5756.264412577372
79.61643835616438	17.143431891790133	790.6112991174807	31.72811107809193	132.87094782131942	5755.724457338579
79.64383561643835	6.262173717107654	777.369975809458	31.71275690537573	128.13387147111052	5754.935070329777
79.67123287671232	4.911691690374263	776.9192031622125	32.18122362238573	120.44627886983484	5754.548148344764
79.6986301369863	6.856661126050688	777.2084641429011	32.643056696082894	113.05207320219588	5754.213885728829
79.72602739726027	21.83902920499703	776.8093434285339	33.04356412717182	106.28277528554362	5753.876414399
79.75342465753425	8.390388139253623	766.4466614583672	32.995094807719056	102.46939529856576	5753.166987288171
79.78082191780823	13.264894595914878	760.2222243253959	33.0981595975791	97.86466679437893	5752.5816130359035
79.8082191780822	11.508060332813477	741.5170807500826	32.63712734496083	96.81322276016944	5751.389122395311
79.83561643835617	6.678738653253892	739.4935497366413	32.89070558832831	91.49502722696515	5750.899604036497
79.86301369863014	5.686317271217621	737.5174597425062	33.12306218097658	86.49064558862752	5750.42705313413
79.89041095890411	19.06890163261594	737.3251629692029	33.413612728814854	81.32338872307726	5750.061085213389
79.91780821917808	38.29066718017489	714.6983049001011	32.67062525603908	82.42696366777882	5748.4667935542075
79.94520547945206	7.81095026631148	698.9787672163221	32.239421718077864	81.64670240137592	5747.039218967513
79.97260273972603	45.251948103815	676.005710928605	31.460019803365835	82.99383450124228	5744.912081716542
80.0	19.100018398015088	2121.9728756097397	57.445914946062366	83.74253607671902	5742.644794775737
80.02739726027397	7.775989633460602	2090.0841312479083	57.00755473411797	84.08469869385861	5748.311449321712
80.05479452054794	18.688452682968876	2065.116392762336	56.742844817329654	83.2075896299552	5752.910773420455
80.08219178082192	11.461073312498161	2037.7173424619293	56.40826697436463	82.7864169245804	5757.812364472587
80.10958904109589	29.67708928629433	1977.5220523276992	55.155595050062125	88.73245052040197	5767.227307200031
80.13698630136986	30.673171326637892	1906.2011417609594	53.61711990518492	96.42352876804307	5777.978840910978
80.16438356164383	43.63760927129412	1829.1189616735385	51.93916048648538	104.82360482110991	5789.202937988865
80.1917808219178	30.364916587399655	1721.9146367622786	49.43202358780065	118.72101065156039	5803.758656126707
80.21917808219177	8.102723207764145	1670.8740751557152	48.55883544948374	120.85716607551444	5811.024887132062
80.24657534246575	7.8245002937839105	1644.6774736022942	48.378215142604766	118.12579945823558	5815.2141925869355
80.27397260273973	35.60754495908818	1613.4352425453285	48.023782781721415	116.62295626760778	5819.862092373537
80.3013698630137	23.62593263310208	1522.7172296542278	45.89844695043129	127.20316957391223	5830.725719240514
80.32876712328768	12.1812589499416	1489.9777708759727	45.51898251369565	125.5204114861364	5835.131777362771
80.35616438356165	31.435535439118567	1413.185281131041	43.76566062050548	133.22685320451433	5843.527107245921
80.38356164383562	14.317893147405378	1364.5886651874346	42.894622989766376	134.633521326199	5848.832207188398
80.41095890410959	32.026464328509554	1283.596241370378	40.97847455981013	143.10098490478285	5856.298395905231
80.43835616438356	64.65182102504691	1230.7516777003118	39.95314846584807	145.24526300895175	5860.927413944533
80.46575342465754	40.614650574299674	1169.4720152152981	38.62293220463061	149.37418198530412	5865.545540581709
80.4931506849315	32.80141279810513	1098.698746012972	36.955036677091364	155.68545312020765	5869.867547018098
80.52054794520548	24.5532251691282	1039.7839994017058	35.66202891971157	159.27293426963317	5872.716730019681
80.54794520547945	18.37924604143555	996.6372717380183	34.87536970724802	159.2745730450512	5874.341489711022
80.57534246575342	19.35549978018359	927.9723315740241	33.16341460011415	165.5662008708609	5875.651404385204
80.6027397260274	11.14169193868726	885.7139193764278	32.35910891135684	165.50702967556802	5875.717044297562
80.63013698630137	44.23644617351628	837.7656373232193	31.292141038588973	167.2195726922356	5875.016868130663
80.65753424657534	30.714574346076724	781.2589387614255	29.863617806218894	171.39207379835912	5873.025657491015
80.68493150684931	62.71425770053223	737.8232018117479	28.897240065183954	172.33180173355876	5870.303032884469
80.71232876712328	47.402767793396784	689.2228625736047	27.665710817315873	175.11266290729557	5866.1847237364755
80.73972602739725	12.237565814644846	647.4219150478623	26.667469726344905	176.28095641574689	5861.24744802681
80.76712328767124	8.45567628311795	638.9767388274233	26.979736409897164	168.31661032521387	5858.935233580586
80.79452054794521	27.963157195169046	631.3151023679931	27.275149067473627	160.6178774773907	5856.6625511591055
80.82191780821918	6.017109190250746	618.810963070549	27.318340109515496	154.7627522425087	5853.779497806595
80.84931506849315	12.36884311250485	613.0499846224752	27.606218411169827	147.41850355074055	5851.6403305804715
80.87671232876713	5.142014403417884	613.7273081997776	28.144904155376278	138.63344891378432	5850.28709701745
80.9041095890411	30.739292200460117	598.4893789403907	27.90626775429537	135.0782177550555	5847.104620097316
80.93150684931507	52.97617953302336	570.4700968014394	27.05367778812449	135.53840269706694	5841.79499571216
80.95890410958904	37.56486681535892	540.153134079173	26.057161631586045	137.01568333251382	5835.376127317705
80.98630136986301	18.308501773851194	514.7361300707345	25.272187576323862	137.18296761274033	5828.882881399479
81.01369863013699	64.15053042454481	1931.1060364457499	51.14101470185873	138.71433877481127	5834.902717069072
81.04109589041096	20.93789066829272	1808.3608086689862	48.608523723841984	153.15479275912918	5852.4826834230935
81.06849315068493	6.32815389153494	1769.2507391260024	48.331666178797924	150.579535426828	5858.955165256981
81.0958904109589	65.30651630051611	1727.5550659681503	47.93119082810061	148.90893019735935	5865.547313020895
81.12328767123287	36.413377416743124	1622.4879676676185	45.75969907955368	159.9675324806275	5879.195834438803
81.15068493150685	46.08585393052897	1522.5474604290591	43.74786952821383	169.5131679971335	5891.334621801311
81.17808219178082	35.725651508634	1399.6637839665632	41.047951413457916	183.7951460857618	5904.472656646107
81.20547945205479	22.65529073489432	1283.4908018381198	38.53619618011491	196.4029489199068	5915.212567035981
81.23287671232876	12.93633519722055	1225.9115503821909	37.73609140976516	196.20458089115786	5920.334500704038
81.26027397260275	11.798536578523306	1178.1361579586248	37.174252160156335	194.1432309248192	5924.253855240153
81.28767123287672	42.9792269084402	1148.4175804127274	37.117374240354444	188.40158361067915	5926.761238623824
81.31506849315069	56.22253005865585	1052.1670193627783	34.8702093016427	198.14670164914486	5931.653273991857
81.34246575342466	11.169719757836681	989.725705298428	33.6852258126288	200.16751890831546	5933.8000861023265
81.36986301369863	4.925757265425261	983.1454794954595	34.33310770038603	189.17448143163608	5934.228327601246
81.3972602739726	7.026479653773188	962.207430491255	34.41127300632747	182.3155806922364	5934.801873077683
81.42465753424658	4.938856056746397	960.2974659309134	35.10940318549442	171.39556060756868	5935.013623747216
81.45205479452055	16.279352275345847	955.5815495964569	35.64337592519142	161.85892329006253	5935.242032585381
81.47945205479452	4.97399510150488	947.1539496012044	35.99360388736657	153.76077458021012	5935.457932612836
81.5068493150685	37.467037298033674	917.8757137947879	35.49677456365382	151.30984162885778	5935.711827422673
81.53424657534246	35.15542941167891	860.1379793656673	33.87090046409945	156.13674176018685	5935.28671285067
81.56164383561644	17.502385425909157	808.1418230361411	32.44694288756071	159.61380148799324	5933.771058700194
81.58904109589041	8.522239855648587	796.2375909597073	32.586582529767476	152.92563331693725	5932.897513846315
81.61643835616438	8.725301778252428	779.2874914757496	32.47452181685352	148.00743954831614	5931.722100995435
81.64383561643835	9.377905385101	754.830840193635	32.010294878055674	145.43769118051927	5929.983364470488
81.67123287671232	48.74495137076046	725.2827692752007	31.289739198653866	144.56701996451622	5927.585751883861
81.6986301369863	44.47959119382782	691.9484975431545	30.37571255301633	144.96510538498632	5924.345580496642
81.72602739726027	50.58666296059663	656.0826194112434	29.320556237001128	146.30394576481487	5920.126661767383
81.75342465753425	56.04749806620389	620.5399837429368	28.243913580123596	147.839100333819	5915.043884994283
81.78082191780823	70.64963468821446	586.5844127998311	27.202600147247413	149.2151952637003	5909.190168063719
81.8082191780822	61.83246963798836	568.5533977359576	26.86404882340906	146.05031741597668	5904.822454476976
81.83561643835617	25.816206430028267	539.8861082172384	25.98422589793951	146.5219984999229	5898.32396318569
81.86301369863014	35.225615556609355	509.1330828577937	24.970939211137093	147.97168221804563	5890.497509113595
81.89041095890411	20.651913194004084	489.34583669374564	24.464906840048076	146.12799243195485	5883.9174997585105
81.91780821917808	17.10233828472605	475.652098713414	24.222705879478944	142.61021113423274	5878.257718562215
81.94520547945206	61.519829930229285	457.8866599579309	23.73871858042837	140.80263605862353	5871.318021198733
81.97260273972603	37.426200290247216	442.24348896515227	23.330999857206738	138.5805298733307	5864.447640123522
82.0	30.232209655944498	1889.1062608647053	49.344658142541746	138.10439276520168	5855.887402577709
82.02739726027397	23.37083983363689	1810.7663609941699	48.021800691163705	143.96987771620314	5867.494771819474
82.05479452054794	27.372811707564566	1693.6063193755651	45.65408508438256	157.4419501917904	5883.267974064337
82.08219178082192	37.07759082704589	1547.0304863927404	42.51295809064359	176.38916248760924	5901.0525775076685
82.10958904109589	44.50405660617992	1438.3646263591936	40.415468391375796	187.07199906438413	5913.251589233314
82.13698630136986	18.878780070909073	1335.0652896426843	38.42838177820863	196.60915384850716	5923.587376752792
82.16438356164383	18.572198796206674	1238.2062233009844	36.58444934019646	204.76982763631008	5931.957312617985
82.1917808219178	6.290827873126053	1213.3385906219637	36.824340577104785	197.02528091997706	5934.640540339456
82.21917808219177	6.447701716448815	1188.0530267613692	36.973785012824905	189.99540193687474	5937.151849403257
82.24657534246575	10.361206209205621	1179.0644808662387	37.563838773545164	179.87263478426297	5938.567101111986
82.27397260273973	7.631105596670908	1164.3404900347007	37.91071675155765	171.6659875491443	5940.204936536629
82.3013698630137	8.971333857165783	1118.0826650952947	37.178090355605796	171.08347695676036	5943.260586535544
82.32876712328768	65.4733635787178	1098.8664220223266	37.28931982723194	164.63414235519147	5944.746716841581
82.35616438356165	34.03121512562776	1030.37574488803	35.685166373027606	169.98126054336564	5947.717561507184
82.38356164383562	7.596056236331358	984.3963691822873	34.84115122594197	169.97182909528016	5949.116180345101
82.41095890410959	5.170057084639228	981.8187127291992	35.47037240695391	159.948434093378	5949.402126202776
82.43835616438356	32.93938764224719	945.1608249794571	34.80214279121688	158.82451065208554	5950.09704578302
82.46575342465754	12.346599100706158	888.3514374409197	33.37976340983858	162.690296860663	5950.156490856249
82.4931506849315	10.129015035900593	873.1195800329359	33.46604423380199	156.43878162478705	5949.886260849936
82.52054794520548	59.12921240285887	841.4071345430807	32.87139761221635	154.7991350853519	5949.171229189531
82.54794520547945	58.6490625756362	796.9671209200031	31.75025469020413	156.63715851312583	5947.519014440305
82.57534246575342	27.952380952380956	762.8537803504612	30.999846843698126	156.01197525082486	5945.499466540677
82.6027397260274	28.053902898127074	709.4347743104537	29.424894192076	160.89152534750858	5941.525206369471
82.63013698630137	6.041590637180323	693.594479387365	29.377026538913196	155.56971436954922	5939.288269532215
82.65753424657534	14.686921614561266	675.095198100189	29.16651595255382	151.429693837237	5936.6495308183485
82.68493150684931	63.80287080371598	637.3066468669593	28.08027693679164	153.14326334880593	5931.734516640755
82.71232876712328	41.286359072226716	611.9578380529629	27.501014410017973	151.54004569634367	5927.368232852728
82.73972602739725	44.86273413872063	573.2300270161772	26.284848573771143	154.2459491128924	5920.471792505356
82.76712328767124	37.65225885436207	544.2132594875188	25.47497276439403	154.3028490206201	5913.886729551211
82.79452054794521	26.490032086021674	517.8684338774636	24.75230830855538	153.84459413453263	5906.887600253611
82.82191780821918	54.90750718604301	501.04651655120267	24.441453063169988	150.66351090334504	5901.0894343053
82.84931506849315	32.830065038588394	472.4153769249265	23.514217749387345	151.76696730238012	5892.205896988026
82.87671232876713	6.319244637181382	463.2458952571454	23.526426852029925	146.5352364765531	5887.037904291394
82.9041095890411	49.779553598614676	453.5561344073194	23.46533702423925	141.91094948301347	5881.736071218242
82.93150684931507	49.78068417092113	439.6020657782936	23.15363369595869	139.08225472187826	5875.11423671405
82.95890410958904	93.018483862612	425.6737722513718	22.810193989483796	136.56284911611954	5868.1721393742555
82.98630136986301	10.53927823433824	414.02877247288035	22.5627987110834	133.48920777367806	5861.511658495608
83.01369863013699	45.54993807992914	1843.9166659858347	48.725776278198914	133.09559490001303	5864.527805664685
83.04109589041096	30.134648554778863	1722.9075826243368	46.22555175178115	147.8426764241607	5880.973489419332
83.06849315068493	96.24141324871076	1615.351886475783	44.09898133109912	159.42419230893168	5894.810419234844
83.0958904109589	79.10281944379747	1528.1289942932817	42.522681547720175	166.54465468048423	5905.523721682836
83.12328767123287	39.86841728910468	1428.014638556271	40.55979762391254	176.30155936872538	5916.604867032826
83.15068493150685	37.34777386005676	1294.7892721049238	37.64750932861723	192.92285804855968	5929.012132457997
83.17808219178082	46.50293038257579	1192.4938562124955	35.61086936594478	202.65694014066275	5937.00752752411
83.20547945205479	50.58924093497848	1100.726978643914	33.83563246951688	210.1617589686402	5942.62291613932
83.23287671232876	36.87851535351596	1010.927153968938	32.046337946365846	217.54493069869156	5946.324697000428
83.26027397260275	12.488376578942933	946.610093460626	31.01556437190601	219.00383259137658	5947.7036155357055
83.28767123287672	27.536253398069267	857.3901955023001	29.06341824665275	227.22813412789694	5947.427147361414
83.31506849315069	23.020545029381097	793.8483718119707	27.89476650056653	229.4218048359311	5945.25749740762
83.34246575342466	9.249616256004993	755.0869249060123	27.50828860854535	225.5963051136073	5942.651464873579
83.36986301369863	40.07193622325061	713.8678333871661	26.935950982894965	223.0443674080778	5939.01583575656
83.3972602739726	33.43757232948121	641.9598260638236	25.112122675386843	229.72544453397384	5931.245204047193
83.42465753424658	66.64292641231545	591.8239061919309	24.044694444453807	230.85935405268793	5922.978347958294
83.45205479452055	57.46435655272695	557.4231516594331	23.511764898873718	227.9654764180739	5915.164298881339
83.47945205479452	35.4282299985072	516.0879466675998	22.585496720381922	227.97950493370104	5904.774311721566
83.5068493150685	6.847193925039285	495.26946421808964	22.487360543472356	221.91958784093507	5896.752855804475
83.53424657534246	28.096146809240004	457.5170577972002	21.51038353317117	222.2992743833863	5884.138203379208
83.56164383561644	8.205084974345151	446.1747686882913	21.704132939025744	214.16193873178258	5876.59384494962
83.58904109589041	8.125482454186846	445.94835570681084	22.359048502664614	202.75184077886817	5872.006744239059
83.61643835616438	22.727439615030463	423.9189746533191	21.854195767191957	199.63797578141737	5861.601008818272
83.64383561643835	30.32439108323967	396.4317494616182	21.00976806146146	199.0813347577985	5848.368003891724
83.67123287671232	6.858376735635492	389.4179802841866	21.194240066443907	191.37676379997785	5840.675965659774
83.6986301369863	12.333755458342793	372.0740060941276	20.75850494324503	188.12078503396197	5829.299018424683
83.72602739726027	55.490477775776434	366.9803692532201	20.947168595801767	180.5966507211343	5821.9728486661625
83.75342465753425	50.73809623242222	354.14118341035555	20.652689375895164	176.55363153878454	5811.614436841864
83.78082191780823	15.423265322256546	338.60848889920226	20.159319615642513	174.03534483341875	5799.600804254721
83.8082191780822	36.390733745368856	331.59714851232127	20.12598288659062	168.45118227698057	5790.746995945109
83.83561643835617	24.227467842671853	315.0002905690826	19.479387881290496	167.27974320963682	5777.231216822171
83.86301369863014	7.43346222246877	317.2761183297424	19.96528570914222	158.39415556857526	5771.924261352715
83.89041095890411	4.989843460912562	324.0986245867934	20.706283670931793	147.99486782442796	5769.148016594844
83.91780821917808	36.89283406431964	312.12011029627575	20.21716199757953	145.99073017486558	5758.303621146033
83.94520547945206	7.1757809105681805	307.7895187321276	20.204775576305707	140.95697876730557	5750.539514485708
83.97260273972603	5.702058694483776	309.5830109800714	20.56999814238274	133.57173719104702	5745.871353253536
84.0	5.536041690185284	1781.4926237279838	47.80937452698883	125.05202119234569	5743.219404286017
84.02739726027397	5.476279579445255	1759.296960519577	47.83922312653165	121.09759621365605	5747.3134930506985
84.05479452054794	28.007747898640318	1654.504550682409	45.60983671365477	133.68008370543757	5761.260126791734
84.08219178082192	30.587091625303703	1555.0815377768424	43.540814217862184	144.76991383266383	5773.732043184791
84.10958904109589	24.11357232081242	1441.8203115592064	41.097970801529605	158.31437086901474	5786.609766277077
84.13698630136986	24.303246807260514	1356.9257181051553	39.468500193168424	165.52665376771537	5795.616854772912
84.16438356164383	15.43030378968145	1308.6835391318386	38.86415549409591	164.9594034462496	5800.786092207935
84.1917808219178	10.0642873119161	1278.1238975688823	38.73694902368708	160.83258661091043	5804.2370827476825
84.21917808219177	4.963154247253684	1268.6275577230456	39.201427529794685	152.49376179977017	5805.943833292042
84.24657534246575	5.304680835943165	1255.9687139107639	39.515607261451095	145.3960684674713	5807.798428466186
84.27397260273973	8.876227421710576	1222.8352492603235	39.142466186202775	143.20878250100176	5810.976373350275
84.3013698630137	8.237087813449135	1198.7534668775565	39.020626746954065	139.2901409396871	5813.345848569222
84.32876712328768	5.219645529023857	1183.895416090515	39.16664415602309	133.5942669076159	5814.9973745747775
84.35616438356165	45.76140375782772	1132.5462481553218	38.06769987419684	136.42127479685766	5818.597006611419
84.38356164383562	37.63630960610094	1063.3273143663096	36.34875360668557	143.3561771622975	5822.38622867554
84.41095890410959	34.853596639574214	998.1356451226903	34.751069947575196	149.33153266095906	5824.973989084401
84.43835616438356	62.54800875767514	943.5887311518615	33.50323046932448	152.78908234823092	5826.303758431394
84.46575342465754	50.54873060829599	894.7521171669183	32.421034867123026	155.0316181276834	5826.725036947908
84.4931506849315	55.55544877791494	835.1154086174757	30.914539714353285	160.14262202503238	5826.11588185173
84.52054794520548	26.954606744323247	776.7008087833453	29.41092593478669	165.2022891558671	5824.16697388705
84.54794520547945	15.135330924760412	746.3197339960826	28.92907263916582	163.09187863020443	5822.233248005287
84.57534246575342	6.255636290702029	730.0000561703849	28.948540046416866	157.52386823608344	5820.62579566305
84.6027397260274	4.96485818305477	732.1447010657886	29.644724028493915	147.47928966975198	5820.0141300579535
84.63013698630137	41.07439483149983	698.0224403313488	28.828737704290738	147.76580059145692	5817.110895632655
84.65753424657534	46.502297183693564	654.2622703528718	27.58000732146964	150.9893094583492	5812.600684019859
84.68493150684931	57.068549914776035	619.5510847772744	26.676349952864125	151.90317267738791	5807.831731147751
84.71232876712328	59.085844849758054	600.2147511208034	26.391241804213216	148.6380618203862	5804.1222171613335
84.73972602739725	13.857142857142863	577.3808215268995	25.91371403729683	146.73521199117462	5799.575962569896
84.76712328767124	53.52273129118399	564.2054264169851	25.82502521179432	142.26661801106786	5796.035123738423
84.79452054794521	52.35839588603588	546.1498490721582	25.479559345547575	139.60727887991172	5791.510983521195
84.82191780821918	17.010446808752565	520.3100232606809	24.738812181559815	139.66789293220032	5785.219162314831
84.84931506849315	29.161793246459172	496.5403057480422	24.0579676966279	139.39898259347078	5778.605925805589
84.87671232876713	17.150176672896823	476.21821061685574	23.516222408577587	138.258722906647	5771.979020059848
84.9041095890411	9.784685280832097	472.94237353849934	23.780880550292007	131.73573031153478	5768.762548528713
84.93150684931507	47.06192399303487	453.76183419692956	23.215440243910855	130.90929940181155	5761.839954207077
84.95890410958904	63.22830085933748	435.962245769225	22.689749398681958	129.9004062174771	5754.711241646591
84.98630136986301	50.7793633966912	423.6186791947636	22.419660991951513	127.24376466776266	5748.567813033422
85.01369863013699	22.716410162742935	1819.6397926800698	47.545282326467934	134.6520013089334	5753.696903190488
85.04109589041096	16.40876718282876	1764.5709480726493	46.79657025303914	136.3976029710857	5762.1301418695075
85.06849315068493	39.06131448000337	1663.6457495118416	44.82007271627951	147.20402987323794	5775.782323856685
85.0958904109589	21.886880375868607	1543.6085618636748	42.34195802171564	161.46432091956504	5790.657316313078
85.12328767123287	18.026203053344954	1459.0965012300078	40.8256923297278	168.14335078873853	5800.697653843233
85.15068493150685	8.599743582275746	1400.6271977734013	40.0211445500179	169.22302078822452	5807.556813297927
85.17808219178082	6.425154868193532	1347.3183813066864	39.331801283213565	169.28228053392115	5813.493820190049
85.20547945205479	47.473295856772765	1314.9340895997793	39.18134272527547	165.28703594136738	5817.337479251077
85.23287671232876	37.810012280266754	1205.7331809630316	36.72225498050571	178.07435808963046	5826.37000080095
85.26027397260275	11.84545488232893	1118.8485754318797	34.926293652402784	185.76251440060466	5832.271317496743
85.28767123287672	26.967543576912316	1029.5667026597384	32.98854707683863	194.30778227086162	5836.701825222462
85.31506849315069	58.352242440289125	960.0034075733804	31.6483302743377	198.27474991790876	5838.845064846867
85.34246575342466	37.42681382797171	905.3710011720137	30.731889080497382	198.9622335568241	5839.540518253541
85.36986301369863	12.148053837062722	837.4122967738791	29.303961823043498	203.29191471766313	5838.930150815449
85.3972602739726	11.032741772545881	821.6274007249606	29.61263737519366	194.81930909470904	5838.274847008609
85.42465753424658	4.937598584047033	818.8402029069257	30.32750214395457	183.5826293642258	5837.819068219339
85.45205479452055	38.1671460480743	790.2180555855335	30.010641460350126	179.7157535595891	5836.59500044103
85.47945205479452	46.705613865942624	729.8092848398779	28.445973085718535	184.52730068581866	5833.216558887614
85.5068493150685	47.234116723306705	676.7948999095341	27.108293339402167	187.77252266498655	5828.535934047565
85.53424657534246	17.498101105037676	629.0385837570047	25.920397969527134	189.99733794559222	5822.6378525167
85.56164383561644	19.792658747694166	591.1802485480994	25.06890558342581	189.8641896154436	5816.388679620286
85.58904109589041	24.765932112877632	576.1878027583962	25.124498858352275	183.33425092646127	5812.291663812968
85.61643835616438	41.87202496947773	531.6540340342367	23.831917968269117	186.3468467638189	5803.132414237753
85.64383561643835	33.271622989596835	497.489067247239	22.937371013732978	186.65786452564114	5794.038509998093
85.67123287671232	60.40954529302458	474.13645760942944	22.48450459366154	183.90434901749933	5785.901869998602
85.6986301369863	63.5717064578025	457.82835881816965	22.304483137325555	179.26457065181515	5778.699473432847
85.72602739726027	27.24439259578012	433.1170102712961	21.65464857232156	178.01800494351477	5768.873604985776
85.75342465753425	21.77803912207576	414.37310912549384	21.250880389377453	175.12537120386386	5759.712513729282
85.78082191780823	10.710957652008595	411.9040392114869	21.636597502123394	166.75492711884021	5754.816250927676
85.8082191780822	14.955886089182998	404.021279020311	21.6883201637913	160.82896037920196	5748.488875972595
85.83561643835617	14.016708005677037	406.5970302810804	22.264187149825478	151.47219607728013	5745.318095930117
85.86301369863014	9.949096760471644	403.70764901739665	22.504281423853758	144.57156679306496	5740.756839059257
85.89041095890411	5.544022468944536	407.82235915144156	23.103376148291257	135.50812178746588	5738.449904174503
85.91780821917808	4.965036638054178	413.9331697147228	23.78587278032025	126.19247501392196	5736.998396336092
85.94520547945206	30.469596613916273	415.5952461911909	24.18419612107969	118.95330418587216	5734.555589908366
85.97260273972603	16.689337096726103	409.3484899103369	24.103713818167893	114.87423534736604	5729.92951805582
86.0	8.329651156387563	1866.8668066905536	50.50013507969355	112.09751200430301	5724.367540099568
86.02739726027397	4.964462612047089	1854.5254128341107	50.723616616342035	107.02974142505258	5727.223224644815
86.05479452054794	64.92661207347236	1793.8960217497722	49.6000186027917	111.70280644147618	5736.259465885936
86.08219178082192	42.442053679672746	1710.3530365413565	47.85404921896411	120.62854459285809	5747.855740989575
86.10958904109589	47.72140863637663	1622.4968260283079	46.005452884714074	130.0039291302654	5759.429135306226
86.13698630136986	47.08286301627702	1529.3557270835925	44.01437519170904	140.12983997474404	5770.899094765811
86.16438356164383	23.88540068974605	1424.0135519073697	41.67960247582305	152.452089205974	5782.674286390595
86.1917808219178	12.442885646962829	1387.5371045122133	41.34837298676488	150.05476404132529	5787.213169338833
86.21917808219177	47.06121156050917	1308.5845593083102	39.71856712604739	156.88216491536198	5795.0523198440505
86.24657534246575	65.07852727696297	1248.18772532271	38.62397571345768	159.68025025956786	5800.6614186031475
86.27397260273973	45.84848708080118	1185.1966404298746	37.41841231467076	163.11570625066418	5805.800722594813
86.3013698630137	15.675677422310358	1099.8420802182068	35.48634068093009	171.5608020689868	5811.2817765590025
86.32876712328768	9.45047344645003	1065.2870094874984	35.15313393584884	168.43948848563969	5813.424446411817
86.35616438356165	27.592135977781666	1016.9824467114969	34.303335725749434	168.93796110617666	5815.67425266272
86.38356164383562	5.630527972230306	989.8759049035093	34.14109838185259	164.53413336014233	5816.793181973494
86.41095890410959	51.336936668690555	934.6638206521202	32.95300877518479	167.26440856871687	5818.045074546558
86.43835616438356	25.165202256081688	865.1936024225208	31.21924780495627	173.7235191710097	5818.230338932592
86.46575342465754	13.391542110564137	811.999717151375	30.032957750071024	176.28043744506675	5817.128781866894
86.4931506849315	8.333006771269583	788.4024052622705	29.88411880246208	171.52525171947954	5816.010597096507
86.52054794520548	12.939251338068711	769.8655527475313	29.866774283162773	165.91373931928612	5814.823612313406
86.54794520547945	46.40129196177253	744.1942796424045	29.51935619228239	162.6271169786127	5813.079175854175
86.57534246575342	17.141263129953323	699.3408992499673	28.379327616962648	164.75488571342376	5809.604190113933
86.6027397260274	30.18375173978957	670.6440504051473	27.833131344650713	162.83770250053163	5806.438464504943
86.63013698630137	48.90642675522044	633.003285160027	26.882443817007136	163.70864436199986	5801.706144867634
86.65753424657534	62.12306029970767	608.9082966497879	26.45872672025021	161.00784738651998	5797.580681976035
86.68493150684931	26.49296969869542	574.300020776573	25.526413064324025	161.82909043653174	5791.526657733963
86.71232876712328	30.471098097539716	536.9784176686985	24.429046554437946	163.86160589741294	5783.8989453972545
86.73972602739725	21.590220956835545	515.4854675568962	24.00752687283611	161.28870977257858	5777.83615103041
86.76712328767124	5.411543681901074	512.0311677418536	24.384410455437266	153.29978311861967	5774.73109805854
86.79452054794521	10.440187190308734	506.5996376383053	24.616288565141783	146.45874541630738	5771.383880143188
86.82191780821918	24.586359978326566	479.1004551444939	23.740921139680676	147.16322019233593	5763.435343492841
86.84931506849315	17.06100129343603	466.74062600889647	23.578848483015825	143.14816557358768	5758.059805250515
86.87671232876713	34.656842565282616	448.5351086702335	23.08369988585159	141.46902784961432	5751.042259537294
86.9041095890411	46.85287842028686	429.5347369349476	22.518803129974057	140.35481161774896	5743.2087643143495
86.93150684931507	57.901300128617436	414.85139611044804	22.147014259004372	138.0279039950769	5735.986398178648
86.95890410958904	32.275558355542614	399.0538937958567	21.68153035388286	136.43457720800853	5728.027644453241
86.98630136986301	6.653478385611486	392.86162835609565	21.714376293328524	131.5458503889975	5722.590912083879
87.01369863013699	7.786798773679558	1844.2031008028493	48.49955512639546	126.66616051522173	5723.851138902471
87.04109589041096	4.918168583167589	1831.2465669325295	48.79558150397421	120.76599147412591	5726.9120145743345
87.06849315068493	37.35049485007688	1786.2462664673742	48.20014994108678	121.54300022409805	5733.999253992089
87.0958904109589	13.970610688486332	1708.8951381839984	46.74564268367569	128.4595114663101	5744.9148034054215
87.12328767123287	20.77527921411428	1611.5763909509683	44.74126976586213	139.183331004956	5757.642190853158
87.15068493150685	5.149561946552879	1584.068470589781	44.66900428972462	135.47948677639124	5762.017621870215
87.17808219178082	6.0881322640713496	1568.3210827766088	44.881824587521045	129.77683792540864	5764.976250431
87.20547945205479	5.827617953573477	1545.385257744945	44.85587000252094	125.87653674519362	5768.617847136619
87.23287671232876	4.943388710900985	1537.9340041052285	45.2414806058872	119.14785358322486	5770.516175886446
87.26027397260275	19.089590146350734	1500.014770955028	44.691528264783415	119.12136088371284	5775.510541760529
87.28767123287672	5.071451280974169	1481.1948054302495	44.70059026462662	115.13718183576131	5778.423056827879
87.31506849315069	15.638017577552295	1471.9188477537987	44.95961532745157	109.54130240983956	5780.2977724698685
87.34246575342466	15.979632672779287	1452.9868304606987	44.89475386284174	106.28515916866564	5783.055063940807
87.36986301369863	25.92631410356191	1393.755662306706	43.57057157488179	111.59987674473602	5789.488598746315
87.3972602739726	60.55730566617517	1334.9618476048113	42.26193498162045	116.63191052238562	5795.4504654692155
87.42465753424658	55.64891915798884	1287.9954678214406	41.317276945278834	119.04399155366238	5800.023132802669
87.45205479452055	48.54394585905847	1233.7327366151528	40.128277146340906	123.00441492538678	5804.757521462978
87.47945205479452	18.150224979360015	1164.15683202223	38.43471310979584	130.26222103638213	5809.912688638546
87.5068493150685	18.460620167061435	1131.9888732958966	37.954903359024904	129.0972250630482	5812.315998185577
87.53424657534246	6.519479522205125	1101.8978438053077	37.52562515067631	127.5555906023543	5814.367806512546
87.56164383561644	43.38853970465092	1047.5595693961347	36.24240842714162	131.77194608175287	5817.134771723817
87.58904109589041	33.99030444604379	978.7725475627316	34.442714091188066	139.39815925889008	5819.526691860409
87.61643835616438	26.79622865753528	915.6803813800008	32.826832920828714	145.6687460900172	5820.606234936888
87.64383561643835	9.949387238324078	877.0030656429859	32.062556679522736	145.9859396941133	5820.635775166044
87.67123287671232	8.36487097356016	858.047819661724	31.97712832398609	141.63610023768067	5820.392517831636
87.6986301369863	9.768762022173958	835.5653155839893	31.724139351917984	138.48124431592123	5819.905515293087
87.72602739726027	6.403117353891416	830.4725889533186	32.08991986525404	131.24904398349685	5819.593906455702
87.75342465753425	36.40235005025486	799.7677391113616	31.422019021822422	131.0348238385577	5818.6105671049645
87.78082191780823	60.83201602978534	762.8858617485506	30.496951044010157	132.5035049102102	5816.878219084682
87.8082191780822	27.808635209833565	722.5224182629088	29.397280636403014	135.14522369822345	5814.282191406719
87.83561643835617	35.98661514850633	688.8138590551766	28.54155613901358	136.1441538583001	5811.300310889245
87.86301369863014	38.001374440295564	643.9334230229765	27.195652193367216	140.47478600081186	5806.52916284289
87.89041095890411	42.463651077077756	613.6208114385191	26.43395207427261	140.8516471381478	5802.12246425431
87.91780821917808	9.674906015836097	587.4800517567444	25.824023332217003	140.2120081909218	5797.492479673116
87.94520547945206	32.022425123800645	579.3216528312566	25.954197480504998	134.572804529717	5794.920009144063
87.97260273972603	35.37576997074265	551.2057173624883	25.163356320399025	135.26690910894342	5789.248250237345
88.0	16.62335888023466	1990.9164628410697	51.06305597436459	135.8513162475703	5782.960442675136
88.02739726027397	7.053140749868206	1928.84534171857	50.17889270330045	138.54925481915797	5793.038509602233
88.05479452054794	53.61619898023784	1856.817742661646	49.00880990252238	143.2411431780977	5804.150609541256
88.08219178082192	29.662146150927537	1756.1044909570094	47.0862026789323	153.29905286603923	5818.489781425992
88.10958904109589	11.791787859237774	1651.9141341792558	45.085373904134364	163.59360743444358	5832.480781458303
88.13698630136986	23.978223654663605	1612.8904321251594	44.824958056517346	160.67952546685243	5838.431678053347
88.16438356164383	5.780874544529667	1564.5869072696496	44.286966272044744	159.73214191285425	5845.177840600321
88.1917808219178	66.76106870614069	1478.4478177170142	42.64338983208148	166.72765153341666	5855.429227829946
88.21917808219177	44.0456096382294	1391.5564425375724	40.94710014866028	173.86011404922183	5864.890917506706
88.24657534246575	39.90951636159247	1279.3101971633334	38.48848833652398	186.2926007223581	5875.28808173422
88.27397260273973	43.986965722080186	1159.2464406452511	35.76534786707728	200.437545174553	5884.193194790305
88.3013698630137	33.848101062337456	1060.716925456027	33.65560318645968	209.85882168532837	5889.621756658954
88.32876712328768	65.11617127752628	973.7903288706879	31.86700158639647	216.7278167319307	5892.551217722099
88.35616438356165	80.28292058613103	917.6900398788641	30.996928520576738	216.60086970044134	5893.365327055166
88.38356164383562	69.3378891176646	852.7967586034584	29.747486708024567	219.12376759284032	5892.932428291625
88.41095890410959	15.291570709613843	794.4159261617554	28.644206328948925	220.45577925779037	5891.059808120515
88.43835616438356	20.383287090581724	763.9309783726903	28.466310558643954	214.94054011119488	5889.077605770283
88.46575342465754	27.97539516613349	702.5064654693433	27.04017065559863	218.38629105600086	5884.506292725386
88.4931506849315	6.208679680632125	681.767695957537	27.117362705064053	210.98489911318666	5881.477804664499
88.52054794520548	55.16323655953198	665.2248656042851	27.26028244691812	203.13433804138432	5878.627752705589
88.54794520547945	49.550977560831726	626.1436812469365	26.41906374634002	202.222247851576	5873.055393516196
88.57534246575342	47.03986426688538	590.0072504037804	25.63400234654643	200.9521271761769	5866.635027861696
88.6027397260274	27.931726251639617	543.4612606816156	24.32194233009076	203.44200139551654	5857.302761602662
88.63013698630137	9.338799834775607	523.4783935907044	24.13221144095491	198.13104515974666	5850.910380979651
88.65753424657534	9.275861542515127	511.3472969466859	24.2378634841092	190.83001440621734	5845.586075032349
88.68493150684931	8.759460578823482	511.8245955516112	24.875271058144143	180.03069873772967	5842.700933636801
88.71232876712328	19.432323155082642	486.8707554319636	24.221252410951898	178.06819699512175	5834.765386758583
88.73972602739725	5.63987048772228	486.57307662179574	24.75112253692994	168.32377645926562	5831.561588808295
88.76712328767124	22.03312582890145	466.4357611762394	24.21900239712232	165.74361535603552	5824.069417346151
88.79452054794521	5.483197519801319	463.7962793440989	24.56123635699228	157.5623235748833	5820.229994067824
88.82191780821918	30.635297168970972	460.3684283200073	24.812393663806454	150.17679167708312	5816.429382588427
88.84931506849315	34.44471260545556	439.9151530512802	24.119166932818242	148.9912852449736	5808.256372144733
88.87671232876713	6.626471124524115	430.9194634957128	24.02344552520695	144.0940523943171	5802.562660954038
88.9041095890411	4.988221377208029	436.8433278225939	24.722059092068474	134.33842291005297	5800.986397643978
88.93150684931507	22.4968566716338	441.70625876289307	25.330733095840195	125.46368367518883	5799.3917392562325
88.95890410958904	10.118207923971646	437.8611903012974	25.416464310372294	120.04151398216517	5795.704827910144
88.98630136986301	17.400697630731464	432.98704512778136	25.41619817450513	115.32665086419713	5791.847584160023
89.01369863013699	8.496570914870558	1878.1968428948028	51.826102460311404	113.01746361842957	5792.884750461495
89.04109589041096	5.8741713440625505	1852.2024498207545	51.66957057083093	110.51829913552443	5797.522680336724
89.06849315068493	6.075554686148282	1823.1619517575639	51.40609320023387	108.79758640186891	5802.462969211576
89.0958904109589	5.314769963845545	1802.6583878097397	51.362390881748254	105.55326616552414	5806.226377074248
89.12328767123287	25.465589077995993	1730.7904806118586	49.83261789629531	112.69224446074199	5816.25516798734
89.15068493150685	20.60716744600163	1678.1730896426486	48.873534843127565	115.60121347156587	5823.663879455172
89.17808219178082	20.673614009786327	1601.6146003726246	47.21056447561171	123.26193999240635	5833.508427021417
89.20547945205479	5.144439782390218	1577.6056975000627	47.097888017448454	119.94618710851256	5837.256107129978
89.23287671232876	58.779106592341776	1554.4208048673574	46.967404737334135	116.84695865639286	5840.803074588889
89.26027397260275	36.37033027075559	1480.074257481044	45.282761359570394	124.35096557316497	5849.441437600048
89.28767123287672	52.446931145404065	1401.2775320363858	43.47329443303299	132.46463471586122	5857.884436792074
89.31506849315069	45.55695034674106	1332.8763781220493	41.97727231029342	138.21769963425837	5864.713275592408
89.34246575342466	31.74532350724078	1241.1788564911708	39.736381927221885	148.9318422864651	5872.521607110596
89.36986301369863	29.563535805742237	1177.1435834088156	38.37128334288688	153.36231761807895	5877.411650103212
89.3972602739726	6.957064823075841	1129.6471756273834	37.528355003014106	154.01990028555701	5880.698475787242
89.42465753424658	13.074936526872364	1108.745498109018	37.510575343807666	148.9825428108261	5882.332095536009
89.45205479452055	4.984133188267397	1100.3760794693753	37.88183562095947	141.39745837245758	5883.2682786680425
89.47945205479452	8.7064851081541	1073.190183894949	37.55914801120917	138.62397667291208	5884.916254973163
89.5068493150685	27.32946545462091	1049.225292974083	37.30902828404501	135.4167762980982	5886.244974049938
89.53424657534246	5.602594674804222	1026.7841472189536	37.09498498697326	131.9879831606714	5887.325321711102
89.56164383561644	10.873556191945935	1012.6843883407861	37.13550954676029	127.00080521394185	5888.038076424754
89.58904109589041	42.83678574116422	976.1852167324882	36.32246603830223	127.64901382236438	5889.122472536484
89.61643835616438	39.54012975539945	933.8819232815083	35.27655550142909	129.76365217699535	5889.834468470864
89.64383561643835	32.6907432521487	878.2667083415114	33.71204197592168	135.20623539953584	5889.8758312929895
89.67123287671232	44.763705493808466	835.5832913993689	32.62081365422421	137.48582165752677	5889.129018858543
89.6986301369863	44.76993997499145	791.7617776435275	31.462069541615975	140.17698356920803	5887.58116718668
89.72602739726027	14.984838645339766	753.0845463748932	30.480619785838705	141.67029317505614	5885.4136560005045
89.75342465753425	10.793467378135386	742.5182952555484	30.597575407495565	135.89522304016194	5884.2313040356885
89.78082191780823	34.59007499069608	705.7693091866787	29.59328354192439	137.61222346541516	5881.269388243193
89.8082191780822	9.40027160534758	679.0624307173084	28.99149021701074	136.65936180322015	5878.330823647484
89.83561643835617	11.226799857358388	667.584803220093	28.998536493035335	131.74994300436774	5876.378932449771
89.86301369863014	31.20721604289206	631.9085734089211	27.92089162296684	134.05254946302108	5871.84775545895
89.89041095890411	27.050720536924032	612.9014595973506	27.55605580979243	131.6700645813335	5868.437417707515
89.91780821917808	40.01226582883367	595.9902019915777	27.250638173590307	128.96572122633597	5865.008394699513
89.94520547945206	19.514141478781173	565.5817569858359	26.302225412493495	130.56092900470028	5859.308725621762
89.97260273972603	8.241144446294399	552.5193636012282	26.134130164949333	127.0333674637175	5855.617344444693
90.0	43.48433217014183	2008.4841582243948	52.70466008698941	123.1387925858261	5852.214636724095
90.02739726027397	43.945372433081445	1882.3394366089735	50.05044153281557	138.94589354090965	5870.671029822588
90.05479452054794	42.814595903790085	1759.9995551475367	47.520555297658554	153.44764648801961	5887.674119837058
90.08219178082192	61.433700497869204	1651.3327619312888	45.36344018042183	164.81774144802532	5902.020764780576
90.10958904109589	51.592996048288555	1554.090777259723	43.51835722903764	173.5292811847226	5914.140085629863
90.13698630136986	44.76293026224982	1459.333121678896	41.71935879288999	181.60100534280656	5925.04818623893
90.16438356164383	52.77327513788974	1322.7145679678927	38.70944955512604	198.38524850109266	5938.281136109751
90.1917808219178	63.076863530023445	1218.1523843803798	36.59887509838119	208.17469010248607	5946.899015832649
90.21917808219177	36.913653595071494	1116.2877336747567	34.51023172051951	217.54581468889907	5953.4668368083285
90.24657534246575	58.88788344958522	1018.1423072015158	32.49376392576802	226.17683120169914	5957.6831946447455
90.27397260273973	41.05142861499229	939.2791161727316	30.992784397343822	230.71823247935023	5959.3318335126005
90.3013698630137	25.56195340016473	844.2013274802076	28.88280095456662	239.72395556799978	5958.624275087935
90.32876712328768	41.450809814539866	773.7874076857863	27.505411023040963	243.09641713906632	5955.68978801315
90.35616438356165	8.749610295006304	716.7270133386203	26.511923693181064	243.48621644157348	5951.250039957155
90.38356164383562	29.296156624850678	641.87098536461	24.72569460351756	249.76128506080653	5943.0771666070395
90.41095890410959	42.546784613707175	593.1841366012944	23.82446629622261	249.3507190636725	5934.795448568332
90.43835616438356	51.05718258125938	540.5885132122568	22.65707388418061	250.980299716718	5923.613222706605
90.46575342465754	15.736647310778922	496.40675069555704	21.71888279551504	250.9159216729188	5911.2910394115215
90.4931506849315	21.064615407270214	455.6703476450609	20.80679778243758	250.70018115885392	5897.289856465832
90.52054794520548	60.89391529277759	427.3740627061005	20.351007595950048	247.05952340204507	5884.290731811024
90.54794520547945	26.52173137179114	396.71077462302424	19.663528416702952	245.1722868360655	5869.044836534046
90.57534246575342	38.079904606145064	366.9510440260545	18.923432538090616	243.85831681814716	5851.898755652909
90.6027397260274	7.537141423273247	353.9240331718076	18.95863043830201	236.73535705954023	5839.2298474315585
90.63013698630137	38.441564932551636	335.8395330616864	18.61473449788793	232.37263954209538	5824.237756287694
90.65753424657534	35.88321294173343	312.97536063090763	17.93439793271734	230.76557201864435	5805.586977953806
90.68493150684931	9.663676067275908	303.5627697197274	17.953537427357233	224.02797563155985	5791.81930994326
90.71232876712328	14.301700463770912	309.2712391706352	18.793874895461688	211.14632470034954	5785.779051212783
90.73972602739725	6.6225521091897	311.19078064485075	19.361260173908008	200.4285449012069	5778.44381782808
90.76712328767124	70.69288489099446	313.4666229813442	19.90158064644419	190.04189338378663	5771.941253602129
90.79452054794521	38.49670228644988	303.09289910176494	19.601657323734663	185.59232271946706	5759.662099735804
90.82191780821918	26.815859058337548	289.5785528864207	19.062623375763245	182.99305566371856	5745.186567424877
90.84931506849315	75.57169193482966	279.2789721922132	18.69716407886731	179.40405007859798	5731.698810096638
90.87671232876713	43.74183380931566	274.38624549677394	18.65919253146502	173.70104123992172	5720.8996637308765
90.9041095890411	60.11098599691505	268.94270247802365	18.555971683892626	168.6064156758049	5709.730449859888
90.93150684931507	48.92561836905644	267.10261162502525	18.674920048542514	162.1264475394261	5700.693870523374
90.95890410958904	19.971500237045806	258.2433417823742	18.280228469850616	159.33537045281884	5687.543963302138
90.98630136986301	21.769787099377343	260.09819024681866	18.62155433198518	151.64228567324517	5680.779238430502
91.01369863013699	21.751502328349297	1660.5083194303186	43.97175556531443	156.9120231968032	5684.8651651524415
91.04109589041096	51.529877770394904	1564.830580210155	42.24082587479618	165.55768522396752	5697.4016231385685
91.06849315068493	30.17078956611612	1430.4867891605682	39.45288706549462	181.95478187528835	5712.909267508775
91.0958904109589	5.908389189266422	1375.0688368065041	38.83828839542386	181.43096212325713	5719.546470790035
91.12328767123287	14.197577154385964	1361.5253818874053	39.331897686425705	172.49330671742587	5722.101750359654
91.15068493150685	20.431533537468	1317.1496853703218	38.87937452086214	170.62848308711685	5727.166747812835
91.17808219178082	7.324400532471613	1275.5767390591297	38.4721242468215	168.34688824171175	5731.661355168077
91.20547945205479	18.626363555709922	1199.1243045268557	36.95958778883956	173.97700378888555	5738.237542909224
91.23287671232876	43.02618322784015	1114.625928666615	35.168951292098896	181.41894145090518	5744.187401670689
91.26027397260275	68.05572980266858	1040.7255630002276	33.672597710152765	186.53557037599046	5748.263799222246
91.28767123287672	36.81267150062153	973.3056380513653	32.32594123185562	190.40390907273414	5750.867103548521
91.31506849315069	50.543132725109864	907.7266216156966	30.9998706223149	193.98626339140796	5752.125527007535
91.34246575342466	26.531524524073934	826.198631412817	29.056330339408813	201.95184216741907	5751.719162361337
91.36986301369863	37.01102801474699	758.8373943464617	27.543788171042262	206.7300152506715	5749.340713860212
91.3972602739726	41.66654508262488	687.5211961014469	25.81180084102298	213.12108477384274	5744.478215061478
91.42465753424658	79.0593249862693	638.0569834460966	24.819048943047022	214.05144475909464	5738.8918248572045
91.45205479452055	41.89622574635645	593.8465618196382	23.928610279117855	214.1617689979433	5732.246988837539
91.47945205479452	58.21305147452189	544.0501962950718	22.736899224514136	216.55821982468933	5722.964530473996
91.5068493150685	39.80845126407365	509.86278917338296	22.0982400652291	214.8512424212926	5714.246428623826
91.53424657534246	19.316221757682094	472.42520272066906	21.23927706182668	214.84212088578406	5703.294871374721
91.56164383561644	20.439263230238858	447.3734133519362	20.837943167355203	211.4218671099412	5693.610879287813
91.58904109589041	36.913271157970264	440.9538538868977	21.230335921748836	202.15542320227257	5687.820929886601
91.61643835616438	7.180365665027498	425.70734890896455	21.143983078670537	196.459297906702	5679.543887506167
91.64383561643835	7.209816449652708	417.52785156528097	21.338641805785493	188.80540937421677	5672.9175016540385
91.67123287671232	7.289617752788488	419.849059606302	22.00859027664529	177.9514521157991	5669.322217095827
91.6986301369863	10.640431175363592	421.8132987569692	22.61433904515041	167.7754137107267	5665.889110872249
91.72602739726027	38.77851701683102	400.0017216427509	21.898067862295942	166.59730898562856	5655.885388576056
91.75342465753425	38.114608657018465	378.0005657189728	21.131068925017413	165.93408660776493	5644.769075578106
91.78082191780823	10.395067625651851	363.04819086625594	20.72015505083825	163.0183801335659	5635.0093831588965
91.8082191780822	22.02113739035117	366.73928719146363	21.32710585956237	153.34077752033036	5631.672196475728
91.83561643835617	14.616738318993072	362.0103253604133	21.412771604878962	147.3328153178044	5625.649530836993
91.86301369863014	12.134467809894053	364.2241682365392	21.878769468856493	139.01036133351045	5622.196547164119
91.89041095890411	4.951549755020262	369.5573933603429	22.505816231981747	129.9066211390455	5620.100780005235
91.91780821917808	15.870905704279133	370.37157931458324	22.832235189213424	122.95840509565899	5616.78230616346
91.94520547945206	6.264337881524284	372.33295099005267	23.209664936217358	115.91075374311765	5614.0310671752295
91.97260273972603	6.308744174705818	375.67939750990075	23.65190174931498	108.71260387061892	5611.99785689865
92.0	12.496804456082304	1845.669691438914	50.74168305329497	101.87917012221631	5610.1787029137995
92.02739726027397	34.254141505584975	1819.1598040508698	50.51759818933365	100.22306370180101	5614.820795937169
92.05479452054794	31.184784270676197	1738.0668828498478	48.7797202280447	109.20394183979018	5626.40248071922
92.08219178082192	47.818849379606746	1652.2994274480977	46.932363456707385	118.67559940928396	5638.099401523085
92.10958904109589	40.919155152941414	1548.9860003099882	44.59573536560019	131.36427098546346	5651.168336721591
92.13698630136986	22.040678912420802	1441.664425861979	42.16354549003457	144.4241225780809	5663.657707020147
92.16438356164383	11.580281404366364	1402.6856811791486	41.719404065326444	142.99924788551667	5668.624007315716
92.1917808219178	37.37949064450947	1315.6312443761346	39.812487794995064	151.89597483150368	5677.579063822392
92.21917808219177	34.5061495158394	1212.2283780627984	37.411767930304336	164.0777729102995	5686.653164645906
92.24657534246575	11.050728099670955	1137.983623965047	35.89883671556542	169.65682621237485	5692.335443036381
92.27397260273973	4.914002561936819	1129.7336092023047	36.414067741938155	160.63544996053665	5693.605262641296
92.3013698630137	27.620614458831046	1059.9250860010652	34.88426839006089	166.10398039100096	5697.849787846296
92.32876712328768	18.590733297393314	1022.8380734844643	34.4122554555178	163.97895481919284	5699.883024294032
92.35616438356165	23.419024699938866	947.073191158446	32.58993551976409	171.25193415667076	5702.414414266577
92.38356164383562	11.64129067436832	902.7215625476562	31.80847806504757	171.097704195642	5703.200434918243
92.41095890410959	79.61669821184321	872.6641032508961	31.473124572422947	167.77994056904845	5703.361689249063
92.43835616438356	22.961385660109972	820.7088218833915	30.29835412143398	170.27012092973212	5702.826509407323
92.46575342465754	27.374788343976846	767.4025887033641	29.027906593949442	173.37962868029797	5701.119996701411
92.4931506849315	5.677623675683032	750.2460108480692	29.0870461365734	167.21684840620145	5699.873328974271
92.52054794520548	7.900180161359427	735.1083268919595	29.16365998665301	161.0283378335611	5698.561715758634
92.54794520547945	27.21501384444408	728.4824906172812	29.52271606068742	153.06737117230944	5697.585796442995
92.57534246575342	25.4747276259061	686.2244396427703	28.395854197712723	155.12655307671992	5694.330921563197
92.6027397260274	48.85573475545575	657.9297034498393	27.803381876897063	153.62595464515306	5691.236113870945
92.63013698630137	28.460550274138875	618.9856236485089	26.721198712708087	155.4438261790843	5686.466812004739
92.65753424657534	5.722878170255241	607.9391652648779	26.809604769822084	149.4378443635382	5683.88569236678
92.68493150684931	40.6546612062172	596.8750661527453	26.839480318391917	143.956270534111	5681.2876101147785
92.71232876712328	28.70959122312809	560.4291611322897	25.699956139115407	146.2813532525832	5675.117218780271
92.73972602739725	36.12058733496289	532.5134856690088	24.91307617485381	146.3355846005715	5669.140679725628
92.76712328767124	8.793086248310725	513.3446721819521	24.505237612143308	143.91452125733292	5663.865328961781
92.79452054794521	5.789135847787944	511.3712107741063	24.875862684644705	136.40884124133626	5661.414494950383
92.82191780821918	25.2829241517689	512.0084224474912	25.335125133031156	128.5316384307511	5659.547083706486
92.84931506849315	6.210343825251543	503.67902789328383	25.32347971170338	123.87462971805823	5656.115920808975
92.87671232876713	13.95773166134375	505.6755083913747	25.795366956480173	116.30553942852762	5654.633907346147
92.9041095890411	18.237977632985796	489.35320728106706	25.310144590432845	114.93951055626674	5649.743748570119
92.93150684931507	11.731594931004667	487.8522919215199	25.565628130560558	109.01524305113777	5647.592566840515
92.95890410958904	16.762075079527293	469.7210757197626	24.92864542895431	108.81105047801147	5642.029179017865
92.98630136986301	17.93757541712579	464.08019742108837	24.932942405066793	104.6672923832761	5638.87138700354
93.01369863013699	20.896875147038276	1902.2366284788618	51.226055472769254	103.89422615499385	5642.219053574281
93.04109589041096	42.13588872305063	1824.7155340089114	49.67331982148349	111.81289370590483	5653.799116535932
93.06849315068493	20.60784765992625	1726.7440143444194	47.584010600195214	123.33884774138541	5667.580902120586
93.0958904109589	6.4816596810507585	1696.5849685357446	47.36941238188677	121.03658606524158	5672.56354023949
93.12328767123287	9.134102706705182	1670.5581638245876	47.23826206465275	118.16086363807372	5676.925337990601
93.15068493150685	7.813910028639914	1652.0567517142176	47.29208927369482	114.01206894409287	5680.293569465857
93.17808219178082	4.915826350530843	1640.3632933753638	47.50886793372789	108.81212984702515	5682.779719203433
93.20547945205479	8.456458954115496	1617.307041457637	47.363811234044114	106.2538734775413	5686.508972576259
93.23287671232876	6.770062731154296	1607.3637147957918	47.58047349446448	101.24340068683453	5688.657803714121
93.26027397260275	22.124907242396514	1591.7140797309366	47.595706162839186	97.75237299635963	5691.386797391762
93.28767123287672	8.668593491511356	1554.766240686878	46.963542132397485	98.69187428795776	5696.415377857141
93.31506849315069	33.11099173149243	1505.8329165564269	45.950268139996496	102.18726776450691	5702.557374422769
93.34246575342466	6.362647535241075	1465.9936577058156	45.22945379175692	103.50820153750415	5707.5467570613455
93.36986301369863	7.103846683098679	1456.4375706241497	45.41504488473739	98.71328443728058	5709.359901097061
93.3972602739726	32.72072886673779	1391.2779472604784	43.85044499234428	105.72243213887073	5716.446526368892
93.42465753424658	38.197004308969404	1336.6068667467118	42.621241628099575	110.2807933490524	5722.128755212782
93.45205479452055	47.9324452664861	1272.132172064417	41.08583909105731	116.72494658459763	5728.174213790887
93.47945205479452	19.376452296835186	1207.5656360039163	39.54504291939407	123.03520439805176	5733.603614301677
93.5068493150685	47.826454935427165	1145.755353418173	38.08632324689682	128.63208331532462	5738.167147599029
93.53424657534246	12.549389950866917	1085.941735679059	36.684816475085675	133.69128846181707	5741.899371331618
93.56164383561644	15.597968253570677	1070.016515202167	36.73181608353585	128.82344479051054	5743.128866725094
93.58904109589041	18.099627111994295	1025.432884651548	35.765757635847976	130.83961391686515	5745.3310025919245
93.61643835616438	6.666078098407794	1001.1735128791398	35.48872350440866	128.14821349261513	5746.462217853927
93.64383561643835	11.374401230533012	953.7312681377687	34.36471164021665	131.13051265728114	5747.881509386561
93.67123287671232	6.747685502021858	938.6067096967151	34.374141481099024	126.48848112853253	5748.309115131846
93.6986301369863	45.81549929237473	900.1142494209043	33.491241073733796	127.8485413892963	5748.809901712333
93.72602739726027	25.70841798331065	847.0789715602214	32.050159467429836	132.87575158868958	5748.655252205712
93.75342465753425	59.91598483291482	800.5613738387718	30.832033689275427	136.3611047654111	5747.635585187376
93.78082191780823	34.45845946882141	762.0822011703261	29.894688194860617	137.92130116293262	5746.0297076313245
93.8082191780822	6.730405654736463	739.070171574231	29.54417735604763	135.4885518415783	5744.4846046254725
93.83561643835617	4.965721501094592	739.7494159643691	30.094320525881443	127.12524934065966	5743.969933598187
93.86301369863014	32.64497353723607	710.3649133326758	29.380276444727457	127.28839824441964	5741.824540305122
93.89041095890411	30.093134966712565	678.0556211025013	28.52180422207331	128.41496905445226	5738.932017297684
93.91780821917808	45.32848586896758	649.8611096264035	27.81446229763384	128.5412513416329	5735.7311261425275
93.94520547945206	48.17773722009414	619.773673374173	26.999497949774163	129.40697254071372	5731.752002052022
93.97260273972603	37.44442936443988	586.435085333238	26.01198325552875	131.46873688215064	5726.668476719888
94.0	28.18612517659835	2019.8145430090183	51.66557906637067	133.75443466020906	5720.63636707644
94.02739726027397	36.050245152839786	1939.697648134344	50.31637253628266	139.95566234575372	5733.387019852467
94.05479452054794	50.319769191543195	1799.2929043035547	47.41468398144244	157.5286698981742	5753.617729957882
94.08219178082192	30.361757881954425	1667.8646128471382	44.759092864476145	172.84617878270421	5771.438041184951
94.10958904109589	6.931086964304228	1596.8991879341547	43.73895767718137	175.43943313659	5781.242694389641
94.13698630136986	23.03281189103947	1544.176520046197	43.14605633856	174.67521006690666	5788.586496964039
94.16438356164383	18.3328502212811	1486.157949056763	42.38250061926027	175.02869447544586	5796.1138578179525
94.1917808219178	5.045208313177713	1460.3310637254422	42.49834707074783	168.84437294248272	5800.113219924972
94.21917808219177	21.96796706598725	1441.831548864904	42.76603165469238	161.65841386725822	5803.251465291479
94.24657534246575	11.104111091610456	1396.9478068409367	42.20741163417821	160.4095642114045	5808.695263433322
94.27397260273973	29.146690819388677	1355.5731000364028	41.700170221191776	158.75937062237992	5813.531794977532
94.3013698630137	5.975442254357556	1310.5701702510546	41.070119522083395	157.87298866840806	5818.356815990378
94.32876712328768	10.407172702416558	1276.6456546025033	40.728036437943935	154.97595630209227	5822.007661102728
94.35616438356165	14.986229393115908	1219.9118714708075	39.62690558206316	157.25484738305684	5826.974428421106
94.38356164383562	8.239900316830992	1185.3187248386841	39.21520038117539	154.71104791033747	5830.029990059647
94.41095890410959	40.97537523980455	1103.561062154996	37.20892879322133	162.97317382943064	5835.229924674096
94.43835616438356	31.134818588084446	1012.6354619243556	34.869437182049055	173.38714341073174	5839.287935225801
94.46575342465754	40.332125714834646	951.8079620930043	33.52784656356122	176.78730965475987	5840.954251137146
94.4931506849315	46.23796673964758	897.5768884196384	32.37404111945243	178.79504339705787	5841.485608661923
94.52054794520548	63.58236446460809	847.6795085031182	31.33030093746453	179.96932721597227	5841.030369960005
94.54794520547945	38.65531810827868	795.8488701287998	30.150974076715396	182.03572663548803	5839.526551483117
94.57534246575342	16.492564621544304	739.1879453794699	28.743046737275254	185.66424995876326	5836.50473415131
94.6027397260274	5.092195399281818	734.8974076402654	29.31140578041579	175.59291171256064	5835.418993304891
94.63013698630137	13.13333827721815	720.9607969827844	29.431052829431255	168.76189504015218	5833.771707077503
94.65753424657534	34.18130021989504	694.1244604013232	28.964172895395016	165.96555300773755	5831.098139414587
94.68493150684931	14.20625831177244	650.893822131972	27.78359898998427	167.98298831966383	5826.341093819904
94.71232876712328	7.6175639727134135	638.2342738825911	27.854863716517627	161.64711696546345	5823.73715419235
94.73972602739725	28.963991836945663	629.5623170288396	28.044988838501922	154.66634178895467	5821.490152075804
94.76712328767124	25.002217738586687	602.8507037001585	27.39461039531906	153.31340404725245	5817.011942172386
94.79452054794521	46.31680019373134	577.546630981135	26.769028672518775	151.86156851423362	5812.099359670082
94.82191780821918	11.661587920136112	549.7437205157787	25.99223187327938	151.47228824343694	5806.146179785618
94.84931506849315	23.8354583361783	526.9555738630235	25.403724299949513	149.92382764007175	5800.3524950029
94.87671232876713	44.238470068538746	498.2390094719335	24.494769467345236	150.58945370252837	5792.738775621756
94.9041095890411	28.625543466332843	472.6127457375152	23.703300065317933	150.5759308061074	5784.74807795488
94.93150684931507	32.43276077517932	450.6030566924363	23.051515555316147	149.7260062231963	5776.74971121726
94.95890410958904	54.70291080687685	431.27865684671815	22.502760239958093	148.28080134222046	5768.660727179608
94.98630136986301	34.29829227881468	412.051526801308	21.920383119834455	147.16980679559052	5759.94550165949
95.01369863013699	95.79644105970408	1828.9386589288745	47.69137154534603	149.24049797806376	5762.420285193103
95.04109589041096	16.26653306564586	1701.176889967126	45.1433261388624	164.16409916577794	5780.004735446083
95.06849315068493	9.003036324641561	1628.2349177367007	44.046593155665235	167.7069769185956	5790.160811432453
95.0958904109589	11.324173330268703	1592.2564035869386	43.89975809949545	163.93986511383184	5795.758932847318
95.12328767123287	9.630528749630383	1551.1034542250204	43.57072847024935	161.49602025310062	5801.712841728938
95.15068493150685	6.005657421260914	1516.0911122950629	43.37908243241512	157.99376121644406	5806.79938385765
95.17808219178082	41.64920086681047	1478.7704947251527	43.06243583438461	155.40911397573942	5811.917929050507
95.20547945205479	44.05708811685638	1393.9349744038357	41.34964903628219	162.7660529726645	5821.227955356391
95.23287671232876	45.865740980931875	1292.660775087677	39.136888788695885	173.47717381207767	5830.90284644116
95.26027397260275	11.18744604446812	1203.620313357517	37.275053253420296	181.40134473728327	5838.2682069302755
95.28767123287672	34.65458965070934	1095.7294910976357	34.7790192508093	193.7352399032077	5845.120779132075
95.31506849315069	12.053113503813517	1020.8283944422612	33.298515358664744	198.4808948835151	5848.601835982202
95.34246575342466	18.216732184392857	988.0991197923732	33.11308768767593	193.66033417605496	5849.914339004331
95.36986301369863	6.85908393904784	963.7920159915443	33.15245350930951	187.23177135640708	5850.708404291487
95.3972602739726	87.23343117489758	902.6546849163784	31.86802765419706	190.14847710481715	5851.435919851615
95.42465753424658	40.985395357844325	843.9673522324331	30.603516432681023	192.8342616631268	5850.920522336019
95.45205479452055	36.920074797287	783.1203514158469	29.19950607744688	196.44594830980662	5848.936534902187
95.47945205479452	64.34034233599452	730.9049313159762	28.061983967879936	198.13319986308386	5845.717973259492
95.5068493150685	35.92385336887606	670.0595465540517	26.505142642002273	202.793435550195	5840.3279705083805
95.53424657534246	50.09696174352335	634.442334539711	25.883158153416	200.78274165125956	5835.387953112436
95.56164383561644	41.842756238818986	599.1438126726176	25.194410772886656	199.2372522610944	5829.513529657258
95.58904109589041	13.984562907255544	557.7394527468782	24.189245105505684	199.99808738642673	5821.518369527206
95.61643835616438	34.22153099830293	527.1464275298368	23.5626083693178	198.068813437223	5813.917563128171
95.64383561643835	36.56753433604243	491.7433244120618	22.658708966785152	198.20820554425094	5804.141339549749
95.67123287671232	7.21004811733863	472.9736198181323	22.464366947224537	193.34237554051435	5796.5486179349155
95.6986301369863	7.882465137484779	474.52201565940493	23.159081126652683	182.23616327725603	5793.377545367426
95.72602739726027	41.816699088544155	461.9987314484881	23.108170169184834	176.45459442635143	5787.197968447217
95.75342465753425	17.001977501668808	446.33248831306173	22.859488573311257	172.1422394527447	5779.876368807617
95.78082191780823	6.560505808639339	449.2305244895337	23.513320010427886	161.84502543340585	5777.05683884979
95.8082191780822	18.46093829431933	441.1201238490376	23.545356654756464	155.88679132779475	5771.701729700899
95.83561643835617	8.028405877557319	439.14581644284374	23.869057809778816	148.1779283987419	5767.9010471552265
95.86301369863014	48.25537322411718	414.8646531358881	22.944739197233993	148.74022169812014	5758.022408424389
95.89041095890411	16.871498525348656	396.93212591461844	22.33941652285844	147.36309695526873	5749.028768565864
95.91780821917808	14.547302841868964	395.0507105391941	22.602025530331062	140.3928675984244	5744.697243378109
95.94520547945206	4.92963164653993	399.2875278850813	23.18749731222144	131.53333125629496	5742.426390044371
95.97260273972603	21.762771185131406	385.23322866386627	22.681892854767693	129.85899286586627	5734.603958571818
96.0	60.03091456498043	1840.0774083202823	48.95292795198032	127.60017023237924	5727.064233528745
96.02739726027397	52.00740926286629	1763.1059794369928	47.55919169525389	134.02860126169892	5738.323724996703
96.05479452054794	16.667567834404007	1654.2633585850133	45.31634521870929	146.46122377244313	5752.939235826306
96.08219178082192	5.009039366930203	1631.2615114886673	45.41429945294391	141.34692623990162	5757.0104297287735
96.10958904109589	32.3486245771151	1516.1700028508371	42.91865296035178	155.1785220763553	5770.996462228294
96.13698630136986	20.08137935043489	1416.7117777905978	40.8745680278195	165.36593978558204	5782.184126699874
96.16438356164383	6.2163355870541155	1384.8121548955482	40.755907968668694	161.19332648664033	5786.369338196325
96.1917808219178	5.565764334051221	1358.2760253723927	40.74596200382363	156.2523213725506	5789.888699299866
96.21917808219177	4.9720796034416805	1351.8562617577386	41.2860340974565	147.4850829409499	5791.5476603668885
96.24657534246575	11.616060069153317	1345.0193760621125	41.76164949653117	139.3873726057874	5793.164522639973
96.27397260273973	35.00237295678947	1268.7715423730447	40.05034365470029	146.54643915664374	5800.225586791028
96.3013698630137	9.488446546984452	1203.3819213101738	38.67715765214497	151.14145213841206	5805.6774172527985
96.32876712328768	4.934197088980348	1196.2196336404184	39.130599396672444	143.0138814460902	5806.935828486588
96.35616438356165	27.621508134301475	1155.8217282342205	38.44896388944871	142.7861107790449	5810.11487950807
96.38356164383562	7.220637499209455	1123.3911401838525	38.01385361315288	140.81708106453365	5812.521124294394
96.41095890410959	12.875258648897244	1106.5878095199685	38.06146358871641	135.63955652116647	5813.9408376645115
96.43835616438356	41.36512191612559	1067.241390468908	37.29322256039948	135.99233608395016	5816.222082490573
96.46575342465754	20.369150815040584	1010.8411009617791	35.92056817083644	140.28453318517913	5818.614442040179
96.4931506849315	24.578699199945298	970.8888462791466	35.10186322600068	140.79457101133	5819.887834080653
96.52054794520548	55.22539187597817	929.6039422838275	34.20469968074366	141.7869952071477	5820.68148055902
96.54794520547945	41.19229469341501	872.6043219632587	32.69656521295137	146.82732789649495	5820.846523193871
96.57534246575342	8.627382634548459	831.6412028913335	31.773926477432877	147.8529571536235	5820.179086655284
96.6027397260274	21.63928782150514	806.5867686630972	31.405632327210007	145.1626239568887	5819.341450993113
96.63013698630137	6.389880212206213	785.2441577792129	31.15664740273752	141.69896103408223	5818.290773813968
96.65753424657534	6.610782387009907	783.9535387717744	31.654678475856006	133.4196411777294	5817.835759890146
96.68493150684931	4.985809003065755	784.9911554911597	32.207095976302966	125.03585934560715	5817.483067743834
96.71232876712328	19.706584226020617	780.1558593764647	32.47880389985381	118.69944812519695	5816.946282129306
96.73972602739725	52.925180782326855	745.4561174927082	31.48201312249219	120.52616807435479	5815.035630072915
96.76712328767124	18.633241271905742	717.7564578699404	30.758480399008807	120.61506323168585	5812.950851760682
96.79452054794521	10.698934687724353	708.0469141899614	30.782410854103613	115.97690033097159	5811.692834801382
96.82191780821918	31.608154818787405	689.6617476655067	30.393961749451645	114.08099605679607	5809.771089195044
96.84931506849315	18.819646655985395	656.0564136966094	29.32337820804518	116.52523451637244	5806.234861547122
96.87671232876713	5.51745572867055	649.9979181660531	29.46115962257087	111.31289488572534	5804.7761917524695
96.9041095890411	26.58033222315795	644.3467279360331	29.58225268998394	106.38300282264993	5803.387724460955
96.93150684931507	16.71802175202019	636.8802755479924	29.602825392138165	102.20035665740663	5801.7702357435455
96.95890410958904	35.350352812446026	611.3634996321646	28.76077579518288	103.49997349210652	5798.118693085468
96.98630136986301	49.42778149884651	587.2078818738322	27.96996681586776	104.4975579769391	5794.108389784355
97.01369863013699	56.74014985492772	1996.365553665697	53.34865576631243	109.95736479967844	5799.593548835444
97.04109589041096	47.91892219211595	1898.8099667255349	51.311984946715626	121.2361007617088	5814.142446842234
97.06849315068493	47.86664161310987	1787.390109900603	48.92889719078622	134.69311331288623	5829.890998401226
97.0958904109589	21.50304676246272	1671.077388074092	46.43484503536573	148.6051595566827	5845.357632642155
97.12328767123287	6.915128030014726	1612.6068190228773	45.55550273563401	150.39618426944455	5853.422345345466
97.15068493150685	7.607902919648274	1601.1266309204443	45.960141852469135	142.83883582401225	5856.057536867568
97.17808219178082	48.14931773642266	1518.7251078289637	44.28950451207726	150.1943678802292	5866.096343752764
97.20547945205479	45.92688399953976	1425.5576909857873	42.30823155645008	159.50470946582575	5876.412155751454
97.23287671232876	22.615923566538225	1324.7908195252417	40.095335721513486	170.21024305941944	5886.284710889293
97.26027397260275	7.192856170123465	1281.4152941511393	39.591714325092966	168.41132884837094	5890.702839630376
97.28767123287672	25.88499988858383	1220.8866913986974	38.49457322369047	170.77104921084393	5895.906309558575
97.31506849315069	10.924858726649054	1151.535032482755	37.10226908001617	175.05544517045033	5900.883770255008
97.34246575342466	25.348475972677097	1080.7037323554134	35.602403034466946	179.95495598373108	5904.961425617049
97.36986301369863	20.990119601992248	1010.9060363351813	34.107636152451875	184.66611841417324	5907.81389013303
97.3972602739726	22.494219748081967	965.4437485838075	33.379999372643816	183.81357094414187	5909.080714591444
97.42465753424658	55.259976239122565	900.5990913802233	31.942686870151405	187.88604481915394	5909.640767357776
97.45205479452055	37.315987952657636	836.6767422403581	30.467963630523734	192.14471221673958	5908.787025306823
97.47945205479452	16.033372561162228	788.4070751710268	29.519026330393864	192.6147219921328	5906.890237131416
97.5068493150685	8.186087618997117	779.2637319748171	29.9599872867385	183.27800124220008	5905.887481100365
97.53424657534246	6.893218954968317	761.3120028967637	30.000556545768514	176.8493102609721	5904.404506544795
97.56164383561644	15.152794973287815	756.7589034791289	30.508381263990422	167.38125223092717	5903.4704406678065
97.58904109589041	6.940437889741485	733.8421679458445	30.23198143127229	163.31383336331407	5901.45014617243
97.61643835616438	5.206809987645944	732.074073032925	30.77317930820684	153.97125535638756	5900.534644956497
97.64383561643835	9.485113469974316	722.8283427180529	30.95151843071544	147.21853873430922	5899.178247283157
97.67123287671232	15.021020406486823	705.5071661753968	30.749512396868173	143.0434650040626	5897.165502384442
97.6986301369863	68.90042527488829	677.8106733226055	30.053163117996814	142.11784403424528	5894.099587401124
97.72602739726027	34.49130782458473	646.7379089667122	29.17195052460515	142.42931385391984	5890.17200477578
97.75342465753425	31.913535130139227	621.2922258700806	28.52190144849081	141.28916160231202	5886.147637721745
97.78082191780823	78.96947655566208	590.2944699191299	27.580448621969783	142.09634585939023	5880.851078132364
97.8082191780822	29.7368810973201	569.0499547040448	27.057252247625367	140.266689479043	5876.225739775932
97.83561643835617	17.091426660566576	555.1410431911107	26.85335126723425	136.44481069588397	5872.317338635685
97.86301369863014	27.72981443256467	525.347081859175	25.844381355791697	137.93590273984572	5865.421381517085
97.89041095890411	7.459001002478232	513.3484340530266	25.686937945493664	133.9505491381944	5861.055469698027
97.91780821917808	38.931052679991936	505.20739912835927	25.679381508697166	129.12488420546353	5857.4041771263755
97.94520547945206	48.10778240389663	484.5372969064209	25.01270966279508	128.6621047292167	5850.954562231119
97.97260273972603	19.747332412038	463.5777289344378	24.305922440092	128.55042012614138	5843.823610263973
98.0	5.097771244851902	1931.0758854611968	51.38232490254154	121.26101647894795	5841.5034013010345
98.02739726027397	11.7280079607986	1908.8574184500537	51.39457658353177	117.5228133248349	5845.804950513002
98.05479452054794	13.614233927478924	1884.0406859664497	51.31349124372218	114.50526323721692	5850.365428598333
98.08219178082192	4.907359341541106	1865.7951103588236	51.38767781305497	110.40688342875228	5853.986447756172
98.10958904109589	5.441765771602507	1845.633597047634	51.37879737281662	106.9873856969601	5857.773095292369
98.13698630136986	5.4118355298808725	1835.9350348754763	51.63200183490579	101.79485494864252	5860.145515696351
98.16438356164383	5.625809376378537	1822.2089378977573	51.7430332434605	97.7281356396076	5862.963030691149
98.1917808219178	4.991530333759767	1813.9505438718236	51.98223175844784	92.87628654222779	5865.026453763516
98.21917808219177	5.197915411859977	1802.7917458821055	52.11150763340163	88.91438589748655	5867.394040246312
98.24657534246575	35.3120205962148	1786.8768894695404	52.07849651707362	86.17555138526917	5870.295027124196
98.27397260273973	29.317779390242123	1701.8027126497186	50.03545295100376	97.16167317471978	5881.500910938534
98.3013698630137	33.421245852694696	1611.8235977705785	47.874665707018046	108.67533196201833	5892.716158445597
98.32876712328768	10.383712150309302	1564.3556683835682	47.00024582789639	111.00284553899506	5898.828042496587
98.35616438356165	5.42503590002263	1538.4409867896684	46.75430856155657	108.94179507758881	5902.495559832598
98.38356164383562	5.694004844429813	1513.9671850213535	46.52831161091373	106.77424094763629	5905.908578321229
98.41095890410959	37.671941741488226	1492.9081346932026	46.37577046201633	104.17446978771291	5908.879223858177
98.43835616438356	15.185182574924315	1434.8109804934418	45.07299206996314	109.29273475303822	5915.260765112205
98.46575342465754	13.989944455883718	1366.9538522625744	43.464792973475376	116.31020182584754	5922.0665630326375
98.4931506849315	13.457010620604807	1346.954825906936	43.3599822347295	113.03052016960025	5924.514200468753
98.52054794520548	4.9973705086629	1336.9100379495421	43.550743190185344	107.83892765527138	5926.075731932258
98.54794520547945	21.98971526588926	1283.80099883949	42.311873583194874	112.26645437804395	5930.843473326826
98.57534246575342	6.232661850157271	1259.0432635450652	42.00541864634737	110.34156324858603	5933.264933950673
98.6027397260274	18.98325396153834	1244.184662733328	41.99675099129632	106.51421744014597	5934.898245681762
98.63013698630137	48.45759229766975	1177.9850458797903	40.24563869002161	114.18454327896247	5939.5758063605745
98.65753424657534	34.024490259495614	1115.0618198060724	38.60814272228794	120.93979787259883	5943.30618431641
98.68493150684931	43.116800692739744	1061.9925992594751	37.30435010126091	125.33317864392606	5945.873795858837
98.71232876712328	63.0936359641994	1005.2151820625832	35.860703464359986	130.55314910056518	5947.848824204214
98.73972602739725	33.650170999955506	956.6956662767462	34.68448233006607	133.89954184760578	5948.891962758541
98.76712328767124	53.63322259947226	909.7807811317268	33.55168852474068	136.86811992423802	5949.204736906598
98.79452054794521	18.847461907892537	858.3319457569626	32.22709522726738	141.08295985989858	5948.688856915923
98.82191780821918	8.907816507457717	848.8601672987808	32.448298994262494	134.76732405614212	5948.303643887837
98.84931506849315	6.6628419496667135	844.4607567866758	32.82027870723343	127.60958073502509	5947.990228621797
98.87671232876713	22.25933781398019	809.2504701185104	31.956311527682836	128.7804596371028	5946.808689996965
98.9041095890411	60.29397562714399	779.4373752426369	31.288202131063457	128.62252026275183	5945.28053763331
98.93150684931507	50.706219736032075	751.1102565701366	30.64955805887653	128.28116607314468	5943.391074916705
98.95890410958904	42.92085812110433	710.4779694194757	29.483558602315007	131.4580734402361	5940.19436675438
98.98630136986301	17.150415331627634	674.1897350059954	28.477437637900604	133.56191746559568	5936.418227858779
99.01369863013699	30.817616144648603	2085.4044264623435	54.22186340682066	136.17103568382774	5943.504556221572
99.04109589041096	60.13323427004447	1962.6885877592301	51.75866236241887	150.25912889054922	5962.0188004006795
99.06849315068493	46.12982367011936	1863.6821340275433	49.9174080184428	159.36976266352104	5976.624026656732
99.0958904109589	20.459648844847877	1717.662351329686	46.83410921497214	177.34271573750917	5996.159911925448
99.12328767123287	5.133659646677606	1680.2143026775777	46.70073370624663	173.04060353421022	6002.153824878032
99.15068493150685	16.151864564056012	1649.1782852401866	46.68406298531251	167.90456420376032	6007.226999712539
99.17808219178082	26.494770066960392	1541.0224941823994	44.45215991220803	178.7681956108744	6020.17941592102
99.20547945205479	6.498609544005834	1489.5905163137213	43.844382584545905	177.56118536830755	6026.6680251266025
99.23287671232876	18.573904870084608	1443.4703526362305	43.332544413160264	175.59288381742672	6032.301454118717
99.26027397260275	53.78455052476359	1347.7486848728834	41.29200421529549	184.38756500450393	6041.643203282675
99.28767123287672	20.09658822642598	1236.9284453205285	38.7665605362306	196.3985425379197	6050.622368407155
99.31506849315069	12.792967497214667	1181.0296098525946	37.91850284982315	196.1742339046487	6054.821605078404
99.34246575342466	9.853855163745191	1139.6518043589067	37.4755775844441	192.97167776629163	6057.697967509833
99.36986301369863	4.9454530094062505	1130.6899506682657	38.040468109673554	182.73924240661654	6058.814424136974
99.3972602739726	8.672339059080997	1083.8637287350864	37.27132523573742	181.81973285899633	6061.307649116957
99.42465753424658	35.62587429225707	1044.7273750071474	36.69801905313263	179.52679825255188	6063.053423358149
99.45205479452055	16.729738114738023	973.9589567457722	34.99257283687324	184.8696143492229	6064.7337046001485
99.47945205479452	17.88382901691908	928.8807544779448	34.145906620357266	184.2789479894642	6065.072737667417
99.5068493150685	5.215779307954725	916.6245085277327	34.460345037275054	175.8272658244517	6064.989281919305
99.53424657534246	18.692872997322254	909.8646547397179	34.91377349437914	166.6595172614696	6064.889974116514
99.56164383561644	31.476190476190467	855.8696596764277	33.51689952945231	169.77308351474852	6063.958812253732
99.58904109589041	28.43991891849284	787.3189427023225	31.50253876002003	176.9854415742371	6061.23115251643
99.61643835616438	13.697243370673798	756.1378740193431	30.941027677409767	174.49545911240338	6058.848714579837
99.64383561643835	4.90934077250307	753.6627731575564	31.50116812926085	164.65114708991115	6057.84650316292
99.67123287671232	35.47653606222843	748.4546259351237	31.88873767296996	156.1949367209543	6056.734690370441
99.6986301369863	58.278630649593936	717.9849732053573	31.163542727946954	155.04578760509662	6053.79900903216
99.72602739726027	40.96038321103688	672.5359983109738	29.744836328712285	158.4292875834013	6048.894803027029
99.75342465753425	39.529845950790786	641.2632851406904	28.915952783028278	158.03137082844563	6044.293496617643
99.78082191780823	51.156696029851155	610.2376550981741	28.065583908072256	157.8277617332603	6038.913465155177
99.8082191780822	24.131714960717236	574.6352411817235	26.96140709485573	159.37576905170326	6031.99460145412
99.83561643835617	12.997868963225196	554.9637815071171	26.562620168353856	156.3350107239641	6026.697895253994
99.86301369863014	5.228040081986288	555.6146808345914	27.0960970481323	147.27960691527025	6024.630079976712
99.89041095890411	32.50169043434956	534.1051699900813	26.503566458976007	145.72840766579282	6018.763641378834
99.91780821917808	13.095564624064727	513.2788849727286	25.920511231186413	144.19762936237277	6012.405825830611
99.94520547945206	5.00161391596148	515.535460368208	26.466676777086686	135.45500636443774	6010.46609912504
99.97260273972603	5.085444798447081	519.6795216222577	27.074914626330052	126.59376445391146	6009.083364244852
