hour,val
1.0,0.02969086422814269
11.0,0.32480641709621944
21.0,0.6166890322984677
31.0,0.9053759916968385
41.0,1.190903314896081
51.0,1.4733062149764242
61.0,1.75261929682883
71.0,2.0288766561196123
81.0,2.524981300723747
91.0,3.046148383181665
101.0,3.567795834029423
111.0,4.089931771580871
121.0,4.612565194937724
131.0,5.135706011332173
141.0,5.6593650721050786
151.0,6.183554010958578
161.0,6.708284599633014
171.0,7.233569945444802
181.0,7.759424421254108
191.0,8.285863712666448
201.0,8.81290492332639
211.0,9.34056669957307
221.0,9.787835374776277
231.0,10.154575782145647
241.0,10.52178256109803
251.0,10.889467536950596
261.0,11.25764339143513
271.0,11.626323731169546
281.0,11.99552316610887
291.0,12.329242357482467
301.0,12.579358792109247
311.0,12.829853689357416
321.0,13.080735687692886
331.0,13.332013928253536
341.0,13.583698090364326
351.0,13.835798431209886
361.0,14.083041702638976
371.0,14.281719788047267
381.0,14.478226591839167
391.0,14.67258592884224
401.0,14.864821356889841
411.0,15.054956179973843
421.0,15.243013451394974
431.0,15.429015976915245
441.0,15.612968874968693
451.0,15.794909205158122
461.0,15.974860890355107
471.0,16.15284571427863
481.0,16.328885223903207
491.0,16.50300073216266
501.0,16.675213320632785
511.0,16.845529616613447
521.0,17.0139705828025
531.0,17.180565811707417
541.0,17.345337166763237
551.0,17.508305309231034
561.0,17.669490343108716
571.0,17.828912064835883
581.0,17.98660160965838
591.0,18.142578465405645
601.0,18.29684997199971
611.0,18.44943478144347
621.0,18.60035134205086
631.0,18.749617900667037
641.0,18.89725250486515
651.0,19.04327301052582
661.0,19.187697194464775
671.0,19.330542558542266
681.0,19.47182636283957
691.0,19.611565679607878
701.0,19.749777395289403
711.0,19.8864782125181
721.0,20.021684648984497
731.0,20.15541269382257
741.0,20.287678300648953
751.0,20.41849749524642
761.0,20.547886124486002
771.0,20.675859858728344
781.0,20.802434194142688
791.0,20.927624454951886
801.0,21.051446011542314
811.0,21.173914145257342
821.0,21.295043647045564
831.0,21.41484914473112
841.0,21.533345107509
851.0,21.65054584762613
861.0,21.76646552204652
871.0,21.881118184238975
881.0,21.994517851622735
891.0,22.10667822237717
901.0,22.21761283247935
911.0,22.32733507193596
921.0,22.435858186286065
931.0,22.543195278092842
941.0,22.64935915192869
951.0,22.75414805801358
961.0,22.852626298610637
971.0,22.943244439056258
981.0,23.026601067502103
991.0,23.103254064602577
1001.0,23.173723036568358
1011.0,23.238461481255396
1021.0,23.29749671787618
1031.0,23.351240779199173
1041.0,23.400225419951134
1051.0,23.444927481333707
1061.0,23.485774693848324
1071.0,23.523150854182855
1081.0,23.557431129874214
1091.0,23.591723313650096
1101.0,23.62750394860313
1111.0,23.664241223079525
1121.0,23.701488894875336
1131.0,23.738875109180082
1141.0,23.776092538916263
1151.0,23.812889699318664
1161.0,23.84906384192402
1171.0,23.884455869486285
1181.0,23.918941960129455
1191.0,23.95241197300246
1201.0,23.98476428681831
1211.0,24.015929801334323
1221.0,24.04586769066567
1231.0,24.07455947566472
1241.0,24.102001836395058
1251.0,24.128204423351626
1261.0,24.153188615083305
1271.0,24.176984758251947
1281.0,24.199629878052015
1291.0,24.22116580950292
1301.0,24.243177936017187
1311.0,24.272596687815057
1321.0,24.30871968473785
1331.0,24.35003428556718
1341.0,24.395270656197237
1351.0,24.44336614432806
1361.0,24.49343474984918
1371.0,24.544768615783514
1381.0,24.597294134181627
1391.0,24.65092836047526
1401.0,24.705450080487893
1411.0,24.76062176084371
1421.0,24.816195544449513
1431.0,24.871918917013726
1441.0,24.927534758513353
1451.0,24.98245667973006
1461.0,25.036189264572474
1471.0,25.088494845636927
1481.0,25.139192964873526
1491.0,25.188151473237568
1501.0,25.235278832798283
1511.0,25.280517468530242
1521.0,25.324007165886144
1531.0,25.365915425260674
1541.0,25.40614875723891
1551.0,25.444643179712042
1561.0,25.481361736626155
1571.0,25.51629027540002
1581.0,25.54943372507243
1591.0,25.58070055027157
1601.0,25.60986925083949
1611.0,25.6370915492244
1621.0,25.66252648730349
1631.0,25.686318887806912
1641.0,25.708600768686765
1651.0,25.729492603423726
1661.0,25.74910464422476
1671.0,25.767539776978847
1681.0,25.784892419050795
1691.0,25.801248720665036
1701.0,25.816687481109724
1711.0,25.831280839222117
1721.0,25.845094892202592
1731.0,25.858190277341954
1741.0,25.870624007408733
1751.0,25.882450002793533
1761.0,25.89371759977494
1771.0,25.904471890270628
1781.0,25.914754115126097
1791.0,25.924602017854713
1801.0,25.934050163330923
1811.0,25.94313113433644
1821.0,25.95187725511116
1831.0,25.96031826288112
1841.0,25.968481093214688
1851.0,25.976390157415292
1861.0,25.98406759135836
1871.0,25.99153347882955
1881.0,25.998857399541052
1891.0,26.00610718166232
1901.0,26.013263065929475
1911.0,26.02030806437345
1921.0,26.02722825698334
1931.0,26.034012414270478
1941.0,26.040651649906778
1951.0,26.04712729112128
1961.0,26.053404849332857
1971.0,26.05948817076641
1981.0,26.0653839864689
1991.0,26.07109940071078
2001.0,26.076641749949797
2011.0,26.082018484691755
2021.0,26.08724016531292
2031.0,26.092327053217513
2041.0,26.097276420916376
2051.0,26.102083725663896
2061.0,26.106746000271087
2071.0,26.111261563758575
2081.0,26.11562976628744
2091.0,26.119847950629463
2101.0,26.12387918498242
2111.0,26.12773533012336
2121.0,26.131443481747688
2131.0,26.135027103387504
2141.0,26.138506474465483
2151.0,26.141899083583553
2161.0,26.145219985425616
2171.0,26.14848657347365
2181.0,26.151713050786775
2191.0,26.1549084273652
2201.0,26.15808036997282
2211.0,26.161235368412658
2221.0,26.164378882362637
2231.0,26.167515471074445
2241.0,26.17065004209923
2251.0,26.17378807219499
2261.0,26.176932852106123
2271.0,26.180087005995215
2281.0,26.183252599462264
2291.0,26.186431214242347
2301.0,26.189624014259955
2311.0,26.192832155609675
2321.0,26.19605794763603
2331.0,26.199302959689046
2341.0,26.20256825946119
2351.0,26.205854536474863
2361.0,26.20916215724427
2371.0,26.21249121395166
2381.0,26.21584166771702
2391.0,26.21921455393074
2401.0,26.222611117390205
2411.0,26.226032136321937
2421.0,26.229478024209843
2431.0,26.232948885548787
2441.0,26.236444564906943
2451.0,26.239964708475497
2461.0,26.24350976452091
2471.0,26.247081126775072
2481.0,26.250679768791823
2491.0,26.254306237765796
2501.0,26.257960720596618
2511.0,26.2616431018964
2521.0,26.265353015074012
2531.0,26.26909056610633
2541.0,26.272857409673247
2551.0,26.27665493118834
2561.0,26.280483982696918
2571.0,26.28434496598743
2581.0,26.288237905425525
2591.0,26.292162511668817
,
1.0,0.04009272629074777
11.0,0.43649463864216753
21.0,0.8248132107013174
31.0,1.2052503294304011
41.0,1.5780020495878657
51.0,1.9432587793524996
61.0,2.3012054598007903
71.0,2.65202173843431
81.0,2.9987699986341214
91.0,3.3457262847963287
101.0,3.692927608729267
111.0,4.040375414947697
121.0,4.388071498608667
131.0,4.736017984651909
141.0,5.084217310693855
151.0,5.4326720776807695
161.0,5.781384463654535
171.0,6.130356962204069
181.0,6.479592424117899
191.0,6.829094025359338
201.0,7.1788652595126345
211.0,7.528909933012858
221.0,7.8792320965005604
231.0,8.22983538469518
241.0,8.58072366877003
251.0,8.931901249048595
261.0,9.28337279991161
271.0,9.635143373760172
281.0,9.9872184079617
291.0,10.339603713522708
301.0,10.692304818491582
311.0,11.045327432599986
321.0,11.398677871965498
331.0,11.752362960583417
341.0,12.106390052381231
351.0,12.460767058024688
361.0,12.815496485140791
371.0,13.169872881002934
381.0,13.52339123671535
391.0,13.876027373968228
401.0,14.227755925291374
411.0,14.578550214452566
421.0,14.928382124168012
431.0,15.277221948966417
441.0,15.546419613765316
451.0,15.807139543876456
461.0,16.068193130734638
471.0,16.329589163374894
481.0,16.591337076437842
491.0,16.853447004670034
501.0,17.115929845626965
511.0,17.319232260795285
521.0,17.497291490534717
531.0,17.675622296545384
541.0,17.85423106560346
551.0,18.03312456979151
561.0,18.21230999500058
571.0,18.39179497292542
581.0,18.560295381882668
591.0,18.71629137738915
601.0,18.87058291741641
611.0,19.02318871597645
621.0,19.174127286543644
631.0,19.323416944655538
641.0,19.471075810527093
651.0,19.617116469112876
661.0,19.76154899154239
671.0,19.90440305455947
681.0,20.045695958060218
691.0,20.185444814430404
701.0,20.323666550727165
711.0,20.460377910847072
721.0,20.595594079473543
731.0,20.72932015214652
741.0,20.86158450522955
751.0,20.992403141790998
761.0,21.121791890508764
771.0,21.249766407614707
781.0,21.37634217881989
791.0,21.50153452122113
801.0,21.625349106127615
811.0,21.7478090911771
821.0,21.86893032656068
831.0,21.988727460435936
841.0,22.105816965901393
851.0,22.21820540586637
861.0,22.326072418379308
871.0,22.427562115213934
881.0,22.53639221817123
891.0,22.64852957629443
901.0,22.759439700320446
911.0,22.869136312979645
921.0,22.9776328581474
931.0,23.084942568816945
941.0,23.19109899429282
951.0,23.296115525772098
961.0,23.39998456577764
971.0,23.50271870334594
981.0,23.604330388963692
991.0,23.70483193625904
1001.0,23.804235523660797
1011.0,23.90255306260063
1021.0,23.998671203361464
1031.0,24.088572446973554
1041.0,24.172303179166303
1051.0,24.25028113962792
1061.0,24.322888341357846
1071.0,24.39047784669095
1081.0,24.45336563090313
1091.0,24.51128679534961
1101.0,24.564314350011863
1111.0,24.612921554581092
1121.0,24.657534296780153
1131.0,24.698531542243924
1141.0,24.73625065918104
1151.0,24.770996354688325
1161.0,24.803273926782925
1171.0,24.833601554707002
1181.0,24.862087247425098
1191.0,24.88882320004957
1201.0,24.913899207103984
1211.0,24.93740289416566
1221.0,24.95941975643379
1231.0,24.980011149695894
1241.0,24.999203382723483
1251.0,25.017087915266
1261.0,25.033755623539488
1271.0,25.04929249049601
1281.0,25.063779675512684
1291.0,25.077293607450045
1301.0,25.09123554102644
1311.0,25.112853443947113
1321.0,25.141909906342985
1331.0,25.177009942896856
1341.0,25.21694253567914
1351.0,25.26065902856845
1361.0,25.307253971806983
1371.0,25.355971905151737
1381.0,25.406459331282615
1391.0,25.458090716071453
1401.0,25.510216624029493
1411.0,25.562298239763393
1421.0,25.61389267428554
1431.0,25.664640004676205
1441.0,25.71424931412131
1451.0,25.76222588335087
1461.0,25.808357391541403
1471.0,25.8526845909634
1481.0,25.89525004701278
1491.0,25.936097879325676
1501.0,25.97527351534718
1511.0,26.0128234564264
1521.0,26.048801021059734
1531.0,26.08326328886201
1541.0,26.116257558715503
1551.0,26.147831454647385
1561.0,26.178032860771815
1571.0,26.2069097309688
1581.0,26.234509915361187
1591.0,26.260882319196813
1601.0,26.28607888744858
1611.0,26.310147378103306
1621.0,26.33313442475673
1631.0,26.355085770845964
1641.0,26.376046195983992
1651.0,26.396059451952343
1661.0,26.415168464344596
1671.0,26.433417279663278
1681.0,26.450848299787673
1691.0,26.467502154608535
1701.0,26.483417964902845
1711.0,26.498633363324313
1721.0,26.513184517052494
1731.0,26.52710618641183
1741.0,26.54043310896383
1751.0,26.553199731551896
1761.0,26.565438673605588
1771.0,26.577180828102968
1781.0,26.58845544727662
1791.0,26.59929022308735
1801.0,26.609711363401633
1811.0,26.61974452123921
1821.0,26.6294160340527
1831.0,26.63875074883557
1841.0,26.6477717748948
1851.0,26.656500613735325
1861.0,26.664957277795455
1871.0,26.673160399181334
1881.0,26.681160739296146
1891.0,26.689008425566012
1901.0,26.696697192295677
1911.0,26.70422278603897
1921.0,26.711583015960205
1931.0,26.718777400432458
1941.0,26.72580686180271
1951.0,26.732656385424672
1961.0,26.739289246381833
1971.0,26.74572417036719
1981.0,26.751980991136477
1991.0,26.758077428961517
2001.0,26.76402932052974
2011.0,26.769850823626705
2021.0,26.77555467487383
2031.0,26.7811539404191
2041.0,26.786661761000214
2051.0,26.79208971793446
2061.0,26.797447950807353
2071.0,26.80274532812278
2081.0,26.807989598648692
2091.0,26.81318754163609
2101.0,26.818346525987522
2111.0,26.823475363305768
2121.0,26.828581743870917
2131.0,26.833672129817952
2141.0,26.838751049015084
2151.0,26.84381636922314
2161.0,26.848864072305116
2171.0,26.853890277899847
2181.0,26.858889677889316
2191.0,26.863857780997844
2201.0,26.868791232679715
2211.0,26.873687609978568
2221.0,26.878545249695655
2231.0,26.883363104651878
2241.0,26.888140115622395
2251.0,26.89287305392176
2261.0,26.897558805242863
2271.0,26.902195226960565
2281.0,26.90678096987691
2291.0,26.91131532842299
2301.0,26.915798115138287
2311.0,26.92022932604759
2321.0,26.924607180373176
2331.0,26.928929511904798
2341.0,26.933194965549927
2351.0,26.937402857223557
2361.0,26.941553047554788
2371.0,26.945645835727504
2381.0,26.94968178366015
2391.0,26.95366013712253
2401.0,26.957579407082108
2411.0,26.9614387655277
2421.0,26.965237954597114
2431.0,26.968977182249734
2441.0,26.972657034332922
2451.0,26.976278378517936
2461.0,26.979841186855076
2471.0,26.983344510892717
2481.0,26.98678794041963
2491.0,26.990171554356674
2501.0,26.993495836810894
2511.0,26.99676160642198
2521.0,26.99996995726468
2531.0,27.00312143092551
2541.0,27.00621556777147
2551.0,27.009252396302205
2561.0,27.01223237660453
2571.0,27.015156336623047
2581.0,27.01802541957424
2591.0,27.020841041355517
,
1.0,0.040353546288353116
11.0,0.4440507560378981
21.0,0.8480419837744921
31.0,1.2523275878449942
41.0,1.6569084762818636
51.0,2.0617860680368763
61.0,2.466962260439366
71.0,2.8724394021875237
81.0,3.276173541414808
91.0,3.67519810096396
101.0,4.0695114370073595
111.0,4.459137436944081
121.0,4.844100186836656
131.0,5.224423956467791
141.0,5.60013318583031
151.0,5.972444249651677
161.0,6.344825434382144
171.0,6.717499438392981
181.0,7.090470089872448
191.0,7.463741606108038
201.0,7.83731859189101
211.0,8.211206041088746
221.0,8.58273201713834
231.0,8.936534091914924
241.0,9.271603718536937
251.0,9.589492162703154
261.0,9.891579210935424
271.0,10.179096584358751
281.0,10.453147580374596
291.0,10.715261644567278
301.0,10.974584642619623
311.0,11.234119642560833
321.0,11.493869044132094
331.0,11.753835506535914
341.0,12.014021943363462
351.0,12.274431519684923
361.0,12.535067651181786
371.0,12.795933539468155
381.0,13.057032151972942
391.0,13.318366892297377
401.0,13.579941478534845
411.0,13.841759946179875
421.0,14.103826653580267
431.0,14.366146289955005
441.0,14.615343610146448
451.0,14.83603470241536
461.0,15.033539596327174
471.0,15.21366903130908
481.0,15.389711770689628
491.0,15.563826544324682
501.0,15.736034639110418
511.0,15.906357837166073
521.0,16.07481910696085
531.0,16.24143903806852
541.0,16.406237841752745
551.0,16.569235506246102
561.0,16.73045179984484
571.0,16.889906273911524
581.0,17.047618222708504
591.0,17.203606459203684
601.0,17.357889861596714
611.0,17.510487164912163
621.0,17.66141689792381
631.0,17.810697386145943
641.0,17.958346754745367
651.0,18.10438291671366
661.0,18.248823274078926
671.0,18.391685252095396
681.0,18.53298622260984
691.0,18.672743367573606
701.0,18.81097368196558
711.0,18.94769397666102
721.0,19.082920853475244
731.0,19.21666804268909
741.0,19.34895005818955
751.0,19.47978303382702
761.0,19.609182920233014
771.0,19.737165492462964
781.0,19.86374641272988
791.0,19.988941371534917
801.0,20.112766654129416
811.0,20.23523850129139
821.0,20.35637171642923
831.0,20.476180932179595
841.0,20.59468062256534
851.0,20.711885104671435
861.0,20.8278085403071
871.0,20.94246498564871
881.0,21.05586845512985
891.0,21.168032650549858
901.0,21.278971127826473
911.0,21.388697346906188
921.0,21.497224629685782
931.0,21.60456615114912
941.0,21.710734901243576
951.0,21.815743475926997
961.0,21.919604587821038
971.0,22.022330868978468
981.0,22.123934811245753
991.0,22.22442876851424
1001.0,22.323824958888206
1011.0,22.422135453169467
1021.0,22.519371898109906
1031.0,22.615546012810942
1041.0,22.710669514754446
1051.0,22.80475399229186
1061.0,22.89781090684353
1071.0,22.98985159503431
1081.0,23.08088727077746
1091.0,23.17092874687462
1101.0,23.259986783419063
1111.0,23.348072256937257
1121.0,23.435195925930117
1131.0,23.52136843309329
1141.0,23.606600307505925
1151.0,23.690901966801672
1161.0,23.774282567133618
1171.0,23.85675054085463
1181.0,23.938315797934976
1191.0,24.018988165049375
1201.0,24.09877737242184
1211.0,24.177693053763054
1221.0,24.255744746286805
1231.0,24.332942379239093
1241.0,24.409296767910075
1251.0,24.484765440734556
1261.0,24.556011945036005
1271.0,24.62149169828794
1281.0,24.681713332023868
1291.0,24.737138978714356
1301.0,24.78971698216759
1311.0,24.845740451982397
1321.0,24.904794940338068
1331.0,24.965935486973322
1341.0,25.028372875143813
1351.0,25.091451186836053
1361.0,25.154628472310062
1371.0,25.217502270529693
1381.0,25.280742758551394
1391.0,25.345229264588294
1401.0,25.409767057445556
1411.0,25.47350525599044
1421.0,25.536471874342915
1431.0,25.598693172075897
1441.0,25.660190665702377
1451.0,25.720992244949212
1461.0,25.78111555382223
1471.0,25.840568993829418
1481.0,25.899360814950665
1491.0,25.95749912003966
1501.0,26.01456696709494
1511.0,26.068780489149482
1521.0,26.12042851053755
1531.0,26.170020490527204
1541.0,26.217443337484458
1551.0,26.262619849003123
1561.0,26.305507812227088
1571.0,26.34609456667155
1581.0,26.384392148717144
1591.0,26.420407640515048
1601.0,26.454129932662187
1611.0,26.485644071710823
1621.0,26.515046288914927
1631.0,26.542436482274574
1641.0,26.567916480077276
1651.0,26.591588580579433
1661.0,26.61351111694405
1671.0,26.633567392499966
1681.0,26.651930773613774
1691.0,26.668799515002554
1701.0,26.684346877082515
1711.0,26.69872432495007
1721.0,26.712064316352237
1731.0,26.724484227178944
1741.0,26.73611341239474
1751.0,26.747044903476965
1761.0,26.757349648993035
1771.0,26.767090357828998
1781.0,26.77632250177917
1791.0,26.785095194894616
1801.0,26.793453193012628
1811.0,26.80156108384865
1821.0,26.809462099576287
1831.0,26.817091717264184
1841.0,26.824396155324248
1851.0,26.831330823116456
1861.0,26.837858776947844
1871.0,26.843949197316917
1881.0,26.849305823294532
1891.0,26.853686649612207
1901.0,26.85737489335537
1911.0,26.86057908739634
1921.0,26.863438850578678
1931.0,26.86603618294934
1941.0,26.868406281987582
1951.0,26.870650901606343
1961.0,26.873140781156554
1971.0,26.875869400450046
1981.0,26.878801227846424
1991.0,26.881905562614644
2001.0,26.885155877806742
2011.0,26.88852925364251
2021.0,26.89200580090017
2031.0,26.895566415482236
2041.0,26.899192961964896
2051.0,26.902869978501215
2061.0,26.906584366601763
2071.0,26.91032505361014
2081.0,26.914082702588498
2091.0,26.91784944346664
2101.0,26.921617380920598
2111.0,26.92537810145706
2121.0,26.929124584149097
2131.0,26.932851131632447
2141.0,26.936553169795037
2151.0,26.940227076295297
2161.0,26.94387003390277
2171.0,26.947479094981283
2181.0,26.951050225798685
2191.0,26.95458015612588
2201.0,26.95806646459418
2211.0,26.96150744590206
2221.0,26.964901997623468
2231.0,26.96824952398361
2241.0,26.971549598138694
2251.0,26.974807647976206
2261.0,26.9780325310907
2271.0,26.981232087909564
2281.0,26.98441321533821
2291.0,26.987581952313924
2301.0,26.990743557186068
2311.0,26.99390020032645
2321.0,26.997044447011454
2331.0,27.00017104166793
2341.0,27.003275964373426
2351.0,27.00635601267994
2361.0,27.009408684511957
2371.0,27.012432077820833
2381.0,27.015424705082914
2391.0,27.0183841143717
2401.0,27.02130773293784
2411.0,27.024193711018654
2421.0,27.027040794954328
2431.0,27.029848245435993
2441.0,27.032615768644888
2451.0,27.035251902238915
2461.0,27.03764350065692
2471.0,27.040007824549807
2481.0,27.0423437814482
2491.0,27.044650621077906
2501.0,27.046927895582588
2511.0,27.049175425608663
2521.0,27.051360453241198
2531.0,27.053227759100643
2541.0,27.055077937522647
2551.0,27.056910207176685
2561.0,27.05872396755863
2571.0,27.060518781035977
2581.0,27.062294357120948
2591.0,27.064050538800142
,
1.0,0.029690328924068768
11.0,0.3248049446540312
21.0,0.6166923407391647
31.0,0.9053878068939696
41.0,1.1909262469970556
51.0,1.4733421833109632
61.0,1.7526697606555752
71.0,2.0289427505356437
81.0,2.325281120990986
91.0,2.6245689492602904
101.0,2.9244291877920157
111.0,3.224872041169476
121.0,3.525908084063223
131.0,3.8275482803280134
141.0,4.129804003489277
151.0,4.397418308447135
161.0,4.647663674655843
171.0,4.8951731474662
181.0,5.13997666262254
191.0,5.3821038290713386
201.0,5.621583932569361
211.0,5.858445939254264
221.0,6.092713204331627
231.0,6.324413880668115
241.0,6.5535812201988755
251.0,6.780242933461114
261.0,7.0044264281487045
271.0,7.226158812432542
281.0,7.445466898244932
291.0,7.662374880122589
301.0,7.876905807501931
311.0,8.089090999586587
321.0,8.298956110658466
331.0,8.506526514515546
341.0,8.71182730754102
351.0,8.914883311738954
361.0,9.115718519360513
371.0,9.314352713272065
381.0,9.510814907858093
391.0,9.70512885543913
401.0,9.897318048612364
411.0,10.087405723092166
421.0,10.27541486051958
431.0,10.461368191241066
441.0,10.6452843673358
451.0,10.827188594119697
461.0,11.007103408351986
471.0,11.185050642264205
481.0,11.361051857989159
491.0,11.535128365434135
501.0,11.707301232057684
511.0,11.99339421559175
521.0,12.329130345163273
531.0,12.665220470612958
541.0,13.001673730726923
551.0,13.338500006298494
561.0,13.675709979380487
571.0,14.013315202603943
581.0,14.309375148487062
591.0,14.563822019630386
601.0,14.818590616330235
611.0,15.073689304930848
621.0,15.329127060483007
631.0,15.584913517597212
641.0,15.841059028862682
651.0,16.07266173357584
661.0,16.24643360714088
671.0,16.420467805190743
681.0,16.59477043351001
691.0,16.769347963548874
701.0,16.944207259271415
711.0,17.119355607264463
721.0,17.290698306058445
731.0,17.424444604942643
741.0,17.55672898685583
751.0,17.68756744494086
761.0,17.81697579742071
771.0,17.944969689514366
781.0,18.071564595331704
791.0,18.196775819747554
801.0,18.320616710164213
811.0,18.443104477349817
821.0,18.564254215402386
831.0,18.684080628280576
841.0,18.802598263116465
851.0,18.91982151230882
861.0,19.035764615632214
871.0,19.150429208232012
881.0,19.263835654495765
891.0,19.376002911698013
901.0,19.486944567695307
911.0,19.596674063338032
921.0,19.70520469419674
931.0,19.812549612278893
941.0,19.918714900629766
951.0,20.023712661510135
961.0,20.127562264322723
971.0,20.23027626214282
981.0,20.331867070867833
991.0,20.43234697071553
1001.0,20.531728107705856
1011.0,20.630025002147356
1021.0,20.72725333150068
1031.0,20.82341925938471
1041.0,20.91853443281971
1051.0,21.01261037260965
1061.0,21.105658474802052
1071.0,21.197690012137393
1081.0,21.288714877755133
1091.0,21.378733830148775
1101.0,21.467768914216336
1111.0,21.555830902541732
1121.0,21.64239140682692
1131.0,21.725458115058668
1141.0,21.804990995087746
1151.0,21.88115004366678
1161.0,21.948208351423798
1171.0,22.012003001344524
1181.0,22.07331970453413
1191.0,22.132260689739873
1201.0,22.188923783935216
1211.0,22.24340260901192
1221.0,22.29578676939549
1231.0,22.34357858349657
1241.0,22.388564340886514
1251.0,22.431955664520487
1261.0,22.473812633442243
1271.0,22.514192966681954
1281.0,22.553152119276728
1291.0,22.590743374261038
1301.0,22.625967703305882
1311.0,22.658985958684493
1321.0,22.69092591595582
1331.0,22.72182505235379
1341.0,22.751719490749554
1351.0,22.78064405022408
1361.0,22.808632294696455
1371.0,22.83535589958658
1381.0,22.860419481288915
1391.0,22.884720535325023
1401.0,22.908283775692905
1411.0,22.931133086709746
1421.0,22.953291551703927
1431.0,22.974781480688097
1441.0,22.99558668857527
1451.0,23.015454550220895
1461.0,23.034765864916043
1471.0,23.05353679712157
1481.0,23.071783041455237
1491.0,23.089519836355365
1501.0,23.10676197734689
1511.0,23.12352382992146
1521.0,23.13981934202967
1531.0,23.155662055564836
1541.0,23.17106511842457
1551.0,23.186041296401314
1561.0,23.20060298429519
1571.0,23.214762216701356
1581.0,23.22853067848354
1591.0,23.24191971494429
1601.0,23.254940341170887
1611.0,23.267603251603568
1621.0,23.27991882991645
1631.0,23.29189715807122
1641.0,23.30354802508884
1651.0,23.31488093556615
1661.0,23.325905117950576
1671.0,23.3366295321861
1681.0,23.347062877222175
1691.0,23.357213599236132
1701.0,23.367089899037005
1711.0,23.376699739198084
1721.0,23.386050850982027
1731.0,23.39518013277927
1741.0,23.404531754652506
1751.0,23.414191136828677
1761.0,23.42408656559389
1771.0,23.434155436944057
1781.0,23.4443428002788
1791.0,23.454600288562943
1801.0,23.4654243390226
1811.0,23.480608887205072
1821.0,23.494939815760368
1831.0,23.508473006210952
1841.0,23.521260530531467
1851.0,23.533350933746334
1861.0,23.54478949269593
1871.0,23.555618453283742
1881.0,23.566456671875063
1891.0,23.576757931633225
1901.0,23.586494004313117
1911.0,23.59570209208762
1921.0,23.604416871979762
1931.0,23.61267068158566
1941.0,23.62049369158848
1951.0,23.62719928887857
1961.0,23.633304145908472
1971.0,23.63916062834433
1981.0,23.644795714483653
1991.0,23.650232056871317
2001.0,23.65548900606738
2011.0,23.660583337537307
2021.0,23.66611932527189
2031.0,23.671994533708205
2041.0,23.677664652398484
2051.0,23.683199734356595
2061.0,23.688650368008183
2071.0,23.6940550392279
2081.0,23.699443906885318
2091.0,23.70488484262593
2101.0,23.71035440331919
2111.0,23.715703650996826
2121.0,23.720938101596595
2131.0,23.726063205941358
2141.0,23.73108430242329
2151.0,23.736006580906686
2161.0,23.740835055892216
2171.0,23.745573770558174
2181.0,23.750224657497736
2191.0,23.754789650797935
2201.0,23.75927098113701
2211.0,23.763671095382545
2221.0,23.76799259019168
2231.0,23.772238157489127
2241.0,23.776410123578
2251.0,23.78050906246927
2261.0,23.784535498162125
2271.0,23.78849036189814
2281.0,23.792374906787607
2291.0,23.79619063789147
2301.0,23.79993925373078
2311.0,23.803626151880643
2321.0,23.807268319346402
2331.0,23.810877294628934
2341.0,23.814462846539467
2351.0,23.818033569192092
2361.0,23.821596977348083
2371.0,23.825159593566124
2381.0,23.828724176412607
2391.0,23.83227484735817
2401.0,23.83580455112814
2411.0,23.839309538609747
2421.0,23.842786826590995
2431.0,23.846234083278564
2441.0,23.849649529846097
2451.0,23.853032908582954
2461.0,23.856406378442824
2471.0,23.859794643944458
2481.0,23.86321578944038
2491.0,23.866685276726727
2501.0,23.870216149066852
2511.0,23.873819188711725
2521.0,23.877502806404376
2531.0,23.881241966240655
2541.0,23.885009261363205
2551.0,23.88879591080184
2561.0,23.892594485284853
2571.0,23.896398715845688
2581.0,23.90020332868629
2591.0,23.904003902734612
,
1.0,0.02969020751850351
11.0,0.3248034829883854
21.0,0.6166893184214632
31.0,0.9053830159141132
41.0,1.1909194910306178
51.0,1.4733332770758183
61.0,1.7526585293163004
71.0,2.028929029151196
81.0,2.302407167325977
91.0,2.572670448716462
101.0,2.8399732560478923
111.0,3.104349689284665
121.0,3.3658326775418015
131.0,3.62445442379202
141.0,3.880246588526841
151.0,4.154962849662296
161.0,4.409675684636165
171.0,4.657188797091866
181.0,4.901992168965214
191.0,5.1441162420423625
201.0,5.383590903154923
211.0,5.620445563744961
221.0,5.854709362246345
231.0,6.086411649958029
241.0,6.315580568998398
251.0,6.542243811010338
261.0,6.766428765436462
271.0,6.988162522827359
281.0,7.207471878111416
291.0,7.424383305260023
301.0,7.638922580263371
311.0,7.851115544099531
321.0,8.06098791482533
331.0,8.268565122928148
341.0,8.473872315390045
351.0,8.676934359574734
361.0,8.877775849411886
371.0,9.07642136283554
381.0,9.272895085460148
391.0,9.467220750066923
401.0,9.659421830392482
411.0,9.849521544004995
421.0,10.03754285514466
431.0,10.223508477528927
441.0,10.407889489723209
451.0,10.590283796929137
461.0,10.770663215485255
471.0,10.949050534809793
481.0,11.125468291686348
491.0,11.29993877097527
501.0,11.472484006468989
511.0,11.64312574049267
521.0,11.811885419775678
531.0,11.978784363714222
541.0,12.143843646616677
551.0,12.30708409346625
561.0,12.468526281962168
571.0,12.62819054465625
581.0,12.786096971978582
591.0,12.942265435648672
601.0,13.096715558523778
611.0,13.249466720881511
621.0,13.40053806859958
631.0,13.549948515844418
641.0,13.697716747798948
651.0,13.844009272143223
661.0,13.989018789637264
671.0,14.132407203308398
681.0,14.274194416313462
691.0,14.414400010407936
701.0,14.553043252074763
711.0,14.69014309872439
721.0,14.825718204786803
731.0,14.959786988440648
741.0,15.092367564960954
751.0,15.223477712386305
761.0,15.35313493121807
771.0,15.48135645062034
781.0,15.60815923455808
791.0,15.733559987860799
801.0,15.857575221906636
811.0,15.980221239615721
821.0,16.101513993824074
831.0,16.221469200658774
841.0,16.340102346786484
851.0,16.457428694778265
861.0,16.573463288347444
871.0,16.68905360316836
881.0,16.803651481540125
891.0,16.916906426065676
901.0,17.02884022075902
911.0,17.14042992824889
921.0,17.253776922250665
931.0,17.36882507144754
941.0,17.485445577933078
951.0,17.603519877370978
961.0,17.722938700428767
971.0,17.843601151573758
981.0,17.965414213370035
991.0,18.08829204088729
1001.0,18.212148080187717
1011.0,18.33689473376808
1021.0,18.46245376534325
1031.0,18.588755950086675
1041.0,18.71574017434516
1051.0,18.84335244662
1061.0,18.97154503613253
1071.0,19.10027572366135
1081.0,19.22945537486037
1091.0,19.353221696214977
1101.0,19.4684453297987
1111.0,19.57616369030468
1121.0,19.677224063901836
1131.0,19.772333561817664
1141.0,19.862095388477446
1151.0,19.947231780648362
1161.0,20.030644754072327
1171.0,20.113263770260225
1181.0,20.195903269365846
1191.0,20.278706370771495
1201.0,20.361667670828677
1211.0,20.444782201762308
1221.0,20.528045410170243
1231.0,20.611453134791443
1241.0,20.695002045329964
1251.0,20.778689169080803
1261.0,20.86251180745758
1271.0,20.946467557245985
1281.0,21.03055429566311
1291.0,21.114770166169397
1301.0,21.198887981963082
1311.0,21.2815703416595
1321.0,21.362634091398892
1331.0,21.442122338300944
1341.0,21.520076966096134
1351.0,21.59653864997581
1361.0,21.671546875205724
1371.0,21.745206648061504
1381.0,21.81859715852193
1391.0,21.892085011141216
1401.0,21.965670838801017
1411.0,22.039355337593896
1421.0,22.11313926603242
1431.0,22.187023444408705
1441.0,22.261008750775535
1451.0,22.33509628646003
1461.0,22.409287536482886
1471.0,22.48358388742371
1481.0,22.557985882070962
1491.0,22.632493648240107
1501.0,22.70710746907508
1511.0,22.78182777628323
1521.0,22.856654918478462
1531.0,22.93158878792711
1541.0,23.006629473872707
1551.0,23.08177724123927
1561.0,23.157032513379647
1571.0,23.23239585941519
1581.0,23.30786798348881
1591.0,23.38344959301505
1601.0,23.459140856772787
1611.0,23.53494207545287
1621.0,23.610853736410146
1631.0,23.686876483427096
1641.0,23.76301110703712
1651.0,23.839258536453954
1661.0,23.915356169385092
1671.0,23.989749305802583
1681.0,24.06224076997176
1691.0,24.132897021616706
1701.0,24.201781642463715
1711.0,24.268955484125495
1721.0,24.334476807275895
1731.0,24.39847602741488
1741.0,24.46216931305417
1751.0,24.525967605853705
1761.0,24.58987141695126
1771.0,24.653881408607848
1781.0,24.717998386018888
1791.0,24.782223290576763
1801.0,24.84655719444637
1811.0,24.911000860470345
1821.0,24.975554710555386
1831.0,25.040219451853396
1841.0,25.10499595870624
1851.0,25.169885266908032
1861.0,25.234888569419837
1871.0,25.30000721345026
1881.0,25.365242397695614
1891.0,25.43059479558599
1901.0,25.49606544408022
1911.0,25.561655581266553
1921.0,25.627366639206635
1931.0,25.693200244144997
1941.0,25.759158218449993
1951.0,25.82524239114194
1961.0,25.891453950338548
1971.0,25.95779450644809
1981.0,26.024265962932052
1991.0,26.0908704852701
2001.0,26.157610511413147
2011.0,26.224488765448324
2021.0,26.282603597378316
2031.0,26.331927958840847
2041.0,26.381358261108428
2051.0,26.43089620144625
2061.0,26.480543658169257
2071.0,26.530302700164906
2081.0,26.58017559839025
2091.0,26.625304278957426
2101.0,26.659184608862606
2111.0,26.693145392639554
2121.0,26.727187876628626
2131.0,26.76131340814503
2141.0,26.795523440641183
2151.0,26.829819539671636
2161.0,26.863526717036105
2171.0,26.891017916612334
2181.0,26.918209806746706
2191.0,26.945105730327796
2201.0,26.971708997423217
2211.0,26.998022886001795
2221.0,27.024050642684518
2231.0,27.04979548352889
2241.0,27.07524490536768
2251.0,27.100415232635516
2261.0,27.12531123913109
2271.0,27.1499359624605
2281.0,27.17429240865139
2291.0,27.198383552624424
2301.0,27.222212338669667
2311.0,27.24577227125328
2321.0,27.269071215615607
2331.0,27.292115965332233
2341.0,27.31490931819945
2351.0,27.337454042006673
2361.0,27.359752874899893
2371.0,27.381808525743217
2381.0,27.40361861667412
2391.0,27.425185610716934
2401.0,27.4465171163531
2411.0,27.46761571678811
2421.0,27.488483967169604
2431.0,27.50912439490308
2441.0,27.529539499964546
2451.0,27.549729511504516
2461.0,27.5696937083611
2471.0,27.589439645085342
2481.0,27.60896970739122
2491.0,27.628168136481914
2501.0,27.646764609691854
2511.0,27.664766692599667
2521.0,27.682290676615143
2531.0,27.70005643462827
2541.0,27.71714772337156
2551.0,27.733592455274
2561.0,27.749417332704688
2571.0,27.764647902458467
2581.0,27.779308607707307
2591.0,27.793422837539005
,
1.0,0.04710210081790469
11.0,0.5183485246049243
21.0,0.9900050790012305
31.0,1.4620728490376316
41.0,1.9345537608521473
51.0,2.4074505459064093
61.0,2.880766713235893
71.0,3.354506529199924
81.0,3.8286746899369737
91.0,4.303275909573298
101.0,4.7783158529796275
111.0,5.253800980896906
121.0,5.729738552042641
131.0,6.206136638322552
141.0,6.683004147564048
151.0,7.1603506533068035
161.0,7.638185743885804
171.0,8.116520168108764
181.0,8.595365762416709
191.0,9.074735475924427
201.0,9.554643448177494
211.0,10.03510510184662
221.0,10.455425522735577
231.0,10.815507792704102
241.0,11.176037207894012
251.0,11.537025074030497
261.0,11.89848356377283
271.0,12.260425785888993
281.0,12.622865865070857
291.0,12.950562216819536
301.0,13.196407804305894
311.0,13.442617035592482
321.0,13.689198311981878
331.0,13.936160549286308
341.0,14.183513214825522
351.0,14.431266368974663
361.0,14.674583799422177
371.0,14.87326072582712
381.0,15.069761279943155
391.0,15.264109822004086
401.0,15.45633031502545
411.0,15.646446367877099
421.0,15.834481264771476
431.0,16.020457986270625
441.0,16.240104394491635
451.0,16.463878803925965
461.0,16.68793513136363
471.0,16.91228016581801
481.0,17.136921332562462
491.0,17.361866742312404
501.0,17.587125249633264
511.0,17.773818041383347
521.0,17.94231357042619
531.0,18.10896891676044
541.0,18.273804395327797
551.0,18.436840112612924
561.0,18.598095970873768
571.0,18.757591672602516
581.0,18.91533338969882
591.0,19.0713390472855
601.0,19.22564049399902
611.0,19.37825647727164
621.0,19.529205546289344
631.0,19.678506054936452
641.0,19.826176164799136
651.0,19.97222735968646
661.0,20.116667311869772
671.0,20.25952786337417
681.0,20.40082628032363
691.0,20.54057964025656
701.0,20.67880483418126
711.0,20.815518568609097
721.0,20.950737974902655
731.0,21.084480818047965
741.0,21.21675613222954
751.0,21.347581084073646
761.0,21.476972283876158
771.0,21.604945939121656
781.0,21.731517939978797
791.0,21.85670391028667
801.0,21.980556190144537
811.0,22.10305995036785
821.0,22.224226214565324
831.0,22.3432469977988
841.0,22.45417247781187
851.0,22.556481113124285
861.0,22.65089204194626
871.0,22.73806201413991
881.0,22.818589664850837
891.0,22.893022075184074
901.0,22.961859847605115
911.0,23.02556122177248
921.0,23.08454584008039
931.0,23.139198173845987
941.0,23.18672250826577
951.0,23.229670900554108
961.0,23.27300103595021
971.0,23.3165453630682
981.0,23.359692287175918
991.0,23.40179161060491
1001.0,23.442284520979427
1011.0,23.48080479983692
1021.0,23.515838738666204
1031.0,23.546850760254678
1041.0,23.574329584599173
1051.0,23.598704756497362
1061.0,23.62035377872796
1071.0,23.639608389247588
1081.0,23.65675938199422
1091.0,23.67197217201223
1101.0,23.685451257301242
1111.0,23.69744518386626
1121.0,23.70816723395613
1131.0,23.717800374254548
1141.0,23.726501495028277
1151.0,23.734405045544353
1161.0,23.741670178077975
1171.0,23.748452258927585
1181.0,23.754812456189264
1191.0,23.760803411741772
1201.0,23.766471246159032
1211.0,23.771856352112625
1221.0,23.7769940909989
1231.0,23.78191712458662
1241.0,23.78665800898665
1251.0,23.791240516930444
1261.0,23.795685059758682
1271.0,23.800009481336033
1281.0,23.804229366008304
1291.0,23.808358310199775
1301.0,23.81240845728195
1311.0,23.81639254675936
1321.0,23.82032080139939
1331.0,23.824201764948683
1341.0,23.82804280866584
1351.0,23.831850274640345
1361.0,23.835629602466234
1371.0,23.839385788951542
1381.0,23.843127966377587
1391.0,23.846859994393512
1401.0,23.850583350868728
1411.0,23.85429931307261
1421.0,23.858008981922726
1431.0,23.86171330347124
1441.0,23.865413546536562
1451.0,23.86915635429281
1461.0,23.872944438370393
1471.0,23.876741255629103
1481.0,23.88051426839425
1491.0,23.8842345010039
1501.0,23.88787609126894
1511.0,23.89141583892757
1521.0,23.89478938695747
1531.0,23.89794797795902
1541.0,23.90093123106202
1551.0,23.903773673420666
1561.0,23.90650462978216
1571.0,23.90914890781967
1581.0,23.911727391468098
1591.0,23.914270441183593
1601.0,23.916821485989697
1611.0,23.919373282616586
1621.0,23.9219166365755
1631.0,23.924443622127715
1641.0,23.92694740717967
1651.0,23.929422097513264
1661.0,23.931856702485668
1671.0,23.934219626938837
1681.0,23.93652736088102
1691.0,23.93880078851692
1701.0,23.941057206059398
1711.0,23.94331076730258
1721.0,23.945572873999343
1731.0,23.94785381493461
1741.0,23.95018469894237
1751.0,23.952574325603397
1761.0,23.955020438331545
1771.0,23.957520745297355
1781.0,23.960072928676915
1791.0,23.962674653585406
1801.0,23.965323582534968
1811.0,23.968019830535138
1821.0,23.970763256048254
1831.0,23.97355188978848
1841.0,23.97638373694546
1851.0,23.979256788248055
1861.0,23.9821690299942
1871.0,23.985118453118165
1881.0,23.988103890972535
1891.0,23.991125356205796
1901.0,23.994181851509843
1911.0,23.997272241557543
1921.0,24.00039529257189
1931.0,24.003549693207617
1941.0,24.006734073006655
1951.0,24.0099473056922
1961.0,24.01318958467561
1971.0,24.01646083963918
1981.0,24.019760724069148
1991.0,24.023088696099446
2001.0,24.02644405177497
2011.0,24.029825954351814
2021.0,24.033233546567022
2031.0,24.036667091337495
2041.0,24.040127265435274
2051.0,24.043614378982213
2061.0,24.047128445908793
2071.0,24.050669230770662
2081.0,24.054236289946736
2091.0,24.05782902420454
2101.0,24.06144765139792
2111.0,24.06509342981698
2121.0,24.068767243230074
2131.0,24.07246956907596
2141.0,24.076200541052348
2151.0,24.07996000413929
2161.0,24.08374756307907
2171.0,24.087563304018502
2181.0,24.09140892159945
2191.0,24.095285863404445
2201.0,24.0991950416403
2211.0,24.10313691522507
2221.0,24.107111561856986
2231.0,24.111118741184796
2241.0,24.11515838143033
2251.0,24.119232452949714
2261.0,24.123343040719536
2271.0,24.127491534000487
2281.0,24.13167873309764
2291.0,24.135904943450036
2301.0,24.1401700579611
2311.0,24.144501587904703
2321.0,24.148961108184427
2331.0,24.15351627317445
2341.0,24.158131944018997
2351.0,24.162775924782338
2361.0,24.167418866955806
2371.0,24.172034114741958
2381.0,24.176584164900696
2391.0,24.18098341532776
2401.0,24.185238809284836
2411.0,24.189369952773326
2421.0,24.193393982281275
2431.0,24.197325857255827
2441.0,24.201178618575895
2451.0,24.20496367315964
2461.0,24.208692370826
2471.0,24.212374783265904
2481.0,24.216019313301974
2491.0,24.219633179573552
2501.0,24.223222560757502
2511.0,24.226792723227693
2521.0,24.230348238328308
2531.0,24.233903925393882
2541.0,24.237465219071314
2551.0,24.241028319093285
2561.0,24.244590026591613
2571.0,24.24814766653225
2581.0,24.251699019166225
2591.0,24.25524225950976
,
1.0,0.007813022513862476
11.0,0.16788134430282012
21.0,0.4188045360701941
31.0,0.7072303835602938
41.0,0.9927416947012127
51.0,1.2751308990461723
61.0,1.5544321372770473
71.0,1.8306791767425008
81.0,2.103905415540435
91.0,2.3741438865558018
101.0,2.641427261454257
111.0,2.905787854632147
121.0,3.167257627123297
131.0,3.4258681904630808
141.0,3.6816508105102375
151.0,4.020482734271974
161.0,4.339903533230628
171.0,4.610749128824865
181.0,4.855902492648963
191.0,5.0980380832790715
201.0,5.33752230290337
211.0,5.574384662609188
221.0,5.872181097983291
231.0,6.233072194183218
241.0,6.594249327299278
251.0,6.955716247921454
261.0,7.317477084665269
271.0,7.67953634320592
281.0,8.041898908342135
291.0,8.404416276360427
301.0,8.76466051107388
311.0,9.121777596206162
321.0,9.4757488311898
331.0,9.826555251928326
341.0,10.174177609903738
351.0,10.518596351349471
361.0,10.859560386706919
371.0,11.172231951928651
381.0,11.446870863509579
391.0,11.691181048768666
401.0,11.910790526800278
411.0,12.109928281667157
421.0,12.297992726225987
431.0,12.483975597975254
441.0,12.669266230190443
451.0,12.85256424100983
461.0,13.033749992648161
471.0,13.212858484271365
481.0,13.389922937397372
491.0,13.565032425822187
501.0,13.740694149168236
511.0,13.918101272806215
521.0,14.097102355077398
531.0,14.277562654622544
541.0,14.459362321524571
551.0,14.642394641995162
561.0,14.826564517891292
571.0,15.011787136793053
581.0,15.197986749977
591.0,15.38509501962421
601.0,15.573050662596595
611.0,15.761798936726326
621.0,15.951290898937058
631.0,16.1414827867872
641.0,16.332335474074384
651.0,16.523813973956013
661.0,16.7158864258569
671.0,16.908524033337518
681.0,17.101701175396624
691.0,17.29539503110823
701.0,17.48958531614552
711.0,17.68425405039677
721.0,17.879385353137835
731.0,18.074964770261143
741.0,18.270979113859482
751.0,18.46741701098234
761.0,18.664268636110695
771.0,18.86152559976296
781.0,19.05918085213067
791.0,19.25722860046044
801.0,19.455663891983995
811.0,19.65448216194005
821.0,19.853680193426687
831.0,20.05325585914986
841.0,20.25320808382278
851.0,20.453536824034163
861.0,20.6542430588998
871.0,20.829350559513426
881.0,20.994070952973484
891.0,21.159585300748372
901.0,21.325876752246817
911.0,21.49293059594085
921.0,21.660734183269543
931.0,21.829276870513308
941.0,21.97120494712663
951.0,22.086330936229494
961.0,22.20193380470566
971.0,22.31800854201069
981.0,22.43455100165564
991.0,22.551557889746768
1001.0,22.669026759132134
1011.0,22.78099863744272
1021.0,22.878533324008774
1031.0,22.975004090626133
1041.0,23.070422951735456
1051.0,23.164801798641612
1061.0,23.258152402690115
1071.0,23.350486418544488
1081.0,23.44180402962416
1091.0,23.532023016242803
1101.0,23.62125440580719
1111.0,23.709509064398375
1121.0,23.79679773741872
1131.0,23.883131050983437
1141.0,23.96851951329427
1151.0,24.052973515995717
1161.0,24.13648689958195
1171.0,24.219086624306296
1181.0,24.30078472682081
1191.0,24.381591195485225
1201.0,24.46151591178498
1211.0,24.540568651873365
1221.0,24.61875908811688
1231.0,24.69605207547788
1241.0,24.77248188742301
1251.0,24.84807684906812
1261.0,24.922846144429794
1271.0,24.996798857662018
1281.0,25.069943974245888
1291.0,25.14229038216934
1301.0,25.213780899627633
1311.0,25.283093247993985
1321.0,25.349715771722973
1331.0,25.413760794520794
1341.0,25.475335711685585
1351.0,25.534543215592716
1361.0,25.591481510502106
1371.0,25.64516048343541
1381.0,25.69755396615855
1391.0,25.752579538293066
1401.0,25.809628519104447
1411.0,25.86811552226357
1421.0,25.92751032177187
1431.0,25.98734323217222
1441.0,26.047340178886387
1451.0,26.108099934139467
1461.0,26.16817571580087
1471.0,26.227577744349396
1481.0,26.286315588822774
1491.0,26.344398323908568
1501.0,26.401834635478792
1511.0,26.458632893336738
1521.0,26.514803473960722
1531.0,26.56916820726563
1541.0,26.619641076339832
1551.0,26.666475605368813
1561.0,26.709957287391187
1571.0,26.750349603077222
1581.0,26.787895644501827
1591.0,26.822801565863564
1601.0,26.855226107506013
1611.0,26.88536487947021
1621.0,26.91340114755061
1631.0,26.939503549018074
1641.0,26.96382719708991
1651.0,26.986514715236563
1661.0,27.00769711789333
1671.0,27.027493032201708
1681.0,27.046010094678515
1691.0,27.063347516207344
1701.0,27.07959676392899
1711.0,27.094842140040793
1721.0,27.109161323142043
1731.0,27.12262807221826
1741.0,27.135342118986312
1751.0,27.14737356807568
1761.0,27.15877578697612
1771.0,27.169597950655522
1781.0,27.17988537124317
1791.0,27.18967980169825
1801.0,27.199020423400064
1811.0,27.20803528418165
1821.0,27.216846770244295
1831.0,27.22551185854624
1841.0,27.234076554842677
1851.0,27.24256281554432
1861.0,27.250949737009755
1871.0,27.259212392613165
1881.0,27.26725520842391
1891.0,27.274982604243423
1901.0,27.282424000270737
1911.0,27.289606706270376
1921.0,27.296555248875354
1931.0,27.30329166573899
1941.0,27.30983576786335
1951.0,27.316205582937137
1961.0,27.32241936305175
1971.0,27.328494483140975
1981.0,27.334446349526605
1991.0,27.340288609236975
2001.0,27.3460333484349
2011.0,27.35169126892482
2021.0,27.35727192851215
2031.0,27.362785798634935
2041.0,27.368244006795166
2051.0,27.373656215836906
2061.0,27.379030022390797
2071.0,27.38436621475987
2081.0,27.389662977139604
2091.0,27.394919142684
2101.0,27.400132617681894
2111.0,27.405299519571642
2121.0,27.41041688312886
2131.0,27.41548274996035
2141.0,27.420495976265315
2151.0,27.42545607233202
2161.0,27.43036306879036
2171.0,27.435216506798856
2181.0,27.440013882100963
2191.0,27.44475318378115
2201.0,27.449433248822725
2211.0,27.454053600097275
2221.0,27.458614310600268
2231.0,27.463115889932485
2241.0,27.46755872162142
2251.0,27.471941286881613
2261.0,27.476262155609458
2271.0,27.480520621425786
2281.0,27.484716565106044
2291.0,27.48885034062194
2301.0,27.492922679460104
2311.0,27.496934388572893
2321.0,27.500884705284715
2331.0,27.504772615187235
2341.0,27.50859772471611
2351.0,27.51236014731169
2361.0,27.51606040916084
2371.0,27.519699369827666
2381.0,27.523278539425913
2391.0,27.526802586736682
2401.0,27.53027589336951
2411.0,27.533702288293085
2421.0,27.537085307582448
2431.0,27.54042821705598
2441.0,27.543734033149175
2451.0,27.547005402929887
2461.0,27.550241131874763
2471.0,27.55343822402126
2481.0,27.556594681990052
2491.0,27.55970911533754
2501.0,27.562780649555464
2511.0,27.565808848627313
2521.0,27.568790560438273
2531.0,27.571701525487164
2541.0,27.574568923506856
2551.0,27.577391881585477
2561.0,27.580170000956954
2571.0,27.582903293319667
2581.0,27.585592127668153
2591.0,27.58823718660307
,
1.0,0.029690046054393713
11.0,0.32480226533661455
21.0,0.6166880606567934
31.0,0.905382736135358
41.0,1.1909212106613911
51.0,1.473338022158412
61.0,1.7526673318069401
71.0,2.0293874460502823
81.0,2.302829017580275
91.0,2.573080705346556
101.0,2.8403750771337744
111.0,3.104745062536439
121.0,3.3662229949129268
131.0,3.6248407296447924
141.0,3.8806297023412246
151.0,4.284102500587827
161.0,4.7519790517182985
171.0,5.220250700218324
181.0,5.688926481238238
191.0,6.1580160202494385
201.0,6.627529569657735
211.0,7.097478050990562
221.0,7.567873012515237
231.0,8.038725884469407
241.0,8.51004898127885
251.0,8.98185565306996
261.0,9.45416027177979
271.0,9.926978322073072
281.0,10.400326506929991
291.0,10.834374007626248
301.0,11.175901830185774
311.0,11.517846080338453
321.0,11.860218004120599
331.0,12.203029611859032
341.0,12.546293743550224
351.0,12.89002414344009
361.0,13.223029772328312
371.0,13.45086870582103
381.0,13.670741808199441
391.0,13.883031098041755
401.0,14.088095525132916
411.0,14.286272642338096
421.0,14.47788013657556
431.0,14.664108778415626
441.0,14.877806318988245
451.0,15.094992760923773
461.0,15.312487596842555
471.0,15.530298609204946
481.0,15.748434074296393
491.0,15.966902801833086
501.0,16.185714179720467
511.0,16.370463428042854
521.0,16.53893089274694
531.0,16.705551800006575
541.0,16.870347207815282
551.0,17.0333376772476
561.0,17.194543379444088
571.0,17.353984157935486
581.0,17.51169632315247
591.0,17.667701397405136
601.0,17.822002381703136
611.0,17.974618076413922
621.0,18.125567083740517
631.0,18.274867811308617
641.0,18.422538475830155
651.0,18.56859708433925
661.0,18.71306096482824
671.0,18.855947571794562
681.0,18.997274390582987
691.0,19.137058731313726
701.0,19.275696254556603
711.0,19.414435171212528
721.0,19.55292946749433
731.0,19.686697167207097
741.0,19.819001627455656
751.0,19.94985882210641
761.0,20.079284553611966
771.0,20.207294454690903
781.0,20.33390398999818
791.0,20.459128457785543
801.0,20.5829950050084
811.0,20.70551096980881
821.0,20.826690226059732
831.0,20.946547686428037
841.0,21.065098125153934
851.0,21.18235618374116
861.0,21.298336377278574
871.0,21.413033721888116
881.0,21.526471300850655
891.0,21.638670925128817
901.0,21.74964633608317
911.0,21.859411140543077
921.0,21.967978814537048
931.0,22.075362707321677
941.0,22.178913066356447
951.0,22.27487015643169
961.0,22.364981062734607
971.0,22.449628968061475
981.0,22.529171099374786
991.0,22.603940573202905
1001.0,22.674248107069776
1011.0,22.737768486740848
1021.0,22.791797755867577
1031.0,22.84291199384847
1041.0,22.89128092936118
1051.0,22.937064036019386
1061.0,22.98041118134758
1071.0,23.02146323366688
1081.0,23.059884562867655
1091.0,23.093086235732866
1101.0,23.12649519700437
1111.0,23.160166680474504
1121.0,23.193946444823577
1131.0,23.227626562896866
1141.0,23.26099799064478
1151.0,23.29386983874134
1161.0,23.33085303578024
1171.0,23.36557591640955
1181.0,23.397643960648093
1191.0,23.42728838261812
1201.0,23.45471949547925
1211.0,23.480128653431343
1221.0,23.50369000947703
1231.0,23.52556187895927
1241.0,23.5458865223864
1251.0,23.56479286613398
1261.0,23.582398676156192
1271.0,23.598811549556157
1281.0,23.614129817397647
1291.0,23.6284433664833
1301.0,23.64187646858014
1311.0,23.65486862638704
1321.0,23.667682198365146
1331.0,23.680391656267307
1341.0,23.692935444710933
1351.0,23.705214555411143
1361.0,23.71713335333291
1371.0,23.728584215366865
1381.0,23.73920898442993
1391.0,23.748988418376896
1401.0,23.758022647403592
1411.0,23.766399871419686
1421.0,23.77419778334344
1431.0,23.78148482080891
1441.0,23.78832127710467
1451.0,23.79476417576748
1461.0,23.800863250534302
1471.0,23.806659587830204
1481.0,23.812189386744425
1491.0,23.817484531742675
1501.0,23.822573098237513
1511.0,23.827479798996254
1521.0,23.832227330738753
1531.0,23.836837039514098
1541.0,23.841326734190734
1551.0,23.845711999796414
1561.0,23.85000647569234
1571.0,23.85422208516297
1581.0,23.858369238572504
1591.0,23.862462589865526
1601.0,23.866522122351483
1611.0,23.870548077743866
1621.0,23.87453992106063
1631.0,23.878497457688898
1641.0,23.88242077528268
1651.0,23.886310193391072
1661.0,23.890163596138706
1671.0,23.893969245606076
1681.0,23.897733234246175
1691.0,23.901463431185743
1701.0,23.905166576225778
1711.0,23.90884841845993
1721.0,23.912513838960816
1731.0,23.916166986569873
1741.0,23.919812375863234
1751.0,23.923454668904736
1761.0,23.92709769227324
1771.0,23.930744575065976
1781.0,23.934397840594304
1791.0,23.938059487444107
1801.0,23.941731061507152
1811.0,23.94541436911558
1821.0,23.94911226139683
1831.0,23.952827130357864
1841.0,23.956560788423268
1851.0,23.96031455026196
1861.0,23.964089304927956
1871.0,23.96788557939057
1881.0,23.971703969768903
1891.0,23.975546616841864
1901.0,23.979415622790366
1911.0,23.983312479685324
1921.0,23.98723816001184
1931.0,23.99119319593556
1941.0,23.995177748893393
1951.0,23.99919186793044
1961.0,24.003237349515953
1971.0,24.00731655932422
1981.0,24.011431153718558
1991.0,24.015582172250852
2001.0,24.01977013442929
2011.0,24.023995124456878
2021.0,24.02825693175841
2031.0,24.03255665130529
2041.0,24.036896438713285
2051.0,24.041277524621368
2061.0,24.04569595604842
2071.0,24.05014419470102
2081.0,24.054615649512083
2091.0,24.05910592409965
2101.0,24.06363169861432
2111.0,24.068201258527544
2121.0,24.07281607465212
2131.0,24.077477024434263
2141.0,24.08218447159732
2151.0,24.08693833808484
2161.0,24.091737925041713
2171.0,24.09656276560666
2181.0,24.10139380467591
2191.0,24.106223496475582
2201.0,24.111045723840295
2211.0,24.11585557279779
2221.0,24.120649132395332
2231.0,24.125423325719073
2241.0,24.13017525959993
2251.0,24.134899995124734
2261.0,24.139592843256757
2271.0,24.14425024950576
2281.0,24.148869597268156
2291.0,24.15344904154797
2301.0,24.157987368939366
2311.0,24.162483652362038
2321.0,24.166935235838952
2331.0,24.17133911206871
2341.0,24.17569317617681
2351.0,24.179996076247633
2361.0,24.18424707632562
2371.0,24.188445940947894
2381.0,24.192592753753907
2391.0,24.196686306509154
2401.0,24.20072462834185
2411.0,24.204706458921155
2421.0,24.208631158530334
2431.0,24.21249859578469
2441.0,24.216309052799005
2451.0,24.22006312450421
2461.0,24.223760535380674
2471.0,24.227400027381535
2481.0,24.230980896002535
2491.0,24.23450295848548
2501.0,24.237966463053503
2511.0,24.241372012224275
2521.0,24.24472042821891
2531.0,24.248060843246716
2541.0,24.251564975447078
2551.0,24.255353088136946
2561.0,24.259436827274588
2571.0,24.26374541949657
2581.0,24.26820067884347
2591.0,24.272723534109833
,
1.0,0.029690018596860546
11.0,0.3248019305701743
21.0,0.6166873575841707
31.0,0.9053816015294455
41.0,1.1909195789110567
51.0,1.4733358251035693
61.0,1.752664498561946
71.0,2.0289393849889756
81.0,2.302184457063204
91.0,2.5724408988864713
101.0,2.839742425159767
111.0,3.104121357510217
121.0,3.3656096643464375
131.0,3.624238964732039
141.0,3.8800405322172353
151.0,4.13303987376649
161.0,4.383270562021611
171.0,4.630765155269117
181.0,4.875553576931266
191.0,5.1176654232783845
201.0,5.357129967008887
211.0,5.593976160790222
221.0,5.828229826626328
231.0,6.0599192354481115
241.0,6.289075195689398
251.0,6.515725412392116
261.0,6.739897287655917
271.0,6.961617923951424
281.0,7.180914127397275
291.0,7.397811200605363
301.0,7.6123337320671824
311.0,7.824510470632701
321.0,8.034367068279314
331.0,8.241928896479381
341.0,8.44722104926768
351.0,8.650268346275315
361.0,8.851095054120382
371.0,9.049723192408141
381.0,9.246179303752589
391.0,9.44048713957729
401.0,9.632670191580598
411.0,9.822751694575809
421.0,10.01075462930024
431.0,10.196701725193563
441.0,10.380615463145803
451.0,10.562518078215254
461.0,10.74243156231668
471.0,10.920377666880137
481.0,11.096377905480693
491.0,11.270453556439419
501.0,11.44262566539591
511.0,11.655717253099036
521.0,11.887068510404383
531.0,12.118655294940075
541.0,12.350482205961917
551.0,12.582554212239693
561.0,12.814876669169433
571.0,13.047455339391476
581.0,13.280296326701148
591.0,13.513405319438428
601.0,13.746788567483483
611.0,13.98045297833296
621.0,14.214406064152834
631.0,14.448655990277
641.0,14.68321163245719
651.0,14.896344780016841
661.0,15.059014451820076
671.0,15.221912374196181
681.0,15.38504399390407
691.0,15.548415153980265
701.0,15.712032124280295
711.0,15.875901636517192
721.0,16.037062445254005
731.0,16.170809301636556
741.0,16.30308551898448
751.0,16.433909693709648
761.0,16.563299114870333
771.0,16.691270348231004
781.0,16.817839490878065
791.0,16.94302229697978
801.0,17.066852595735163
811.0,17.18933161214897
821.0,17.310472310761387
831.0,17.43028940460116
841.0,17.548797445515987
851.0,17.666010826479916
861.0,17.78194378384839
871.0,17.896610303862232
881.0,18.01002399407627
891.0,18.12219862757381
901.0,18.233147854143017
911.0,18.342885174807474
921.0,18.45142394415162
931.0,18.558777372605935
941.0,18.664958476426534
951.0,18.769979799033365
961.0,18.873854069725514
971.0,18.976593958807356
981.0,19.07821200056753
991.0,19.178720595683437
1001.0,19.278132013618904
1011.0,19.376458207914858
1021.0,19.47370830978461
1031.0,19.56989314651603
1041.0,19.66502438016288
1051.0,19.759113552359338
1061.0,19.85217208548697
1071.0,19.944211283629215
1081.0,20.035242344424773
1091.0,20.125277818504216
1101.0,20.214329708453544
1111.0,20.29919373043351
1121.0,20.376995761293223
1131.0,20.44837279633151
1141.0,20.513902353969872
1151.0,20.574108189375814
1161.0,20.629464957087674
1171.0,20.68040104413665
1181.0,20.727304931612917
1191.0,20.770529727614004
1201.0,20.810396478736145
1211.0,20.84719716533696
1221.0,20.88119741055906
1231.0,20.91263870147044
1241.0,20.94173892995173
1251.0,20.9686958278912
1261.0,20.993689790610432
1271.0,21.01688544115355
1281.0,21.038433051025855
1291.0,21.058469830717783
1301.0,21.077121009344513
1311.0,21.09449950815509
1321.0,21.110707679979377
1331.0,21.125839342737116
1341.0,21.13998051559954
1351.0,21.153210091838513
1361.0,21.16560045379617
1371.0,21.1772153795788
1381.0,21.188109928751377
1391.0,21.198417401769543
1401.0,21.20825122659999
1411.0,21.217695478176484
1421.0,21.226815016514156
1431.0,21.23566131075276
1441.0,21.244275356582687
1451.0,21.252627747693943
1461.0,21.260706880196256
1471.0,21.268542334650345
1481.0,21.27616071631846
1491.0,21.28358591150996
1501.0,21.290839325670596
1511.0,21.297940055377072
1521.0,21.30500155961354
1531.0,21.312128532756855
1541.0,21.319249219039232
1551.0,21.32629367156221
1561.0,21.333197422781947
1571.0,21.33990234200911
1581.0,21.346356642449372
1591.0,21.352452793141573
1601.0,21.35802643865013
1611.0,21.363145232580795
1621.0,21.36787991305717
1631.0,21.37229120425217
1641.0,21.376431148497428
1651.0,21.380344258041482
1661.0,21.38407309586866
1671.0,21.387678754125815
1681.0,21.391186840928444
1691.0,21.394613781454282
1701.0,21.397973738264305
1711.0,21.401278889009856
1721.0,21.404539670874158
1731.0,21.407765179432864
1741.0,21.41096677078772
1751.0,21.41415244830866
1761.0,21.417327748310843
1771.0,21.420497305397873
1781.0,21.423664965875364
1791.0,21.426833888021072
1801.0,21.430006633633056
1811.0,21.433186641243594
1821.0,21.43637730001724
1831.0,21.43958068287607
1841.0,21.442798380063824
1851.0,21.44603156430171
1861.0,21.449281048431875
1871.0,21.452547336391632
1881.0,21.455831212927503
1891.0,21.459134449908742
1901.0,21.462458181444177
1911.0,21.465803151971198
1921.0,21.469169779284293
1931.0,21.472558203046912
1941.0,21.475968327596284
1951.0,21.479406129612325
1961.0,21.482884373386117
1971.0,21.486394346470714
1981.0,21.489927370191364
1991.0,21.49347596760173
2001.0,21.49703371613413
2011.0,21.500595116758173
2021.0,21.50415219386928
2031.0,21.507685317058346
2041.0,21.51119755389339
2051.0,21.514694747350585
2061.0,21.518181824290618
2071.0,21.521662910406445
2081.0,21.52514143194728
2091.0,21.528620232640314
2101.0,21.532102639370212
2111.0,21.535592227637693
2121.0,21.539091848862203
2131.0,21.542603757397025
2141.0,21.546129691258958
2151.0,21.549670943458537
2161.0,21.553228425399293
2171.0,21.55680336365845
2181.0,21.560398055720437
2191.0,21.564014390797215
2201.0,21.5676537315433
2211.0,21.571316990011848
2221.0,21.575004694585214
2231.0,21.57871704888075
2241.0,21.582480851817078
2251.0,21.586318967551126
2261.0,21.590206927970584
2271.0,21.59412274024719
2281.0,21.5980469600189
2291.0,21.60196240722071
2301.0,21.60585390328423
2311.0,21.609692551441103
2321.0,21.613434913120532
2331.0,21.61709323921902
2341.0,21.62068107292177
2351.0,21.624210145327613
2361.0,21.627690593117187
2371.0,21.631131150963906
2381.0,21.634539509014846
2391.0,21.637923843484234
2401.0,21.64129094633577
2411.0,21.644646404705533
2421.0,21.647994915073415
2431.0,21.651340395024526
2441.0,21.654686082167483
2451.0,21.658034651725366
2461.0,21.661389299438348
2471.0,21.664753363184527
2481.0,21.668129454525637
2491.0,21.671519619777612
2501.0,21.67492541642083
2511.0,21.67834798064497
2521.0,21.681788087508625
2531.0,21.685246841346302
2541.0,21.68872632666095
2551.0,21.69222821437945
2561.0,21.695753686181657
2571.0,21.699303505029654
2581.0,21.702878077356164
2591.0,21.70647750783453
,
1.0,0.029690625800779746
11.0,0.32480859502726006
21.0,0.6167000553630191
31.0,0.905400312924427
41.0,1.1909442884610284
51.0,1.4733665216207288
61.0,1.7527011751712072
71.0,2.0289820391783064
81.0,2.30223117727048
91.0,2.5724914563829575
101.0,2.8397968046488313
111.0,3.1041795456143446
121.0,3.3656716496059915
131.0,3.62430473760695
141.0,3.880110085091672
151.0,4.133112208156205
161.0,4.3833452420017025
171.0,4.630842170185384
181.0,4.875632916981476
191.0,5.117747079506613
201.0,5.357213931300694
211.0,5.594062425868636
221.0,5.828317916476387
231.0,6.06000867417053
241.0,6.289165977161664
251.0,6.515817530853859
261.0,6.739990737705078
271.0,6.961712700540678
281.0,7.18101022583068
291.0,7.397908431138703
301.0,7.61243165910027
311.0,7.824609091875599
321.0,8.034466381574727
331.0,8.24202889980105
341.0,8.447321740718818
351.0,8.650369724087138
361.0,8.851197071391528
371.0,9.049825441329295
381.0,9.246281784748556
391.0,9.440589853091842
401.0,9.63277313807635
411.0,9.822854874534077
421.0,10.01085804322089
431.0,10.19680537359492
441.0,10.380719135024442
451.0,10.562621750093895
461.0,10.742535234195321
471.0,10.920481338758776
481.0,11.096481577359336
491.0,11.27055722831806
501.0,11.442729337274551
511.0,11.613018719731345
521.0,11.781445963570503
531.0,11.948031431542661
541.0,12.112795263728882
551.0,12.275757379975579
561.0,12.436937482302811
571.0,12.596355057286248
581.0,12.754029378413076
591.0,12.909979508412166
601.0,13.064224301558733
611.0,13.21678240595381
621.0,13.367672265778797
631.0,13.51691212352534
641.0,13.664520022200854
651.0,13.810513807509894
661.0,13.954911130011698
671.0,14.097729447254133
681.0,14.238986025884293
691.0,14.37869794373603
701.0,14.516882091894658
711.0,14.653555176739063
721.0,14.788733721961512
731.0,14.922434070565338
741.0,15.054672386840812
751.0,15.18546465831939
761.0,15.314826697706602
771.0,15.442774144793788
781.0,15.569322468348949
791.0,15.694486967986908
801.0,15.81828277601902
811.0,15.940724859282668
821.0,16.061828020950735
831.0,16.18160690232131
841.0,16.300075984587792
851.0,16.417249590589687
861.0,16.5331418865442
871.0,16.647766883758944
881.0,16.761138440325887
891.0,16.87327026279679
901.0,16.984175907840324
911.0,17.093868783881057
921.0,17.20236215272053
931.0,17.309669131140595
941.0,17.415838959817286
951.0,17.52088581244045
961.0,17.62483098211128
971.0,17.7285898186542
981.0,17.832519129211175
991.0,17.936622891283204
1001.0,18.04090544163296
1011.0,18.1433985027622
1021.0,18.240657291183812
1031.0,18.336854677317593
1041.0,18.43200242071922
1051.0,18.526112162929035
1061.0,18.61919543010661
1071.0,18.711263635816614
1081.0,18.802325651482306
1091.0,18.892372358575525
1101.0,18.981435942834867
1111.0,19.06952724239106
1121.0,19.15665698188736
1131.0,19.242835774236475
1141.0,19.32807412241456
1151.0,19.412382421300077
1161.0,19.49575292110762
1171.0,19.57711574315662
1181.0,19.654395699525768
1191.0,19.727754484584363
1201.0,19.797405399986598
1211.0,19.86354969524452
1221.0,19.92637727999138
1231.0,19.981263300336483
1241.0,20.031593223497545
1251.0,20.07963130745718
1261.0,20.12548937584077
1271.0,20.169273561549822
1281.0,20.21108460852086
1291.0,20.251018156980173
1301.0,20.287253699970105
1311.0,20.320096957753318
1321.0,20.35159771105336
1331.0,20.381814935896113
1341.0,20.410804899856718
1351.0,20.438621291367298
1361.0,20.46531534264864
1371.0,20.49033410526738
1381.0,20.513654971978877
1391.0,20.53704259441034
1401.0,20.560428226827415
1411.0,20.583739153563847
1421.0,20.60690395803793
1431.0,20.629855257144598
1441.0,20.653576725004307
1451.0,20.68540521483688
1461.0,20.715220688396546
1471.0,20.74316092551477
1481.0,20.769353936568347
1491.0,20.79391868096076
1501.0,20.816965731406338
1511.0,20.838597888244635
1521.0,20.85694729322072
1531.0,20.874054156834493
1541.0,20.89021198348217
1551.0,20.90548043221752
1561.0,20.919915279425734
1571.0,20.933568687261033
1581.0,20.946489453463112
1591.0,20.957592326306553
1601.0,20.967679431826422
1611.0,20.977284965496395
1621.0,20.986435598900037
1631.0,20.995156460596718
1641.0,21.00347123081064
1651.0,21.011402230254443
1661.0,21.018531751308846
1671.0,21.02508857086175
1681.0,21.03162611694918
1691.0,21.03816365626204
1701.0,21.044704123616945
1711.0,21.051243756672985
1721.0,21.057776349546167
1731.0,21.06489849387724
1741.0,21.07311530836881
1751.0,21.080886810977283
1761.0,21.08824591280117
1771.0,21.095223007882694
1781.0,21.101846173602983
1791.0,21.108141356377555
1801.0,21.114131657020444
1811.0,21.11983187490744
1821.0,21.125269036811623
1831.0,21.130460618713602
1841.0,21.135422983792893
1851.0,21.140171463669105
1861.0,21.144720436657604
1871.0,21.149083403355625
1881.0,21.152721703082207
1891.0,21.156175962865515
1901.0,21.159515889760538
1911.0,21.16274743953569
1921.0,21.16587630126648
1931.0,21.168907913193923
1941.0,21.171847478946493
1951.0,21.174411479850594
1961.0,21.176788587507478
1971.0,21.17910831543025
1981.0,21.181372874747467
1991.0,21.183584419101667
2001.0,21.185745046359276
2011.0,21.187856800774103
2021.0,21.189778346943267
2031.0,21.191521739110524
2041.0,21.193234805486714
2051.0,21.1949184910739
2061.0,21.19657371250476
2071.0,21.198201358692042
2081.0,21.19980229150858
2091.0,21.201336037891178
2101.0,21.202752340022933
2111.0,21.204150118259307
2121.0,21.205529629728918
2131.0,21.20689114497792
2141.0,21.20823494639335
2151.0,21.20956132681226
2161.0,21.210854762816815
2171.0,21.21199788919352
2181.0,21.213142768603767
2191.0,21.214292352602833
2201.0,21.215449323239334
2211.0,21.216616129872655
2221.0,21.217795015393087
2231.0,21.218988034838773
2241.0,21.220490447691045
2251.0,21.222014776802865
2261.0,21.223526447622863
2271.0,21.22502500746269
2281.0,21.226510100487236
2291.0,21.22798145963893
2301.0,21.22943889949809
2311.0,21.230742955020485
2321.0,21.231978810852866
2331.0,21.23320679184698
2341.0,21.23442652580441
2351.0,21.235637695120605
2361.0,21.23684003264953
2371.0,21.238033317948197
2381.0,21.239142431776
2391.0,21.240170870623555
2401.0,21.241194496251165
2411.0,21.242213012842466
2421.0,21.243226156169282
2431.0,21.24423369141238
2441.0,21.245235411143835
2451.0,21.246197644579553
2461.0,21.247077918471184
2471.0,21.247955407215994
2481.0,21.248829879641306
2491.0,21.249701123572923
2501.0,21.2505689446528
2511.0,21.25143316522987
2521.0,21.252285394104607
2531.0,21.253061119385613
2541.0,21.253835431306218
2551.0,21.254608150222527
2561.0,21.25537910843857
2571.0,21.25614814954248
2581.0,21.25691512777793
2591.0,21.257679907449184
,
1.0,0.049480098205479627
11.0,0.5445166558437867
21.0,1.0399816627511786
31.0,1.5358760263460778
41.0,2.032201546466802
51.0,2.528960875920789
61.0,3.0261574896101124
71.0,3.5237956616445874
81.0,4.021880136529373
91.0,4.520415715297478
101.0,5.019408184771754
111.0,5.5188641632959445
121.0,6.018791102083464
131.0,6.519197299958157
141.0,7.020091925918337
151.0,7.505008172518191
161.0,7.933259166706313
171.0,8.313655031873747
181.0,8.655056266887879
191.0,8.964134237605418
201.0,9.246028425831344
211.0,9.504775951453409
221.0,9.743605715510606
231.0,9.975328454523934
241.0,10.204512311862398
251.0,10.431186314174775
261.0,10.655378829877314
271.0,10.877117667009548
281.0,11.09643016028879
291.0,11.313343289136409
301.0,11.527884394508709
311.0,11.740079718234362
321.0,11.949954905598753
331.0,12.157535322007202
341.0,12.362846056034329
351.0,12.565911922439243
361.0,12.766757464407151
371.0,12.965406905230035
381.0,13.161884230422336
391.0,13.356213197004003
401.0,13.548417301922857
411.0,13.7385197849166
421.0,13.926543631342426
431.0,14.112511574974716
441.0,14.296446177885905
451.0,14.478369789256888
461.0,14.658304392106164
471.0,14.836271728463473
481.0,15.01229330330446
491.0,15.186390387124872
501.0,15.358584018486187
511.0,15.52889498143651
521.0,15.697343797196782
531.0,15.863950826401892
541.0,16.028736210149745
551.0,16.19171986924477
561.0,16.352921506610542
571.0,16.512360609675735
581.0,16.67005648061621
591.0,16.82602835597148
601.0,16.98029510801852
611.0,17.132875371575107
621.0,17.283787578669067
631.0,17.433049960723245
641.0,17.580680550716814
651.0,17.726697189886362
661.0,17.87111762332458
671.0,18.01395933470099
681.0,18.1552395744279
691.0,18.294975405575617
701.0,18.433183705870253
711.0,18.56988116967109
721.0,18.705084309923652
731.0,18.838809564621158
741.0,18.971073165323936
751.0,19.101891078866714
761.0,19.23127909925752
771.0,19.359252849487884
781.0,19.485827783326705
791.0,19.611019187098037
801.0,19.734841865106578
811.0,19.857310346044297
821.0,19.97843947631041
831.0,20.098243939299177
841.0,20.21673825365759
851.0,20.333936775650344
861.0,20.449853701419283
871.0,20.564503211817772
881.0,20.677899578527633
891.0,20.79005651671464
901.0,20.900987567187922
911.0,21.01070612412736
921.0,21.119225436625268
931.0,21.22655861021381
941.0,21.33271859996897
951.0,21.437718199597715
961.0,21.54157008638999
971.0,21.64428680041263
981.0,21.745880745652602
991.0,21.84636419141889
1001.0,21.945749273736084
1011.0,22.044048011533157
1021.0,22.141272546056374
1031.0,22.237434705222107
1041.0,22.332546087226046
1051.0,22.42661816582794
1061.0,22.519662291593338
1071.0,22.61168969312895
1081.0,22.70271147831026
1091.0,22.792738724284373
1101.0,22.88178236453551
1111.0,22.969853159747835
1121.0,23.056961801823785
1131.0,23.14311887184174
1141.0,23.228334834633962
1151.0,23.312620040497766
1161.0,23.395983544759954
1171.0,23.478433726955107
1181.0,23.559980739839325
1191.0,23.640634738982957
1201.0,23.720405722982488
1211.0,23.799303540344116
1221.0,23.877337899840963
1231.0,23.954518622754115
1241.0,24.03085577244646
1251.0,24.1063586068436
1261.0,24.18103624342929
1271.0,24.254897700884293
1281.0,24.32795190013244
1291.0,24.400207665376644
1301.0,24.4720416900584
1311.0,24.543400351043594
1321.0,24.613912025166194
1331.0,24.683594221895046
1341.0,24.75246316132551
1351.0,24.82053394438882
1361.0,24.88782069769769
1371.0,24.95433572068054
1381.0,25.020078464623193
1391.0,25.085062166480075
1401.0,25.149303418427266
1411.0,25.212816715184015
1421.0,25.27561498760532
1431.0,25.33770998001774
1441.0,25.399112573638625
1451.0,25.45983836462283
1461.0,25.519898928519584
1471.0,25.579301291070426
1481.0,25.63805242071574
1491.0,25.696159230110105
1501.0,25.753628577402488
1511.0,25.810467267286736
1521.0,25.86503365268178
1531.0,25.915628611735382
1541.0,25.96262207853178
1551.0,26.00634106428956
1561.0,26.04707753089392
1571.0,26.085092500910395
1581.0,26.120619670733216
1591.0,26.153868016330712
1601.0,26.185031220061884
1611.0,26.214285402053836
1621.0,26.24178775751929
1631.0,26.267679154321065
1641.0,26.292086084708362
1651.0,26.31512237459327
1661.0,26.33689254823849
1671.0,26.35750172513039
1681.0,26.37703460875677
1691.0,26.39556594129784
1701.0,26.41316393615817
1711.0,26.42989099538785
1721.0,26.445804339429486
1731.0,26.460956752355724
1741.0,26.475400795707166
1751.0,26.48918331107598
1761.0,26.502346222984098
1771.0,26.51492833937846
1781.0,26.526965652311056
1791.0,26.53849160338586
1801.0,26.549537320963086
1811.0,26.56013328402927
1821.0,26.570308878473607
1831.0,26.5800908347469
1841.0,26.58950400505734
1851.0,26.598571526163727
1861.0,26.607314964517087
1871.0,26.615754445890868
1881.0,26.62390931297771
1891.0,26.631799358121096
1901.0,26.639443021749766
1911.0,26.646857325313885
1921.0,26.654058001999726
1931.0,26.661059608959665
1941.0,26.667875628087792
1951.0,26.67451877358322
1961.0,26.681002686428382
1971.0,26.68734069960791
1981.0,26.69354490312683
1991.0,26.699626266434116
2001.0,26.70559475076015
2011.0,26.71145940956547
2021.0,26.717229772654697
2031.0,26.722921052305114
2041.0,26.728541202905674
2051.0,26.734096275620075
2061.0,26.73959178235747
2071.0,26.745032745126437
2081.0,26.750423740757693
2091.0,26.755771612604967
2101.0,26.761116666243687
2111.0,26.76645964720164
2121.0,26.77178743161411
2131.0,26.777089057990363
2141.0,26.782355429919864
2151.0,26.787579056121274
2161.0,26.792753955331097
2171.0,26.79788734484769
2181.0,26.802972111743724
2191.0,26.80799123927018
2201.0,26.812930591470323
2211.0,26.817778516954743
2221.0,26.82252549260855
2231.0,26.827163802799397
2241.0,26.831660329326983
2251.0,26.835988687040082
2261.0,26.84017179854962
2271.0,26.844230022677642
2281.0,26.84818110232401
2291.0,26.852040478417255
2301.0,26.855821566982865
2311.0,26.859536577395172
2321.0,26.86319796139549
2331.0,26.8668154967115
2341.0,26.87039747111837
2351.0,26.87395097456086
2361.0,26.877482047180873
2371.0,26.880995810193376
2381.0,26.884496719439753
2391.0,26.887989934650083
2401.0,26.89148003785729
2411.0,26.89497072445611
2421.0,26.898465007201345
2431.0,26.901965306597386
2441.0,26.905473530743517
2451.0,26.908991169340386
2461.0,26.91252034347078
2471.0,26.916063733449164
2481.0,26.919623419793297
2491.0,26.923200953447097
2501.0,26.926797431529568
2511.0,26.93041356405711
2521.0,26.934049732994815
2531.0,26.93770670750168
2541.0,26.941386548281404
2551.0,26.945090962739332
2561.0,26.948821121116936
2571.0,26.952577737264075
2581.0,26.956361139570035
2591.0,26.960171333156552
,
1.0,0.02968901401788682
11.0,0.32479078153251084
21.0,0.6166658772237282
31.0,0.9053495920386182
41.0,1.1908768311568763
51.0,1.4732821182159246
61.0,1.7525995994900496
71.0,2.0288630480240877
81.0,2.3020995962907564
91.0,2.572347750208071
101.0,2.8396408748022535
111.0,3.1040112865498233
121.0,3.3654909485839672
131.0,3.624111474559958
141.0,3.8799041324783428
151.0,4.132896325605455
161.0,4.383120609020839
171.0,4.630608736591748
181.0,4.875390629549709
191.0,5.117495881943058
201.0,5.356953764215071
211.0,5.593793226742917
221.0,5.828041107073827
231.0,6.0597257077685756
241.0,6.288876829602967
251.0,6.51552217674754
261.0,6.7396891504252
271.0,6.961404852224017
281.0,7.180696087373831
291.0,7.397588843390927
301.0,7.612108638154197
311.0,7.824282628450311
321.0,8.034136465984762
331.0,8.241695521957999
341.0,8.446984890132782
351.0,8.650029389868008
361.0,8.850853569119355
371.0,9.049481707407113
381.0,9.245937818751564
391.0,9.440245654576263
401.0,9.632428706579569
411.0,9.822510209574784
421.0,10.010513144299212
431.0,10.196460240192534
441.0,10.380373978144775
451.0,10.562276593214225
461.0,10.742190077315653
471.0,10.920136181879109
481.0,11.096136420479665
491.0,11.27021207143839
501.0,11.442384180394882
511.0,11.612692690433162
521.0,11.781147479853308
531.0,11.947760743059488
541.0,12.112552610553712
551.0,12.275542993862997
561.0,12.436751587890079
571.0,12.596197873240742
581.0,12.753901053171226
591.0,12.909879812908732
601.0,13.064152967792944
611.0,13.216739188661903
621.0,13.36765694010515
631.0,13.516924482957332
641.0,13.66455987673652
651.0,13.81081185954604
661.0,13.955964033160217
671.0,14.099476401374828
681.0,14.241370933251806
691.0,14.381669088090417
701.0,14.520391835666835
711.0,14.657559675761595
721.0,14.793192619393347
731.0,14.927306248308497
741.0,15.059918149510908
751.0,15.191048487898906
761.0,15.320716804684956
771.0,15.448942068453757
781.0,15.575742720722527
791.0,15.701136716624378
801.0,15.825136699135655
811.0,15.947755049266865
821.0,16.0690116610252
831.0,16.188925248933003
841.0,16.30751353818323
851.0,16.424793457451276
861.0,16.540781283033606
871.0,16.655835206326216
881.0,16.769751950248846
891.0,16.88239614085412
901.0,16.993783043257235
911.0,17.10392771272632
921.0,17.21284499646978
931.0,17.320549535589493
941.0,17.427055768084188
951.0,17.532377953834303
961.0,17.63653014130295
971.0,17.739526174726812
981.0,17.841379702901637
991.0,17.942104181978877
1001.0,18.041712878328337
1011.0,18.140218874188932
1021.0,18.23763513506908
1031.0,18.333974401315146
1041.0,18.42924920503686
1051.0,18.523471903585538
1061.0,18.61665468261423
1071.0,18.708809559134608
1081.0,18.80000630668275
1091.0,18.8906952528071
1101.0,18.980348573988685
1111.0,19.069389472966353
1121.0,19.159322914784692
1131.0,19.25022729745481
1141.0,19.34203979944309
1151.0,19.434701585267202
1161.0,19.525983625639267
1171.0,19.61292279297295
1181.0,19.695856846244176
1191.0,19.776749139320525
1201.0,19.856730485505185
1211.0,19.935814913470463
1221.0,20.014015603892343
1231.0,20.0913468072309
1241.0,20.16782461509347
1251.0,20.24345907446767
1261.0,20.31825976178635
1271.0,20.39223613820024
1281.0,20.465397550659663
1291.0,20.537753233034174
1301.0,20.60956133872813
1311.0,20.68080592150474
1321.0,20.751528389520175
1331.0,20.822935513092673
1341.0,20.89512144823978
1351.0,20.968044050673132
1361.0,21.041663187869755
1371.0,21.115755026320407
1381.0,21.187441835845036
1391.0,21.25594558697813
1401.0,21.32149827445768
1411.0,21.385062892447525
1421.0,21.44789797752908
1431.0,21.51002806209751
1441.0,21.571463520320307
1451.0,21.632216446951507
1461.0,21.692296949627806
1471.0,21.751713073747183
1481.0,21.810472714646004
1491.0,21.868583625397132
1501.0,21.926053423870773
1511.0,21.982889599139565
1521.0,22.039408859286148
1531.0,22.095842101003928
1541.0,22.152712811420898
1551.0,22.210017353061442
1561.0,22.26775133009485
1571.0,22.325909636863305
1581.0,22.38448650810718
1591.0,22.44346622882415
1601.0,22.502843092307117
1611.0,22.562609324313375
1621.0,22.622753441649653
1631.0,22.68326399762099
1641.0,22.74412961103367
1651.0,22.80533899349675
1661.0,22.866879349833845
1671.0,22.92873919212979
1681.0,22.99090863421748
1691.0,23.05337647725233
1701.0,23.1161318034811
1711.0,23.179163986638986
1721.0,23.242462700867218
1731.0,23.305996318311283
1741.0,23.369419201380882
1751.0,23.432604824389085
1761.0,23.495541771515516
1771.0,23.55821951103187
1781.0,23.620628339486355
1791.0,23.682759329266087
1801.0,23.7446065760377
1811.0,23.806435469254346
1821.0,23.868427510115836
1831.0,23.930577265198806
1841.0,23.99287952075998
1851.0,24.055329281759555
1861.0,24.11792177035254
1871.0,24.180652423890386
1881.0,24.243516420663067
1891.0,24.306510221575916
1901.0,24.369630070963247
1911.0,24.43287235569751
1921.0,24.4962336591009
1931.0,24.559710756709
1941.0,24.62330061184554
1951.0,24.68700019877378
1961.0,24.750807164408535
1971.0,24.814719292308695
1981.0,24.878734433031546
1991.0,24.942850593061035
2001.0,25.007065930161705
2011.0,25.071378748741406
2021.0,25.135787437081365
2031.0,25.20029081786624
2041.0,25.264887968243453
2051.0,25.329577989063843
2061.0,25.394360092754887
2071.0,25.45923359976465
2081.0,25.524197935111538
2091.0,25.589252607019002
2101.0,25.65439745863012
2111.0,25.71963266458059
2121.0,25.784958388331074
2131.0,25.85037486380309
2141.0,25.915882393883578
2151.0,25.98148134904935
2161.0,26.047172161677967
2171.0,26.11295553631341
2181.0,26.178832634588844
2191.0,26.244804578624525
2201.0,26.310872525415736
2211.0,26.377037668168335
2221.0,26.44330123770438
2231.0,26.50966443813307
2241.0,26.576127622379968
2251.0,26.642690608079874
2261.0,26.70935336676727
2271.0,26.77611603046155
2281.0,26.842978878623242
2291.0,26.909942325657727
2301.0,26.977006910222894
2311.0,27.044173174391723
2321.0,27.111441166093275
2331.0,27.178811049431634
2341.0,27.24628315799046
2351.0,27.31385796659529
2361.0,27.381536081658076
2371.0,27.449318232994603
2381.0,27.517205213407895
2391.0,27.585197323314315
2401.0,27.653294881112068
2411.0,27.721498402274413
2421.0,27.78980854810678
2431.0,27.858226118315205
2441.0,27.92675204489292
2451.0,27.995387370623845
2461.0,28.06413270452077
2471.0,28.132988544987104
2481.0,28.201955639132855
2491.0,28.271034893357637
2501.0,28.34022736851429
2511.0,28.409534276379855
2521.0,28.47895697736476
2531.0,28.548496516118032
2541.0,28.61815365751507
2551.0,28.687929505358063
2561.0,28.757825349984746
2571.0,28.827842667562063
2581.0,28.89798312095263
2591.0,28.9682485621748
,
1.0,0.02968932563607549
11.0,0.32479419151994937
21.0,0.6166723539965772
31.0,0.9053591051406948
41.0,1.1908893512358767
51.0,1.473297617000775
61.0,1.7526180497693595
71.0,2.028884423625678
81.0,2.302121563004205
91.0,2.572367950718995
101.0,2.839657822674497
111.0,3.104023902548279
121.0,3.3654983962610734
131.0,3.6241130743466403
141.0,3.8798993125139933
151.0,4.311419608780591
161.0,4.819423803711657
171.0,5.327893711281512
181.0,5.836840321841133
191.0,6.346275471132343
201.0,6.856211895724388
211.0,7.3666632978713675
221.0,7.8514688201157234
231.0,8.310600357854586
241.0,8.770232542351291
251.0,9.230379422967848
261.0,9.69105613633215
271.0,10.152279003026718
281.0,10.614065639725872
291.0,11.031787298037338
301.0,11.345804346556706
311.0,11.660237751113906
321.0,11.975098127579535
331.0,12.290396771490741
341.0,12.60614571251563
351.0,12.922357776055822
361.0,13.22870804133774
371.0,13.442412014162663
381.0,13.656452949440038
391.0,13.870838345402392
401.0,14.085576093386823
411.0,14.30067450467576
421.0,14.5161423401941
431.0,14.731988843419492
441.0,14.919061808648589
451.0,15.101002631488246
461.0,15.280952677390992
471.0,15.458933795129447
481.0,15.634967584865125
491.0,15.809075402546167
501.0,15.98127836392796
511.0,16.152997180923276
521.0,16.321477913517455
531.0,16.48811340423795
541.0,16.652924109532186
551.0,16.81593021266591
561.0,16.977151638958624
571.0,17.136608067441248
581.0,17.301978827248703
591.0,17.46173231607627
601.0,17.616036566138426
611.0,17.768650195980403
621.0,17.919591917326777
631.0,18.068880206831718
641.0,18.216533317708773
651.0,18.362569379696502
661.0,18.50700780672537
671.0,18.649866618548
681.0,18.791163022170288
691.0,18.930914045930546
701.0,19.069136540595142
711.0,19.205847180496463
721.0,19.341062470684825
731.0,19.474799474699665
741.0,19.607074920252572
751.0,19.737904873395827
761.0,19.867305223001168
771.0,19.995291683353074
781.0,20.121879796667585
791.0,20.247084935547246
801.0,20.37092214176906
811.0,20.49340618317965
821.0,20.614551954723073
831.0,20.73437419248855
841.0,20.852887471626982
851.0,20.970106208840043
861.0,21.086044664822065
871.0,21.20071683716588
881.0,21.314136310018707
891.0,21.426316876378316
901.0,21.537272211179605
911.0,21.647015842146065
921.0,21.755561152330596
931.0,21.86292138264427
941.0,21.969109573531735
951.0,22.07413823729469
961.0,22.17802012273194
971.0,22.28076793522438
981.0,22.382394247504628
991.0,22.48291150248397
1001.0,22.58233201614379
1011.0,22.678579989536708
1021.0,22.76749755865925
1031.0,22.84955067769736
1041.0,22.925310212058786
1051.0,22.995297882819184
1061.0,23.059990675555298
1071.0,23.11982484463601
1081.0,23.174923421163022
1091.0,23.22361935130305
1101.0,23.268849629096422
1111.0,23.310885044677253
1121.0,23.349974594018185
1131.0,23.3863473268165
1141.0,23.420214036344458
1151.0,23.45176880571576
1161.0,23.477441249629745
1171.0,23.501123129173127
1181.0,23.52336009009207
1191.0,23.54425125196079
1201.0,23.56388872678605
1211.0,23.582358144985825
1221.0,23.59973914191656
1231.0,23.614533431602467
1241.0,23.627877181171122
1251.0,23.640521118040226
1261.0,23.652507462795292
1271.0,23.663875793903255
1281.0,23.674663223440515
1291.0,23.684904561119968
1301.0,23.694003450799624
1311.0,23.702065274182306
1321.0,23.709765744267916
1331.0,23.7171240346537
1341.0,23.724158252526713
1351.0,23.730885501559264
1361.0,23.737321941062564
1371.0,23.743264595917974
1381.0,23.74847087496382
1391.0,23.753479004041132
1401.0,23.758298247015464
1411.0,23.762937407569005
1421.0,23.76740485332747
1431.0,23.771708538697627
1441.0,23.77581281205377
1451.0,23.779394824116228
1461.0,23.7828618855877
1471.0,23.786218753885805
1481.0,23.78946997419889
1491.0,23.79261988942611
1501.0,23.795672649638238
1511.0,23.798632221083356
1521.0,23.801278805623003
1531.0,23.803841972914892
1541.0,23.806350124600183
1551.0,23.808805274875564
1561.0,23.81120937543662
1571.0,23.813564317118637
1581.0,23.815871931479588
1591.0,23.818269803813106
1601.0,23.82066212258572
1611.0,23.82298969243011
1621.0,23.825255026405376
1631.0,23.827460529946226
1641.0,23.829608505741454
1651.0,23.83170115838613
1661.0,23.833649155517904
1671.0,23.83546210277344
1681.0,23.83723546863381
1691.0,23.838970604631083
1701.0,23.840668810230316
1711.0,23.842331334936915
1721.0,23.843959380315468
1731.0,23.84551886430008
1741.0,23.846967870486075
1751.0,23.848391611824713
1761.0,23.84979085694763
1771.0,23.85116634767083
1781.0,23.852518799973982
1791.0,23.8538489049423
1801.0,23.85514967808485
1811.0,23.856362618285036
1821.0,23.857558802775728
1831.0,23.858738693122252
1841.0,23.859902736185628
1851.0,23.86105136461288
1861.0,23.862184997310216
1871.0,23.863304039899628
1881.0,23.864364587890634
1891.0,23.865408600337794
1901.0,23.866441409542947
1911.0,23.867463298719404
1921.0,23.868474542768343
1931.0,23.869475408534615
1941.0,23.870466155054267
1951.0,23.87143968587947
1961.0,23.87240196158951
1971.0,23.87335661862791
1981.0,23.87430386831801
1991.0,23.87524391596477
2001.0,23.876176961027504
2011.0,23.87710319728764
2021.0,23.87802281300269
2031.0,23.87893599063403
2041.0,23.87984290686904
2051.0,23.880743733347988
2061.0,23.88163863684863
2071.0,23.882527779425338
2081.0,23.8834113185442
2091.0,23.88428940721383
2101.0,23.885162193818616
2111.0,23.88602982186348
2121.0,23.886892430718035
2131.0,23.887750155829536
2141.0,23.888603128834674
2151.0,23.889451477668107
2161.0,23.89029532666797
2171.0,23.891134796509064
2181.0,23.89197000375866
2191.0,23.89280106154393
2201.0,23.8936280798344
2211.0,23.894451165531454
2221.0,23.89527042255533
2231.0,23.89608595192958
2241.0,23.89689785177866
2251.0,23.89770621682247
2261.0,23.898511138849347
2271.0,23.899312707110756
2281.0,23.900111008393946
2291.0,23.900906127091336
2301.0,23.90169814526794
2311.0,23.90248714269285
2321.0,23.903273196369863
2331.0,23.904056380744613
2341.0,23.90483676822123
2351.0,23.905614429230802
2361.0,23.90638943228652
2371.0,23.907161844037226
2381.0,23.9079317293105
2391.0,23.908699150740684
2401.0,23.909464168690803
2411.0,23.91022684186532
2421.0,23.910987227395186
2431.0,23.91174538088138
2441.0,23.912501356437176
2451.0,23.91325520672873
2461.0,23.914006982726345
2471.0,23.914756733373448
2481.0,23.915504506234452
2491.0,23.91625034762526
2501.0,23.916994302647336
2511.0,23.917736415220787
2521.0,23.918476728116584
2531.0,23.919215282821824
2541.0,23.919952119039166
2551.0,23.92068727527438
2561.0,23.92142078904907
2571.0,23.922152696927046
2581.0,23.922883034539968
2591.0,23.923611836612267
,
1.0,0.05957537746932447
11.0,0.6033078983442848
21.0,1.0697975181825912
31.0,1.4772386812146372
41.0,1.8381744475895077
51.0,2.161600798585395
61.0,2.454178647604611
71.0,2.7304612973254563
81.0,3.1066590333871056
91.0,3.494414317488753
101.0,3.8824576635233874
111.0,4.27079312050393
121.0,4.659425075234182
131.0,5.048358252472301
141.0,5.437597717707724
151.0,5.827148723363638
161.0,6.21701610169849
171.0,6.607205146859411
181.0,6.9977216079839115
191.0,7.388571670986338
201.0,7.7797619719141
211.0,8.171299613875753
221.0,8.563192106004593
231.0,8.955446639353175
241.0,9.348070945898993
251.0,9.741073452844121
261.0,10.134463237864091
271.0,10.528250069296606
281.0,10.922444453362191
291.0,11.306262384042498
301.0,11.665295336962776
311.0,12.024728611946864
321.0,12.38457309167716
331.0,12.744840517556854
341.0,13.10554356351777
351.0,13.466695921869954
361.0,13.816669406105897
371.0,14.061579095651084
381.0,14.305585738723224
391.0,14.54867188374988
401.0,14.790819407960567
411.0,15.03200946943794
421.0,15.272222455150006
431.0,15.511437924467234
441.0,15.70078038431359
451.0,15.882728965287944
461.0,16.062684422873765
471.0,16.240669036031807
481.0,16.416704727603204
491.0,16.590813102255215
501.0,16.76301547234462
511.0,16.93416238249634
521.0,17.102646372348758
531.0,17.26928424785621
541.0,17.434096517870575
551.0,17.597103408473814
561.0,17.758324885917915
571.0,17.9177806722201
581.0,18.075490644336526
591.0,18.231476441199558
601.0,18.385757416400637
611.0,18.53835229142273
621.0,18.68927958183574
631.0,18.83855760016297
641.0,18.986204458673278
651.0,19.13223803770841
661.0,19.276675440955234
671.0,19.419533922251908
681.0,19.560830756646574
691.0,19.7005830297174
701.0,19.838807639698803
711.0,19.97552129957936
721.0,20.110740542206614
731.0,20.244481946923926
741.0,20.376761889771185
751.0,20.507596454477557
761.0,20.637001548383783
771.0,20.764992905140016
781.0,20.89158608734326
791.0,21.01679648912587
801.0,21.140639150156442
811.0,21.2631288167464
821.0,21.38428040523953
831.0,21.504108675576525
841.0,21.6226282286976
851.0,21.739853509228674
861.0,21.855798808154386
871.0,21.970478136964108
881.0,22.083905046564286
891.0,22.19609335711062
901.0,22.307056779359176
911.0,22.416808880576628
921.0,22.525363087516457
931.0,22.628882733483167
941.0,22.724321538766723
951.0,22.812356420327045
961.0,22.893604610540965
971.0,22.96863006965992
981.0,23.037948258708965
991.0,23.102030486972893
1001.0,23.16130786108866
1011.0,23.21534047641882
1021.0,23.263586081307775
1031.0,23.308405038504056
1041.0,23.350064787514096
1051.0,23.388811278877004
1061.0,23.42487079412536
1071.0,23.45845161045548
1081.0,23.489308734454482
1091.0,23.514368297968133
1101.0,23.53789007458573
1111.0,23.559979692339034
1121.0,23.580735290846125
1131.0,23.600248082968793
1141.0,23.61860287417229
1151.0,23.63587854302818
1161.0,23.65013336310495
1171.0,23.663412213242708
1181.0,23.675992853906507
1191.0,23.68791608462173
1201.0,23.699220277993515
1211.0,23.709941526289214
1221.0,23.720113779030978
1231.0,23.72948899810928
1241.0,23.738289964791196
1251.0,23.746668406397504
1261.0,23.75464847952989
1271.0,23.76225290304661
1281.0,23.769503049461385
1291.0,23.77641903057195
1301.0,23.782602145257343
1311.0,23.788116614155598
1321.0,23.79340818789289
1331.0,23.79848802201571
1341.0,23.803366682528218
1351.0,23.808054179052093
1361.0,23.81255999611407
1371.0,23.816744389766423
1381.0,23.820439169073868
1391.0,23.824009315093814
1401.0,23.82746029801418
1411.0,23.83079732995948
1421.0,23.834025377866983
1431.0,23.837149175708927
1441.0,23.840143051969914
1451.0,23.842783323135368
1461.0,23.84535585535069
1471.0,23.847863298311065
1481.0,23.850308198839002
1491.0,23.852693004850995
1501.0,23.855020069172195
1511.0,23.857291653204786
1521.0,23.85952353407629
1531.0,23.861700045024637
1541.0,23.863821516913266
1551.0,23.86589000580346
1561.0,23.86790748239915
1571.0,23.869875835789482
1581.0,23.871796877023268
1591.0,23.873636886192553
1601.0,23.875689146632954
1611.0,23.87800151030069
1621.0,23.880562796198326
1631.0,23.883370771200614
1641.0,23.8864292680687
1651.0,23.889744864044676
1661.0,23.89365728865613
1671.0,23.8980079439734
1681.0,23.902416689282244
1691.0,23.906890377496126
1701.0,23.911434350310227
1711.0,23.916052550231818
1721.0,23.92074359105385
1731.0,23.92549533339822
1741.0,23.930270559866944
1751.0,23.935060718469355
1761.0,23.939868181590477
1771.0,23.9446907574649
1781.0,23.949521635285077
1791.0,23.95435488515631
1801.0,23.959185825491538
1811.0,23.96403575139394
1821.0,23.968925878229047
1831.0,23.973861797574962
1841.0,23.97884772479996
1851.0,23.983882064832734
1861.0,23.988956968396447
1871.0,23.99406514117175
1881.0,23.999184252722454
1891.0,24.00429184396986
1901.0,24.009392330355848
1911.0,24.01448953657915
1921.0,24.019586108051044
1931.0,24.02467871192181
1941.0,24.029761280559942
1951.0,24.034828719971323
1961.0,24.039874809724044
1971.0,24.044893379319184
1981.0,24.049879664550126
1991.0,24.054830082680674
2001.0,24.059742022719988
2011.0,24.064613669229796
2021.0,24.069462911915465
2031.0,24.074419053480643
2041.0,24.079519958577464
2051.0,24.08473205224553
2061.0,24.090013650011066
2071.0,24.095325694297994
2081.0,24.100631985103508
2091.0,24.105893570456452
2101.0,24.11100350861265
2111.0,24.115943943015484
2121.0,24.12073041202008
2131.0,24.125376991811745
2141.0,24.12989643676859
2151.0,24.134300306148354
2161.0,24.138599002534693
2171.0,24.142794436030336
2181.0,24.146894785433478
2191.0,24.150913536811636
2201.0,24.15486242997151
2211.0,24.158751666909065
2221.0,24.162590096176533
2231.0,24.16638537595729
2241.0,24.170144667146506
2251.0,24.173875448220596
2261.0,24.177583946815353
2271.0,24.181275445992497
2281.0,24.18495440914793
2291.0,24.188624583388993
2301.0,24.192289090983767
2311.0,24.195950717115977
2321.0,24.199613150531434
2331.0,24.203279853364354
2341.0,24.20695361275072
2351.0,24.21063664257635
2361.0,24.21433066155911
2371.0,24.21803696217776
2381.0,24.221756540337584
2391.0,24.225491367663363
2401.0,24.229243991762004
2411.0,24.2330163738488
2421.0,24.236809942565767
2431.0,24.24062567143415
2441.0,24.244464147024537
2451.0,24.248325642796868
2461.0,24.252211242867933
2471.0,24.256123351645375
2481.0,24.26006386233232
2491.0,24.264034072367863
2501.0,24.2680347735719
2511.0,24.272066331269695
2521.0,24.27612875372001
2531.0,24.280222567601008
2541.0,24.284350334996795
2551.0,24.288514297745134
2561.0,24.29271596888047
2571.0,24.296956245555787
2581.0,24.301235507923565
2591.0,24.305553705569547
,
1.0,0.029690612473162414
11.0,0.32480844711818596
21.0,0.6166997703605744
31.0,0.9053998881130653
41.0,1.1909437209138416
51.0,1.4733658081909555
61.0,1.7527003124829235
71.0,2.0289810236162427
81.0,2.30223004739327
91.0,2.5724902152537834
101.0,2.8397954506444223
111.0,3.104178077011544
121.0,3.3656700645790125
131.0,3.6243030342244187
141.0,3.880108261313435
151.0,4.133110287465775
161.0,4.3833432343392245
171.0,4.630840074668697
181.0,4.875630732684056
191.0,5.117744805456849
201.0,5.357211566481094
211.0,5.594059969214998
221.0,5.828315380684397
231.0,6.060006072448787
241.0,6.289163309074737
251.0,6.515814795947552
261.0,6.7399879355062975
271.0,6.961709830557285
281.0,7.181007287551324
291.0,7.397905398912355
301.0,7.612428097278514
311.0,7.824604549941834
321.0,8.034460521002465
331.0,8.242021453749928
341.0,8.447312491070988
351.0,8.65035848741989
361.0,8.863774859763373
371.0,9.16163751168816
381.0,9.417903090409178
391.0,9.642184380939344
401.0,9.841417246912822
411.0,10.03154156323608
421.0,10.21958334774111
431.0,10.405565748291888
441.0,10.589527582324529
451.0,10.771471205965554
461.0,10.951423287803998
471.0,11.129405625448484
481.0,11.30543987476195
491.0,11.479547645665084
501.0,11.651750285471095
511.0,11.822069201302705
521.0,11.99052604220479
531.0,12.157141228926639
541.0,12.321934902550396
551.0,12.484926984520978
561.0,12.646137179032795
571.0,12.805584975392092
581.0,12.963289677407149
591.0,13.119270547136463
601.0,13.273546464387904
611.0,13.426136063150791
621.0,13.577057775455875
631.0,13.726329833506044
641.0,13.87397027178926
651.0,14.020447465582151
661.0,14.166187078671845
671.0,14.31010860562172
681.0,14.45228575604149
691.0,14.59277652609746
701.0,14.731628081514641
711.0,14.86887992843394
721.0,15.004566200457166
731.0,15.13873430629999
741.0,15.27141640726659
751.0,15.402629432239367
761.0,15.53239012306982
771.0,15.660715034745895
781.0,15.787620535689374
791.0,15.913122808181733
801.0,16.037237796131556
811.0,16.15998126499136
821.0,16.281368873231905
831.0,16.401416092221204
841.0,16.52013820740244
851.0,16.637550319744044
861.0,16.75366734727521
871.0,16.868773186125505
881.0,16.982707187207463
891.0,17.09536585978878
901.0,17.206764754200485
911.0,17.31691918944581
921.0,17.425844256093683
931.0,17.53355481932157
941.0,17.640065526977594
951.0,17.745390851001368
961.0,17.849545011885183
971.0,17.952542006613267
981.0,18.054395623101318
991.0,18.155119443872184
1001.0,18.25472684976623
1011.0,18.353231027201307
1021.0,18.45064504977411
1031.0,18.546981744940997
1041.0,18.642253717044245
1051.0,18.73647338779003
1061.0,18.829652999928527
1071.0,18.921804620898502
1081.0,19.01305148113643
1091.0,19.104229479244374
1101.0,19.194303854846474
1111.0,19.28329901176825
1121.0,19.371237553383036
1131.0,19.45814050535973
1141.0,19.544027507574217
1151.0,19.62891697969508
1161.0,19.712831762280196
1171.0,19.79579425322132
1181.0,19.87781714695111
1191.0,19.95891281366027
1201.0,20.03909337929556
1211.0,20.11837073184765
1221.0,20.196756527627805
1231.0,20.274982162193382
1241.0,20.353821003918885
1251.0,20.43323626095713
1261.0,20.513193352609196
1271.0,20.59365987406615
1281.0,20.674605494938525
1291.0,20.756001860151013
1301.0,20.838220156615137
1311.0,20.922007025229412
1321.0,21.007135059923275
1331.0,21.09351069626102
1341.0,21.181046733282734
1351.0,21.269661984484706
1361.0,21.359280941617993
1371.0,21.449700248099827
1381.0,21.5387764261917
1391.0,21.625800813272708
1401.0,21.710804046117367
1411.0,21.793822766354246
1421.0,21.87489813691413
1431.0,21.954074632625108
1441.0,22.031410001152846
1451.0,22.10822863886868
1461.0,22.185404785030066
1471.0,22.2629190126527
1481.0,22.340753191861797
1491.0,22.418890426602054
1501.0,22.497314993171965
1511.0,22.576012280661576
1521.0,22.654968775339672
1531.0,22.734172444472694
1541.0,22.813612103597794
1551.0,22.893277427003856
1561.0,22.973158910632336
1571.0,23.05324782663158
1581.0,23.13353617991572
1591.0,23.213995085558416
1601.0,23.294555038459183
1611.0,23.375205119751012
1621.0,23.455938878821804
1631.0,23.536750371168868
1641.0,23.617634042503465
1651.0,23.698583527887873
1661.0,23.779214794731423
1671.0,23.857326777816727
1681.0,23.9327035783568
1691.0,24.005499117817994
1701.0,24.07585557938752
1711.0,24.14390470326447
1721.0,24.20976872758951
1731.0,24.273654986049
1741.0,24.337119672661455
1751.0,24.400681723176895
1761.0,24.464341279089847
1771.0,24.52809857074296
1781.0,24.591953914842634
1791.0,24.655907712182113
1801.0,24.719960442326236
1811.0,24.784112879661585
1821.0,24.848366261178626
1831.0,24.912721811468185
1841.0,24.977180557247266
1851.0,25.041742563099678
1861.0,25.106407786242773
1871.0,25.171176356384763
1881.0,25.232946590354015
1891.0,25.288121530187052
1901.0,25.337894406107022
1911.0,25.3831882441285
1921.0,25.424710999760084
1931.0,25.46301714206574
1941.0,25.498743999788818
1951.0,25.533722335897398
1961.0,25.568318467671588
1971.0,25.602536609163785
1981.0,25.63638088504055
1991.0,25.670064297599918
2001.0,25.703784534363113
2011.0,25.737542123760964
2021.0,25.77133729986691
2031.0,25.805170685999553
2041.0,25.83904320296745
2051.0,25.872955456918614
2061.0,25.90690804590461
2071.0,25.940901560602498
2081.0,25.9749365850542
2091.0,26.009010286333503
2101.0,26.04307054314673
2111.0,26.077099544380513
2121.0,26.111097304198577
2131.0,26.145063820779843
2141.0,26.17899907695781
2151.0,26.212903040837954
2161.0,26.24677604189795
2171.0,26.28066390739943
2181.0,26.314598916675155
2191.0,26.34858190666341
2201.0,26.382613702774314
2211.0,26.416695120237613
2221.0,26.450826965450293
2231.0,26.48501003732232
2241.0,26.519245128101034
2251.0,26.553533390837288
2261.0,26.587875879979958
2271.0,26.622273624396907
2281.0,26.656727639632848
2291.0,26.69123892988716
2301.0,26.725808489971524
2311.0,26.760437329548164
2321.0,26.795126810368266
2331.0,26.82987829031111
2341.0,26.864693083331584
2351.0,26.89957248514914
2361.0,26.934517776226716
2371.0,26.969530224697955
2381.0,27.004543105673427
2391.0,27.03915256459053
2401.0,27.07329875066976
2411.0,27.106989903683036
2421.0,27.14023409378474
2431.0,27.173039225498872
2441.0,27.20541304159844
2451.0,27.237384934739815
2461.0,27.269304809723852
2471.0,27.30129344368873
2481.0,27.33335237095411
2491.0,27.365483105759935
2501.0,27.397687146125282
2511.0,27.42996597762739
2521.0,27.46230554501162
2531.0,27.49297695243559
2541.0,27.521114875587205
2551.0,27.54708739472476
2561.0,27.571189024061397
2571.0,27.593658930461903
2581.0,27.61469386210937
2591.0,27.63445752445017
,
1.0,0.039502538356774336
11.0,0.4266199099460869
21.0,0.7999280409750001
31.0,1.160192184237049
41.0,1.5081209325620715
51.0,1.8443714089303986
61.0,2.1695538940686747
71.0,2.484235961763058
81.0,2.792974075921656
91.0,3.1018405858306277
101.0,3.4108894954865696
111.0,3.7201242398960996
121.0,4.029548250380056
131.0,4.33916496820048
141.0,4.648977857034025
151.0,4.957065488634783
161.0,5.2579780036443795
171.0,5.551614148829746
181.0,5.838219122179919
191.0,6.118027593543211
201.0,6.391264252301108
211.0,6.658144321847831
221.0,6.919648206904188
231.0,7.180546761162601
241.0,7.441624182393141
251.0,7.702882456991512
261.0,7.964323712624136
271.0,8.225950213607035
281.0,8.487764357542176
291.0,8.749768658497146
301.0,9.011965222068868
311.0,9.274355973570476
321.0,9.536943092941826
331.0,9.799728953191515
341.0,10.062716114994972
351.0,10.325907322956532
361.0,10.589305503397636
371.0,10.852913337933577
381.0,11.116733195797023
391.0,11.380767781107606
401.0,11.645020040355332
411.0,11.909493159891424
421.0,12.174190565354598
431.0,12.43911592294701
441.0,12.683501645651925
451.0,12.886851889062683
461.0,13.06747045012141
471.0,13.245447978100794
481.0,13.421476235234843
491.0,13.59557734460306
501.0,13.767772960226194
511.0,13.938084698405069
521.0,14.106534277536573
531.0,14.273142112552698
541.0,14.437928339855514
551.0,14.600912876170385
561.0,14.762115420931082
571.0,14.921555458639004
581.0,15.079252273357518
591.0,15.235225015538859
601.0,15.389492549578156
611.0,15.542073515736355
621.0,15.692986351201915
631.0,15.842249292284702
641.0,15.989880376586436
651.0,16.135897417572643
661.0,16.28031763714841
671.0,16.423158390297306
681.0,16.56443699434795
691.0,16.704170572233714
701.0,16.842376055279992
711.0,16.97907018587016
721.0,17.114269517158426
731.0,17.247989945440235
741.0,17.38024741521164
751.0,17.51105806083649
761.0,17.64043781993925
771.0,17.768402439509085
781.0,17.89496748113376
791.0,18.0201483255559
801.0,18.14396008428124
811.0,18.266417646307005
821.0,18.3875358970184
831.0,18.507329552798755
841.0,18.62581316204343
851.0,18.74300110839871
861.0,18.858907613741376
871.0,18.97354705484255
881.0,19.08693423987848
891.0,19.19908294877558
901.0,19.31000675848184
911.0,19.419719110851812
921.0,19.52823332287652
931.0,19.63556260019985
941.0,19.741719843655023
951.0,19.84671683574611
961.0,19.950566092677498
971.0,20.05328015897274
981.0,20.15487144283173
991.0,20.255352217589603
1001.0,20.35473462316074
1011.0,20.453030667257142
1021.0,20.55025225427962
1031.0,20.64641114228911
1041.0,20.741518944928607
1051.0,20.835587149641658
1061.0,20.928627119000634
1071.0,21.020650092023875
1081.0,21.11166718604384
1091.0,21.201689558724336
1101.0,21.290728197672532
1111.0,21.378793844434494
1121.0,21.465897124972617
1131.0,21.5520485508414
1141.0,21.637258520354802
1151.0,21.721537319745586
1161.0,21.804895224381067
1171.0,21.887342462136502
1181.0,21.968888971488525
1191.0,22.04878541837994
1201.0,22.122525261115825
1211.0,22.18992041696263
1221.0,22.251580490290255
1231.0,22.308051394207318
1241.0,22.359819637947684
1251.0,22.407323567252586
1261.0,22.45095939089424
1271.0,22.49108535043618
1281.0,22.52802544076132
1291.0,22.56207275962045
1301.0,22.595178625680393
1311.0,22.63551088410987
1321.0,22.68243849379516
1331.0,22.734297249263154
1341.0,22.78970571706553
1351.0,22.847521801249012
1361.0,22.906805784836923
1371.0,22.96678886337667
1381.0,23.026844754885946
1391.0,23.08646634297923
1401.0,23.145249288550875
1411.0,23.202875702064834
1421.0,23.259100021270537
1431.0,23.313737024199323
1441.0,23.36665166183086
1451.0,23.41774950755501
1461.0,23.46696819496871
1471.0,23.514273768850526
1481.0,23.559655791514448
1491.0,23.603122842866668
1501.0,23.64469873310768
1511.0,23.684419321911403
1521.0,23.722339254863986
1531.0,23.758524134740327
1541.0,23.793030187391615
1551.0,23.82591632896794
1561.0,23.85724331726286
1571.0,23.88707294886574
1581.0,23.91546739261351
1591.0,23.94248726109419
1601.0,23.96818823346379
1611.0,23.99262788363593
1621.0,24.01586390049411
1631.0,24.037953416643223
1641.0,24.058952633141104
1651.0,24.07891652898071
1661.0,24.097488268496065
1671.0,24.11476075645429
1681.0,24.131205700256583
1691.0,24.146867895147906
1701.0,24.1617897779464
1711.0,24.176011540483092
1721.0,24.189571238860083
1731.0,24.212223531320237
1741.0,24.25696098029359
1751.0,24.301130251220577
1761.0,24.344748959118586
1771.0,24.387832265704493
1781.0,24.430393515487584
1791.0,24.47244466934116
1801.0,24.51400362670428
1811.0,24.55514751563609
1821.0,24.59582964646753
1831.0,24.636056469751455
1841.0,24.67583425626499
1851.0,24.71516911233695
1861.0,24.75406699371136
1871.0,24.792533718146334
1881.0,24.83057474737372
1891.0,24.868175466507974
1901.0,24.904351028084033
1911.0,24.938630992076707
1921.0,24.971108995716516
1931.0,25.001876695279428
1941.0,25.031023326290228
1951.0,25.05863512862261
1961.0,25.084793734397902
1971.0,25.109577497237527
1981.0,25.13306194143651
1991.0,25.15531964487677
2001.0,25.17642019416127
2011.0,25.19643018159698
2021.0,25.214403148810593
2031.0,25.230529804928707
2041.0,25.245906784474965
2051.0,25.260572649808665
2061.0,25.2745644110478
2071.0,25.28791755200618
2081.0,25.30066606599257
2091.0,25.312321998250194
2101.0,25.32230659392486
2111.0,25.331900553406356
2121.0,25.34112132644356
2131.0,25.349985734707214
2141.0,25.358509984469645
2151.0,25.366709681768793
2161.0,25.37449145518724
2171.0,25.38104183297354
2181.0,25.387378535493788
2191.0,25.393509676771973
2201.0,25.399443120170147
2211.0,25.405186482397013
2221.0,25.41074713829606
2231.0,25.416132226317348
2241.0,25.420744079772472
2251.0,25.425164003922728
2261.0,25.4294651180091
2271.0,25.433651218685718
2281.0,25.43772600321885
2291.0,25.441693070533198
2301.0,25.44555592252085
2311.0,25.44901193034153
2321.0,25.452259276135486
2331.0,25.455434716146346
2341.0,25.45854014908578
2351.0,25.46157743366143
2361.0,25.46454838851548
2371.0,25.46745479228016
2381.0,25.47019379760588
2391.0,25.473034964706123
2401.0,25.476188630310478
2411.0,25.479661521096062
2421.0,25.483461238366186
2431.0,25.4875974007861
2441.0,25.49207925589555
2451.0,25.497207285463475
2461.0,25.503144564593526
2471.0,25.509062789448453
2481.0,25.514943214302956
2491.0,25.520770978761167
2501.0,25.526534478657116
2511.0,25.532224831432067
2521.0,25.53783542215061
2531.0,25.54336068072556
2541.0,25.54879457029498
2551.0,25.554132583901044
2561.0,25.559371819204475
2571.0,25.56451069288126
2581.0,25.569548699083878
2591.0,25.57448620554386
,
1.0,0.039602136254502145
11.0,0.43576360720038454
21.0,0.8321816875845999
31.0,1.2288592511418102
41.0,1.6257994305579462
51.0,2.023005610020702
61.0,2.420481420026607
71.0,2.8182307342546484
81.0,3.216257411140575
91.0,3.6145648898258407
101.0,4.013156989365171
111.0,4.41203783993298
121.0,4.811211877114203
131.0,5.2106838428529345
141.0,5.610458788680568
151.0,6.010541926083868
161.0,6.410938025187725
171.0,6.811652274619981
181.0,7.212690286149223
191.0,7.614058076161559
201.0,8.015762077171932
211.0,8.417809152509081
221.0,8.820206535310852
231.0,9.222961116409724
241.0,9.626080266856258
251.0,10.02957200069048
261.0,10.433444928895176
271.0,10.83770829329057
281.0,11.242372006409385
291.0,11.643179318835712
301.0,12.016526898214229
311.0,12.3649480082212
321.0,12.691007113142803
331.0,12.996919940372628
341.0,13.284611619662515
351.0,13.555763462325467
361.0,13.812547052020841
371.0,14.069332782436256
381.0,14.326362531376233
391.0,14.58364059079971
401.0,14.841171611939169
411.0,15.098960616550421
421.0,15.357013011288275
431.0,15.61533460540268
441.0,15.868496844721191
451.0,16.109165417104293
461.0,16.3381726325655
471.0,16.556336308146346
481.0,16.764400323412456
491.0,16.963042733763604
501.0,17.15288284277017
511.0,17.336483003365217
521.0,17.519905824725857
531.0,17.703528786330185
541.0,17.887355306588358
551.0,18.07138911477091
561.0,18.255634260734926
571.0,18.440095127482152
581.0,18.624776357672456
591.0,18.809682085929506
601.0,18.994816881590946
611.0,19.180185855422774
621.0,19.365794595772098
631.0,19.551649200474575
641.0,19.73775631505838
651.0,19.911834616423345
661.0,20.05629803467961
671.0,20.199184173762397
681.0,20.34051049106741
691.0,20.480294268835
701.0,20.618602434431985
711.0,20.75663627691534
721.0,20.8945158106245
731.0,21.028271563428742
741.0,21.16056653390099
751.0,21.291416822513725
761.0,21.420838361867997
771.0,21.548846919524028
781.0,21.67545810092494
791.0,21.80068735243419
801.0,21.92452509827945
811.0,22.046998814611275
821.0,22.168128183673915
831.0,22.287929328259374
841.0,22.40641761967338
851.0,22.523607964054122
861.0,22.63951493695201
871.0,22.754171762746918
881.0,22.86758352055809
891.0,22.979756229592333
901.0,23.09070353308124
911.0,23.20043892551096
921.0,23.308975754905347
931.0,23.41632722506707
941.0,23.52250610469483
951.0,23.627523525111872
961.0,23.731391831711875
971.0,23.834123522878468
981.0,23.935730974801626
991.0,24.03342201686335
1001.0,24.12383854711289
1011.0,24.207464845794746
1021.0,24.28423291409583
1031.0,24.354560933500434
1041.0,24.419038430024546
1051.0,24.478199185254613
1061.0,24.5325266443731
1071.0,24.582458788201794
1081.0,24.628392523277526
1091.0,24.67068670832626
1101.0,24.70966425003536
1111.0,24.745617989681815
1121.0,24.778814015329676
1131.0,24.809494165871342
1141.0,24.837878296531027
1151.0,24.86416632881224
1161.0,24.88853961822612
1171.0,24.91116091902197
1181.0,24.932178018406656
1191.0,24.951725786325717
1201.0,24.969927328185225
1211.0,24.986895035146
1221.0,25.002731539797647
1231.0,25.017530351433237
1241.0,25.031375043694016
1251.0,25.0443414179506
1261.0,25.0564990497263
1271.0,25.06791180605268
1281.0,25.07863832527042
1291.0,25.088732457306385
1301.0,25.098243569072725
1311.0,25.107215552328014
1321.0,25.11568802991024
1331.0,25.123697684020257
1341.0,25.131278466027734
1351.0,25.1384618095295
1361.0,25.145276829051863
1371.0,25.151631171825045
1381.0,25.157412371006085
1391.0,25.162929854617726
1401.0,25.16820055964077
1411.0,25.17324037840201
1421.0,25.178064230827005
1431.0,25.18268613399857
1441.0,25.1870553193692
1451.0,25.190696805778146
1461.0,25.194214180674013
1471.0,25.197613796440795
1481.0,25.20090171007836
1491.0,25.20408369897729
1501.0,25.207165276745695
1511.0,25.21015170908679
1521.0,25.212679473754502
1531.0,25.21510241313702
1541.0,25.21746512996156
1551.0,25.21976999621119
1561.0,25.22201930857326
1571.0,25.224215291063114
1581.0,25.226360097902724
1591.0,25.228259441571712
1601.0,25.230038938881552
1611.0,25.231785802733782
1621.0,25.233500956914387
1631.0,25.23518530985362
1641.0,25.236839754311635
1651.0,25.238465167228934
1661.0,25.239964457163005
1671.0,25.241344786944428
1681.0,25.24270663455014
1691.0,25.244050337329757
1701.0,25.245376233890084
1711.0,25.246684663379465
1721.0,25.24797596486088
1731.0,25.249209017876982
1741.0,25.250332483415235
1751.0,25.25144518871688
1761.0,25.252547231732603
1771.0,25.253638715374425
1781.0,25.254719746935816
1791.0,25.25579043755822
1801.0,25.25684111069472
1811.0,25.25779562400855
1821.0,25.258743823680156
1831.0,25.259685711923822
1841.0,25.260621295960522
1851.0,25.261550587621066
1861.0,25.262473602973973
1871.0,25.263390361976768
1881.0,25.26423957425663
1891.0,25.26507820024492
1901.0,25.265913149261475
1911.0,25.26674439199508
1921.0,25.26757190306363
1931.0,25.268395660767016
1941.0,25.269215646852892
1951.0,25.27002414995446
1961.0,25.270915593789177
1971.0,25.27190778377866
1981.0,25.273002201099924
1991.0,25.274202679625937
2001.0,25.275514540079147
2011.0,25.276943852971975
2021.0,25.278891416812368
2031.0,25.281275494789263
2041.0,25.283668173135936
2051.0,25.286064203385067
2061.0,25.288459174864588
2071.0,25.290849414358785
2081.0,25.29323189955269
2091.0,25.2955466060303
2101.0,25.297718901377813
2111.0,25.299882591588172
2121.0,25.302035069559384
2131.0,25.304174207420623
2141.0,25.306298304883242
2151.0,25.30840604481651
2161.0,25.310465119999424
2171.0,25.31223006350267
2181.0,25.313986407450336
2191.0,25.315732724939416
2201.0,25.317467825778095
2211.0,25.319190734215848
2221.0,25.320900669373952
2231.0,25.322597028174847
2241.0,25.324060888554897
2251.0,25.325493433587127
2261.0,25.32691847830425
2271.0,25.328335277483013
2281.0,25.329743197415414
2291.0,25.331141706764228
2301.0,25.33253036838436
2311.0,25.333777648353912
2321.0,25.334963222382953
2331.0,25.33614365805731
2341.0,25.33731844981538
2351.0,25.338487152312148
2361.0,25.339649375922086
2371.0,25.34080478262961
2381.0,25.341881945103644
2391.0,25.34288396494065
2401.0,25.343882730333736
2411.0,25.3448778811686
2421.0,25.345869091293114
2431.0,25.346856066209835
2441.0,25.347838540932667
2451.0,25.348784329144937
2461.0,25.349652817122255
2471.0,25.35051947213616
2481.0,25.351384030178554
2491.0,25.352246247354675
2501.0,25.35310589865163
2511.0,25.353962776781188
2521.0,25.354808815847974
2531.0,25.35558223665386
2541.0,25.356354864273765
2551.0,25.357126501147356
2561.0,25.35789696224423
2571.0,25.358666074378775
2581.0,25.35943367556075
2591.0,25.36019961438002
,
1.0,0.029690963624244168
11.0,0.3248122839156713
21.0,0.6167070467406498
31.0,0.9054105593359886
41.0,1.1909577434989829
51.0,1.4733831398523383
61.0,1.7527209120650344
71.0,2.0290048510298715
81.0,2.302255963146354
91.0,2.572518066539423
101.0,2.839825207890471
111.0,3.1042097111719325
121.0,3.365703547104444
131.0,3.624338337033223
141.0,3.880145356762512
151.0,4.133148019833292
161.0,4.383379361299571
171.0,4.630872959367421
181.0,4.875659061940682
191.0,5.1177674896522385
201.0,5.357227676981566
211.0,5.594068697295058
221.0,5.948539681355368
231.0,6.423006634992007
241.0,6.898045149999654
251.0,7.373670599887211
261.0,7.849899436192873
271.0,8.326749279926531
281.0,8.804239026111729
291.0,9.235879151648017
301.0,9.559531090465237
311.0,9.883651892769489
321.0,10.208252783353549
331.0,10.533345631073201
341.0,10.858942996586078
351.0,11.18505818565882
361.0,11.500925585594961
371.0,11.720221212651277
381.0,11.939889578772299
391.0,12.159938320061556
401.0,12.380375426928568
411.0,12.601209265909597
421.0,12.822448603530143
431.0,13.044102632435015
441.0,13.231753391144345
451.0,13.413685834683873
461.0,13.593625430859902
471.0,13.771594679377394
481.0,13.947615615207448
491.0,14.121709896439118
501.0,14.293898855736037
511.0,14.522201720958266
521.0,14.766275749812397
531.0,15.000504076159416
541.0,15.225419596005588
551.0,15.441519420623798
561.0,15.649267730463475
571.0,15.849098366445942
581.0,16.042350256263532
591.0,16.234865435873903
601.0,16.427596256720523
611.0,16.620546586742837
621.0,16.81372065939242
631.0,17.00712308829056
641.0,17.20075888549748
651.0,17.391985465383875
661.0,17.577269840333653
671.0,17.762791662939286
681.0,17.948556454933012
691.0,18.13457024878709
701.0,18.32083962558298
711.0,18.50737175997009
721.0,18.68893922901185
731.0,18.822704105539856
741.0,18.955008511837708
751.0,19.08586859842881
761.0,19.215300352057636
771.0,19.343319599262937
781.0,19.4707832679535
791.0,19.598462593876654
801.0,19.7226454433947
811.0,19.845141852697985
821.0,19.966300543136438
831.0,20.0861362554511
841.0,20.204663576343993
851.0,20.321896940970753
861.0,20.437850635503757
871.0,20.552523956589226
881.0,20.665938372676397
891.0,20.778113833017983
901.0,20.889063946822503
911.0,20.998802177590342
921.0,21.10734184498762
931.0,21.2146961267263
941.0,21.320868380420812
951.0,21.425865032308938
961.0,21.52970889841198
971.0,21.63241416699345
981.0,21.733994137999527
991.0,21.834461627424208
1001.0,21.933829134175355
1011.0,22.03211951602835
1021.0,22.129360060130924
1031.0,22.225538495494405
1041.0,22.320666543729054
1051.0,22.414755799598545
1061.0,22.507817733142726
1071.0,22.599863691775727
1081.0,22.69045902956375
1091.0,22.7749850808195
1101.0,22.85273142895035
1111.0,22.924283518527798
1121.0,22.990174336438265
1131.0,23.050889268249833
1141.0,23.106870493005612
1151.0,23.15852096145412
1161.0,23.206416660862164
1171.0,23.25124910135074
1181.0,23.293347190645083
1191.0,23.33295260309057
1201.0,23.37025478314102
1211.0,23.405410093921496
1221.0,23.438552508080605
1231.0,23.469616570077346
1241.0,23.498286513517694
1251.0,23.524767117714582
1261.0,23.54927222777674
1271.0,23.571993387420047
1281.0,23.5930970613438
1291.0,23.612731028504907
1301.0,23.63270268753934
1311.0,23.661212362688463
1321.0,23.697542855716776
1331.0,23.73988997981225
1341.0,23.78674881775003
1351.0,23.836868375822466
1361.0,23.88921292095331
1371.0,23.94295940347035
1381.0,23.997963003129666
1391.0,24.054016592227647
1401.0,24.110782691455565
1411.0,24.16793491822643
1421.0,24.225129302367463
1431.0,24.28191001393738
1441.0,24.33785755088658
1451.0,24.392248667721862
1461.0,24.44468312829446
1471.0,24.495112923495363
1481.0,24.543514252314562
1491.0,24.58988364139294
1501.0,24.63423455443071
1511.0,24.676594435807434
1521.0,24.717023609185976
1531.0,24.755581278821207
1541.0,24.792295859740815
1551.0,24.82720893732281
1561.0,24.860372422413406
1571.0,24.89184590364177
1581.0,24.92169445882756
1591.0,24.950007834446698
1601.0,24.97691509853415
1611.0,25.002485905602676
1621.0,25.026785245938274
1631.0,25.049877016826397
1641.0,25.071823734413737
1651.0,25.09268630070741
1661.0,25.112512200119905
1671.0,25.131290110923924
1681.0,25.14906735498646
1691.0,25.165901939966755
1701.0,25.18185035313861
1711.0,25.196967193932217
1721.0,25.211304913143223
1731.0,25.225547507793166
1741.0,25.24695123041281
1751.0,25.27603458252399
1761.0,25.31116297063618
1771.0,25.350959904341035
1781.0,25.393622630820833
1791.0,25.43605363808913
1801.0,25.477985070907057
1811.0,25.519425695063827
1821.0,25.560383908043978
1831.0,25.600867932538996
1841.0,25.640885633441233
1851.0,25.68044455180473
1861.0,25.719551935121896
1871.0,25.75821476437577
1881.0,25.796425422343606
1891.0,25.834172109775086
1901.0,25.871464756581013
1911.0,25.90831277220021
1921.0,25.944724966982566
1931.0,25.98070963215173
1941.0,26.01627460283905
1951.0,26.05142998981436
1961.0,26.086190049485843
1971.0,26.12056083343629
1981.0,26.154547687813768
1991.0,26.1881557894808
2001.0,26.22139016137112
2011.0,26.25425568602734
2021.0,26.28675551822106
2031.0,26.31888545477815
2041.0,26.350650092232243
2051.0,26.382055488581017
2061.0,26.413107844403527
2071.0,26.443812891160935
2081.0,26.474175891260515
2091.0,26.504201843253483
2101.0,26.533896649930067
2111.0,26.563096852271148
2121.0,26.590555612930547
2131.0,26.61614626250771
2141.0,26.64001070460027
2151.0,26.662280690619518
2161.0,26.683077967594368
2171.0,26.702462785886343
2181.0,26.720524815517827
2191.0,26.73738601316871
2201.0,26.75315628737167
2211.0,26.767934762264492
2221.0,26.781810902562736
2231.0,26.79486551547169
2241.0,26.807267354821374
2251.0,26.819175222182047
2261.0,26.830580932000384
2271.0,26.84148038831259
2281.0,26.851874104890996
2291.0,26.86176645117169
2301.0,26.87116495576093
2311.0,26.880042035543557
2321.0,26.888329171365534
2331.0,26.896086855124313
2341.0,26.903375611317855
2351.0,26.910248872385818
2361.0,26.916753812930097
2371.0,26.922932085040042
2381.0,26.928820876653663
2391.0,26.93445579368994
2401.0,26.939866680050418
2411.0,26.945079410801824
2421.0,26.950116807771913
2431.0,26.954998995263704
2441.0,26.959743714478062
2451.0,26.964366652128124
2461.0,26.968883015607435
2471.0,26.973306585138396
2481.0,26.977649200071266
2491.0,26.98192121541037
2501.0,26.986131677448835
2511.0,26.990288479246797
2521.0,26.994398499047215
2531.0,26.99846845071124
2541.0,27.00250538937354
2551.0,27.006515395003916
2561.0,27.010503658579726
2571.0,27.014474592905653
2581.0,27.018431930666964
2591.0,27.02237881114994
,
1.0,0.06042577818022443
11.0,0.6650732355749821
21.0,1.2704425358769358
31.0,1.876553646595522
41.0,2.483427786555913
51.0,3.0910875340808484
61.0,3.699556949292405
71.0,4.308861712768007
81.0,4.68854568739215
91.0,4.966632752316406
101.0,5.233945333294559
111.0,5.498330576980511
121.0,5.759821473296954
131.0,6.018450301613749
141.0,6.27424879681864
151.0,6.527261075937404
161.0,6.777512532831888
171.0,7.025028321615969
181.0,7.269838421158054
191.0,7.51197248140323
201.0,7.751459827481253
211.0,7.988329463726644
221.0,8.235414615763794
231.0,8.496205097882173
241.0,8.758905466170914
251.0,9.02335407349596
261.0,9.28940729737535
271.0,9.556937416145571
281.0,9.825830755515394
291.0,10.095986053742235
301.0,10.367312469165931
311.0,10.639728567677132
321.0,10.91316174730654
331.0,11.18754722077114
341.0,11.46282716652208
351.0,11.738949982983693
361.0,12.015869632928252
371.0,12.293544613534138
381.0,12.571937371452997
391.0,12.851014550508173
401.0,13.130746498309806
411.0,13.411106910934262
421.0,13.692072520081576
431.0,13.973622817792625
441.0,14.255739509498508
451.0,14.538405883774326
461.0,14.821607543480692
471.0,15.105332106951918
481.0,15.389569055117128
491.0,15.674309604153827
501.0,15.959546596428062
511.0,16.245274216708886
521.0,16.53148723739991
531.0,16.8181820042445
541.0,17.105356288202596
551.0,17.393009208894426
561.0,17.681141208696452
571.0,17.96975404072096
581.0,18.233860246552624
591.0,18.473398360132975
601.0,18.713339916749092
611.0,18.953688293844884
621.0,19.194447798984083
631.0,19.43562369674793
641.0,19.67722224599542
651.0,19.89414291781916
661.0,20.039799069062457
671.0,20.183057429778277
681.0,20.324673409186776
691.0,20.464682596851347
701.0,20.603114554611686
711.0,20.739995164110532
721.0,20.875360637653944
731.0,21.009338828053128
741.0,21.141837464680318
751.0,21.272874360131894
761.0,21.402466966020818
771.0,21.530632397031304
781.0,21.657387452258437
791.0,21.78274863419094
801.0,21.90673198787672
811.0,22.029353174169874
821.0,22.150627916770063
831.0,22.270571702147155
841.0,22.38919978592891
851.0,22.506527203249508
861.0,22.622568778175022
871.0,22.73733901208264
881.0,22.850851922090207
891.0,22.963121728882474
901.0,23.074162503935117
911.0,23.18398814136476
921.0,23.292612364127482
931.0,23.400048729886063
941.0,23.506310568837826
951.0,23.611410619144372
961.0,23.71536187922485
971.0,23.81817730160271
981.0,23.91986969588209
991.0,24.020451733861783
1001.0,24.119935954688163
1011.0,24.218334745320586
1021.0,24.315659823014997
1031.0,24.411923119609543
1041.0,24.507136681800276
1051.0,24.60131244647991
1061.0,24.694582539616295
1071.0,24.787874797014453
1081.0,24.881083776996164
1091.0,24.971178217522276
1101.0,25.06028973494251
1111.0,25.148429327433973
1121.0,25.23560788679956
1131.0,25.321836202041634
1141.0,25.407124963206808
1151.0,25.491484765565556
1161.0,25.57489291366026
1171.0,25.657387216410473
1181.0,25.73898135194795
1191.0,25.819685310396572
1201.0,25.899508980782326
1211.0,25.978462153197288
1221.0,26.056554521063585
1231.0,26.128725697352333
1241.0,26.19541236287637
1251.0,26.258546711998946
1261.0,26.31833265978105
1271.0,26.374961970896987
1281.0,26.428615018183887
1291.0,26.479461492645036
1301.0,26.524738565064514
1311.0,26.56495866383389
1321.0,26.60327467862107
1331.0,26.639784048110037
1341.0,26.674579010158375
1351.0,26.707746891811812
1361.0,26.73937038267021
1371.0,26.7685526602733
1381.0,26.79423158081162
1391.0,26.818827248574614
1401.0,26.842389330130757
1411.0,26.864965107244767
1421.0,26.886599596206686
1431.0,26.907335660996598
1441.0,26.927030474685633
1451.0,26.94432815326934
1461.0,26.960973333734355
1471.0,26.976993002512206
1481.0,26.992412974249678
1491.0,27.00725794472565
1501.0,27.021551541297796
1511.0,27.03531637099838
1521.0,27.047661686493097
1531.0,27.05948695855656
1541.0,27.070912887726656
1551.0,27.08195446948006
1561.0,27.092626107523973
1571.0,27.10294163804532
1581.0,27.112914352933114
1591.0,27.122146174091245
1601.0,27.130918119582926
1611.0,27.13942208655712
1621.0,27.14766732298776
1631.0,27.155662741858826
1641.0,27.163416933739605
1651.0,27.170938178872717
1661.0,27.17814586834707
1671.0,27.18552340829279
1681.0,27.193248036386578
1691.0,27.201245650298404
1701.0,27.209452835199908
1711.0,27.217814991132638
1721.0,27.22628493145137
1731.0,27.236213065740106
1741.0,27.248897895225486
1751.0,27.260846286306673
1761.0,27.27210921482153
1771.0,27.28273403661964
1781.0,27.292764764699495
1791.0,27.302242326046304
1801.0,27.311079298951366
1811.0,27.318396115914837
1821.0,27.325535553011523
1831.0,27.332600831304322
1841.0,27.339642946842417
1851.0,27.346690170781244
1861.0,27.353759655765483
1871.0,27.360862220304412
1881.0,27.36858475197374
1891.0,27.376223055495768
1901.0,27.383732093754706
1911.0,27.391131734126024
1921.0,27.39841889301694
1931.0,27.405587541319516
1941.0,27.412633042461408
1951.0,27.41953703658373
1961.0,27.42625937785048
1971.0,27.43280661178328
1981.0,27.43918804467184
1991.0,27.44541275955176
2001.0,27.451489575266617
2011.0,27.45742701514247
2021.0,27.463241744798605
2031.0,27.468981953562114
2041.0,27.47463880099257
2051.0,27.48019687373701
2061.0,27.48564350947328
2071.0,27.490968432774768
2081.0,27.496163421893772
2091.0,27.501218298189496
2101.0,27.506078442828326
2111.0,27.510748445213824
2121.0,27.51525295147579
2131.0,27.519613569911108
2141.0,27.5238492291173
2151.0,27.527976494381388
2161.0,27.532009849556612
2171.0,27.535963143473253
2181.0,27.53984915911792
2191.0,27.543678504561203
2201.0,27.54746036275912
2211.0,27.55120266282989
2221.0,27.554912231655617
2231.0,27.558594928066476
2241.0,27.5622923903924
2251.0,27.566035980501038
2261.0,27.569789353038665
2271.0,27.573519538382573
2281.0,27.577197081098127
2291.0,27.580795623522192
2301.0,27.584291475678214
2311.0,27.587633222708874
2321.0,27.59074326099547
2331.0,27.593662556617954
2341.0,27.59643226222877
2351.0,27.59908696115045
2361.0,27.601655534781358
2371.0,27.604161912209076
2381.0,27.60663130417128
2391.0,27.609114713120345
2401.0,27.611622781911645
2411.0,27.61415750124873
2421.0,27.616720335900556
2431.0,27.619312291884096
2441.0,27.62193397622845
2451.0,27.624585781086456
2461.0,27.627270460630154
2471.0,27.629989157653572
2481.0,27.63274174469918
2491.0,27.635527854753985
2501.0,27.63834691664461
2511.0,27.641198186551257
2521.0,27.644080778385515
2531.0,27.646994866142517
2541.0,27.64994099815415
2551.0,27.652918895160617
2561.0,27.65592806770832
2571.0,27.658967849487237
2581.0,27.662037426867748
2591.0,27.665135865044046
,
1.0,0.03982876527535106
11.0,0.43827879084134447
21.0,0.8370234775349148
31.0,1.2360625223682307
41.0,1.6353962241515771
51.0,2.0350254371738288
61.0,2.434951531981393
71.0,2.8351763624357265
81.0,3.235701979624625
91.0,3.6365302035282174
101.0,4.037663406407034
111.0,4.439104425042324
121.0,4.840856539393637
131.0,5.242923459841921
141.0,5.645309318381661
151.0,6.048018507413018
161.0,6.451055066772482
171.0,6.854423541028259
181.0,7.258128975064707
191.0,7.662176889174661
201.0,8.066573285276695
211.0,8.471324657069502
221.0,8.876437924561449
231.0,9.281919714725989
241.0,9.687777188857858
251.0,10.094018201223411
261.0,10.500651250730494
271.0,10.90768551398486
281.0,11.315130884896702
291.0,11.718140321601647
301.0,12.110236132309469
311.0,12.502757357068948
321.0,12.895715469685445
331.0,13.289122895376405
341.0,13.68299309133479
351.0,14.077340641053041
361.0,14.459495226920097
371.0,14.727892096489139
381.0,14.996641766561725
391.0,15.265753059632837
401.0,15.535235395739491
411.0,15.805098839506368
421.0,16.07535415368888
431.0,16.346012860202865
441.0,16.538581096423183
451.0,16.721739578022543
461.0,16.90519014242082
471.0,17.08893946968546
481.0,17.272994613487153
491.0,17.457363027675328
501.0,17.642052595867682
511.0,17.816557049781874
521.0,17.98501928670288
531.0,18.151635270880977
541.0,18.316426072096192
551.0,18.47941224638385
561.0,18.64061395312111
571.0,18.80005102146982
581.0,18.95776446072592
591.0,19.11377566819685
601.0,19.268082916588156
611.0,19.420705037978664
621.0,19.57166066875279
631.0,19.720970211975008
641.0,19.869667157660675
651.0,20.018560033427825
661.0,20.167652438370798
671.0,20.316948154596027
681.0,20.466451542612486
691.0,20.616167405677455
701.0,20.766101019295444
711.0,20.916258166854657
721.0,21.06505338571082
731.0,21.198818300733162
741.0,21.331122797306076
751.0,21.461983035769865
761.0,21.591415013571975
771.0,21.71943456902925
781.0,21.84605738533257
791.0,21.971298994849008
801.0,22.09515022676622
811.0,22.217644317486844
821.0,22.33879860822134
831.0,22.458627743044886
841.0,22.57714620669596
851.0,22.694368326287744
861.0,22.810308273001265
871.0,22.92498922161019
881.0,23.03842171789051
891.0,23.150616005630315
901.0,23.26158578693922
911.0,23.371344625712542
921.0,23.479905950667934
931.0,23.58561560863104
941.0,23.678057519477772
951.0,23.758487527983753
961.0,23.834288698307347
971.0,23.905747673486946
981.0,23.973132721578843
991.0,24.036694970766426
1001.0,24.096669559544093
1011.0,24.15111077180731
1021.0,24.197744955150366
1031.0,24.241998037376423
1041.0,24.284001214839932
1051.0,24.32387816780615
1061.0,24.36174551076866
1071.0,24.39771321505763
1081.0,24.43148889607774
1091.0,24.460177682346206
1101.0,24.487563981810123
1111.0,24.513711908105844
1121.0,24.53868227923109
1131.0,24.562532794215983
1141.0,24.585318200033893
1151.0,24.607090449311006
1161.0,24.625981862060726
1171.0,24.643896140404
1181.0,24.66108814016324
1191.0,24.67758973716443
1201.0,24.693431333029178
1211.0,24.708641926127903
1221.0,24.72324917900694
1231.0,24.73643176500271
1241.0,24.74877352715362
1251.0,24.760670018019344
1261.0,24.772139031046756
1271.0,24.783197613287307
1281.0,24.79386209790953
1291.0,24.804148135248422
1301.0,24.813722340031337
1311.0,24.822635368110088
1321.0,24.831259162265205
1331.0,24.839604285510454
1341.0,24.84768089605568
1351.0,24.855498763382826
1361.0,24.86306728366289
1371.0,24.870274017988084
1381.0,24.87698339081496
1391.0,24.883495625328493
1401.0,24.88981737208358
1411.0,24.8959550467457
1421.0,24.90191483866738
1431.0,24.90770271914202
1441.0,24.913300709690283
1451.0,24.91853299326757
1461.0,24.92362503102333
1471.0,24.928581244706447
1481.0,24.9334059106823
1491.0,24.938103164859903
1501.0,24.942677007447422
1511.0,24.94713130754216
1521.0,24.951432922616558
1531.0,24.95562604612999
1541.0,24.959718209490592
1551.0,24.963712331630887
1561.0,24.96761124690047
1571.0,24.97141770751924
1581.0,24.97513438595937
1591.0,24.978763877231216
1601.0,24.982308700585506
1611.0,24.985771301806988
1621.0,24.989154055824525
1631.0,24.99245926877883
1641.0,24.995689180017003
1651.0,24.99884596402912
1661.0,25.001948037512722
1671.0,25.005090393839073
1681.0,25.00827955946099
1691.0,25.011506374646775
1701.0,25.014762726593414
1711.0,25.01804143192909
1721.0,25.021336136438407
1731.0,25.02508947995278
1741.0,25.03018475137455
1751.0,25.03585730396572
1761.0,25.042100454583338
1771.0,25.048881588803305
1781.0,25.05607925330247
1791.0,25.0635309270033
1801.0,25.071120319733826
1811.0,25.07874801226358
1821.0,25.085875749854054
1831.0,25.092563661424116
1841.0,25.098864587705062
1851.0,25.104824958616167
1861.0,25.110485564353556
1871.0,25.115882233284832
1881.0,25.121048771794648
1891.0,25.12601664749012
1901.0,25.130810097494596
1911.0,25.135450358399954
1921.0,25.139956069780087
1931.0,25.14434358214409
1941.0,25.148627228710716
1951.0,25.152820092061546
1961.0,25.156935363101336
1971.0,25.160983675824756
1981.0,25.164974190002415
1991.0,25.168914867822764
2001.0,25.172812617667482
2011.0,25.176673421276508
2021.0,25.180518396929116
2031.0,25.18442505603652
2041.0,25.188357725035072
2051.0,25.192267019397935
2061.0,25.196108223726345
2071.0,25.19984083519129
2081.0,25.20342799625075
2091.0,25.206819344563037
2101.0,25.209730396946878
2111.0,25.212203931989283
2121.0,25.214378875532176
2131.0,25.216353303784675
2141.0,25.2181900707955
2151.0,25.21992197452504
2161.0,25.221556192181882
2171.0,25.223288833133793
2181.0,25.225281390812814
2191.0,25.22752556735931
2201.0,25.230012410572847
2211.0,25.232726625645512
2221.0,25.235647854331198
2231.0,25.23875716795422
2241.0,25.242026372566468
2251.0,25.245427854180615
2261.0,25.24895310297203
2271.0,25.25259419022639
2281.0,25.256343606487942
2291.0,25.260193444488895
2301.0,25.264130596399994
2311.0,25.268141005885017
2321.0,25.272211024211433
2331.0,25.27632807328953
2341.0,25.280481446865902
2351.0,25.284662055258973
2361.0,25.28886219193385
2371.0,25.293075333159823
2381.0,25.29729588554309
2391.0,25.301517308698116
2401.0,25.305732463041586
2411.0,25.309935454320946
2421.0,25.31412151179108
2431.0,25.31828681200832
2441.0,25.322428328451497
2451.0,25.326543685942312
2461.0,25.330629843652392
2471.0,25.334682642855743
2481.0,25.338698742917767
2491.0,25.342675635404756
2501.0,25.346611507106093
2511.0,25.350505123369615
2521.0,25.354355728892127
2531.0,25.35816220895415
2541.0,25.36192213190985
2551.0,25.3656335704018
2561.0,25.36929524622384
2571.0,25.372906422222695
2581.0,25.37646681027421
2591.0,25.379976493144657
,
1.0,0.02968998594138566
11.0,0.3248014022853388
21.0,0.6166860209778255
31.0,0.9053791360054988
41.0,1.1909156554891902
51.0,1.4733301059114279
61.0,1.7526566362978429
71.0,2.028929022352983
81.0,2.302170868961577
91.0,2.5724238544153817
101.0,2.8397217390472376
111.0,3.104096840639789
121.0,3.36558112359134
131.0,3.624206202782169
141.0,3.8800033473985502
151.0,4.132998245294272
161.0,4.383224458211047
171.0,4.630714480626591
181.0,4.8754982342919
191.0,5.117605313759817
201.0,5.357064989963458
211.0,5.593906213755496
221.0,5.8281550618863545
231.0,6.059839853640073
241.0,6.288991156638567
251.0,6.515636675156327
261.0,6.739803810517112
271.0,6.961519664406822
281.0,7.1808110421501485
291.0,7.397703892381106
301.0,7.612223687144376
311.0,7.82439767744049
321.0,8.03425151497494
331.0,8.241810570948177
341.0,8.44709993912296
351.0,8.650144438858188
361.0,8.850968618109535
371.0,9.04959675639729
381.0,9.246052867741742
391.0,9.44036070356644
401.0,9.632543755569749
411.0,9.822625258564962
421.0,10.01062819328939
431.0,10.196575289182714
441.0,10.380489027134953
451.0,10.562391642204405
461.0,10.742305126305832
471.0,10.920251230869287
481.0,11.096251469469843
491.0,11.27032712042857
501.0,11.442499229385062
511.0,11.625581232843437
521.0,11.814130396356495
531.0,12.002997827911685
541.0,12.192190185484517
551.0,12.381714483282954
561.0,12.571578114665979
571.0,12.761788877496597
581.0,12.93567081163981
591.0,13.091666880830868
601.0,13.245956556271858
611.0,13.398558511026868
621.0,13.549491213395324
631.0,13.698772929208866
641.0,13.846421724096636
651.0,13.992459269589725
661.0,14.136898313045853
671.0,14.279748112753138
681.0,14.421029827053522
691.0,14.560762435210329
701.0,14.698963914877428
711.0,14.835651665715979
721.0,14.970844893966065
731.0,15.104578597604132
741.0,15.236850417769318
751.0,15.367676346108498
761.0,15.497072200009107
771.0,15.625053624499328
781.0,15.751636094129537
791.0,15.876834914835252
801.0,16.000665269854803
811.0,16.123142205988632
821.0,16.24428056039945
831.0,16.364095047201406
841.0,16.482600219463066
851.0,16.599810468974677
861.0,16.715740028648625
871.0,16.847288105453487
881.0,16.978061685288235
891.0,17.100637720699012
901.0,17.215886641582774
911.0,17.326198734979297
921.0,17.43515059124425
931.0,17.542857652960226
941.0,17.64934509417566
951.0,17.754645774449774
961.0,17.858776513055858
971.0,17.961751294029828
981.0,18.063583887573493
991.0,18.16428785437486
1001.0,18.263876549915594
1011.0,18.36236313335201
1021.0,18.45976066873172
1031.0,18.556081956417415
1041.0,18.65207805917969
1051.0,18.74840654270085
1061.0,18.84505052036678
1071.0,18.94199422786731
1081.0,19.040389455920483
1091.0,19.14955664201663
1101.0,19.258986834700302
1111.0,19.368668664107464
1121.0,19.47859161163678
1131.0,19.588745966398932
1141.0,19.699122783295145
1151.0,19.809713842747442
1161.0,19.920511692050276
1171.0,20.031510077701054
1181.0,20.14270326338082
1191.0,20.25408605236969
1201.0,20.365653767746952
1211.0,20.477402224342473
1221.0,20.58932768221845
1231.0,20.701425790581936
1241.0,20.81369129322362
1251.0,20.92611959319111
1261.0,21.0387068014602
1271.0,21.151449664670803
1281.0,21.264345495267
1291.0,21.377392110866147
1301.0,21.49058773206158
1311.0,21.603930400114166
1321.0,21.717418402061075
1331.0,21.83105045518499
1341.0,21.94482563484203
1351.0,22.058743342085307
1361.0,22.172803275643766
1371.0,22.287005392805607
1381.0,22.401349376177965
1391.0,22.51583487758656
1401.0,22.630461890195498
1411.0,22.74523066423311
1421.0,22.860141690381123
1431.0,22.975195685732476
1441.0,23.090393582060774
1451.0,23.205736091384043
1461.0,23.321223675480145
1471.0,23.43685714851527
1481.0,23.552637556541608
1491.0,23.6685661695151
1501.0,23.78464447530167
1511.0,23.90087417555677
1521.0,24.011114084310524
1531.0,24.108378633866028
1541.0,24.19518737560775
1551.0,24.273451576979443
1561.0,24.344614024708594
1571.0,24.40978887099571
1581.0,24.46985259163894
1591.0,24.526526022308023
1601.0,24.583089842704165
1611.0,24.639742084897435
1621.0,24.696484316235697
1631.0,24.753318109494963
1641.0,24.81024504620917
1651.0,24.867266485974245
1661.0,24.92399356517586
1671.0,24.978194377032366
1681.0,25.029724388969434
1691.0,25.078808834878874
1701.0,25.12564676024651
1711.0,25.17119023747276
1721.0,25.21623511865599
1731.0,25.260787000820418
1741.0,25.304851984568412
1751.0,25.34843560906088
1761.0,25.391543132142743
1771.0,25.434179755127722
1781.0,25.476350623382892
1791.0,25.51806082690836
1801.0,25.559315400909256
1811.0,25.600344910627665
1821.0,25.641442400549312
1831.0,25.682610013411473
1841.0,25.723849105948105
1851.0,25.765161025057797
1861.0,25.80654711077172
1871.0,25.848008699181197
1881.0,25.88851490223096
1891.0,25.926717251817752
1901.0,25.96367780921238
1911.0,26.000233275542183
1921.0,26.036388245659026
1931.0,26.072147238198394
1941.0,26.107514701523776
1951.0,26.142495219462543
1961.0,26.177093622013402
1971.0,26.211314111836113
1981.0,26.245160812641412
1991.0,26.278637803862313
2001.0,26.311749121115177
2011.0,26.344498756655714
2021.0,26.37689067403957
2031.0,26.408928883688876
2041.0,26.440617263116756
2051.0,26.471959626891874
2061.0,26.50295974895376
2071.0,26.533621363020426
2081.0,26.563948162992258
2091.0,26.593943808783056
2101.0,26.62361203770768
2111.0,26.652956466139315
2121.0,26.681980620949982
2131.0,26.710689179380218
2141.0,26.739299763837654
2151.0,26.767970952853485
2161.0,26.796703847593154
2171.0,26.825499725301214
2181.0,26.85436017142774
2191.0,26.883286689167466
2201.0,26.912280758419328
2211.0,26.941343839458867
2221.0,26.970477376538753
2231.0,26.99968280142137
2241.0,27.02896167274485
2251.0,27.05831599704454
2261.0,27.087747724518398
2271.0,27.117258734581984
2281.0,27.14685019201126
2291.0,27.17652268270105
2301.0,27.206276841019736
2311.0,27.235716062499257
2321.0,27.26375759184125
2331.0,27.29045596091085
2341.0,27.315923110165414
2351.0,27.340257888113456
2361.0,27.363548193719446
2371.0,27.385876195759533
2381.0,27.407691085254925
2391.0,27.429271961498163
2401.0,27.450809964842094
2411.0,27.47240754207651
2421.0,27.494065684182566
2431.0,27.515785379062603
2441.0,27.537567613463803
2451.0,27.55941337747418
2461.0,27.581323962419745
2471.0,27.603300873038965
2481.0,27.625345552656132
2491.0,27.647459427898713
2501.0,27.66964391223431
2511.0,27.691900409441693
2521.0,27.714230316030676
2531.0,27.73663512973443
2541.0,27.75911648130471
2551.0,27.781675278179943
2561.0,27.80431187205961
2571.0,27.827026681163076
2581.0,27.84982020475423
2591.0,27.872693017009627
,
1.0,0.06083128801190005
11.0,0.6135558934907047
21.0,1.084531861028262
31.0,1.4937471094551742
41.0,1.8547648825088388
51.0,2.1771924895437746
61.0,2.4680723706921674
71.0,2.74434301459943
81.0,3.0994552795169206
91.0,3.4637411564575236
101.0,3.8282716494607625
111.0,4.193051548998007
121.0,4.55808579383262
131.0,4.923379483126045
141.0,5.288937889036263
151.0,5.649366746115049
161.0,5.9900311476058965
171.0,6.311838443660289
181.0,6.616478743182394
191.0,6.90543741327674
201.0,7.180025879228473
211.0,7.441406944491367
221.0,7.692080179752351
231.0,7.941429598776778
241.0,8.19096001287787
251.0,8.440673701425151
261.0,8.690573088612366
271.0,8.940660741355106
281.0,9.190939368288753
291.0,9.441411803998257
301.0,9.692080461801833
311.0,9.942947605035233
321.0,10.194015774138583
331.0,10.445287716487458
341.0,10.696766384115636
351.0,10.9484549330511
361.0,11.200356724183168
371.0,11.452474871714923
381.0,11.704812211789653
391.0,11.957371966089147
401.0,12.210157629196983
411.0,12.463172970779162
421.0,12.716422039897685
431.0,12.96990917145727
441.0,13.220708610855725
451.0,13.464687742821937
461.0,13.70202824495152
471.0,13.932940505468508
481.0,14.157627373337075
491.0,14.376284459401015
501.0,14.58910042427434
511.0,14.797671614940022
521.0,15.006190740700738
531.0,15.21492356772784
541.0,15.423873760256207
551.0,15.633045302019902
561.0,15.842442505759262
571.0,16.052070025546655
581.0,16.261597632055395
591.0,16.46901278037446
601.0,16.673970004473475
611.0,16.876458400669165
621.0,17.076466913709723
631.0,17.273984324055416
641.0,17.46899923506946
651.0,17.657520594597532
661.0,17.836022238502593
671.0,18.01475538428226
681.0,18.193725465940496
691.0,18.37293840731849
701.0,18.552400658420375
711.0,18.7321192384399
721.0,18.90754855287467
731.0,19.04131030963334
741.0,19.1736115389291
751.0,19.304468382586006
761.0,19.433896817961056
771.0,19.561912661401372
781.0,19.688531571892764
791.0,19.8137690549426
801.0,19.937617965003486
811.0,20.06011179559485
821.0,20.181267853849793
831.0,20.30110087483985
841.0,20.419625439160676
851.0,20.536855975365643
861.0,20.652806762461296
871.0,20.76747776988966
881.0,20.8808901200359
891.0,20.993063475939795
901.0,21.10401144362033
911.0,21.213747483183703
921.0,21.3222849106752
931.0,21.429636899934696
941.0,21.535808533024305
951.0,21.64006918610244
961.0,21.73965878775955
971.0,21.83453373381214
981.0,21.924931899964765
991.0,22.011078667562575
1001.0,22.09318760782618
1011.0,22.169005819816046
1021.0,22.23586861480171
1031.0,22.299876991901485
1041.0,22.361160712182226
1051.0,22.41984338100882
1061.0,22.47604275164414
1071.0,22.529871013386433
1081.0,22.580976893033775
1091.0,22.625985936590094
1101.0,22.669258014844498
1111.0,22.71086462373376
1121.0,22.750874186365085
1131.0,22.789352190061603
1141.0,22.826361317096
1151.0,22.86196156941186
1161.0,22.896090547830966
1171.0,22.933505872877294
1181.0,22.973591107033553
1191.0,23.015543855925433
1201.0,23.058681693386163
1211.0,23.10242857505491
1221.0,23.146299894995312
1231.0,23.197328868808658
1241.0,23.247821820311376
1251.0,23.294348322380653
1261.0,23.337251946381816
1271.0,23.376845374869173
1281.0,23.413413264966575
1291.0,23.44721483987087
1301.0,23.47848748291333
1311.0,23.50745166795331
1321.0,23.534299855144646
1331.0,23.559206650904624
1341.0,23.58233173717197
1351.0,23.60382118371069
1361.0,23.62380864258697
1371.0,23.642416323693933
1381.0,23.659754068216234
1391.0,23.675922954258535
1401.0,23.691016214276882
1411.0,23.705119386583544
1421.0,23.71831097906436
1431.0,23.73066307609489
1441.0,23.742199122250955
1451.0,23.75266145653243
1461.0,23.76250575826005
1471.0,23.771777551144655
1481.0,23.780518948492055
1491.0,23.788768930232557
1501.0,23.79656359942106
1511.0,23.80393642008816
1521.0,23.81001490739793
1531.0,23.815708987438384
1541.0,23.821140916070537
1551.0,23.826327018077478
1561.0,23.831282592468295
1571.0,23.836021985495623
1581.0,23.84055865938377
1591.0,23.84447725433848
1601.0,23.84806981661428
1611.0,23.851533548924326
1621.0,23.854875136835652
1631.0,23.858100913593987
1641.0,23.861216881583463
1651.0,23.864228732782305
1661.0,23.866946894233283
1671.0,23.869393621923237
1681.0,23.871772917485515
1691.0,23.874087641935457
1701.0,23.87634053055542
1711.0,23.87853419924239
1721.0,23.880671150624924
1731.0,23.882676663701204
1741.0,23.884458812852923
1751.0,23.88620369377962
1761.0,23.887912571965952
1771.0,23.889586666969013
1781.0,23.891227154233665
1791.0,23.892835166861918
1801.0,23.89439446817989
1811.0,23.895771922702814
1821.0,23.897127849313335
1831.0,23.89846281995257
1841.0,23.899777389870103
1851.0,23.901072098079933
1861.0,23.902347467813122
1871.0,23.90360400696668
1881.0,23.90478845734971
1891.0,23.9060801051787
1901.0,23.907499544208072
1911.0,23.90905429855647
1921.0,23.910753247269607
1931.0,23.91260628054605
1941.0,23.914623451065136
1951.0,23.917261737173714
1961.0,23.920141112543877
1971.0,23.923040066451414
1981.0,23.925951797724764
1991.0,23.928870512753466
2001.0,23.931791292942208
2011.0,23.934709979691775
2021.0,23.937622984928282
2031.0,23.940525906618145
2041.0,23.943414216668767
2051.0,23.94628422407229
2061.0,23.94913295472511
2071.0,23.951958054652163
2081.0,23.95475770680182
2091.0,23.957526959616473
2101.0,23.96025941597755
2111.0,23.96296119225506
2121.0,23.96563050652911
2131.0,23.968266116999178
2141.0,23.970867254536433
2151.0,23.97343356603411
2161.0,23.975927101963766
2171.0,23.978052943853367
2181.0,23.98015887192453
2191.0,23.98224372658978
2201.0,23.984306630232393
2211.0,23.986346957540245
2221.0,23.98836430993218
2231.0,23.990358493753416
2241.0,23.992068000293852
2251.0,23.99373822453231
2261.0,23.995406437543128
2271.0,23.99707951688879
2281.0,23.99876352698276
2291.0,24.000463816778314
2301.0,24.002185093446695
2311.0,24.00417454993521
2321.0,24.006270450493847
2331.0,24.008373221570604
2341.0,24.01049158214332
2351.0,24.012633097999327
2361.0,24.014804297820028
2371.0,24.017010766740647
2381.0,24.019324984074284
2391.0,24.02175080179245
2401.0,24.02423662619259
2411.0,24.026798777600188
2421.0,24.02945108652325
2431.0,24.03220506809897
2441.0,24.035070045159447
2451.0,24.0380514589756
2461.0,24.041121242142363
2471.0,24.04425780832757
2481.0,24.047449395963394
2491.0,24.050685817768123
2501.0,24.053958254639767
2511.0,24.057259076537477
2521.0,24.060581686806785
2531.0,24.06391961522414
2541.0,24.067265390417294
2551.0,24.070612451400173
2561.0,24.073955306100636
2571.0,24.0772893809802
2581.0,24.080610891141642
2591.0,24.083916728219506
,
1.0,0.06064107045330673
11.0,0.6673175346467789
21.0,1.2744870475605772
31.0,1.8821642196900408
41.0,2.490364415323588
51.0,3.0991038282102514
61.0,3.708399565555237
71.0,4.318269741791745
81.0,4.876946976965814
91.0,5.43042623660037
101.0,5.9844759022905665
111.0,6.539114336815101
121.0,7.0943611560161175
131.0,7.650237358520371
141.0,8.206765474556908
151.0,8.638490119904917
161.0,9.016942226040355
171.0,9.39587803178033
181.0,9.775311001282768
191.0,10.155255406728966
201.0,10.535726399117538
211.0,10.91674008800403
221.0,11.234244168482691
231.0,11.477602682386284
241.0,11.70884998646065
251.0,11.935531933866672
261.0,12.159734539325855
271.0,12.381484917748475
281.0,12.600809887677233
291.0,12.83495717295976
301.0,13.108679022282642
311.0,13.382755702437384
321.0,13.657196669374022
331.0,13.9320119700528
341.0,14.20721229229548
351.0,14.482809021141609
361.0,14.751182712793298
371.0,14.949850653567417
381.0,15.146339628047805
391.0,15.340675418232152
401.0,15.532882682040512
411.0,15.722985392662144
421.0,15.911007035000301
431.0,16.096970704855316
441.0,16.28091850001388
451.0,16.462857965084734
461.0,16.6428091346147
471.0,16.820793827123293
481.0,16.996833624185573
491.0,17.170949873492468
501.0,17.34316369187628
511.0,17.513495862585835
521.0,17.681966692280678
531.0,17.84859661263721
541.0,18.013405863682394
551.0,18.176414466306674
561.0,18.337642225428905
571.0,18.49710873313567
581.0,18.654833313430117
591.0,18.810834710010226
601.0,18.96513182136554
611.0,19.117743430619925
621.0,19.26868812039623
631.0,19.41798427616459
641.0,19.565650089616188
651.0,19.711703541337762
661.0,19.85616197038157
671.0,19.999042818498165
681.0,20.140363538079814
691.0,20.280141401562368
701.0,20.418393505378905
711.0,20.555136774082005
721.0,20.69038777894647
731.0,20.824161109826402
741.0,20.95647442953393
751.0,21.087343985700883
761.0,21.216785870631988
771.0,21.34481602683923
781.0,21.471450253130392
791.0,21.59670421139248
801.0,21.720565902718555
811.0,21.843072492301093
821.0,21.964241871788673
831.0,22.084043519326883
841.0,22.1984551502574
851.0,22.305287947563233
861.0,22.405087186234596
871.0,22.48933246280274
881.0,22.564708820349725
891.0,22.635637048528896
901.0,22.702435066813567
911.0,22.76538655198266
921.0,22.824746528693087
931.0,22.880745830325075
941.0,22.937833352040087
951.0,22.995765490960032
961.0,23.051224491694548
971.0,23.10468547318936
981.0,23.156258703744793
991.0,23.205919374730655
1001.0,23.25357654512739
1011.0,23.29940357442919
1021.0,23.342563597666043
1031.0,23.381993628928807
1041.0,23.418067535629696
1051.0,23.451120645611994
1061.0,23.481453813628935
1071.0,23.50933704980113
1081.0,23.535043565046234
1091.0,23.56155598089355
1101.0,23.590250730226852
1111.0,23.620536312694203
1121.0,23.651911757587623
1131.0,23.68395503852218
1141.0,23.716312843803955
1151.0,23.748691551362665
1161.0,23.780849695712337
1171.0,23.812592195998537
1181.0,23.843756899558425
1191.0,23.874187837828934
1201.0,23.903760081712495
1211.0,23.93238471820394
1221.0,23.960002111682748
1231.0,23.98657603846765
1241.0,24.01208658262834
1251.0,24.036527940914453
1261.0,24.0599070906977
1271.0,24.082241003116994
1281.0,24.103554318228618
1291.0,24.1238774332226
1301.0,24.14476295972842
1311.0,24.172959278053646
1321.0,24.207771954624473
1331.0,24.247731950282482
1341.0,24.291603402323414
1351.0,24.33834976446393
1361.0,24.38710474109015
1371.0,24.437147316236196
1381.0,24.487878838980333
1391.0,24.53880420286924
1401.0,24.589518645373285
1411.0,24.639694302820896
1421.0,24.689068482847638
1431.0,24.737433614069424
1441.0,24.78462863741187
1451.0,24.830530757576124
1461.0,24.87504811131341
1471.0,24.918116599752956
1481.0,24.959695510922497
1491.0,24.999763508044964
1501.0,25.03831521269198
1511.0,25.075358298998093
1521.0,25.11093115199934
1531.0,25.145126399418167
1541.0,25.178026722779208
1551.0,25.20970507771415
1561.0,25.240226092030024
1571.0,25.269647180673992
1581.0,25.298019523605404
1591.0,25.32535688170376
1601.0,25.351593921906638
1611.0,25.376740632393776
1621.0,25.40081865012813
1631.0,25.423854527751242
1641.0,25.445878571052702
1651.0,25.466923868448674
1661.0,25.48703045996846
1671.0,25.50628749926922
1681.0,25.524786912548358
1691.0,25.542603790870462
1701.0,25.55980090257089
1711.0,25.576430706067608
1721.0,25.592536984632382
1731.0,25.608769035872303
1741.0,25.631189426984783
1751.0,25.66059811060427
1761.0,25.696237520574645
1771.0,25.737338471786288
1781.0,25.78019886894668
1791.0,25.82250927888739
1801.0,25.86428494447891
1811.0,25.905554772625255
1821.0,25.94633956371001
1831.0,25.98664832164409
1841.0,26.02648953776696
1851.0,26.065871247487912
1861.0,26.104801079727505
1871.0,26.143286300136104
1881.0,26.18133370120314
1891.0,26.218949688109344
1901.0,26.256140666297558
1911.0,26.292912804119343
1921.0,26.329272051647028
1931.0,26.365224160976258
1941.0,26.4007747041704
1951.0,26.435926408963265
1961.0,26.47067725334738
1971.0,26.50503273794663
1981.0,26.53899865563656
1991.0,26.572580607521086
2001.0,26.605784016790693
2011.0,26.638614140743808
2021.0,26.671076344588393
2031.0,26.70317715349598
2041.0,26.73492153930624
2051.0,26.76631405299408
2061.0,26.79735911668751
2071.0,26.828061035028238
2081.0,26.85842400511367
2091.0,26.88845218362423
2101.0,26.918150454145955
2111.0,26.947522904330096
2121.0,26.97657323322966
2131.0,27.00495186072617
2141.0,27.03151362019624
2151.0,27.056316973979598
2161.0,27.079503887416255
2171.0,27.10119843018378
2181.0,27.121514385939747
2191.0,27.14055732888621
2201.0,27.158425371235378
2211.0,27.175209545871464
2221.0,27.190994199142956
2231.0,27.2058573857033
2241.0,27.219870742060866
2251.0,27.233097741675447
2261.0,27.245596497394462
2271.0,27.257421086901186
2281.0,27.268621764172078
2291.0,27.27924517317705
2301.0,27.28933456073963
2311.0,27.29898701042792
2321.0,27.30841624817145
2331.0,27.317684283319313
2341.0,27.326823814505605
2351.0,27.335820015771493
2361.0,27.344646944462784
2371.0,27.35328167550934
2381.0,27.36167970097124
2391.0,27.36969802500789
2401.0,27.37735059703657
2411.0,27.38467433663162
2421.0,27.39170223996446
2431.0,27.39846380728
2441.0,27.404985423008053
2451.0,27.411290713260865
2461.0,27.417401947605153
2471.0,27.42334051357465
2481.0,27.429125477274173
2491.0,27.434773740099114
2501.0,27.44030028221578
2511.0,27.445718378975524
2521.0,27.451039856970322
2531.0,27.456282442228073
2541.0,27.461459401804383
2551.0,27.466577720558288
2561.0,27.471643637647556
2571.0,27.476662725414883
2581.0,27.481639960000898
2591.0,27.4865797845458
,
1.0,0.05773096234186377
11.0,0.6354209447237749
21.0,1.2138146194422814
31.0,1.7929302328376788
41.0,2.372787288836776
51.0,2.953406650421614
61.0,3.5348106552802423
71.0,4.117023247833174
81.0,4.5296160302719555
91.0,4.923858465859337
101.0,5.318689365594954
111.0,5.714122790069828
121.0,6.110173594597322
131.0,6.5068574877275696
141.0,6.904191096464915
151.0,7.209986011872496
161.0,7.476753224104936
171.0,7.743984914218494
181.0,8.011690509200662
191.0,8.279879863813123
201.0,8.548563286521853
211.0,8.817751567794337
221.0,9.069358014497768
231.0,9.301079673836801
241.0,9.53026828739299
251.0,9.75695159111864
261.0,9.981157019005611
271.0,10.20291170649447
281.0,10.422242493853838
291.0,10.639171442484747
301.0,10.853718551503828
311.0,11.065920096202275
321.0,11.275801742817086
331.0,11.483388877381422
341.0,11.688706608818132
351.0,11.891779772000865
361.0,12.092631829608775
371.0,12.291278145693164
381.0,12.48775255396936
391.0,12.68207881205962
401.0,12.87428041793452
411.0,13.064380612759681
421.0,13.252402383711615
431.0,13.438368466762991
441.0,13.622294124138817
451.0,13.804207913899797
461.0,13.984132627774198
471.0,14.162090019652345
481.0,14.338101605582413
491.0,14.512188666372989
501.0,14.684372250167259
511.0,14.85466917020119
521.0,15.023102262135328
531.0,15.189693598448544
541.0,15.354463320067236
551.0,15.517431347682573
561.0,15.678617384159178
571.0,15.838040916917443
581.0,15.995719201642839
591.0,16.151671286190524
601.0,16.305918038544196
611.0,16.45847810699642
621.0,16.609369935919165
631.0,16.758611767993738
641.0,16.906221646416363
651.0,17.05221682087345
661.0,17.196614143375253
671.0,17.339432460617687
681.0,17.48068903924785
691.0,17.620400957099587
701.0,17.757350831320817
711.0,17.890339676812786
721.0,18.019482743454702
731.0,18.14489192661636
741.0,18.26667586305957
751.0,18.384940026153657
761.0,18.499786818833748
771.0,18.61131566302822
781.0,18.71962308648028
791.0,18.824802807039724
801.0,18.926945814904304
811.0,19.02614045111889
821.0,19.122472484215972
831.0,19.21602518619529
841.0,19.30687940523602
851.0,19.395113636283114
861.0,19.48080408957694
871.0,19.56402475739372
881.0,19.644847478251076
891.0,19.723341998654305
901.0,19.799576035127497
911.0,19.873615333381903
921.0,19.94552372570374
931.0,20.0153631866701
941.0,20.085625537134053
951.0,20.168694817903276
961.0,20.262502728769196
971.0,20.3634319250034
981.0,20.46499873740617
991.0,20.565454902269334
1001.0,20.66481256468171
1011.0,20.76309756897035
1021.0,20.860340630007837
1031.0,20.95652151837351
1041.0,21.051651965001632
1051.0,21.145743573551176
1061.0,21.23880782260266
1071.0,21.330674009602358
1081.0,21.41697131097204
1091.0,21.4971423931707
1101.0,21.57224376328526
1111.0,21.64265148676167
1121.0,21.70866913708746
1131.0,21.7705554347255
1141.0,21.82853024614915
1151.0,21.882764996737627
1161.0,21.93305163828226
1171.0,21.979164094973125
1181.0,22.021481333925944
1191.0,22.06035192720321
1201.0,22.096092321584354
1211.0,22.12898980956981
1221.0,22.1593052246633
1231.0,22.187252843409517
1241.0,22.212995692582076
1251.0,22.236749066185673
1261.0,22.25871035457833
1271.0,22.279056798573144
1281.0,22.297947591897465
1291.0,22.315525760222627
1301.0,22.334785599027246
1311.0,22.370301914481207
1321.0,22.42106943615418
1331.0,22.483950333104342
1341.0,22.553077316466204
1351.0,22.621488991695276
1361.0,22.689071700718358
1371.0,22.755847182041663
1381.0,22.82184993601531
1391.0,22.887097353414774
1401.0,22.951599833656335
1411.0,23.015367552522267
1421.0,23.07841046828002
1431.0,23.1407383277794
1441.0,23.20236067244243
1451.0,23.263286934711527
1461.0,23.323526329795985
1471.0,23.3830878075068
1481.0,23.441980136727125
1491.0,23.500211910996168
1501.0,23.557791553981684
1511.0,23.6147273248332
1521.0,23.67102740448117
1531.0,23.726699871098262
1541.0,23.781752507083336
1551.0,23.83619294941266
1561.0,23.89002869655626
1571.0,23.943267112916093
1581.0,23.99591543312304
1591.0,24.04798082981869
1601.0,24.09947050106137
1611.0,24.150391312693404
1621.0,24.20074999970984
1631.0,24.250553230048748
1641.0,24.29980770169916
1651.0,24.34830734177931
1661.0,24.394023590335784
1671.0,24.43663630142952
1681.0,24.476364803893464
1691.0,24.513415276824606
1701.0,24.54798117053773
1711.0,24.58024358474459
1721.0,24.61037172374374
1731.0,24.638747758163564
1741.0,24.66803153797373
1751.0,24.698557420163244
1761.0,24.729908051404617
1771.0,24.761732478285644
1781.0,24.7937372448925
1791.0,24.825678606133586
1801.0,24.857355390432733
1811.0,24.88856143520359
1821.0,24.919126265536
1831.0,24.94893734368502
1841.0,24.977910603252738
1851.0,25.005985646142307
1861.0,25.033121667395346
1871.0,25.0592940014736
1881.0,25.084490726717785
1891.0,25.108708554795268
1901.0,25.13195278755376
1911.0,25.154236197318607
1921.0,25.175577461115388
1931.0,25.195999848888892
1941.0,25.215530126577505
1951.0,25.234197416267232
1961.0,25.252030916938406
1971.0,25.26906066497489
1981.0,25.28531784691496
1991.0,25.300834303383834
2001.0,25.315642129503797
2011.0,25.329773351543675
2021.0,25.343259572773984
2031.0,25.356130476612304
2041.0,25.368414514360815
2051.0,25.380139722606902
2061.0,25.391333559694605
2071.0,25.402022798584518
2081.0,25.412233448803285
2091.0,25.421801501556537
2101.0,25.43053182422535
2111.0,25.438902403070337
2121.0,25.446930196093355
2131.0,25.454631716720986
2141.0,25.46202301028431
2151.0,25.4691196408708
2161.0,25.4758381312993
2171.0,25.48144178978068
2181.0,25.486857622832723
2191.0,25.492093076508983
2201.0,25.497155445017164
2211.0,25.502051862144246
2221.0,25.506789295829908
2231.0,25.511374545565044
2241.0,25.515249940386877
2251.0,25.518957983450303
2261.0,25.522566583927535
2271.0,25.52607899318952
2281.0,25.529498416111107
2291.0,25.532828007499624
2301.0,25.536070869525766
2311.0,25.538935130792773
2321.0,25.54161077794107
2331.0,25.544229077277723
2341.0,25.546791485496364
2351.0,25.5492994510592
2361.0,25.55175441180691
2371.0,25.55415779295967
2381.0,25.556371270135514
2391.0,25.558433554594707
2401.0,25.560506829737015
2411.0,25.562600616110863
2421.0,25.56472266312277
2431.0,25.566879456117086
2441.0,25.569076506759476
2451.0,25.571582452109116
2461.0,25.5746874067651
2471.0,25.577740157138106
2481.0,25.58074001151714
2491.0,25.583686669867042
2501.0,25.586580175983098
2511.0,25.589420876267457
2521.0,25.59216845890137
2531.0,25.594504926022992
2541.0,25.596814964240878
2551.0,25.599110051773618
2561.0,25.601400044428313
2571.0,25.603693438153336
2581.0,25.60599756066595
2591.0,25.608318713966735
,
1.0,0.029689402167534462
11.0,0.3247950251410482
21.0,0.616673929875092
31.0,0.9053614086090563
41.0,1.19089236777834
51.0,1.4733013322405963
61.0,1.7526224494559575
71.0,2.028889493621756
81.0,2.30212635321446
91.0,2.5723716938880195
101.0,2.8396603521974786
111.0,3.104025210274726
121.0,3.365498523791615
131.0,3.6241120784998166
141.0,3.8798972532922638
151.0,4.201277684358976
161.0,4.5517730138568355
171.0,4.90253114960366
181.0,5.2535550315040265
191.0,5.604847927609984
201.0,5.956413427453493
211.0,6.308255438127028
221.0,6.654477849856006
231.0,6.963657511734265
241.0,7.238378566001838
251.0,7.485160486661423
261.0,7.711436047431634
271.0,7.93318425468528
281.0,8.1525053497411
291.0,8.369426434560786
301.0,8.583975367779807
311.0,8.796178568616831
321.0,9.006061692386806
331.0,9.21365011428348
341.0,9.418968932435014
351.0,9.622042970927568
361.0,9.822896782794757
371.0,10.02155479462247
381.0,10.21804112776191
391.0,10.412379520461894
401.0,10.604593453094793
411.0,10.79470615089964
421.0,10.98274058670055
431.0,11.168719483600837
441.0,11.353981402086662
451.0,11.537247527503746
461.0,11.718399364936529
471.0,11.897478432729914
481.0,12.07692886705417
491.0,12.258484633542945
501.0,12.441948107332056
511.0,12.62714444989962
521.0,12.813918175582064
531.0,13.002131403162705
541.0,13.191661893283996
551.0,13.382401162909447
561.0,13.57425285261217
571.0,13.767131302976283
581.0,13.960960255371738
591.0,14.155671136472542
601.0,14.351202635615813
611.0,14.547500155864528
621.0,14.744515035828933
631.0,14.942203899453883
641.0,15.140528085277943
651.0,15.339807723147919
661.0,15.54148613399613
671.0,15.74515579824509
681.0,15.950681965633667
691.0,16.157943094662553
701.0,16.366829493543626
711.0,16.577242117949556
721.0,16.7890290703361
731.0,16.994955098275792
741.0,17.190754746201172
751.0,17.37725751989074
761.0,17.55519595467656
771.0,17.725219786452968
781.0,17.887907729244855
791.0,18.043777315710408
801.0,18.196110702827905
811.0,18.34915575769574
821.0,18.502900012396783
831.0,18.65730051338807
841.0,18.812318863670136
851.0,18.967920743512405
861.0,19.12407548840508
871.0,19.27492476761112
881.0,19.40642688906959
891.0,19.522457685947156
901.0,19.63352040509671
911.0,19.74334455499793
921.0,19.851949320693553
931.0,19.9593522289548
941.0,20.065570276141667
951.0,20.17062245040901
961.0,20.27452255526411
971.0,20.37728343698748
981.0,20.47891778765458
991.0,20.579438147375924
1001.0,20.678856906511772
1011.0,20.777186297688104
1021.0,20.874438296488695
1031.0,20.970624848012942
1041.0,21.06575779371494
1051.0,21.15984883073448
1061.0,21.25290951456932
1071.0,21.344951261644116
1081.0,21.435985352973773
1091.0,21.526023151235428
1101.0,21.615075802923204
1111.0,21.703154158233488
1121.0,21.79026894420306
1131.0,21.876430766315806
1141.0,21.9616501100845
1151.0,22.04593734260767
1161.0,22.129302805376255
1171.0,22.211756781493985
1181.0,22.2933092753419
1191.0,22.37397017776772
1201.0,22.453749270033704
1211.0,22.532656225136602
1221.0,22.61070060910936
1231.0,22.687891913684904
1241.0,22.76423959827207
1251.0,22.8397529239257
1261.0,22.914441094861314
1271.0,22.988313226915366
1281.0,23.06137833161929
1291.0,23.133645318297013
1301.0,23.205122955551687
1311.0,23.275819660657692
1321.0,23.345744012629712
1331.0,23.414904554108926
1341.0,23.48330973111971
1351.0,23.5509678949972
1361.0,23.617887304218126
1371.0,23.684076091875028
1381.0,23.74954172090465
1391.0,23.814291911055317
1401.0,23.87833450718401
1411.0,23.941677266806114
1421.0,24.00432786120134
1431.0,24.066293876493095
1441.0,24.12758277680723
1451.0,24.188197742164427
1461.0,24.248144345426503
1471.0,24.307431386741644
1481.0,24.366067248898204
1491.0,24.424059848038436
1501.0,24.48141678094386
1511.0,24.53814541165202
1521.0,24.59425337462241
1531.0,24.649748169645726
1541.0,24.70463649185412
1551.0,24.758924959871436
1561.0,24.81262012051796
1571.0,24.86572844961276
1581.0,24.918256352764125
1591.0,24.97021017754131
1601.0,25.021596233094176
1611.0,25.072420720512845
1621.0,25.122689769893274
1631.0,25.172409444923428
1641.0,25.221585743607427
1651.0,25.270224598979983
1661.0,25.318331823653025
1671.0,25.365912901903805
1681.0,25.41297356522019
1691.0,25.459519537716304
1701.0,25.505556477854864
1711.0,25.55108997953955
1721.0,25.596125573149187
1731.0,25.64066874252171
1741.0,25.684725132063175
1751.0,25.728300138945382
1761.0,25.771399014562693
1771.0,25.814026953488753
1781.0,25.856189094104902
1791.0,25.897890519219306
1801.0,25.939136256615345
1811.0,25.979931318047704
1821.0,26.020280652979558
1831.0,26.060189124417544
1841.0,26.099661542866265
1851.0,26.138702666895743
1861.0,26.17731720370116
1871.0,26.21550980965512
1881.0,26.253284908828775
1891.0,26.29064681888585
1901.0,26.327600089035624
1911.0,26.36414921799465
1921.0,26.40029865250341
1931.0,26.436052788233592
1941.0,26.47141597064364
1951.0,26.506392562768166
1961.0,26.540986987424176
1971.0,26.575203427330354
1981.0,26.609046008028116
1991.0,26.642518810394236
2001.0,26.67562587111443
2011.0,26.708371183151833
2021.0,26.740758684044973
2031.0,26.772792213993153
2041.0,26.80447563448845
2051.0,26.835812776070394
2061.0,26.866807427253278
2071.0,26.897463334995866
2081.0,26.92778420516525
2091.0,26.957773712034307
2101.0,26.98743562694575
2111.0,27.016773574408738
2121.0,27.045791085587073
2131.0,27.074491653724905
2141.0,27.102878734554178
2151.0,27.130955746696092
2161.0,27.15872607203065
2171.0,27.18619310622943
2181.0,27.213360196536268
2191.0,27.240230611807068
2201.0,27.266807585949422
2211.0,27.29309431828737
2221.0,27.319093973921387
2231.0,27.344809684083785
2241.0,27.37024458737911
2251.0,27.39540181606642
2261.0,27.420284395987707
2271.0,27.444895319697846
2281.0,27.468910264429002
2291.0,27.491032119235115
2301.0,27.511311789934584
2311.0,27.52994216258261
2321.0,27.547097594407834
2331.0,27.562933459480416
2341.0,27.577588356079
2351.0,27.59118600908842
2361.0,27.603836888898822
2371.0,27.615639651745003
2381.0,27.626682525443144
2391.0,27.637045992986657
2401.0,27.64680299919256
2411.0,27.65601854488352
2421.0,27.66475054853708
2431.0,27.673050620925064
2441.0,27.680964754811708
2451.0,27.68853395629035
2461.0,27.695796081909464
2471.0,27.70278685040698
2481.0,27.709538033599063
2491.0,27.716077708921897
2501.0,27.722430679620178
2511.0,27.728618848184833
2521.0,27.734661548275074
2531.0,27.740576672539103
2541.0,27.74638242672581
2551.0,27.752095090830874
2561.0,27.757727452478537
2571.0,27.763284668933
2581.0,27.76876992828416
2591.0,27.77418645335436
,
1.0,0.03954274047960119
11.0,0.4350908420116288
21.0,0.8308624954326221
31.0,1.2268635021256766
41.0,1.6230996105837177
51.0,2.019576544820965
61.0,2.41630003058177
71.0,2.8132758197417203
81.0,3.2105094566141767
91.0,3.608005896342992
101.0,4.0057703206964055
111.0,4.40380808557958
121.0,4.802124729882206
131.0,5.200725989250902
141.0,5.599617810628184
151.0,5.988632570814112
161.0,6.3417523527740665
171.0,6.663156369832861
181.0,6.957660108537803
191.0,7.22908904401786
201.0,7.480529031347677
211.0,7.717984385848652
221.0,7.9526841797994
231.0,8.185188828685854
241.0,8.415086295203919
251.0,8.64241076303869
261.0,8.868142277160205
271.0,9.095057811005407
281.0,9.323222087812725
291.0,9.552522064885034
301.0,9.782857913516994
311.0,10.014141483343108
321.0,10.246295133323315
331.0,10.47925043994638
341.0,10.712947068308264
351.0,10.947331792433832
361.0,11.182357644176667
371.0,11.417982777450856
381.0,11.654169696310914
391.0,11.890885351025931
401.0,12.128100589130861
411.0,12.365789717500862
421.0,12.603930119882415
431.0,12.842501922623592
441.0,13.083093490770054
451.0,13.325846626602694
461.0,13.570521545109436
471.0,13.816983818100395
481.0,14.065112612204944
491.0,14.314799250067606
501.0,14.565945941232407
511.0,14.81797022783203
521.0,15.069347718427156
531.0,15.319891284624799
541.0,15.56951102022013
551.0,15.818123110430344
561.0,16.065649246859998
571.0,16.312016098654286
581.0,16.557425475559864
591.0,16.803445304063494
601.0,17.050307711889495
611.0,17.297979056783756
621.0,17.54642933358087
631.0,17.79563187399662
641.0,18.04556308287812
651.0,18.296202183089584
661.0,18.54753026685017
671.0,18.799530654371328
681.0,19.052189170507337
691.0,19.305493875133692
701.0,19.559434954686537
711.0,19.814004635527105
721.0,20.06408094429727
731.0,20.26866039339711
741.0,20.473727676147046
751.0,20.679280116349428
761.0,20.88531623551022
771.0,21.0918357449937
781.0,21.298839549463963
791.0,21.506329762310557
801.0,21.653861871537988
811.0,21.795015053218897
821.0,21.936498742670917
831.0,22.078314607683822
841.0,22.22046487112436
851.0,22.36295232364262
861.0,22.50578034072756
871.0,22.628910158831687
881.0,22.742437953310162
891.0,22.854726198555824
901.0,22.965788644839296
911.0,23.075638898104973
921.0,23.18429042254793
931.0,23.291756543246724
941.0,23.39802338844482
951.0,23.503102936049025
961.0,23.60703469100977
971.0,23.709831296098734
981.0,23.81150525807186
991.0,23.912068949457222
1001.0,24.011534610342128
1011.0,24.109902865804884
1021.0,24.207168154391827
1031.0,24.303367941998676
1041.0,24.398513968512255
1051.0,24.492617839372425
1061.0,24.58569102765819
1071.0,24.677744876074602
1081.0,24.76879464232479
1091.0,24.85888500256628
1101.0,24.947991549903904
1111.0,25.036125137537294
1121.0,25.123296502866246
1131.0,25.2095162691211
1141.0,25.29479494700186
1151.0,25.379142936329693
1161.0,25.462539976454966
1171.0,25.545022596227508
1181.0,25.626604156527637
1191.0,25.707294555652286
1201.0,25.78710358476557
1211.0,25.86604092918085
1221.0,25.94411616963475
1231.0,26.015806121706493
1241.0,26.082525531502675
1251.0,26.146454020648584
1261.0,26.20771643290633
1271.0,26.266431771461075
1281.0,26.322713483385016
1291.0,26.376669729784968
1301.0,26.426124837691034
1311.0,26.471430195258602
1321.0,26.515024977852974
1331.0,26.55697842060689
1341.0,26.59735682441288
1351.0,26.63622368517218
1361.0,26.67363981715898
1371.0,26.708885940916865
1381.0,26.741101691855516
1391.0,26.772211355298964
1401.0,26.80225578856292
1411.0,26.831274269472495
1421.0,26.859304559722972
1431.0,26.88638296561572
1441.0,26.912421131448095
1451.0,26.93907031980174
1461.0,26.968879364614697
1471.0,27.001011011816175
1481.0,27.034794544230966
1491.0,27.069681587458657
1501.0,27.10521752184833
1511.0,27.14102261224741
1521.0,27.18520537858708
1531.0,27.22710750768109
1541.0,27.26590137931647
1551.0,27.301842936422485
1561.0,27.33516636441532
1571.0,27.3660859801707
1581.0,27.39479795627161
1591.0,27.421481666779783
1601.0,27.446299650937576
1611.0,27.46940031423571
1621.0,27.490919880068166
1631.0,27.510983408233464
1641.0,27.529705736869033
1651.0,27.54719234534808
1661.0,27.5635400458515
1671.0,27.57883642664368
1681.0,27.593161419528744
1691.0,27.60658877034778
1701.0,27.619186514022903
1711.0,27.63101744299133
1721.0,27.642139539590364
1731.0,27.652281784714678
1741.0,27.661126199013026
1751.0,27.669501945545537
1761.0,27.677440368769535
1771.0,27.684970696903786
1781.0,27.692120198563682
1791.0,27.698914329358622
1801.0,27.705285209488387
1811.0,27.71055914717626
1821.0,27.715608240329377
1831.0,27.720446268057945
1841.0,27.725086148764365
1851.0,27.72953999445974
1861.0,27.733819161630922
1871.0,27.7379342988782
1881.0,27.741867231800317
1891.0,27.745656702431884
1901.0,27.749313243096363
1911.0,27.752843619206924
1921.0,27.756254267131283
1931.0,27.75955131322042
1941.0,27.762740592356923
1951.0,27.765528360681078
1961.0,27.768112815716744
1971.0,27.770630335499494
1981.0,27.77308483757879
1991.0,27.77548001407099
2001.0,27.777819344517095
2011.0,27.780106108001856
2021.0,27.782372031102646
2031.0,27.784616426127748
2041.0,27.786811305698112
2051.0,27.788958294359333
2061.0,27.791058987502392
2071.0,27.79311495090869
2081.0,27.79512772069201
2091.0,27.797020204580605
2101.0,27.798696869342514
2111.0,27.800346110661355
2121.0,27.801968534137792
2131.0,27.803564746747305
2141.0,27.805135355589048
2151.0,27.806680966831692
2161.0,27.808183742897324
2171.0,27.80950097464355
2181.0,27.810802408036814
2191.0,27.81208823808898
2201.0,27.813358667501106
2211.0,27.814613905656362
2221.0,27.815854167708753
2231.0,27.817079673761288
2241.0,27.818175339531695
2251.0,27.819248625865782
2261.0,27.82031263226412
2271.0,27.821367397682273
2281.0,27.822412967988317
2291.0,27.823449395338326
2301.0,27.824476737596733
2311.0,27.825431328951087
2321.0,27.826352575389468
2331.0,27.827268284977407
2341.0,27.828178433567988
2351.0,27.82908300273078
2361.0,27.829981979349665
2371.0,27.830875355244185
2381.0,27.831730810290868
2391.0,27.832550147806266
2401.0,27.833366244357858
2411.0,27.834179054597236
2421.0,27.834988537620355
2431.0,27.835794656709762
2441.0,27.836597379089767
2451.0,27.837382940611157
2461.0,27.83813410250293
2471.0,27.838883459824878
2481.0,27.839630962980124
2491.0,27.84037656577983
2501.0,27.84112022527434
2511.0,27.841861901591773
2521.0,27.842598323664692
2531.0,27.843304241771694
2541.0,27.844009256330075
2551.0,27.844713319934968
2561.0,27.845416387810136
2571.0,27.846118417693496
2581.0,27.846819369727136
2591.0,27.847519206351777
,
1.0,0.06116613720949037
11.0,0.6731030033284781
21.0,1.2855504399946673
31.0,1.898522863472794
41.0,2.5120355181883505
51.0,3.1261045515692634
61.0,3.7407470981467723
71.0,4.355981374413121
81.0,4.911599011538218
91.0,5.461087973817951
101.0,6.011153714982844
111.0,6.5618143081405815
121.0,7.113089088330922
131.0,7.6649987791984024
141.0,8.217565638549079
151.0,8.646165867647495
161.0,9.02185340383088
171.0,9.398027563629245
181.0,9.774701651957235
191.0,10.151889778638868
201.0,10.529606927577456
211.0,10.907869034681221
221.0,11.224858087499562
231.0,11.480446838185385
241.0,11.736432311600927
251.0,11.992823769650233
261.0,12.249630942226661
271.0,12.506864060696055
281.0,12.764533894862396
291.0,13.009996357500322
301.0,13.224549152670717
311.0,13.436753666907192
321.0,13.64663585999104
331.0,13.854221345962376
341.0,14.05953541415312
351.0,14.262603044501645
361.0,14.468377454334062
371.0,14.699725566997861
381.0,14.903851412375886
391.0,15.098208375879384
401.0,15.290436832579914
411.0,15.480560364709376
421.0,15.668602239049468
431.0,15.854585427624293
441.0,16.038542350651092
451.0,16.220489998353067
461.0,16.400449556793188
471.0,16.578442882492276
481.0,16.75449159678944
491.0,16.928617089242913
501.0,17.100840521027855
511.0,17.271182698031932
521.0,17.439663887684564
531.0,17.60630455959512
541.0,17.771125002669542
551.0,17.934145291268273
561.0,18.095385288936257
571.0,18.254864652203555
581.0,18.412602760082347
591.0,18.568618309090297
601.0,18.72293024527082
611.0,18.875557431205156
621.0,19.026518538766872
631.0,19.17583205385817
641.0,19.32351628144617
651.0,19.46958508572237
661.0,19.614041503231455
671.0,19.756910326883574
681.0,19.898210764964833
691.0,20.037961130242596
701.0,20.176179165685316
711.0,20.312882206847966
721.0,20.448087812237297
731.0,20.5818182350188
741.0,20.714087085351192
751.0,20.844910330649785
761.0,20.97430376590672
771.0,21.10228301547633
781.0,21.22886353484754
791.0,21.354060612403387
801.0,21.47788937494171
811.0,21.600364831066877
821.0,21.721501849723808
831.0,21.84131513546405
841.0,21.959819230678576
851.0,22.07702851791831
861.0,22.192957222143946
871.0,22.30761932598504
881.0,22.4210284558673
891.0,22.533047130674348
901.0,22.63825227669961
911.0,22.73457170182145
921.0,22.82281352328527
931.0,22.903709833427662
941.0,22.977923967283996
951.0,23.046055277812965
961.0,23.108645663914903
971.0,23.166187002183776
981.0,23.219125960704712
991.0,23.267868271182937
1001.0,23.31278258810393
1011.0,23.354203955748225
1021.0,23.3924356596868
1031.0,23.427751761669253
1041.0,23.46040177796111
1051.0,23.490613076483907
1061.0,23.51859289888556
1071.0,23.544530194457895
1081.0,23.568655278426085
1091.0,23.593018525680204
1101.0,23.618098404227386
1111.0,23.643627151606555
1121.0,23.669380499552375
1131.0,23.695171633624376
1141.0,23.720845958934163
1151.0,23.746276565602003
1161.0,23.771359807089095
1171.0,23.796010664273222
1181.0,23.820161683592378
1191.0,23.84376070353209
1201.0,23.86676859080957
1211.0,23.889157291653408
1221.0,23.91090815297398
1231.0,23.93079536252955
1241.0,23.949835063934582
1251.0,23.96901442960537
1261.0,23.988603154415514
1271.0,24.00875499760538
1281.0,24.029545882190504
1291.0,24.050976694652018
1301.0,24.073555069715365
1311.0,24.099168615138474
1321.0,24.127147943793158
1331.0,24.15682448626605
1341.0,24.18763211301012
1351.0,24.219094027408534
1361.0,24.25081129982955
1371.0,24.282434391089886
1381.0,24.313441666212835
1391.0,24.343637340453444
1401.0,24.37295944724121
1411.0,24.401362691265074
1421.0,24.428816026483098
1431.0,24.45530053114579
1441.0,24.48080729941227
1451.0,24.505311333905052
1461.0,24.528814678354376
1471.0,24.551344198326614
1481.0,24.57292868540416
1491.0,24.593598418194777
1501.0,24.613384777039233
1511.0,24.63231990680666
1521.0,24.6550367689082
1531.0,24.686812634008323
1541.0,24.72580253142472
1551.0,24.77037905535325
1561.0,24.81915105392461
1571.0,24.87093452641257
1581.0,24.923799589916644
1591.0,24.976071281620094
1601.0,25.027754721270405
1611.0,25.078857682863422
1621.0,25.1293873153079
1631.0,25.179350661611643
1641.0,25.228754659969344
1651.0,25.277606144938034
1661.0,25.32591185505019
1671.0,25.373678476096185
1681.0,25.42091255059145
1691.0,25.46756239633621
1701.0,25.512732837369725
1711.0,25.556121341134048
1721.0,25.597741791166104
1731.0,25.637618960906078
1741.0,25.675811298944886
1751.0,25.7123565636177
1761.0,25.747287796767164
1771.0,25.780644029157457
1781.0,25.812469065891626
1791.0,25.842810431674724
1801.0,25.871718311290014
1811.0,25.899230580894077
1821.0,25.925398463542418
1831.0,25.950284964353283
1841.0,25.97395157647144
1851.0,25.99645815533403
1861.0,26.01786281731703
1871.0,26.03822186018023
1881.0,26.057590325193384
1891.0,26.07602341986711
1901.0,26.09357421626439
1911.0,26.110293331214283
1921.0,26.126228996897265
1931.0,26.141427128330967
1941.0,26.155931392828617
1951.0,26.169805802641484
1961.0,26.183142807318504
1971.0,26.195961563100276
1981.0,26.208278741236782
1991.0,26.220112561120036
2001.0,26.231482340442493
2011.0,26.24240811736999
2021.0,26.252901705234056
2031.0,26.262939577921827
2041.0,26.272551438634604
2051.0,26.281773028956042
2061.0,26.290636885322243
2071.0,26.299172646863003
2081.0,26.307407331698997
2091.0,26.315365602322604
2101.0,26.323071371602712
2111.0,26.330548627224335
2121.0,26.337819149203558
2131.0,26.344902514251974
2141.0,26.351816326349933
2151.0,26.35857642283677
2161.0,26.36519703813637
2171.0,26.371687908056
2181.0,26.378052027126614
2191.0,26.38429237259604
2201.0,26.390412599260067
2211.0,26.396416842553272
2221.0,26.402309559588343
2231.0,26.408095401612755
2241.0,26.413778588888757
2251.0,26.419360649483703
2261.0,26.42484283763118
2271.0,26.430227091226495
2281.0,26.43551586354098
2291.0,26.440711984695717
2301.0,26.445818548564443
2311.0,26.450838587176893
2321.0,26.455773019264893
2331.0,26.46062209636056
2341.0,26.465386726902626
2351.0,26.470068342945392
2361.0,26.47466877815931
2371.0,26.479190166902452
2381.0,26.483634774755377
2391.0,26.488003355907903
2401.0,26.492295708969763
2411.0,26.496512214767186
2421.0,26.500653755884144
2431.0,26.50472161144193
2441.0,26.508717369255734
2451.0,26.512643306267773
2461.0,26.51651016211358
2471.0,26.520327443990592
2481.0,26.524101951954027
2491.0,26.52783976968347
2501.0,26.53154632738168
2511.0,26.535226459623008
2521.0,26.53888439594586
2531.0,26.542515028210858
2541.0,26.546110562524017
2551.0,26.54966803554417
2561.0,26.553185251385457
2571.0,26.55666065899402
2581.0,26.56009324767555
2591.0,26.563482458289997
,
1.0,0.04986347661813053
11.0,0.5487007898778388
21.0,1.0479099474460376
31.0,1.547496438740389
41.0,2.0474662430813195
51.0,2.547825833228569
61.0,3.0485821828309017
71.0,3.5497427777829658
81.0,4.022540258583334
91.0,4.435051427658021
101.0,4.799873297021772
111.0,5.126300254940314
121.0,5.421201945630615
131.0,5.689791638432693
141.0,5.945607719630808
151.0,6.198624695829131
161.0,6.4488753650198065
171.0,6.6963901074536585
181.0,6.941198839422104
191.0,7.183331151279708
201.0,7.422816310964002
211.0,7.659683267481067
221.0,7.894714457337396
231.0,8.12989180278612
241.0,8.368033193161335
251.0,8.608912576898831
261.0,8.852262496028832
271.0,9.09784717024826
281.0,9.345458509836172
291.0,9.594912646832466
301.0,9.846046379902457
311.0,10.09871475153321
321.0,10.352789346218064
331.0,10.608156283661557
341.0,10.864714491506268
351.0,11.122374199999358
361.0,11.38105562863352
371.0,11.64068741882548
381.0,11.901205501290976
391.0,12.162552914024237
401.0,12.42467896784747
411.0,12.687538560907655
421.0,12.951091577373443
431.0,13.215302359601099
441.0,13.480138971888211
451.0,13.74557236431
461.0,14.011576861725189
471.0,14.278129772116218
481.0,14.545211096955578
491.0,14.812803280724443
501.0,15.08089099102275
511.0,15.34835809721212
521.0,15.612012806118061
531.0,15.871675137704518
541.0,16.127369469277337
551.0,16.379121310757903
561.0,16.626957206341885
571.0,16.87090464402717
581.0,17.11151880093168
591.0,17.351977011426584
601.0,17.59280292555123
611.0,17.83399291523256
621.0,18.0755443959089
631.0,18.317455775585135
641.0,18.559726413934
651.0,18.802356566092723
661.0,19.04534661169725
671.0,19.28869760709256
681.0,19.532411676334963
691.0,19.776491862773963
701.0,20.020942138659223
711.0,20.2657674251899
721.0,20.50468666042402
731.0,20.66487371868799
741.0,20.79900562032848
751.0,20.929871536606758
761.0,21.059295913279218
771.0,21.187296556424837
781.0,21.313890500646
791.0,21.43909423736677
801.0,21.562935985955665
811.0,21.68542417153666
821.0,21.806572577016656
831.0,21.926396026960326
841.0,22.04490919016281
851.0,22.162126559992
861.0,22.278062458599543
871.0,22.392730955819346
881.0,22.50614576047598
891.0,22.61832070506866
901.0,22.729269486051948
911.0,22.839005642307566
921.0,22.94754255830529
931.0,23.054893467080795
941.0,23.161071308797112
951.0,23.266088100106067
961.0,23.369956399213272
971.0,23.472688772915664
981.0,23.57429765017733
991.0,23.674795323661467
1001.0,23.7741939512441
1011.0,23.872505570842527
1021.0,23.969742303047486
1031.0,24.065915999732727
1041.0,24.161038302851452
1051.0,24.255120725448048
1061.0,24.34817465321824
1071.0,24.440211346038005
1081.0,24.531241942581985
1091.0,24.621277715293967
1101.0,24.71032978250501
1111.0,24.798409003280497
1121.0,24.88552611588087
1131.0,24.971691739924637
1141.0,25.056916378472014
1151.0,25.141210420042587
1161.0,25.224583909077868
1171.0,25.307046623853672
1181.0,25.388608608316503
1191.0,25.469279800409073
1201.0,25.549070028523158
1211.0,25.627989013241756
1221.0,25.70604636903477
1231.0,25.783250707793748
1241.0,25.859608908275998
1251.0,25.935130097819698
1261.0,26.009823459979383
1271.0,26.08369808750857
1281.0,26.156762983060087
1291.0,26.229027059463412
1301.0,26.30049940826939
1311.0,26.371190181132842
1321.0,26.441108174284718
1331.0,26.510261845565992
1341.0,26.57865955951024
1351.0,26.646309588454063
1361.0,26.71322011362543
1371.0,26.77939925116434
1381.0,26.844855414929217
1391.0,26.909596643983654
1401.0,26.973630741361493
1411.0,27.03578194381448
1421.0,27.092918732598992
1431.0,27.14531313560755
1441.0,27.193407667709064
1451.0,27.237601274135397
1461.0,27.27825147793072
1471.0,27.315681402191718
1481.0,27.35018383058506
1491.0,27.38202410849517
1501.0,27.411442763862446
1511.0,27.438657874756366
1521.0,27.46386667219577
1531.0,27.4872452981359
1541.0,27.50895305825864
1551.0,27.529134980205807
1561.0,27.547923107444248
1571.0,27.565437676133243
1581.0,27.581788185498727
1591.0,27.59713218818243
1601.0,27.611726205771216
1611.0,27.625658051420668
1621.0,27.63899554562954
1631.0,27.651798647417472
1641.0,27.664119287028136
1651.0,27.675984422221614
1661.0,27.687393338580332
1671.0,27.698298754968782
1681.0,27.70871959829905
1691.0,27.718685466492275
1701.0,27.728224745588047
1711.0,27.737364564613816
1721.0,27.746130769517574
1731.0,27.754544488915506
1741.0,27.762581140803352
1751.0,27.77026282720163
1761.0,27.777627618917062
1771.0,27.784709397732218
1781.0,27.79153831906353
1791.0,27.79814122352514
1801.0,27.804542606994783
1811.0,27.810827290503525
1821.0,27.817030917079514
1831.0,27.823137414860803
1841.0,27.829133596719334
1851.0,27.83500878168232
1861.0,27.84075444984038
1871.0,27.846363927573943
1881.0,27.851830985147547
1891.0,27.857146052537953
1901.0,27.86230082394478
1911.0,27.86728924424151
1921.0,27.872107109403924
1931.0,27.876751716877997
1941.0,27.88122155308082
1951.0,27.885497299662745
1961.0,27.88954184688701
1971.0,27.8933874709538
1981.0,27.897065925154276
1991.0,27.900604618073995
2001.0,27.904027157399042
2011.0,27.90735382599436
2021.0,27.910603384218614
2031.0,27.913799770993993
2041.0,27.916956024119006
2051.0,27.920081611337377
2061.0,27.92318456966723
2071.0,27.92627168322925
2081.0,27.929348640215334
2091.0,27.9324202992084
2101.0,27.93549334382856
2111.0,27.938572545682337
2121.0,27.94166100102326
2131.0,27.944761168906236
2141.0,27.947874955565922
2151.0,27.951003789050972
2161.0,27.954149063417045
2171.0,27.95734902325332
2181.0,27.960602608276716
2191.0,27.963875823594957
2201.0,27.96713847744174
2211.0,27.970363695584126
2221.0,27.973527452834716
2231.0,27.976608119432726
2241.0,27.979550827317787
2251.0,27.982306451242703
2261.0,27.98489840326686
2271.0,27.987347717435096
2281.0,27.989672617770008
2291.0,27.991888886188807
2301.0,27.99401018245668
2311.0,27.99603692505293
2321.0,27.997963369507943
2331.0,27.999831216783218
2341.0,28.001676157383933
2351.0,28.00352567368073
2361.0,28.005400013518333
2371.0,28.007313065830722
2381.0,28.009284882623867
2391.0,28.011395218795755
2401.0,28.013645790666406
2411.0,28.016023131030853
2421.0,28.018515082824432
2431.0,28.021110658386903
2441.0,28.023799915169118
2451.0,28.026573890805174
2461.0,28.029425728342122
2471.0,28.032349608245358
2481.0,28.03533994107104
2491.0,28.038391541047343
2501.0,28.041499591835493
2511.0,28.044659616013423
2521.0,28.04786744870885
2531.0,28.051119961770993
2541.0,28.054415360412033
2551.0,28.05775178188662
2561.0,28.061127319091923
2571.0,28.064540039488925
2581.0,28.06798800148989
2591.0,28.071469268582096
,
1.0,0.0489586256116735
11.0,0.5243976381547444
21.0,0.9756212909483759
31.0,1.4045943028847034
41.0,1.8130666197914995
51.0,2.202602559412476
61.0,2.5746052778475015
71.0,2.930337418446088
81.0,3.276993000158678
91.0,3.623821351066411
101.0,3.970899792518309
111.0,4.318229573760886
121.0,4.665812325164839
131.0,5.0136500348310475
141.0,5.361745029303778
151.0,5.71009982088733
161.0,6.058716517494584
171.0,6.407597567527273
181.0,6.756745796056135
191.0,7.106164371630337
201.0,7.455856798162745
211.0,7.805826909771718
221.0,8.145778450862133
231.0,8.425691773158324
241.0,8.660845192583594
251.0,8.887520076199605
261.0,9.111712472317265
271.0,9.333450614877735
281.0,9.552762089218346
291.0,9.769674036657221
301.0,9.984213976901495
311.0,10.196408185820024
321.0,10.406282305370745
331.0,10.613861697719484
341.0,10.8191714482943
351.0,11.022236368804906
361.0,11.223081000173083
371.0,11.421729657849026
381.0,11.618206382662677
391.0,11.812534916896546
401.0,12.004738743842323
411.0,12.194841090620452
421.0,12.382864930967985
431.0,12.5688329879952
441.0,12.752767772012637
451.0,12.934691571620698
461.0,13.114626369452255
471.0,13.292593907488046
481.0,13.468615690685107
491.0,13.642712989548103
501.0,13.814906842672261
511.0,13.98521775237265
521.0,14.15366548488005
531.0,14.32027051341699
541.0,14.485053124940318
551.0,14.648033364335216
561.0,14.809231040999084
571.0,14.968665734553454
581.0,15.126356849942454
591.0,15.282323774036508
601.0,15.436585405293823
611.0,15.589160390367097
621.0,15.740067172084656
631.0,15.88932399167428
641.0,16.036948890963004
651.0,16.18295970775589
661.0,16.327373981593304
671.0,16.470209144174053
681.0,16.611482477952286
691.0,16.75121107548697
701.0,16.88941184161688
711.0,17.02610149560212
721.0,17.161296574828906
731.0,17.295013620511863
741.0,17.42726891356389
751.0,17.55807842085764
761.0,17.687457935029364
771.0,17.815423076451935
781.0,17.941989295181347
791.0,18.06717187287692
801.0,18.190985931044846
811.0,18.313446438890843
821.0,18.434568185264077
831.0,18.55436579732662
841.0,18.67285374288118
851.0,18.790046332124167
861.0,18.905957719377007
871.0,19.020601917669197
881.0,19.13399282063301
891.0,19.246144126441095
901.0,19.357069379975698
911.0,19.4667819786382
921.0,19.575295173957166
931.0,19.68262207317728
941.0,19.788775649089104
951.0,19.893768786829813
961.0,19.997614178596113
971.0,20.10032436552573
981.0,20.201911752320505
991.0,20.302388608724662
1001.0,20.40176707098606
1011.0,20.50005914641912
1021.0,20.59727677989441
1031.0,20.69343173971121
1041.0,20.788535636237473
1051.0,20.88259995371728
1061.0,20.975636051627077
1071.0,21.067655166016753
1081.0,21.158668410825207
1091.0,21.248686850352588
1101.0,21.337721410566797
1111.0,21.425782838642586
1121.0,21.51288176529999
1131.0,21.599028706041477
1141.0,21.684234062376024
1151.0,21.768508123030458
1161.0,21.85186112395019
1171.0,21.934303228283422
1181.0,22.015844384091455
1191.0,22.096494430421917
1201.0,22.17626310010611
1211.0,22.255160020865002
1221.0,22.33319471640514
1231.0,22.410376181109275
1241.0,22.486712589426194
1251.0,22.562213304865516
1261.0,22.63688764050075
1271.0,22.71074477916909
1281.0,22.78379378067059
1291.0,22.856043587619705
1301.0,22.927503118967383
1311.0,22.99818156845663
1321.0,23.06808754837763
1331.0,23.137229493954997
1341.0,23.20561574893157
1351.0,23.273254566557267
1361.0,23.340154110565805
1371.0,23.40632245914745
1381.0,23.47176766878692
1391.0,23.536497663639263
1401.0,23.60052025302682
1411.0,23.663843161756457
1421.0,23.726474031021525
1431.0,23.788420419293377
1441.0,23.849689803191524
1451.0,23.910289647027895
1461.0,23.970227316930043
1471.0,24.02913333425747
1481.0,24.08342539653668
1491.0,24.13267182040596
1501.0,24.177394820356177
1511.0,24.218061196499942
1521.0,24.256933780489682
1531.0,24.296515877845213
1541.0,24.336421317688444
1551.0,24.37630934406393
1561.0,24.415896928569126
1571.0,24.454951272334718
1581.0,24.4932831814331
1591.0,24.530783212215926
1601.0,24.56743047117754
1611.0,24.603098901774633
1621.0,24.637686677108146
1631.0,24.67111979503585
1641.0,24.703347740749013
1651.0,24.73433971997146
1661.0,24.764064319494132
1671.0,24.792434009264806
1681.0,24.81947809370576
1691.0,24.845246650475314
1701.0,24.86979087556723
1711.0,24.893162555800973
1721.0,24.915413618461123
1731.0,24.93680542436553
1741.0,24.960247830182816
1751.0,24.986114160444817
1761.0,25.01378901432776
1771.0,25.042750313254846
1781.0,25.07255736578895
1791.0,25.10284033183611
1801.0,25.1332909301946
1811.0,25.163655163444727
1821.0,25.193727215573947
1831.0,25.223340124074145
1841.0,25.252341871468474
1851.0,25.280596260534434
1861.0,25.30800333032994
1871.0,25.334493845427648
1881.0,25.360128395091213
1891.0,25.385040452331342
1901.0,25.409222654410907
1911.0,25.432662097854376
1921.0,25.455325085348974
1931.0,25.47718484161556
1941.0,25.49822694563768
1951.0,25.51840008211158
1961.0,25.537596613346555
1971.0,25.55586417920324
1981.0,25.5732574481561
1991.0,25.589828619009676
2001.0,25.605627447236454
2011.0,25.620701283154897
2021.0,25.635104379998708
2031.0,25.64892922890384
2041.0,25.662209874668672
2051.0,25.67497041614388
2061.0,25.68723537747969
2071.0,25.69902939849379
2081.0,25.710376981484966
2091.0,25.721299682007533
2101.0,25.731784554633638
2111.0,25.74185395787243
2121.0,25.751542481666718
2131.0,25.760877444708854
2141.0,25.76987851128706
2151.0,25.778564575289366
2161.0,25.786954171952946
2171.0,25.795070547822725
2181.0,25.80293232886142
2191.0,25.810553338596527
2201.0,25.81794711259228
2211.0,25.825126804669257
2221.0,25.83210511744709
2231.0,25.838894252814487
2241.0,25.845502092481482
2251.0,25.851931694781992
2261.0,25.858190048184344
2271.0,25.864284463718754
2281.0,25.87022238823717
2291.0,25.87601128745695
2301.0,25.881658554307297
2311.0,25.887171201865232
2321.0,25.892553843152193
2331.0,25.89781016883238
2341.0,25.902944264375837
2351.0,25.907960494621467
2361.0,25.912863399952126
2371.0,25.917657612426563
2381.0,25.92234770045753
2391.0,25.92693654542746
2401.0,25.93142593960131
2411.0,25.935818102330067
2421.0,25.94011560813513
2431.0,25.944321294025386
2441.0,25.94843818319411
2451.0,25.952469400482066
2461.0,25.95641696936765
2471.0,25.960281753177306
2481.0,25.964065021174378
2491.0,25.967768419885555
2501.0,25.971393893737925
2511.0,25.974943619204907
2521.0,25.978419950596013
2531.0,25.981824583253378
2541.0,25.985158047207765
2551.0,25.98842127488148
2561.0,25.991615573736393
2571.0,25.994742562989774
2581.0,25.997804121727878
2591.0,26.00080234713959
,
1.0,0.06290969417492744
11.0,0.6922811106463451
21.0,1.3221630954922017
31.0,1.9525726820198677
41.0,2.5835277140784774
51.0,3.2150469428398822
61.0,3.8471501335863514
71.0,4.479858184468341
81.0,5.0248910556203255
91.0,5.5606632816427375
101.0,6.096998651597779
111.0,6.633915680049127
121.0,7.1714340571220445
131.0,7.709574772891598
141.0,8.24836025904706
151.0,8.666077237012503
161.0,9.03211984387771
171.0,9.398640699894624
181.0,9.765653125661817
191.0,10.133171196250474
201.0,10.501209807094204
211.0,10.869784747798102
221.0,11.17851532926505
231.0,11.427276087198686
241.0,11.676427058284299
251.0,11.925977368074866
261.0,12.175936578613474
271.0,12.426314719604688
281.0,12.677122322679534
291.0,12.917774716148358
301.0,13.13231856039039
311.0,13.344512299379792
321.0,13.554382907116098
331.0,13.761956496955356
341.0,13.967258623754569
351.0,14.170314416215815
361.0,14.371151421595231
371.0,14.56981738178607
381.0,14.7663122320126
391.0,14.96065973705349
401.0,15.152883403800917
411.0,15.343006484058275
421.0,15.531051977318677
431.0,15.717042633523802
441.0,15.90100096355431
451.0,16.082949239200218
461.0,16.262909555837403
471.0,16.440903773912556
481.0,16.616953519907074
491.0,16.791080189789522
501.0,16.96330495248522
511.0,17.13364843966704
521.0,17.302130361164547
531.0,17.468771042880036
541.0,17.633590652755622
551.0,17.796609138021893
561.0,17.957846227688922
571.0,18.11732143500607
581.0,18.275054143168244
591.0,18.431063926319684
601.0,18.585369866879834
611.0,18.737990794124208
621.0,18.888945342688448
631.0,19.038251956653763
641.0,19.18592889380354
651.0,19.33199384516104
661.0,19.47646360585637
671.0,19.619356464319726
681.0,19.760689950577724
691.0,19.90048142632084
701.0,20.038748090729392
711.0,20.175506986887612
721.0,20.310772081004675
731.0,20.44453520945604
741.0,20.576837905378635
751.0,20.707696321454673
761.0,20.83712644703227
771.0,20.965144111776862
781.0,21.091764989548242
791.0,21.21700460255409
801.0,21.34085365399311
811.0,21.46334400812531
821.0,21.584493105375426
831.0,21.704315736046627
841.0,21.822826511876304
851.0,21.93892001571449
861.0,22.048808696135044
871.0,22.160709699815662
881.0,22.27398771970753
891.0,22.38122014540134
901.0,22.480760503997587
911.0,22.573204692707627
921.0,22.65910111948742
931.0,22.73895468648385
941.0,22.808108583674557
951.0,22.86778763439461
961.0,22.923680326176253
971.0,22.976047600441444
981.0,23.025131838081
991.0,23.071158248710223
1001.0,23.11433615427984
1011.0,23.153220342177384
1021.0,23.186354698847982
1031.0,23.218234269530438
1041.0,23.24908621713424
1051.0,23.27900548269127
1061.0,23.308023886941164
1071.0,23.33614354333262
1081.0,23.363820267689345
1091.0,23.394038789574726
1101.0,23.422127791455203
1111.0,23.44825921173241
1121.0,23.47259126769078
1131.0,23.495269541347074
1141.0,23.516427978995395
1151.0,23.536189811485652
1161.0,23.55469206573259
1171.0,23.57207306245901
1181.0,23.58842801365179
1191.0,23.603843863185272
1201.0,23.61840026459757
1211.0,23.632170190959204
1221.0,23.64522048293803
1231.0,23.657584983034816
1241.0,23.66924403455444
1251.0,23.680250873709067
1261.0,23.690658972703424
1271.0,23.700517303355763
1281.0,23.709870707432746
1291.0,23.718760238620966
1301.0,23.72722339117024
1311.0,23.73529267949989
1321.0,23.742996473386334
1331.0,23.750361070066052
1341.0,23.757410881250152
1351.0,23.764168550754146
1361.0,23.770655068307637
1371.0,23.77689045568956
1381.0,23.782901740326427
1391.0,23.78870863599677
1401.0,23.794326484548744
1411.0,23.799769461796284
1421.0,23.80505066644242
1431.0,23.810182202214897
1441.0,23.815175206796592
1451.0,23.820033500102564
1461.0,23.82475922955632
1471.0,23.82935782251135
1481.0,23.833834719958688
1491.0,23.838195324468348
1501.0,23.84244495944664
1511.0,23.846588837915608
1521.0,23.850631582097495
1531.0,23.85457600551702
1541.0,23.858424858622538
1551.0,23.862181118237174
1561.0,23.865847924116498
1571.0,23.869428530722658
1581.0,23.872926268516075
1591.0,23.876297295531398
1601.0,23.87957376961731
1611.0,23.882777889131066
1621.0,23.885911369260555
1631.0,23.88897616291349
1641.0,23.891974421140308
1651.0,23.89490846169638
1661.0,23.897568012067335
1671.0,23.899970670307933
1681.0,23.90233468348548
1691.0,23.904660306124114
1701.0,23.906947963869218
1711.0,23.909198232916083
1721.0,23.91141182273281
1731.0,23.913494342030223
1741.0,23.915328236030376
1751.0,23.91714026449442
1761.0,23.918930250864104
1771.0,23.920698124099616
1781.0,23.92244390822807
1791.0,23.924167713210373
1801.0,23.92584601545452
1811.0,23.927294252059568
1821.0,23.92872967015825
1831.0,23.930151994021784
1841.0,23.931561010263227
1851.0,23.932956562466256
1861.0,23.93433854634936
1871.0,23.93570690542929
1881.0,23.93690603784528
1891.0,23.938081217535533
1901.0,23.939250196462638
1911.0,23.940413075346314
1921.0,23.941569954643068
1931.0,23.942720934413995
1941.0,23.943866114203814
1951.0,23.94498588532354
1961.0,23.946091499626498
1971.0,23.947191111276705
1981.0,23.948284439365306
1991.0,23.949371236436747
2001.0,23.950451286056214
2011.0,23.951524400563308
2021.0,23.952531043472366
2031.0,23.95347403836656
2041.0,23.954413521144286
2051.0,23.95534926458716
2061.0,23.95628106169832
2071.0,23.957208724385875
2081.0,23.95813208223044
2091.0,23.95902739021435
2101.0,23.95990570627872
2111.0,23.96085169289198
2121.0,23.961872928416277
2131.0,23.9629767223073
2141.0,23.964170438847205
2151.0,23.965461401983116
2161.0,23.966930864567
2171.0,23.969150689600912
2181.0,23.97153654985763
2191.0,23.974199377050137
2201.0,23.97719559976039
2211.0,23.980483137106532
2221.0,23.983999180570454
2231.0,23.987678442541398
2241.0,23.991396905381652
2251.0,23.995050333536966
2261.0,23.99864825083972
2271.0,24.00219962321484
2281.0,24.005712162970514
2291.0,24.009192482871082
2301.0,24.012646232104608
2311.0,24.016078801547895
2321.0,24.019496586947977
2331.0,24.02290392521154
2341.0,24.026304336288238
2351.0,24.029700741701813
2361.0,24.03309554130101
2371.0,24.0364906811213
2381.0,24.039887856883094
2391.0,24.043289778561174
2401.0,24.046698747799486
2411.0,24.050116483231427
2421.0,24.053544304098487
2431.0,24.05698318483272
2441.0,24.06043380330504
2451.0,24.06389793692881
2461.0,24.06739383481529
2471.0,24.07091852992828
2481.0,24.07446211725121
2491.0,24.078016088456344
2501.0,24.081573160244357
2511.0,24.085127121632276
2521.0,24.08867254938316
2531.0,24.092189492249254
2541.0,24.09567207709902
2551.0,24.099127564251795
2561.0,24.10256215611703
2571.0,24.10598112657649
2581.0,24.109388935527512
2591.0,24.11278933028418
,
1.0,0.05013686635485795
11.0,0.5481466403446009
21.0,1.0400678822263445
31.0,1.5259272030432363
41.0,2.0057513719350775
51.0,2.479567311788533
61.0,2.9474020953998274
71.0,3.409282942103492
81.0,3.8677755721063507
91.0,4.3265927396063555
101.0,4.785772251482792
111.0,5.245320985369417
121.0,5.705246293341249
131.0,6.165556019768659
141.0,6.626258522989531
151.0,7.080403442743687
161.0,7.50909256087768
171.0,7.913434770818868
181.0,8.29556686271025
191.0,8.657376697441437
201.0,9.000538907190482
211.0,9.326544569867767
221.0,9.638632834025216
231.0,9.949015997599526
241.0,10.25965402199647
251.0,10.570550915584933
261.0,10.881710999426712
271.0,11.193138911985931
281.0,11.504839616245597
291.0,11.81681838826198
301.0,12.12908016727182
311.0,12.441630011632435
321.0,12.754473518644101
331.0,13.067616725233892
341.0,13.381066126606092
351.0,13.69482869890694
361.0,14.008818003676202
371.0,14.312280753966467
381.0,14.598930090855385
391.0,14.87014530899129
401.0,15.127158352301006
411.0,15.37107300897631
421.0,15.60288117790253
431.0,15.823476715531651
441.0,16.0343044217746
451.0,16.236885555816254
461.0,16.431684166401133
471.0,16.61912386182468
481.0,16.799598824703462
491.0,16.974168810060064
501.0,17.14639247936251
511.0,17.31673291152355
521.0,17.485212036052168
531.0,17.651850430152475
541.0,17.816668372801328
551.0,17.979944717777364
561.0,18.14316784718925
571.0,18.306574353470033
581.0,18.470167465447798
591.0,18.63394986217039
601.0,18.79792447370392
611.0,18.962094616697986
621.0,19.126463928289404
631.0,19.29103637738106
641.0,19.455816279037453
651.0,19.619338506607424
661.0,19.779643316644513
671.0,19.940162149286916
681.0,20.10089980249075
691.0,20.261861536867098
701.0,20.42305310825309
711.0,20.58448080670593
721.0,20.743430567055828
731.0,20.877193044637377
741.0,21.0094935495389
751.0,21.140348075814938
761.0,21.269772442465964
771.0,21.397782295360283
781.0,21.52439310913459
791.0,21.6496201890734
801.0,21.77347819528392
811.0,21.895983873344303
821.0,22.0171523031696
831.0,22.136998294143797
841.0,22.25553650770132
851.0,22.37278146088875
861.0,22.488747530171047
871.0,22.60343082211641
881.0,22.71685265445424
891.0,22.829033974615108
901.0,22.939988339941657
911.0,23.04972916027118
921.0,23.158269699519348
931.0,23.26562307724726
941.0,23.371808225893542
951.0,23.47683953474706
961.0,23.579699303820643
971.0,23.67647529504065
981.0,23.767168550218056
991.0,23.85219262760628
1001.0,23.93193214815773
1011.0,24.00375741789639
1021.0,24.06575639737001
1031.0,24.126903703077513
1041.0,24.18749039949209
1051.0,24.247350961367335
1061.0,24.306188686534618
1071.0,24.36368979166633
1081.0,24.420148717546525
1091.0,24.478195618257384
1101.0,24.531412251121854
1111.0,24.580246579118405
1121.0,24.625103693834443
1131.0,24.66635001686983
1141.0,24.704317081448227
1151.0,24.739304936771575
1161.0,24.77158468659757
1171.0,24.801399095333842
1181.0,24.828967543845526
1191.0,24.854489248103828
1201.0,24.87814514965856
1211.0,24.90009962646939
1221.0,24.920502041490575
1231.0,24.93955101785095
1241.0,24.95754271623357
1251.0,24.974582091244113
1261.0,24.990753190416985
1271.0,25.006132124933966
1281.0,25.020787927571654
1291.0,25.03477786712906
1301.0,25.048122796536934
1311.0,25.060785207444113
1321.0,25.072803706918126
1331.0,25.08422705952115
1341.0,25.095100632221968
1351.0,25.105466594957274
1361.0,25.115364113638247
1371.0,25.124839684952786
1381.0,25.13406565694158
1391.0,25.143061560474916
1401.0,25.151790707373536
1411.0,25.160222183169164
1421.0,25.16833058721275
1431.0,25.17609556150144
1441.0,25.183500256714584
1451.0,25.190430020292315
1461.0,25.196862389043993
1471.0,25.202861869726846
1481.0,25.20848489153832
1491.0,25.213780795280144
1501.0,25.218792700607576
1511.0,25.223558266727245
1521.0,25.228113854306716
1531.0,25.23249347744169
1541.0,25.23672152345799
1551.0,25.24081919761529
1561.0,25.24480497830288
1571.0,25.248694945102233
1581.0,25.25250306810459
1591.0,25.256242152567502
1601.0,25.259925362837162
1611.0,25.263562706001608
1621.0,25.2671626479351
1631.0,25.2707324402574
1641.0,25.274278269845055
1651.0,25.277805391005742
1661.0,25.281318401191566
1671.0,25.28482267172167
1681.0,25.288322804291365
1691.0,25.291822492819524
1701.0,25.29532475961695
1711.0,25.298832043494105
1721.0,25.302346277635866
1731.0,25.3058689849838
1741.0,25.309402349528064
1751.0,25.312949009034792
1761.0,25.316510990762968
1771.0,25.320089814138733
1781.0,25.32368656253662
1791.0,25.32730194657865
1801.0,25.33093636031072
1811.0,25.334590593721618
1821.0,25.338266642851618
1831.0,25.341966140166182
1841.0,25.345690210032203
1851.0,25.349439544153476
1861.0,25.353214467912533
1871.0,25.35701499863232
1881.0,25.360841281578864
1891.0,25.36469511235787
1901.0,25.368578296560695
1911.0,25.372492046246222
1921.0,25.376437070551
1931.0,25.38041365494439
1941.0,25.3844217306487
1951.0,25.38846113776548
1961.0,25.392533545058367
1971.0,25.39664123331183
1981.0,25.400785763126425
1991.0,25.40496807022038
2001.0,25.40918856552759
2011.0,25.41344722266875
2021.0,25.417753454743046
2031.0,25.42215544364568
2041.0,25.426638226699975
2051.0,25.43117871635806
2061.0,25.4357564031757
2071.0,25.44035308110753
2081.0,25.444952599597215
2091.0,25.449537087622225
2101.0,25.454045007223087
2111.0,25.458468273689263
2121.0,25.46281876932896
2131.0,25.467106837019756
2141.0,25.471341463876232
2151.0,25.47553044393848
2161.0,25.4796805227375
2171.0,25.48379820759784
2181.0,25.487890590563058
2191.0,25.49196385643801
2201.0,25.49602322351674
2211.0,25.500073067127794
2221.0,25.50411702884572
2231.0,25.508158112970346
2241.0,25.512199156284975
2251.0,25.51624435214537
2261.0,25.520297652692264
2271.0,25.52436221181839
2281.0,25.528440496342096
2291.0,25.532534383534248
2301.0,25.53664524690432
2311.0,25.540774231740954
2321.0,25.544924156767316
2331.0,25.549098325096637
2341.0,25.553299230864692
2351.0,25.557528663101554
2361.0,25.561787812954382
2371.0,25.566077367607484
2381.0,25.570397664897715
2391.0,25.57475045927522
2401.0,25.57913865983042
2411.0,25.583564355623462
2421.0,25.58802566178515
2431.0,25.59251549928949
2441.0,25.59702734484334
2451.0,25.60155721586899
2461.0,25.60612803444112
2471.0,25.610752506479873
2481.0,25.61543442799522
2491.0,25.620176427879194
2501.0,25.62497619288802
2511.0,25.62982599828918
2521.0,25.634718444137537
2531.0,25.63962682903464
2541.0,25.644538572002084
2551.0,25.64945719165362
2561.0,25.65438516199374
2571.0,25.659319411362002
2581.0,25.664253494806857
2591.0,25.669182068224018
,
1.0,0.012842125605369634
11.0,0.2949523777542313
21.0,0.586811838549115
31.0,0.8754797746286679
41.0,1.1609910857695869
51.0,1.4433802901145465
61.0,1.7226815283454215
71.0,1.998928567810875
81.0,2.4379601125753068
91.0,2.8956267108755824
101.0,3.353681298015111
111.0,3.8121308804203644
121.0,4.2709830571422565
131.0,4.730246039295457
141.0,5.189928674714866
151.0,5.650040285821411
161.0,6.110590033419832
171.0,6.571588010626894
181.0,7.033045181524995
191.0,7.494973396988388
201.0,7.95738545747774
211.0,8.420295186709177
221.0,8.837344689313976
231.0,9.179666641101152
241.0,9.489310228564223
251.0,9.771393028650696
261.0,10.029959452694216
271.0,10.268256047239968
281.0,10.490069526205254
291.0,10.714895048324617
301.0,10.94396587924708
311.0,11.157381059890705
321.0,11.367280453939724
331.0,11.574882417749457
341.0,11.780212138343098
351.0,11.983294532825148
361.0,12.184154260123101
371.0,12.382817055946013
381.0,12.579307953432501
391.0,12.773650733907553
401.0,12.965868916514664
411.0,13.15598576135152
421.0,13.344024272540736
431.0,13.530007201240068
441.0,13.713956864145336
451.0,13.895895219877975
461.0,14.075844235137108
471.0,14.25382564129078
481.0,14.429860934505232
491.0,14.603971378087731
501.0,14.776178004823265
511.0,14.946501768425197
521.0,15.114963708467197
531.0,15.281584289934168
541.0,15.446383727867309
551.0,15.6093820140133
561.0,15.770598919958529
571.0,15.930054000167486
581.0,16.08776655151092
591.0,16.243755387103402
601.0,16.398039387006587
611.0,16.550637288562474
621.0,16.70156762284646
631.0,16.85084871767359
641.0,16.998498700525875
651.0,17.144535486610476
661.0,17.28897647722458
671.0,17.43183909841722
681.0,17.573140724108235
691.0,17.71289853844598
701.0,17.851129538742157
711.0,17.987850538355023
721.0,18.123078169533755
731.0,18.256828577017785
741.0,18.38911779849041
751.0,18.519961954384716
761.0,18.64937699182173
771.0,18.777378687613407
781.0,18.90398265126279
791.0,19.0292043279788
801.0,19.15305876239987
811.0,19.27556066641411
821.0,19.396725010029982
831.0,19.516566614237234
841.0,19.63510014773916
851.0,19.752340130475844
861.0,19.86830093729052
871.0,19.982996631844923
881.0,20.096440716665764
891.0,20.208647096776943
901.0,20.31962959197673
911.0,20.429401893214433
921.0,20.537977567874638
931.0,20.645370065615612
941.0,20.751580050313137
951.0,20.85661889668889
961.0,20.960511568362918
971.0,21.063270805732643
981.0,21.16490922545588
991.0,21.265439324106364
1001.0,21.362942097850848
1011.0,21.45021074946644
1021.0,21.52342013254748
1031.0,21.592160216817074
1041.0,21.65672564449856
1051.0,21.717390982154544
1061.0,21.774412157060066
1071.0,21.82802778876506
1081.0,21.87779477573203
1091.0,21.918930664944785
1101.0,21.957851987872868
1111.0,21.994683287740987
1121.0,22.029541941281504
1131.0,22.06253858027498
1141.0,22.093777487763546
1151.0,22.123356970490395
1161.0,22.149896480901795
1171.0,22.17493375904477
1181.0,22.198713785768124
1191.0,22.22130589867133
1201.0,22.242775456664813
1211.0,22.263184079467322
1221.0,22.282589872354013
1231.0,22.299524750529926
1241.0,22.31505676138535
1251.0,22.329901356688783
1261.0,22.34409231734269
1271.0,22.357661686325088
1281.0,22.370639862166588
1291.0,22.383055687257528
1301.0,22.394320965870183
1311.0,22.40453005869577
1321.0,22.414340806647587
1331.0,22.423770749226026
1341.0,22.43283661305964
1351.0,22.441554351169994
1361.0,22.44993918027939
1371.0,22.45779455479984
1381.0,22.46490697690333
1391.0,22.471806738078154
1401.0,22.478500877375886
1411.0,22.484996222186325
1421.0,22.491299394239093
1431.0,22.497416815399106
1441.0,22.50339930236714
1451.0,22.509577039540755
1461.0,22.515530815704377
1471.0,22.521270210959138
1481.0,22.52680437083882
1491.0,22.53214202688877
1501.0,22.537291516239137
1511.0,22.542260800223545
1521.0,22.54668443195882
1531.0,22.55092741699426
1541.0,22.555037947364116
1551.0,22.55902111431976
1561.0,22.562881800215052
1571.0,22.56662468743147
1581.0,22.570254266908623
1591.0,22.57360140471774
1601.0,22.57678262979069
1611.0,22.579877833833514
1621.0,22.582890027598612
1631.0,22.585822109037924
1641.0,22.588676867693874
1651.0,22.591456988913347
1661.0,22.59408994705652
1671.0,22.596585027163453
1681.0,22.599021635627338
1691.0,22.601401659082427
1701.0,22.603726919040664
1711.0,22.60599917422278
1721.0,22.608220122803047
1731.0,22.610363732711175
1741.0,22.61239816537446
1751.0,22.61439120558096
1761.0,22.616344100968533
1771.0,22.618258059085978
1781.0,22.620134248725947
1791.0,22.621973801212125
1801.0,22.623776325087558
1811.0,22.625532726682916
1821.0,22.627258744583646
1831.0,22.628955250098986
1841.0,22.630623089383405
1851.0,22.632263084164364
1861.0,22.633876032449024
1871.0,22.635462709210454
1881.0,22.637023866971777
1891.0,22.63856023585747
1901.0,22.6400725246168
1911.0,22.641561421563463
1921.0,22.6430275951675
1931.0,22.64447169462894
1941.0,22.645894350434798
1951.0,22.647296174867076
1961.0,22.648677761987756
1971.0,22.650039688288945
1981.0,22.651382513656866
1991.0,22.65270678186334
2001.0,22.654013021031158
2011.0,22.6553017440859
2021.0,22.656591766705034
2031.0,22.65798689123263
2041.0,22.659491969550643
2051.0,22.661097020771656
2061.0,22.662795102919816
2071.0,22.664581463464636
2081.0,22.666452932394225
2091.0,22.668752512503865
2101.0,22.67183207909946
2111.0,22.67483112226797
2121.0,22.677752797569475
2131.0,22.68060024647031
2141.0,22.683376588544668
2151.0,22.686084916564287
2161.0,22.688689214261775
2171.0,22.690969728031554
2181.0,22.69353170092938
2191.0,22.69650360436695
2201.0,22.699907296353818
2211.0,22.703648235721605
2221.0,22.70761455826856
2231.0,22.71169089566561
2241.0,22.71575461899523
2251.0,22.719534986523993
2261.0,22.723070333879402
2271.0,22.726404839319184
2281.0,22.729576037098628
2291.0,22.73261571153849
2301.0,22.735550668836478
2311.0,22.738412571943417
2321.0,22.741247073830312
2331.0,22.74406502657078
2341.0,22.746873386157553
2351.0,22.749677954588236
2361.0,22.752483524072147
2371.0,22.755294004254672
2381.0,22.75811371112954
2391.0,22.760951884903857
2401.0,22.763809437784804
2411.0,22.766685684164248
2421.0,22.76957990484581
2431.0,22.772491355218076
2441.0,22.775419272437784
2451.0,22.778362763281223
2461.0,22.781320222043412
2471.0,22.784292691198583
2481.0,22.787281522824294
2491.0,22.790287689429412
2501.0,22.79331183519942
2511.0,22.79635432141419
2521.0,22.799415268951336
2531.0,22.802495740408386
2541.0,22.805597087616643
2551.0,22.808719787164005
2561.0,22.811864047172662
2571.0,22.815029846332592
2581.0,22.818216968460803
2591.0,22.821425033077798
,
1.0,0.06028047993681103
11.0,0.5980624349926673
21.0,1.0440265695463065
31.0,1.4239173997956425
41.0,1.754098353547809
51.0,2.046222189091223
61.0,2.325573488458449
71.0,2.6018641464716303
81.0,2.9241913152415555
91.0,3.252063058157722
101.0,3.5801904877488493
111.0,3.9085731483821577
121.0,4.23721111479515
131.0,4.566104949605389
141.0,4.895255667201143
151.0,5.224664567790982
161.0,5.554332637067443
171.0,5.884261271021626
181.0,6.214452305881075
191.0,6.544907975833677
201.0,6.87563089633486
211.0,7.206624051176053
221.0,7.537890716596214
231.0,7.869433795560852
241.0,8.201256463661807
251.0,8.533362355741241
261.0,8.865755505886906
271.0,9.198440346857879
281.0,9.531421712822505
291.0,9.864704824117448
301.0,10.198294627948421
311.0,10.532196259396395
321.0,10.866415461572126
331.0,11.20095848378634
341.0,11.535832100298464
351.0,11.871043633799585
361.0,12.206600984000941
371.0,12.542512064688227
381.0,12.878784952575623
391.0,13.215428683710467
401.0,13.552453080085069
411.0,13.889868809218024
421.0,14.227687454514305
431.0,14.565921598136496
441.0,14.816781425847811
451.0,15.058203233796206
461.0,15.299944237588761
471.0,15.542012636569183
481.0,15.784417226909692
491.0,16.02716745073321
501.0,16.27027345251682
511.0,16.462319284124863
521.0,16.63079463268769
531.0,16.7974232268898
541.0,16.962226005437767
551.0,17.125223477269113
561.0,17.28643579521373
571.0,17.44588280213809
581.0,17.603597872690912
591.0,17.75959717454005
601.0,17.913885636630166
611.0,18.066482678283574
621.0,18.217407333782617
631.0,18.366678602731962
641.0,18.514315287531463
651.0,18.660335739060816
661.0,18.80475693858161
671.0,18.947596611364368
681.0,19.088872613169535
691.0,19.22860246498435
701.0,19.366803399661354
711.0,19.50349239365298
721.0,19.638686197438208
731.0,19.772402211699784
741.0,19.90465723325519
751.0,20.035467236334238
761.0,20.164848022524257
771.0,20.292815225726784
781.0,20.419384317752954
791.0,20.544570614774948
801.0,20.668388854647812
811.0,20.79085344133185
821.0,20.911979169598368
831.0,21.031780675653753
841.0,21.150272436218906
851.0,21.267468770256546
861.0,21.383383840679592
871.0,21.498031681975974
881.0,21.6114262368298
891.0,21.718403049687264
901.0,21.814999911191453
911.0,21.90229477856218
921.0,21.981250809865134
931.0,22.05272886343617
941.0,22.117499182313363
951.0,22.176254741960484
961.0,22.229613520845923
971.0,22.278127817709553
981.0,22.322291934497883
991.0,22.362548401275046
1001.0,22.399293519598444
1011.0,22.432882354926456
1021.0,22.463634951835257
1031.0,22.491839391832176
1041.0,22.517753619985886
1051.0,22.54160877536447
1061.0,22.563612033929402
1071.0,22.58394914458252
1081.0,22.602868859902994
1091.0,22.627994393234616
1101.0,22.66264456739086
1111.0,22.704837717408275
1121.0,22.752880086157855
1131.0,22.805329503858115
1141.0,22.86096330991752
1151.0,22.918750043035324
1161.0,22.977824954151327
1171.0,23.03746818416621
1181.0,23.0970433916673
1191.0,23.155981789873792
1201.0,23.213837391116837
1211.0,23.27027065405239
1221.0,23.325029460687215
1231.0,23.377932958866896
1241.0,23.428855724742313
1251.0,23.477718455583368
1261.0,23.524480757138484
1271.0,23.569133327602692
1281.0,23.611691443117625
1291.0,23.65218956476813
1301.0,23.69210644413927
1311.0,23.737823234106052
1321.0,23.788710677798868
1331.0,23.84341520934054
1341.0,23.900808188289535
1351.0,23.959952424940045
1361.0,24.02007352772841
1371.0,24.080548314897015
1381.0,24.14109375808745
1391.0,24.201444884647923
1401.0,24.261320530075558
1411.0,24.320478068669996
1421.0,24.378709824712004
1431.0,24.43583975671862
1441.0,24.491718944125108
1451.0,24.546046188905088
1461.0,24.598577338157273
1471.0,24.649220848121274
1481.0,24.697920828378017
1491.0,24.744650453973875
1501.0,24.78940642285586
1511.0,24.832204300800182
1521.0,24.873074120348686
1531.0,24.912055417000627
1541.0,24.94919665609523
1551.0,24.984553616049322
1561.0,25.01818741657326
1571.0,25.05016289190786
1581.0,25.0805472540039
1591.0,25.10940876074663
1601.0,25.13681425702328
1611.0,25.162829934442613
1621.0,25.187521592587693
1631.0,25.210954113275765
1641.0,25.233191056341717
1651.0,25.254294349746303
1661.0,25.27432395552675
1671.0,25.293336355844257
1681.0,25.31138537772779
1691.0,25.32852305439438
1701.0,25.344799509389727
1711.0,25.360262910025792
1721.0,25.374959452450284
1731.0,25.398165112305204
1741.0,25.44235172235194
1751.0,25.486057486550784
1761.0,25.52928802660524
1771.0,25.57202895887941
1781.0,25.612895317150528
1791.0,25.651195941592473
1801.0,25.686613945104952
1811.0,25.71558923294027
1821.0,25.742942234212027
1831.0,25.76877451547057
1841.0,25.793181075619994
1851.0,25.8162507960523
1861.0,25.838066860003952
1871.0,25.858707143409195
1881.0,25.87587521791062
1891.0,25.89195247998041
1901.0,25.90725861485431
1911.0,25.92183590640728
1921.0,25.93572422513069
1931.0,25.948961174745442
1941.0,25.96158222990368
1951.0,25.972567188183913
1961.0,25.982645884249763
1971.0,25.99230886375839
1981.0,26.00157614117458
1991.0,26.010466715005254
2001.0,26.01899862252166
2011.0,26.02718899149452
2021.0,26.03461270175667
2031.0,26.0413309906583
2041.0,26.04781176889513
2051.0,26.054065102323246
2061.0,26.060100600619503
2071.0,26.065927439131535
2081.0,26.071554379653467
2091.0,26.076831218045413
2101.0,26.081576666379238
2111.0,26.086178747884993
2121.0,26.090642840467947
2131.0,26.094974103488116
2141.0,26.09917748711941
2151.0,26.103257741293234
2161.0,26.10718723199753
2171.0,26.11072355800232
2181.0,26.114168740548568
2191.0,26.117525831271475
2201.0,26.120797770010626
2211.0,26.123987389121794
2221.0,26.127097417615236
2231.0,26.13013048512775
2241.0,26.132915345979104
2251.0,26.13561950401901
2261.0,26.138264680681413
2271.0,26.140852652215774
2281.0,26.143385135913025
2291.0,26.145863792167614
2301.0,26.148290226464024
2311.0,26.150581413348213
2321.0,26.15279288262824
2331.0,26.154963087656856
2341.0,26.157093163955615
2351.0,26.159184212532498
2361.0,26.16123730098898
2371.0,26.163253464589765
2381.0,26.16520058664193
2391.0,26.167084177349555
2401.0,26.168939641070256
2411.0,26.170767693879444
2421.0,26.172569032625702
2431.0,26.1743443354633
2441.0,26.176094262369723
2451.0,26.177819455648756
2461.0,26.17952054013782
2471.0,26.18119812329464
2481.0,26.182852796275842
2491.0,26.184485134483626
2501.0,26.186095698000024
2511.0,26.187685032009004
2521.0,26.18925366720671
2531.0,26.190802120039255
2541.0,26.19233089254332
2551.0,26.193840473284958
2561.0,26.195331337917
2571.0,26.196803949533194
2581.0,26.198258759012308
2591.0,26.19969620535263
,
1.0,0.029688077199553582
11.0,0.32478007697794126
21.0,0.6166447924003511
31.0,0.9053176162849395
41.0,1.1908335110003812
51.0,1.4732270337985052
61.0,1.7525323511781157
71.0,2.028783248426408
81.0,2.579335684431374
91.0,3.1610131592396664
101.0,3.7431918596096754
111.0,4.325888143659351
121.0,4.909119262576389
131.0,5.492903459153137
141.0,6.0772600781412285
151.0,6.591009485278487
161.0,7.074764935331882
171.0,7.559040398124536
181.0,8.043852363504964
191.0,8.529218379444389
201.0,9.015157159735741
211.0,9.50168870666805
221.0,9.91024441906904
231.0,10.240688797859043
241.0,10.571572427223733
251.0,10.902907195750458
261.0,11.234705665042858
271.0,11.56698112678153
281.0,11.899747666596985
291.0,12.200261849600064
301.0,12.424748141891719
311.0,12.649591436823021
321.0,12.874799876911153
331.0,13.100381991828199
341.0,13.326346725332119
351.0,13.552703464843399
361.0,13.77675403873605
371.0,13.975409698564533
381.0,14.171889636268123
391.0,14.366218472795495
401.0,14.558420263279597
411.0,14.748518630047627
421.0,14.93653683349291
431.0,15.122497813230458
441.0,15.33123348219505
451.0,15.542829162697842
461.0,15.754644928969233
471.0,15.96668582334824
481.0,16.178957233009857
491.0,16.39146491246442
501.0,16.60421500961536
511.0,16.81030298778903
521.0,17.013673539720703
531.0,17.217292776599468
541.0,17.421167301617164
551.0,17.62530425616763
561.0,17.829711366248482
571.0,18.03439699678285
581.0,18.21549655812482
591.0,18.37150593828305
601.0,18.525811647616802
611.0,18.678432491156183
621.0,18.82938708162319
631.0,18.978693843336995
641.0,19.126371016338112
651.0,19.27242952883072
661.0,19.416876598754033
671.0,19.559745825173955
681.0,19.701054566182155
691.0,19.84081999666665
701.0,19.97905911104699
711.0,20.115788726066935
721.0,20.251023526047202
731.0,20.384763701473005
741.0,20.517042601510955
751.0,20.647876262721713
761.0,20.777280549220155
771.0,20.90527115481993
781.0,21.031863605178927
791.0,21.157073259948753
801.0,21.273992975000304
811.0,21.384780205789006
821.0,21.490268593817607
831.0,21.59072796730841
841.0,21.686413853221353
851.0,21.777568267393256
861.0,21.864420459674687
871.0,21.94105176937223
881.0,22.01175906265267
891.0,22.079426434537897
901.0,22.144193009798343
911.0,22.20619127005458
921.0,22.265547383631244
931.0,22.32238151849876
941.0,22.37451243392535
951.0,22.423227564370226
961.0,22.47120728582549
971.0,22.5184104840869
981.0,22.564790368238974
991.0,22.610298677294274
1001.0,22.65488837423593
1011.0,22.703424522036947
1021.0,22.76076192336114
1031.0,22.81471519191589
1041.0,22.865491071709908
1051.0,22.913283533668537
1061.0,22.95827458139386
1071.0,23.000635004438774
1081.0,23.040653097911644
1091.0,23.07953466265214
1101.0,23.11668318635577
1111.0,23.15247295643182
1121.0,23.187060099809052
1131.0,23.220500982281226
1141.0,23.2528063663668
1151.0,23.283967967182623
1161.0,23.316658113297343
1171.0,23.34719734860406
1181.0,23.375432569319774
1191.0,23.401564679117595
1201.0,23.425776391325027
1211.0,23.448233920621565
1221.0,23.469088514200255
1231.0,23.48847761160184
1241.0,23.50652443117503
1251.0,23.523340515867392
1261.0,23.539027774827925
1271.0,23.553679336632317
1281.0,23.567380325743418
1291.0,23.580208569732108
1301.0,23.592235152535675
1311.0,23.603523619626245
1321.0,23.614131260388536
1331.0,23.62411075721393
1341.0,23.633510568175637
1351.0,23.642375276674173
1361.0,23.65074591312387
1371.0,23.658660225521015
1381.0,23.66615186767716
1391.0,23.673250902332676
1401.0,23.679985266835736
1411.0,23.686380914973086
1421.0,23.69246196967835
1431.0,23.698250866648088
1441.0,23.70370717380955
1451.0,23.70838617799604
1461.0,23.712875163060662
1471.0,23.71718537649131
1481.0,23.721327434608803
1491.0,23.725311363536772
1501.0,23.729146639084707
1511.0,23.73284222565339
1521.0,23.735943213716695
1531.0,23.738899382976026
1541.0,23.741768154235206
1551.0,23.744553596441623
1561.0,23.747259611863228
1571.0,23.749889944577962
1581.0,23.75244818912527
1591.0,23.754697963413644
1601.0,23.75679473761548
1611.0,23.75884574974022
1621.0,23.7608525830582
1631.0,23.76281678100097
1641.0,23.764739848019833
1651.0,23.76662325067152
1661.0,23.76834752816799
1671.0,23.769922265742412
1681.0,23.771471812990274
1691.0,23.772996764666214
1701.0,23.774497711045733
1711.0,23.775975237284314
1721.0,23.777429922908826
1731.0,23.778811290710074
1741.0,23.78005639883678
1751.0,23.781287099087766
1761.0,23.782503587539313
1771.0,23.783706064664674
1781.0,23.784894734627596
1791.0,23.786069804645606
1801.0,23.787220480785273
1811.0,23.78839741572742
1821.0,23.789837720566826
1831.0,23.791571002067855
1841.0,23.793639285605455
1851.0,23.796092145028553
1861.0,23.79895417101038
1871.0,23.802170633278976
1881.0,23.805898171247485
1891.0,23.809691829325654
1901.0,23.813513141390143
1911.0,23.817360350466608
1921.0,23.82123174307203
1931.0,23.825125653765635
1941.0,23.829040468854757
1951.0,23.832974805047275
1961.0,23.836928870253768
1971.0,23.840903413215912
1981.0,23.844898856398892
1991.0,23.84891534244881
2001.0,23.852952779115697
2011.0,23.857010878681514
2021.0,23.86109110668725
2031.0,23.865203195270656
2041.0,23.86934557554628
2051.0,23.873514990361336
2061.0,23.87770852329468
2071.0,23.881923563720797
2081.0,23.88615777540114
2091.0,23.890408353297243
2101.0,23.894663932028397
2111.0,23.898924349541158
2121.0,23.90319309948735
2131.0,23.90747296810673
2141.0,23.91176613197022
2151.0,23.916074244166573
2161.0,23.920398510292355
2171.0,23.92474058807165
2181.0,23.929104137681623
2191.0,23.93349242879221
2201.0,23.93790792965995
2211.0,23.94235242431503
2221.0,23.946826611993767
2231.0,23.951325531644482
2241.0,23.95584159391271
2251.0,23.960366927986616
2261.0,23.96489450999184
2271.0,23.969418573665113
2281.0,23.97393441233981
2291.0,23.97843820992108
2301.0,23.982926897290977
2311.0,23.98739780451123
2321.0,23.991846558664864
2331.0,23.996268462688114
2341.0,24.000659857354204
2351.0,24.005017962873577
2361.0,24.00934072964209
2371.0,24.01362671179445
2381.0,24.01787487911293
2391.0,24.022082944160918
2401.0,24.026247818875472
2411.0,24.030367223789376
2421.0,24.034439599418295
2431.0,24.038463981004597
2441.0,24.04243989235744
2451.0,24.04636723712613
2461.0,24.050245092327664
2471.0,24.054071461804487
2481.0,24.057844950368462
2491.0,24.061564757684135
2501.0,24.065230575428927
2511.0,24.06884250003991
2521.0,24.072401006921996
2531.0,24.075914615866186
2541.0,24.079397103420384
2551.0,24.08285868344832
2561.0,24.086308318489074
2571.0,24.08975382399508
2581.0,24.093201962724297
2591.0,24.096658531030254
,
1.0,0.06289283035899647
11.0,0.6922005731855915
21.0,1.3222023437440142
31.0,1.9529053135327448
41.0,2.584318288374203
51.0,3.2164517335076366
61.0,3.8493178162762396
71.0,4.482930467601541
81.0,5.029359830007909
91.0,5.566678626104631
101.0,6.1046654222179555
111.0,6.64333451972512
121.0,7.182701731969053
131.0,7.722784486194125
141.0,8.263601945366355
151.0,8.672233739006032
161.0,8.99133403731253
171.0,9.27829861297272
181.0,9.538550313636513
191.0,9.781311737379562
201.0,10.020833221919993
211.0,10.257730167275337
221.0,10.537657335585443
231.0,10.862825104353863
241.0,11.188342592620621
251.0,11.51421363649253
261.0,11.84044277778572
271.0,12.16703526991513
281.0,12.4939970906175
291.0,12.820573836796665
301.0,13.143743033564762
311.0,13.464167587956455
321.0,13.781807721516921
331.0,14.096622484714372
341.0,14.408569662055534
351.0,14.71760567143748
361.0,15.016941130755047
371.0,15.254405270408924
381.0,15.492184973318603
391.0,15.730287132738273
401.0,15.96871925478476
411.0,16.2074895004523
421.0,16.446606734887855
431.0,16.686080585019734
441.0,16.875542060857306
451.0,17.057515614311036
461.0,17.237501335343175
471.0,17.41552112273777
481.0,17.591596645892142
491.0,17.765749348674095
501.0,17.93800045340866
511.0,18.108352077606263
521.0,18.276834494573198
531.0,18.443476019340654
541.0,18.608296870870976
551.0,18.771317051645983
561.0,18.932556350525328
571.0,19.092034345624008
581.0,19.249758783342674
591.0,19.405742537634175
601.0,19.560015726127208
611.0,19.71259831190554
621.0,19.863509576441405
631.0,20.012768331584358
641.0,20.1603930282388
651.0,20.30641606893985
661.0,20.450872245456896
671.0,20.593744997138398
681.0,20.735051941916254
691.0,20.874810456456107
701.0,21.01303769477036
711.0,21.14975060103543
721.0,21.284965930345475
731.0,21.418701924913105
741.0,21.55097605531686
751.0,21.681804367239312
761.0,21.811202727502316
771.0,21.939186826547218
781.0,22.065772180829462
791.0,22.190974135136425
801.0,22.314807815965327
811.0,22.43728815353811
821.0,22.55536180170007
831.0,22.66352559446434
841.0,22.762533832295446
851.0,22.853220355623435
861.0,22.93634047010752
871.0,23.01265649855407
881.0,23.082978509143572
891.0,23.14781723610547
901.0,23.207627146209656
911.0,23.26282530594719
921.0,23.313794437310403
931.0,23.360885725652913
941.0,23.4045409144802
951.0,23.445724741920998
961.0,23.484696624618135
971.0,23.521534763291612
981.0,23.55627939992152
991.0,23.588971865205238
1001.0,23.619659079971036
1011.0,23.648363042834898
1021.0,23.674704593536404
1031.0,23.698761674593243
1041.0,23.720775476660076
1051.0,23.740961082866225
1061.0,23.759510349684096
1071.0,23.776594464233455
1081.0,23.792434609259093
1091.0,23.81398886346943
1101.0,23.844396149720183
1111.0,23.88185221843798
1121.0,23.92480961319035
1131.0,23.97194588319827
1141.0,24.022135468126706
1151.0,24.074424839628485
1161.0,24.127833667405618
1171.0,24.18154589013248
1181.0,24.235163738663413
1191.0,24.28835502484729
1201.0,24.34084279393482
1211.0,24.39239845887911
1221.0,24.44283571169661
1231.0,24.49201216673323
1241.0,24.539828330118617
1251.0,24.586190358548123
1261.0,24.631028293652427
1271.0,24.674294033805058
1281.0,24.71595819352539
1291.0,24.756007336132154
1301.0,24.794637249926403
1311.0,24.832829598700343
1321.0,24.87030941820308
1331.0,24.90665387629259
1341.0,24.941511038099488
1351.0,24.974595251994263
1361.0,25.0056805398662
1371.0,25.034444203618424
1381.0,25.05838075411561
1391.0,25.07769967586279
1401.0,25.093501545308143
1411.0,25.106599067694813
1421.0,25.11757322378613
1431.0,25.126821525395567
1441.0,25.134593770703827
1451.0,25.141970370743742
1461.0,25.149687126459202
1471.0,25.15764298180593
1481.0,25.16575442652883
1491.0,25.173952792153827
1501.0,25.182181949271868
1511.0,25.190396346972186
1521.0,25.20294777925583
1531.0,25.22401791864623
1541.0,25.252240997098607
1551.0,25.286410163661234
1561.0,25.325451985429027
1571.0,25.368414597883703
1581.0,25.414456749781348
1591.0,25.462761090436214
1601.0,25.512393179432454
1611.0,25.562678784806177
1621.0,25.613079326474118
1631.0,25.663160749298694
1641.0,25.712576865788915
1651.0,25.761055196705946
1661.0,25.808384848949125
1671.0,25.854404436325705
1681.0,25.898994026645912
1691.0,25.942069833048716
1701.0,25.98357794051638
1711.0,26.023488933454182
1721.0,26.06179335865144
1731.0,26.098497879345096
1741.0,26.13362078043448
1751.0,26.16718902058494
1761.0,26.199237976649467
1771.0,26.229809600467334
1781.0,26.258950760188995
1791.0,26.286711862986774
1801.0,26.313145716476182
1811.0,26.338305782722433
1821.0,26.36224465300914
1831.0,26.385015295933915
1841.0,26.406670681214145
1851.0,26.427263320602354
1861.0,26.446844904314045
1871.0,26.46546601786199
1881.0,26.48318841358585
1891.0,26.500502386324122
1901.0,26.51783624224687
1911.0,26.535386187685326
1921.0,26.553139678564882
1931.0,26.57090561588353
1941.0,26.58848991743506
1951.0,26.605557101786015
1961.0,26.62160821469309
1971.0,26.63670181362099
1981.0,26.650920534743786
1991.0,26.66433886551287
2001.0,26.677024035296878
2011.0,26.689036802958146
2021.0,26.700432432569723
2031.0,26.711263243464895
2041.0,26.72157610694149
2051.0,26.731413228632967
2061.0,26.74081290462706
2071.0,26.74980992787437
2081.0,26.758435948964827
2091.0,26.766719832278145
2101.0,26.774689184903302
2111.0,26.78237012417599
2121.0,26.78978627693494
2131.0,26.796959097749365
2141.0,26.803908089301725
2151.0,26.810650998744514
2161.0,26.817203993203652
2171.0,26.823582568872073
2181.0,26.829802580581525
2191.0,26.8358785188599
2201.0,26.84182341121704
2211.0,26.8476489773378
2221.0,26.853365767372207
2231.0,26.858983285202928
2241.0,26.86453544673976
2251.0,26.87005443874954
2261.0,26.875529022552758
2271.0,26.880949802016293
2281.0,26.886309263908192
2291.0,26.89160150423
2301.0,26.89682198856752
2311.0,26.90195356366519
2321.0,26.906962749103865
2331.0,26.911861984629386
2341.0,26.916664705201985
2351.0,26.92138271073817
2361.0,26.92602635670318
2371.0,26.930604723101908
2381.0,26.935130093332877
2391.0,26.93963104389419
2401.0,26.944107701968715
2411.0,26.94855628872498
2421.0,26.952973860976545
2431.0,26.957358186596654
2441.0,26.961707635801552
2451.0,26.9660196222555
2461.0,26.9702735330594
2471.0,26.974470879133595
2481.0,26.978620796904615
2491.0,26.982731166637183
2501.0,26.986808765601104
2511.0,26.990859403684812
2521.0,26.994888174800348
2531.0,26.998913242262947
2541.0,27.002941934658537
2551.0,27.00697025223255
2561.0,27.010994860782
2571.0,27.015013002415667
2581.0,27.019022417081043
2591.0,27.023021273629038
,
1.0,0.06109550173032492
11.0,0.6451722971496361
21.0,1.184776400239529
31.0,1.6853517069850124
41.0,2.1514490727210265
51.0,2.5869066930302216
61.0,2.994987786458967
71.0,3.3784870451440567
81.0,3.748524378522744
91.0,4.118678086888208
101.0,4.4890661859426135
111.0,4.859695619383244
121.0,5.230573345763084
131.0,5.601706369819378
141.0,5.973101772575557
151.0,6.344766583555076
161.0,6.716707199349807
171.0,7.088930272493272
181.0,7.461442724649926
191.0,7.834251742556071
201.0,8.207364803026914
211.0,8.580789699721155
221.0,8.954534491583997
231.0,9.328606793564193
241.0,9.703014625183778
251.0,10.07776657322015
261.0,10.452871750989681
271.0,10.828339839267587
281.0,11.204181132757295
291.0,11.572832864296377
301.0,11.913595366581552
311.0,12.239181545454139
321.0,12.550510848107042
331.0,12.848433013019152
341.0,13.133734380268589
351.0,13.407143540490503
361.0,13.671048369879943
371.0,13.945650969432068
381.0,14.22053986218898
391.0,14.495722124735419
401.0,14.771205374061072
411.0,15.04699780727011
421.0,15.323108247903917
431.0,15.599546199868414
441.0,15.80250933469324
451.0,15.984458434880114
461.0,16.164411140302835
471.0,16.34239090482971
481.0,16.51842030040184
491.0,16.69252136539727
501.0,16.864715971977216
511.0,17.035029897054518
521.0,17.20348342888766
531.0,17.37009542958938
541.0,17.534886028617166
551.0,17.697875136500457
561.0,17.85908244718573
571.0,18.018527440358415
581.0,18.176229407960136
591.0,18.33220758310502
601.0,18.486480835395305
611.0,18.639067793269028
621.0,18.7899868834776
631.0,18.939256333195484
641.0,19.08689417211257
651.0,19.232918243983185
661.0,19.377346400967845
671.0,19.520196158446584
681.0,19.661484753559364
691.0,19.80122924258313
701.0,19.939446543424378
711.0,20.07615341527214
721.0,20.21136643388002
731.0,20.34510177845992
741.0,20.477375508414198
751.0,20.608203688196415
761.0,20.737602204430566
771.0,20.865586768554547
781.0,20.992172919375218
791.0,21.117376025547202
801.0,21.24121112897969
811.0,21.36369300189991
821.0,21.484836535984908
831.0,21.60465646318032
841.0,21.723167353763035
851.0,21.840383618841873
861.0,21.95631951279758
871.0,22.070989029726338
881.0,22.184405759601457
891.0,22.29658349049686
901.0,22.407535890460466
911.0,22.51727647930654
921.0,22.62324687301239
931.0,22.720763400743934
941.0,22.81042843867202
951.0,22.892920785931693
961.0,22.968857008564928
971.0,23.038798677489982
981.0,23.10325746453014
991.0,23.16269972533248
1001.0,23.217550650556635
1011.0,23.268198003372873
1021.0,23.314994339746338
1031.0,23.358260130503687
1041.0,23.398288162721883
1051.0,23.43534606538128
1061.0,23.469678556171793
1071.0,23.501509483847794
1081.0,23.53107924994699
1091.0,23.559944895646645
1101.0,23.588639506732168
1111.0,23.617052485350655
1121.0,23.645091542898022
1131.0,23.67268040047719
1141.0,23.699756756168714
1151.0,23.72627048900563
1161.0,23.750123602371847
1171.0,23.773279638195454
1181.0,23.795942213881954
1191.0,23.81808541550042
1201.0,23.839690483520688
1211.0,23.860744850100133
1221.0,23.88124129897599
1231.0,23.89914782055485
1241.0,23.915766478739098
1251.0,23.9319877490583
1261.0,23.947808992745234
1271.0,23.963229731812206
1281.0,23.97825137197505
1291.0,23.992876957664674
1301.0,24.00611623304822
1311.0,24.018056865099236
1321.0,24.029722556492334
1331.0,24.04111479522925
1341.0,24.052235807578313
1351.0,24.063088467153335
1361.0,24.073676213428882
1371.0,24.083598961066226
1381.0,24.092368282584363
1391.0,24.100953671314656
1401.0,24.109356710849852
1411.0,24.117579272977135
1421.0,24.125623483789642
1431.0,24.133491692902616
1441.0,24.141096327948983
1451.0,24.14780064751466
1461.0,24.1545016755509
1471.0,24.16122088993896
1481.0,24.16797492562071
1491.0,24.174776782812557
1501.0,24.181636589168374
1511.0,24.188562090169672
1521.0,24.23402528044849
1531.0,24.281865651589044
1541.0,24.327780249301703
1551.0,24.371845199591395
1561.0,24.41413520288097
1571.0,24.45472338959228
1581.0,24.493681211604315
1591.0,24.527445002649376
1601.0,24.558825180034187
1611.0,24.589880701338707
1621.0,24.62086480907699
1631.0,24.65192804530403
1641.0,24.683158254508992
1651.0,24.714600526715465
1661.0,24.74904607772625
1671.0,24.785321476808118
1681.0,24.820243726228917
1691.0,24.853808383089362
1701.0,24.88602309072283
1711.0,24.916905229788373
1721.0,24.94647993504152
1731.0,24.974778401813023
1741.0,25.001835325921338
1751.0,25.027687764756283
1761.0,25.05237571429374
1771.0,25.07594127811798
1781.0,25.098427936699
1791.0,25.119879945948913
1801.0,25.140320848220455
1811.0,25.15963672512911
1821.0,25.17806597599644
1831.0,25.195648720216628
1841.0,25.212424575784656
1851.0,25.228432470664625
1861.0,25.243710500228506
1871.0,25.25829582420675
1881.0,25.270405274097964
1891.0,25.281835947224977
1901.0,25.2928175188921
1911.0,25.303369017213353
1921.0,25.31350905758925
1931.0,25.323255813566586
1941.0,25.332626997327154
1951.0,25.340741563580476
1961.0,25.34820186429111
1971.0,25.35541556594567
1981.0,25.362391700663327
1991.0,25.369139119559186
2001.0,25.375666484100304
2011.0,25.381982260236388
2021.0,25.387679499913112
2031.0,25.39280315558562
2041.0,25.397785726446042
2051.0,25.402631542847082
2061.0,25.407344864522667
2071.0,25.41192987666221
2081.0,25.4163906869094
2091.0,25.420568328198446
2101.0,25.424278840194518
2111.0,25.427923884928255
2121.0,25.431509002248415
2131.0,25.43503924165588
2141.0,25.43851920840765
2151.0,25.441953103010768
2161.0,25.445402113576307
2171.0,25.449298544065474
2181.0,25.453104511734924
2191.0,25.456822720589265
2201.0,25.460455808784317
2211.0,25.464006348629596
2221.0,25.467476846769824
2231.0,25.470869744525707
2241.0,25.474051258266016
2251.0,25.477152910500838
2261.0,25.48019134200126
2271.0,25.483167658592702
2281.0,25.48608302445635
2291.0,25.48893865341042
2301.0,25.49173580121249
2311.0,25.494231976973143
2321.0,25.496583361574025
2331.0,25.498898075138268
2341.0,25.501176953306633
2351.0,25.50342081722269
2361.0,25.50563047337896
2371.0,25.50780671350182
2381.0,25.509914371603987
2391.0,25.511955516716863
2401.0,25.513966827435848
2411.0,25.51594854420966
2421.0,25.517900940291945
2431.0,25.51982431826563
2441.0,25.52171900686733
2451.0,25.52352377316197
2461.0,25.52516253808407
2471.0,25.52678217593149
2481.0,25.528382755050895
2491.0,25.529964363733104
2501.0,25.5315271084195
2511.0,25.53307111203709
2521.0,25.534582194355192
2531.0,25.535949201241575
2541.0,25.537303681246126
2551.0,25.538645628023186
2561.0,25.53997504810547
2571.0,25.54129195992173
2581.0,25.542596392874493
2591.0,25.54388838647466
,
1.0,0.050041625209555136
11.0,0.5473226881313286
21.0,1.038913271974983
31.0,1.524827746087207
41.0,2.0050808193156944
51.0,2.4796875204950233
61.0,2.948663180891503
71.0,3.412023418420586
81.0,3.8721991322015645
91.0,4.332718211940855
101.0,4.7936159660181525
111.0,5.254898410855101
121.0,5.716572125594505
131.0,6.178644262381149
141.0,6.641122561398768
151.0,7.062846745753449
161.0,7.368542699612251
171.0,7.618135606236614
181.0,7.862942025775146
191.0,8.105066961857718
201.0,8.34454124786177
211.0,8.581394831385378
221.0,8.815738999381676
231.0,9.047599393987484
241.0,9.276920996445202
251.0,9.50373144538763
261.0,9.72805809734792
271.0,9.94992802944444
281.0,10.169368041924066
291.0,10.386404622038519
301.0,10.601063488484952
311.0,10.813370563751954
321.0,11.023351694687328
331.0,11.23103244873802
341.0,11.436438116387665
351.0,11.639593713594214
361.0,11.840523983618585
371.0,12.039253380145771
381.0,12.23580611364872
391.0,12.430206140183426
401.0,12.622477151575184
411.0,12.812642578025088
421.0,13.000725590716696
431.0,13.186749104422123
441.0,13.370735799219169
451.0,13.552708122634817
461.0,13.732688236506835
471.0,13.910698055525954
481.0,14.086759250621867
491.0,14.260893251589385
501.0,14.43312124970392
511.0,14.603464219745632
521.0,14.771942950715697
531.0,14.938577934949265
541.0,15.103389430784166
551.0,15.26639747106669
561.0,15.427621865686755
571.0,15.587082204094033
581.0,15.74479787011145
591.0,15.90078811017334
601.0,16.055071878546016
611.0,16.207667900162242
621.0,16.35859469220253
631.0,16.507870566468412
641.0,16.65551363173217
651.0,16.801541800789302
661.0,16.945972889713843
671.0,17.088824446525532
681.0,17.23011378052387
691.0,17.369858010040105
701.0,17.50807406460793
711.0,17.644778687109998
721.0,17.779988435895675
731.0,17.913719795931733
741.0,18.045989041620153
751.0,18.176812176109046
761.0,18.30620502728266
771.0,18.434183249707925
781.0,18.56076232655984
791.0,18.68595757152599
801.0,18.80978422385136
811.0,18.932257415281423
821.0,19.053391945488922
831.0,19.17320245092557
841.0,19.291703409192532
851.0,19.408909140734092
861.0,19.52483381051684
871.0,19.639491454254436
881.0,19.752896012241777
891.0,19.8650612176708
901.0,19.976000692169787
911.0,20.085727910608504
921.0,20.194256198628633
931.0,20.301598734887047
941.0,20.407768512304205
951.0,20.512778125234906
961.0,20.61664028815308
971.0,20.71936763603416
981.0,20.820972663783618
991.0,20.921467728491304
1001.0,21.020865051606602
1011.0,21.11917670718317
1021.0,21.216414339603105
1031.0,21.312589668552135
1041.0,21.40771441463266
1051.0,21.50180016962149
1061.0,21.594858398674262
1071.0,21.686900442472194
1081.0,21.777937488822687
1091.0,21.86797772387136
1101.0,21.95703033962962
1111.0,22.045106332900513
1121.0,22.13221656638915
1131.0,22.218371980880004
1141.0,22.3035834928106
1151.0,22.38786179935909
1161.0,22.471217969285988
1171.0,22.553662957069772
1181.0,22.63520673378377
1191.0,22.715859157517702
1201.0,22.795629978936258
1211.0,22.874528842444686
1221.0,22.952565287342694
1231.0,23.029748636264433
1241.0,23.10608791617151
1251.0,23.181592368659803
1261.0,23.256271151056367
1271.0,23.330133317547997
1281.0,23.4031878206501
1291.0,23.47544351261965
1301.0,23.547264396737727
1311.0,23.618587956112133
1321.0,23.68905669573598
1331.0,23.75869207938888
1341.0,23.827513144254464
1351.0,23.895536968875124
1361.0,23.96277903881614
1371.0,24.02925397885511
1381.0,24.09498104242917
1391.0,24.159972433131134
1401.0,24.224237481201424
1411.0,24.2877853148738
1421.0,24.350624870629655
1431.0,24.412764902672603
1441.0,24.474213998343043
1451.0,24.53498130405657
1461.0,24.595075384259278
1471.0,24.65450410604186
1481.0,24.713275225725244
1491.0,24.771396391021927
1501.0,24.828875143155074
1511.0,24.88571891893481
1521.0,24.941935285402774
1531.0,24.99753176077152
1541.0,25.052515390261714
1551.0,25.10689313087551
1561.0,25.16067185560084
1571.0,25.213858354220765
1581.0,25.26645933415052
1591.0,25.318481437666385
1601.0,25.369931268604613
1611.0,25.42081529475377
1621.0,25.47113989976978
1631.0,25.520911389405942
1641.0,25.569811770065403
1651.0,25.615382363773964
1661.0,25.657409428141424
1671.0,25.69624143383182
1681.0,25.732164566906444
1691.0,25.76543296769069
1701.0,25.796277165773382
1711.0,25.824906423567246
1721.0,25.85151083321522
1731.0,25.876262307759976
1741.0,25.899306666370155
1751.0,25.920789277645063
1761.0,25.940846696873383
1771.0,25.959602669921114
1781.0,25.977169427705174
1791.0,25.993648841090035
1801.0,26.009133452910152
1811.0,26.023708409035343
1821.0,26.03745293860096
1831.0,26.050439024017255
1841.0,26.062732016946093
1851.0,26.074391290145073
1861.0,26.085470821133576
1871.0,26.096019715179057
1881.0,26.106096801298918
1891.0,26.115758505763377
1901.0,26.1250350073775
1911.0,26.13395432316311
1921.0,26.142542605017862
1931.0,26.150824242903056
1941.0,26.15882196510398
1951.0,26.166550558671815
1961.0,26.17401582975457
1971.0,26.1812432871832
1981.0,26.188256922381125
1991.0,26.195078185998366
2001.0,26.20172626212757
2011.0,26.208218312781764
2021.0,26.21456978409162
2031.0,26.220796647099654
2041.0,26.22691516350442
2051.0,26.232939641401696
2061.0,26.23888154634559
2071.0,26.2447447846834
2081.0,26.250531007256683
2091.0,26.256246572782874
2101.0,26.2619653788126
2111.0,26.26771489755171
2121.0,26.273478280198205
2131.0,26.27923822679519
2141.0,26.284979821215785
2151.0,26.290690241261732
2161.0,26.2963581973284
2171.0,26.30194098622702
2181.0,26.30741709308457
2191.0,26.312791712348428
2201.0,26.318070002259635
2211.0,26.32325704451898
2221.0,26.328357811954856
2231.0,26.33337714303474
2241.0,26.33831016127484
2251.0,26.343152736921187
2261.0,26.347916828528177
2271.0,26.352612985006132
2281.0,26.357250394690602
2291.0,26.361837048717593
2301.0,26.3663798857007
2311.0,26.370885114229008
2321.0,26.375359934246923
2331.0,26.379811446896202
2341.0,26.384245648399567
2351.0,26.388667565013908
2361.0,26.39308138107967
2371.0,26.39749055189706
2381.0,26.401897977708767
2391.0,26.406307781872542
2401.0,26.41072503555012
2411.0,26.415153868138024
2421.0,26.41959752218828
2431.0,26.42405848243664
2441.0,26.428538588891637
2451.0,26.433039148115988
2461.0,26.437562138320008
2471.0,26.44211086794949
2481.0,26.446687644073915
2491.0,26.451289166698995
2501.0,26.455908808533078
2511.0,26.46054089587762
2521.0,26.46518065918045
2531.0,26.46982309431659
2541.0,26.47446103121194
2551.0,26.479088130673865
2561.0,26.483699344275074
2571.0,26.48829069648162
2581.0,26.492859101161645
2591.0,26.49740220716375
,
1.0,0.06198792523032255
11.0,0.6462537957180272
21.0,1.1735396165696006
31.0,1.6529773309471845
41.0,2.091738502810336
51.0,2.495549002956347
61.0,2.869046724450691
71.0,3.216036138450175
81.0,3.548748275396211
91.0,3.881541913423012
101.0,4.214538963679618
111.0,4.547744784425617
121.0,4.881164704780562
131.0,5.214804049689632
141.0,5.548668163202496
151.0,5.874768881165047
161.0,6.172521402819705
171.0,6.444996293068706
181.0,6.696010815252039
191.0,6.938140267381454
201.0,7.177620933265509
211.0,7.414481950694974
221.0,7.648752264224152
231.0,7.880461025284235
241.0,8.109636358139142
251.0,8.336305959894476
261.0,8.560497225418297
271.0,8.782237250581222
281.0,9.0015528354678
291.0,9.218470506249949
301.0,9.43301679251789
311.0,9.645217719346233
321.0,9.855098914421303
331.0,10.062685727420124
341.0,10.268003232938613
351.0,10.471076233393843
361.0,10.671929261898935
371.0,10.870586748478315
381.0,11.06707281272185
391.0,11.261411173920578
401.0,11.45362529521448
411.0,11.643738386216926
421.0,11.831773412847332
431.0,12.017753140908187
441.0,12.202520340231201
451.0,12.385288815290862
461.0,12.565993988227863
471.0,12.744665622336292
481.0,12.921332315021674
491.0,13.096021617278657
501.0,13.269383986211901
511.0,13.442312564318733
521.0,13.611461762210618
531.0,13.77846574527013
541.0,13.943604458547698
551.0,14.106902237923547
561.0,14.26838279771696
571.0,14.42806926465317
581.0,14.585985055048257
591.0,14.742157071263724
601.0,14.89660717433574
611.0,15.049355904238935
621.0,15.200423381018108
631.0,15.349829334603728
641.0,15.497593130942752
651.0,15.644983986056587
661.0,15.794628854612974
671.0,15.946199582042027
681.0,16.099532346486278
691.0,16.254481198402875
701.0,16.41091597972322
711.0,16.56872050491577
721.0,16.727790969190043
731.0,16.888034115056403
741.0,17.049365878920494
751.0,17.21171104056874
761.0,17.375002208623908
771.0,17.53917897846337
781.0,17.704187191054856
791.0,17.869978280058454
801.0,18.03254929761569
811.0,18.186612595099533
821.0,18.33286939167071
831.0,18.4719788939428
841.0,18.60452206714896
851.0,18.731013278291815
861.0,18.851909917552003
871.0,18.969935933476933
881.0,19.08990133919244
891.0,19.21171231784166
901.0,19.335214452936736
911.0,19.460269925739144
921.0,19.586755607245493
931.0,19.71456138769214
941.0,19.843588651497054
951.0,19.973748324019294
961.0,20.104960314534726
971.0,20.237152812391574
981.0,20.370261359890403
991.0,20.504228071870543
1001.0,20.63900094779453
1011.0,20.774533246439912
1021.0,20.910782326323318
1031.0,21.047709508024514
1041.0,21.18528011416837
1051.0,21.323463007434878
1061.0,21.46223025560822
1071.0,21.60155683542892
1081.0,21.7414203708498
1091.0,21.881800377654944
1101.0,22.02267807150906
1111.0,22.164036910010726
1121.0,22.305862273033345
1131.0,22.44814131896735
1141.0,22.590862859608265
1151.0,22.73401725211077
1161.0,22.87610256560308
1171.0,23.01498831011585
1181.0,23.150708194555012
1191.0,23.283313529805564
1201.0,23.41285557117393
1211.0,23.539385472759495
1221.0,23.662954245176714
1231.0,23.780017406719878
1241.0,23.89537421464463
1251.0,24.01104307486126
1261.0,24.12702154574966
1271.0,24.24330805682936
1281.0,24.359901896665843
1291.0,24.476803210118707
1301.0,24.57517495999125
1311.0,24.65494148565089
1321.0,24.73491540291131
1331.0,24.815097111917986
1341.0,24.89548740393305
1351.0,24.97608746627097
1361.0,25.056898890571205
1371.0,25.133395214841617
1381.0,25.198931593521195
1391.0,25.263753151823536
1401.0,25.32786788412622
1411.0,25.391283704533553
1421.0,25.454008448864663
1431.0,25.51604987672967
1441.0,25.5774116699158
1451.0,25.638062269124255
1461.0,25.698040988462516
1471.0,25.757356934799358
1481.0,25.81601859719562
1491.0,25.87403404211679
1501.0,25.93141102851082
1511.0,25.988157079287014
1521.0,26.04435402865727
1531.0,26.099946266844423
1541.0,26.154932768112488
1551.0,26.20932053839142
1561.0,26.263116523563284
1571.0,26.31632761454927
1581.0,26.368960652861794
1591.0,26.421002592946074
1601.0,26.472469621792357
1611.0,26.523376405063043
1621.0,26.573729362575996
1631.0,26.623534862195385
1641.0,26.672799223701876
1651.0,26.721528723089136
1661.0,26.76971022243068
1671.0,26.81734315029201
1681.0,26.86445092165298
1691.0,26.9110397138081
1701.0,26.957115563573925
1711.0,27.002684385776554
1721.0,27.04775198699065
1731.0,27.09233654426748
1741.0,27.13646306880242
1751.0,27.18010955178313
1761.0,27.223281552782897
1771.0,27.26598458940062
1781.0,27.308224141535586
1791.0,27.34940490818632
1801.0,27.387356464702965
1811.0,27.419077168634615
1821.0,27.448664431902426
1831.0,27.4763059889309
1841.0,27.502167454769243
1851.0,27.526395925809997
1861.0,27.549122843021006
1871.0,27.570466290044333
1881.0,27.592140205549587
1891.0,27.612570889052417
1901.0,27.63172643102454
1911.0,27.64974141014155
1921.0,27.666729338216772
1931.0,27.682787441091644
1941.0,27.698000043157315
1951.0,27.712395461017746
1961.0,27.725912957149017
1971.0,27.738614845726627
1981.0,27.750566205062697
1991.0,27.761826801936532
2001.0,27.772451516653813
2011.0,27.78249073659686
2021.0,27.791990632763515
2031.0,27.8009919441256
2041.0,27.809530921907083
2051.0,27.81764114084157
2061.0,27.825353715711678
2071.0,27.832697470421632
2081.0,27.839699098315176
2091.0,27.84638405178327
2101.0,27.85278816310581
2111.0,27.858940716540666
2121.0,27.864865153397783
2131.0,27.870582825652235
2141.0,27.876113172908727
2151.0,27.881473884182014
2161.0,27.886681199686624
2171.0,27.89177287495635
2181.0,27.896793506633312
2191.0,27.901773308721832
2201.0,27.90673801193294
2211.0,27.911709335324606
2221.0,27.91670532758952
2231.0,27.92174063678102
2241.0,27.926818656564638
2251.0,27.931937164733082
2261.0,27.937097122534293
2271.0,27.94228759428935
2281.0,27.94749805354154
2291.0,27.95271942030568
2301.0,27.95794387535644
2311.0,27.96318143493069
2321.0,27.96845878084667
2331.0,27.973743384542484
2341.0,27.97900336403986
2351.0,27.98421073969787
2361.0,27.989341065555447
2371.0,27.994373053374904
2381.0,27.999275087512178
2391.0,28.00396916580495
2401.0,28.008469532538438
2411.0,28.012802160730725
2421.0,28.016989754854134
2431.0,28.02105214175713
2441.0,28.025006615368895
2451.0,28.028870431306323
2461.0,28.032685202616566
2471.0,28.036454635192804
2481.0,28.04016998295273
2491.0,28.043824064933812
2501.0,28.047411030041125
2511.0,28.05092614837912
2521.0,28.054365417520003
2531.0,28.057701501434785
2541.0,28.06093191545737
2551.0,28.06407575234199
2561.0,28.067149440824426
2571.0,28.070167073974
2581.0,28.07314069767561
2591.0,28.076080564273663
,
1.0,0.05845777378525939
11.0,0.5369090429512442
21.0,0.8898968619912846
31.0,1.1816414469796297
41.0,1.4671717798577888
51.0,1.7495776980290256
61.0,2.0288937970025653
71.0,2.305154329368037
81.0,2.578400034023441
91.0,2.8486591687447764
101.0,3.1159636676986078
111.0,3.3803458157614945
121.0,3.6418375467680084
131.0,3.9004704472652008
141.0,4.156275760228004
151.0,4.4092843366281835
161.0,4.659526604950698
171.0,4.907032796876923
181.0,5.151832822342371
191.0,5.393956265127527
201.0,5.633432386335226
211.0,5.870290127838764
221.0,6.105166068626311
231.0,6.338011607530839
241.0,6.56822773193797
251.0,6.795849565256726
261.0,7.020911423876698
271.0,7.243446848416937
281.0,7.463488633962381
291.0,7.6810688658950355
301.0,7.89621908577776
311.0,8.110835246282186
321.0,8.326646356626075
331.0,8.543567025224663
341.0,8.761518421805919
351.0,8.980427860762177
361.0,9.200228392805425
371.0,9.42085865235694
381.0,9.642262940121066
391.0,9.864390048902218
401.0,10.087193076990195
411.0,10.310627782031604
421.0,10.53464729975981
431.0,10.759208283056942
441.0,10.985579844136566
451.0,11.21401527195838
461.0,11.444266039696666
471.0,11.676168522987274
481.0,11.909578020231175
491.0,12.144366439033336
501.0,12.380420286211791
511.0,12.617638789718916
521.0,12.855931762168643
531.0,13.095219002823669
541.0,13.335429266790245
551.0,13.576499221691583
561.0,13.818372550736752
571.0,14.060999167879864
581.0,14.304334470023997
591.0,14.548338089961634
601.0,14.792973940172487
611.0,15.038209999790556
621.0,15.284017853257003
631.0,15.530372323460822
641.0,15.77725114934561
651.0,16.02424051715088
661.0,16.265215943921152
671.0,16.4983717441124
681.0,16.724060222651573
691.0,16.94261329633533
701.0,17.154343954623865
711.0,17.359547595949227
721.0,17.55853490477054
731.0,17.75525193764326
741.0,17.95228963294393
751.0,18.149639305018226
761.0,18.347293523222806
771.0,18.545245999813854
781.0,18.74349149218499
791.0,18.94202571783668
801.0,19.14084498648624
811.0,19.339945733352817
821.0,19.53932534840498
831.0,19.73898199831842
841.0,19.93891457667331
851.0,20.13912266699915
861.0,20.339606512824464
871.0,20.54034843956718
881.0,20.74129460159596
891.0,20.942440592997787
901.0,21.143785889007045
911.0,21.345330450708847
921.0,21.54707471270485
931.0,21.749019575468935
941.0,21.939666570879705
951.0,22.119061715320278
961.0,22.298723076601362
971.0,22.478654963834778
981.0,22.658862280613445
991.0,22.839350554828265
1001.0,23.020125975936953
1011.0,23.183701947041893
1021.0,23.306696215065028
1031.0,23.42989630687946
1041.0,23.553305936479685
1051.0,23.67692915095938
1061.0,23.800770349672423
1071.0,23.9248343065846
1081.0,24.045747040447022
1091.0,24.135804400817523
1101.0,24.2248747572381
1111.0,24.312969043804706
1121.0,24.400098059289498
1131.0,24.486272471254498
1141.0,24.5715028196127
1151.0,24.655799519751085
1161.0,24.740022784794025
1171.0,24.822493596598566
1181.0,24.904053232056604
1191.0,24.984714268030746
1201.0,25.06448806761391
1211.0,25.14338539521333
1221.0,25.22141688327218
1231.0,25.298599663650872
1241.0,25.374941247629078
1251.0,25.450448257607302
1261.0,25.525129831548593
1271.0,25.598995007348165
1281.0,25.67205272394442
1291.0,25.744311822418343
1301.0,25.81578106885429
1311.0,25.886469269460868
1321.0,25.95638499569238
1331.0,26.025536693032812
1341.0,26.09393271553997
1351.0,26.16158132681311
1361.0,26.228490700952495
1371.0,26.294668932110785
1381.0,26.36012421015938
1391.0,26.42486450656286
1401.0,26.48889762623713
1411.0,26.552231290932376
1421.0,26.61487314004027
1431.0,26.67683073166685
1441.0,26.738111568772556
1451.0,26.798723044006806
1461.0,26.85867249152211
1471.0,26.917967225315078
1481.0,26.976614477243466
1491.0,27.034621398573467
1501.0,27.09199506145101
1511.0,27.14874246030867
1521.0,27.20487036293958
1531.0,27.26038536448205
1541.0,27.315294253921888
1551.0,27.36960374857655
1561.0,27.423320491387468
1571.0,27.476451052415413
1581.0,27.52900193028135
1591.0,27.580979453931175
1601.0,27.632389647512433
1611.0,27.683238795931945
1621.0,27.7335331437051
1631.0,27.78327886757353
1641.0,27.832112831088477
1651.0,27.87758681562281
1661.0,27.919530227421166
1671.0,27.95824767693788
1681.0,27.99401508000277
1691.0,28.0270838498239
1701.0,28.057683172548497
1711.0,28.08602203038908
1721.0,28.112291037010685
1731.0,28.136664080662655
1741.0,28.15929865010232
1751.0,28.18033715894036
1761.0,28.199909865458626
1771.0,28.218136007509006
1781.0,28.235124766674204
1791.0,28.250976147541056
1801.0,28.2657817797617
1811.0,28.279624841831435
1821.0,28.292580212504216
1831.0,28.30471673822856
1841.0,28.31609780120747
1851.0,28.32678177851404
1861.0,28.336822464542827
1871.0,28.346269460070584
1881.0,28.354317071469893
1891.0,28.36184539182065
1901.0,28.368982166000833
1911.0,28.37575393481114
1921.0,28.38218542800396
1931.0,28.38829970140569
1941.0,28.394118265216452
1951.0,28.39910815543986
1961.0,28.403654629429713
1971.0,28.4080154927868
1981.0,28.412201310114167
1991.0,28.416222040988373
2001.0,28.420087079362272
2011.0,28.423805290962857
2021.0,28.42713857670696
2031.0,28.430118333177184
2041.0,28.433003994933088
2051.0,28.435799980396446
2061.0,28.43851049717018
2071.0,28.441139553547153
2081.0,28.443690969569385
2091.0,28.44607239918069
2101.0,28.44817077581628
2111.0,28.45021855088362
2121.0,28.4522176445859
2131.0,28.454169901454513
2141.0,28.456077093646986
2151.0,28.457940924154475
2161.0,28.459741706979035
2171.0,28.461319222646665
2181.0,28.46287413332929
2191.0,28.464407950077494
2201.0,28.465922108361223
2211.0,28.467417971404178
2221.0,28.468896833329172
2231.0,28.470359922130612
2241.0,28.471920232378213
2251.0,28.473467808098093
2261.0,28.47499026158682
2271.0,28.47648822068457
2281.0,28.477962304191553
2291.0,28.479413121547186
2301.0,28.480841272606607
2311.0,28.48213428562429
2321.0,28.48336308149854
2331.0,28.484577388332735
2341.0,28.48577743398603
2351.0,28.486963447727593
2361.0,28.48813565972367
2371.0,28.48929430057863
2381.0,28.490385473628844
2391.0,28.491430852706074
2401.0,28.492494188208827
2411.0,28.493578144582113
2421.0,28.494685159077903
2431.0,28.495817487118355
2441.0,28.496977224984388
2451.0,28.498307831711283
2461.0,28.499969600603965
2471.0,28.50161604348762
2481.0,28.503246689082022
2491.0,28.50486118044215
2501.0,28.506459264415668
2511.0,28.50804078233786
2521.0,28.50958394417181
2531.0,28.510919217347936
2541.0,28.512245192545517
2551.0,28.513561466894505
2561.0,28.51486770217036
2571.0,28.516163619505505
2581.0,28.51744899460056
2591.0,28.518723653401967
,
1.0,0.03980294041469222
11.0,0.4374474716861225
21.0,0.834384636780215
31.0,1.2306035353305658
41.0,1.6260931799466098
51.0,2.020842465805128
61.0,2.414840141870092
71.0,2.808074783399888
81.0,3.2009624887524244
91.0,3.5941236050570895
101.0,3.987566781909672
111.0,4.381295736516294
121.0,4.775314505469388
131.0,5.169627442277358
141.0,5.5642392174120445
151.0,5.959154667647579
161.0,6.354378195198051
171.0,6.7499146143401125
181.0,7.14576915891741
191.0,7.541947461585654
201.0,7.938455562532923
211.0,8.335299921323767
221.0,8.732487354254337
231.0,9.130024326733595
241.0,9.527917757173029
251.0,9.926175181803538
261.0,10.32480470660424
271.0,10.723815036883623
281.0,11.123215512369516
291.0,11.52034240878457
301.0,11.877064249233495
311.0,12.189957920294123
321.0,12.467892269603842
331.0,12.71735642441484
341.0,12.943231482800481
351.0,13.150047260970585
361.0,13.350911105682757
371.0,13.549577764837567
381.0,13.746072915026586
391.0,13.940420395959569
401.0,14.132643785452435
411.0,14.32276640303015
421.0,14.51081131344668
431.0,14.696801330133809
441.0,14.880758839555703
451.0,15.06382910503721
461.0,15.24706839556441
471.0,15.430478596302608
481.0,15.614061790875569
491.0,15.797820257244528
501.0,15.981756465225583
511.0,16.1658729242118
521.0,16.35017158723502
531.0,16.534654682527762
541.0,16.719324712324454
551.0,16.904184425417416
561.0,17.089236817925208
571.0,17.274485136051943
581.0,17.459728548231702
591.0,17.643738213119523
601.0,17.826297235646063
611.0,18.007392204238144
621.0,18.18700945225544
631.0,18.36513503786739
641.0,18.54175472357019
651.0,18.71693231342356
661.0,18.891894714732565
671.0,19.06707103481769
681.0,19.242465578009895
691.0,19.418083062164843
701.0,19.59392864114486
711.0,19.77000793215493
721.0,19.942858313940423
731.0,20.084708694229473
741.0,20.226759892355727
751.0,20.369016376050695
761.0,20.51148299412642
771.0,20.654165003417287
781.0,20.79706810036561
791.0,20.940198457970176
801.0,21.065930923099828
811.0,21.18843180524053
821.0,21.309595204835
831.0,21.42943589692125
841.0,21.547968505408416
851.0,21.66520750606252
861.0,21.781167229639056
871.0,21.895845658127715
881.0,22.009264816233078
891.0,22.12144521258258
901.0,22.23240047786821
911.0,22.34214409858887
921.0,22.4506894191279
931.0,22.558049643862155
941.0,22.66422857126622
951.0,22.76923843841159
961.0,22.873101020689006
971.0,22.975828908340535
981.0,23.07743455594441
991.0,23.177727908502515
1001.0,23.273908072765668
1011.0,23.36217646246993
1021.0,23.439189098292427
1031.0,23.512694214359044
1041.0,23.582862065292048
1051.0,23.649854291001216
1061.0,23.71382437050763
1071.0,23.774918051098204
1081.0,23.832697596321704
1091.0,23.882929171201454
1101.0,23.93110164718556
1111.0,23.977305093674318
1121.0,24.02162546602431
1131.0,24.06414480077921
1141.0,24.10494140133184
1151.0,24.144090014501252
1161.0,24.182240527364474
1171.0,24.226120891606815
1181.0,24.274358329162943
1191.0,24.32546332783059
1201.0,24.378232878592666
1211.0,24.431695426952146
1221.0,24.485062275064298
1231.0,24.541769991849982
1241.0,24.596272858271885
1251.0,24.646582984240606
1261.0,24.69300701460104
1271.0,24.735832708587015
1281.0,24.77532981121804
1291.0,24.811750891331947
1301.0,24.845847650603037
1311.0,24.88058867309576
1321.0,24.91606159951802
1331.0,24.95190434585804
1341.0,24.987811983509058
1351.0,25.023529568831847
1361.0,25.05884579341524
1371.0,25.09359963446147
1381.0,25.127820922381765
1391.0,25.16139384262613
1401.0,25.194167628054238
1411.0,25.22602561369317
1421.0,25.256880174331158
1431.0,25.28666831086773
1441.0,25.315346711752643
1451.0,25.342774675175427
1461.0,25.36890946854471
1471.0,25.393807857185237
1481.0,25.417525485402894
1491.0,25.440116752114555
1501.0,25.461634706674083
1511.0,25.482130963004817
1521.0,25.503445541305965
1531.0,25.527596452266312
1541.0,25.553788102973087
1551.0,25.581308842410017
1561.0,25.60954240354714
1571.0,25.637959547029705
1581.0,25.66610974333911
1591.0,25.69340663815538
1601.0,25.719154219548027
1611.0,25.74349663412369
1621.0,25.766598528979692
1631.0,25.788598625832055
1641.0,25.809613514478137
1651.0,25.829740937232856
1661.0,25.84908066726267
1671.0,25.867812615796954
1681.0,25.885982982455833
1691.0,25.903609696899554
1701.0,25.920709005950872
1711.0,25.937295786503267
1721.0,25.953383811064466
1731.0,25.969383163654715
1741.0,25.99099792800934
1751.0,26.01909307151194
1761.0,26.052510739637412
1771.0,26.090239737201482
1781.0,26.131385737474563
1791.0,26.173467713507563
1801.0,26.215071773582263
1811.0,26.256197226068622
1821.0,26.29684740835492
1831.0,26.337030568335678
1841.0,26.37675446695795
1851.0,26.416026441059003
1861.0,26.454853456504413
1871.0,26.493242153253274
1881.0,26.531201250635707
1891.0,26.568739505604615
1901.0,26.605861645034196
1911.0,26.64257232227179
1921.0,26.678876147992252
1931.0,26.714777689864057
1941.0,26.75028147223268
1951.0,26.785391933543064
1961.0,26.82011341658934
1971.0,26.85445034198571
1981.0,26.88840708863498
1991.0,26.921987987320055
2001.0,26.955197320767912
2011.0,26.988039323744015
2021.0,27.020518183395083
2031.0,27.05195262396127
2041.0,27.081779767214627
2051.0,27.110099903122585
2061.0,27.137005071709428
2071.0,27.16257997800238
2081.0,27.186902792606126
2091.0,27.210046154059206
2101.0,27.23208331933857
2111.0,27.25307904473498
2121.0,27.27309147354382
2131.0,27.29217494654576
2141.0,27.310380356499397
2151.0,27.32775545962146
2161.0,27.344346943502085
2171.0,27.360384140092346
2181.0,27.37594726999719
2191.0,27.390968165241425
2201.0,27.405394404027593
2211.0,27.419187189421596
2221.0,27.43231939127355
2231.0,27.444773746757345
2241.0,27.45643956854272
2251.0,27.467232810316627
2261.0,27.477259618945027
2271.0,27.48661379824603
2281.0,27.49537687675882
2291.0,27.503619699385496
2301.0,27.511403813678854
2311.0,27.518796701893983
2321.0,27.525877744483665
2331.0,27.53267128180814
2341.0,27.539196725290186
2351.0,27.545472119078095
2361.0,27.551514239388066
2371.0,27.5573386864495
2381.0,27.56295695711966
2391.0,27.568369155506122
2401.0,27.573596068336403
2411.0,27.578659047371115
2421.0,27.58357669831415
2431.0,27.58836522490566
2441.0,27.593038730791957
2451.0,27.597609716794576
2461.0,27.602093529019726
2471.0,27.60650112472315
2481.0,27.61084043247805
2491.0,27.615118355990496
2501.0,27.619340902518566
2511.0,27.623513295832257
2521.0,27.627640079001875
2531.0,27.631726802560358
2541.0,27.635778778491325
2551.0,27.639799761919164
2561.0,27.6437929844346
2571.0,27.647761220957307
2581.0,27.651706848644253
2591.0,27.65563189876858
,
1.0,0.06194479684242813
11.0,0.677470646992563
21.0,1.2858486108959086
31.0,1.8870544237172995
41.0,2.4810633954120007
51.0,3.067850393529027
61.0,3.6473898253115298
71.0,4.219655619032165
81.0,4.698352775107759
91.0,5.167669847317515
101.0,5.637603003891966
111.0,6.108168923575222
121.0,6.579385293591469
131.0,7.051270895014159
141.0,7.523845698856883
151.0,7.879765921839333
161.0,8.157940634068973
171.0,8.410165080173746
181.0,8.654977997546274
191.0,8.897111719412782
201.0,9.13659575818447
211.0,9.3734592651146
221.0,9.700253307843305
231.0,10.119245405786822
241.0,10.538674166698069
251.0,10.95855215777871
261.0,11.378892944007264
271.0,11.799711179401863
281.0,12.221022713462816
291.0,12.602489051718676
301.0,12.890208181762414
311.0,13.178293913672585
321.0,13.466755862883968
331.0,13.755604289606984
341.0,14.044850152408992
351.0,14.33450516920638
361.0,14.615543242933521
371.0,14.814223819406777
381.0,15.01098368624346
391.0,15.207684233931623
401.0,15.404697897237604
411.0,15.602032361151466
421.0,15.799695751056909
431.0,15.9976966667064
441.0,16.18298471271171
451.0,16.364930082121028
461.0,16.544887152345005
471.0,16.722877731553034
481.0,16.898923392936048
491.0,17.073045477601735
501.0,17.245265097470295
511.0,17.415591448463594
521.0,17.5840512350174
531.0,17.750669749200696
541.0,17.91546715910722
551.0,18.07846341366371
561.0,18.239678245127354
571.0,18.39913117156347
581.0,18.556835072127654
591.0,18.712808726506122
601.0,18.867077326614215
611.0,19.019659533357522
621.0,19.17057380406658
631.0,19.31983839475077
641.0,19.467471362329054
651.0,19.613487670009636
661.0,19.757900973531196
671.0,19.900735418060687
681.0,20.04109124905177
691.0,20.176105930232055
701.0,20.305782907316978
711.0,20.430345406683347
721.0,20.549099068318395
731.0,20.655352699638414
741.0,20.757744491192025
751.0,20.856422566889112
761.0,20.95152913205488
771.0,21.043200718405316
781.0,21.13156841856213
791.0,21.21675811056645
801.0,21.294427006636155
811.0,21.368996009285805
821.0,21.441070830286773
831.0,21.510739425532552
841.0,21.578086527222528
851.0,21.64319376598591
861.0,21.706139788241128
871.0,21.765020776737458
881.0,21.821209816183853
891.0,21.875645792598576
901.0,21.928386251098853
911.0,21.97948678078907
921.0,22.02900108327771
931.0,22.07698103872858
941.0,22.12290535888471
951.0,22.16692502415249
961.0,22.209684949940392
971.0,22.251221800577493
981.0,22.291571172706565
991.0,22.330767626389623
1001.0,22.36884471530693
1011.0,22.405835016094944
1021.0,22.44177015675928
1031.0,22.476680843404143
1041.0,22.510596887839736
1051.0,22.543547233841142
1061.0,22.57555998243468
1071.0,22.606662416447246
1081.0,22.636881024342117
1091.0,22.666241523378364
1101.0,22.694768881214227
1111.0,22.722487338261836
1121.0,22.74942042920944
1131.0,22.775591003577205
1141.0,22.801021245674033
1151.0,22.825732693972835
1161.0,22.849746259944855
1171.0,22.873082245625568
1181.0,22.895760361556196
1191.0,22.91779974450856
1201.0,22.939218974198102
1211.0,22.960036089507355
1221.0,22.980268604236652
1231.0,22.999933522415404
1241.0,23.019047352622668
1251.0,23.037626122299507
1261.0,23.055685392379058
1271.0,23.073240270893713
1281.0,23.09030542616359
1291.0,23.106895099600695
1301.0,23.123023118153718
1311.0,23.13870290601358
1321.0,23.153947495962623
1331.0,23.168769541453678
1341.0,23.183181327719648
1351.0,23.197194782494602
1361.0,23.21082148642261
1371.0,23.2240726831696
1381.0,23.23695928901616
1391.0,23.249491901815546
1401.0,23.261680810933182
1411.0,23.273536006363113
1421.0,23.285067187443293
1431.0,23.296283771317057
1441.0,23.307194901148748
1451.0,23.317809453990762
1461.0,23.328136047861936
1471.0,23.338183049840957
1481.0,23.34795858361259
1491.0,23.35747053655226
1501.0,23.366726566604335
1511.0,23.375734108960096
1521.0,23.3845003824916
1531.0,23.393032395409268
1541.0,23.40133695171544
1551.0,23.409420657530195
1561.0,23.417289926851918
1571.0,23.424950987148513
1581.0,23.432409884785702
1591.0,23.43967249028076
1601.0,23.44674450287621
1611.0,23.45363145557242
1621.0,23.460338720479466
1631.0,23.46687151351406
1641.0,23.473234898944238
1651.0,23.479433793801796
1661.0,23.485472972164715
1671.0,23.49135706890407
1681.0,23.497090583509806
1691.0,23.502677884636803
1701.0,23.508123213959816
1711.0,23.51343068986741
1721.0,23.518604311048396
1731.0,23.523647959975605
1741.0,23.52856540601505
1751.0,23.533360308262328
1761.0,23.538036219381635
1771.0,23.542596588810774
1781.0,23.547044765763395
1791.0,23.55138400214378
1801.0,23.55561745537713
1811.0,23.559748191006815
1821.0,23.563779184772965
1831.0,23.56771332577965
1841.0,23.571553419219416
1851.0,23.57530218881306
1861.0,23.578962279178466
1871.0,23.58253625813045
1881.0,23.586026618840318
1891.0,23.589435781396627
1901.0,23.59276609529073
1911.0,23.596019841806815
1921.0,23.59919923600582
1931.0,23.60230642865029
1941.0,23.60534350807323
1951.0,23.608312501964136
1961.0,23.61121537859056
1971.0,23.6140540486277
1981.0,23.616830367303063
1991.0,23.61954613602039
2001.0,23.62220310392355
2011.0,23.624802969414905
2021.0,23.627347381623053
2031.0,23.629837941412347
2041.0,23.632276202615945
2051.0,23.634663673973918
2061.0,23.63700182048554
2071.0,23.639292064679683
2081.0,23.641535787848216
2091.0,23.643734331243863
2101.0,23.645888996958366
2111.0,23.64800104865392
2121.0,23.650071713286938
2131.0,23.652102182272454
2141.0,23.654093612515812
2151.0,23.656047127414414
2161.0,23.657963817830385
2171.0,23.65984474287333
2181.0,23.66169093026402
2191.0,23.6635033777917
2201.0,23.66528305437205
2211.0,23.66703090088483
2221.0,23.66874783098715
2231.0,23.67043473190318
2241.0,23.67209246511084
2251.0,23.67372186650022
2261.0,23.67532374748261
2271.0,23.676898896016898
2281.0,23.678448077290618
2291.0,23.67997203438011
2301.0,23.681471488891408
2311.0,23.68294714155075
2321.0,23.684399672279913
2331.0,23.685829740917736
2341.0,23.6872379882495
2351.0,23.688625036570553
2361.0,23.689991490221843
2371.0,23.69133793610988
2381.0,23.69266494420359
2391.0,23.693973067607864
2401.0,23.695262842904253
2411.0,23.696534791178106
2421.0,23.697789418506694
2431.0,23.699027216393436
2441.0,23.70024866218952
2451.0,23.701454219503088
2461.0,23.70264433831358
2471.0,23.703819454984114
2481.0,23.70497999324297
2491.0,23.706126364642024
2501.0,23.707258968908643
2511.0,23.708378194287267
2521.0,23.709484417871263
2531.0,23.71057800576308
2541.0,23.71165931285703
2551.0,23.712728683694888
2561.0,23.71378645294502
2571.0,23.714832945687217
2581.0,23.71586847768933
2591.0,23.71689335567586
,
1.0,0.029688835820328843
11.0,0.32478877319562544
21.0,0.6166619499459518
31.0,0.9053436552015353
41.0,1.1908687922477823
51.0,1.4732718827472828
61.0,1.752587070915684
71.0,2.0288481276519463
81.0,2.302082471698884
91.0,2.572328403411096
101.0,2.8396192577324393
111.0,3.1039873503436533
121.0,3.3654646435593927
131.0,3.62408275019295
141.0,3.879872937378727
151.0,4.132862869348602
161.0,4.383084977559562
171.0,4.630570908014437
181.0,4.875350581607863
191.0,5.1174535920465765
201.0,5.356909209427364
211.0,5.593746383775895
221.0,5.827992261340133
231.0,6.059675157539901
241.0,6.288824568317174
251.0,6.515468197695388
261.0,6.739633446750544
271.0,6.9613474169239735
281.0,7.180636913298901
291.0,7.397528447841148
301.0,7.612048242604418
311.0,7.8242222329005315
321.0,8.034076070434983
331.0,8.241635126408218
341.0,8.446924494583003
351.0,8.649968994318229
361.0,8.850793173569576
371.0,9.049421311857333
381.0,9.245877423201785
391.0,9.440185259026482
401.0,9.63236831102979
411.0,9.822449814025004
421.0,10.010452748749433
431.0,10.196399844642755
441.0,10.380313582594995
451.0,10.562216197664446
461.0,10.742129681765872
471.0,10.92007578632933
481.0,11.096076024929886
491.0,11.270151675888611
501.0,11.442323784845103
511.0,11.612613167301898
521.0,11.781040411141056
531.0,11.947625879113213
541.0,12.112389711299434
551.0,12.275351827546132
561.0,12.436531929873365
571.0,12.5959495048568
581.0,12.753623825983626
591.0,12.909573955982717
601.0,13.063818749129284
611.0,13.216376853524363
621.0,13.367266713349348
631.0,13.516506571095894
641.0,13.664114469771407
651.0,13.810108255080447
661.0,13.954505577582252
671.0,14.097323894824685
681.0,14.238580473454846
691.0,14.378292391306582
701.0,14.51647653946521
711.0,14.653149624309616
721.0,14.788328169532063
731.0,14.922028518135889
741.0,15.054266834411363
751.0,15.185059105889941
761.0,15.314421145277153
771.0,15.44236859236434
781.0,15.568916915919502
791.0,15.694081415557461
801.0,15.817877223589573
811.0,15.940319306853219
821.0,16.06142246852129
831.0,16.18120134989186
841.0,16.299670432158347
851.0,16.41684403816024
861.0,16.53273633411475
871.0,16.647361331329495
881.0,16.760732887896438
891.0,16.872864710367345
901.0,16.983770355410876
911.0,17.093463231451608
921.0,17.20195660029108
931.0,17.309263578711146
941.0,17.41539714005978
951.0,17.520370115819556
961.0,17.623231793248817
971.0,17.72311857405044
981.0,17.82011715508624
991.0,17.914311705150197
1001.0,18.005783938722868
1011.0,18.094613187621068
1021.0,18.180876470838708
1031.0,18.26464856038237
1041.0,18.34600204773724
1051.0,18.425007407841502
1061.0,18.501733060829373
1071.0,18.576245431972154
1081.0,18.64860900987436
1091.0,18.7188864032791
1101.0,18.78713839462969
1111.0,18.853423993770235
1121.0,18.917800490200438
1131.0,18.98032350325544
1141.0,19.041047030821268
1151.0,19.1000234966287
1161.0,19.163329942356448
1171.0,19.237240915216688
1181.0,19.31781327574973
1191.0,19.39843870139522
1201.0,19.478182476543825
1211.0,19.55705424216912
1221.0,19.635063533819267
1231.0,19.71225327184887
1241.0,19.78861158701174
1251.0,19.8641330255119
1261.0,19.9388267607529
1271.0,20.01270187491497
1281.0,20.08576735961751
1291.0,20.158032163200776
1301.0,20.229505549053346
1311.0,20.30019790397074
1321.0,20.3701180358303
1331.0,20.437868423692688
1341.0,20.500006154989624
1351.0,20.5568831253103
1361.0,20.6090021464243
1371.0,20.656810675699425
1381.0,20.70071430981111
1391.0,20.74107488357249
1401.0,20.778218042214906
1411.0,20.812438574654664
1421.0,20.844003401197618
1431.0,20.873154266959308
1441.0,20.9001101518011
1451.0,20.92506657068666
1461.0,20.94819920388808
1471.0,20.969668662140485
1481.0,20.9896209340795
1491.0,21.00818874092518
1501.0,21.025492764519807
1511.0,21.04164276053172
1521.0,21.153153961567263
1531.0,21.2754521454657
1541.0,21.397883045064436
1551.0,21.52044785027849
1561.0,21.643147905376175
1571.0,21.76598470474397
1581.0,21.888959889846497
1591.0,22.012075109558687
1601.0,22.135331495719978
1611.0,22.258730417753537
1621.0,22.382273456138996
1631.0,22.505962375241623
1641.0,22.629799122316903
1651.0,22.753785827896007
1661.0,22.877924737445024
1671.0,23.002217577119495
1681.0,23.12666627311141
1691.0,23.251273053102476
1701.0,23.376040381542406
1711.0,23.50097096503173
1721.0,23.6260677597381
1731.0,23.751333957478444
1741.0,23.87677231292425
1751.0,24.002385723862407
1761.0,24.128177567386132
1771.0,24.254151567496024
1781.0,24.38031181563942
1791.0,24.50666279557067
1801.0,24.62997685017935
1811.0,24.724369373685978
1821.0,24.818913019444413
1831.0,24.913610862500846
1841.0,25.00846624063882
1851.0,25.10348277234918
1861.0,25.198664377792145
1871.0,25.294015303210234
1881.0,25.361709798368626
1891.0,25.426433778795097
1901.0,25.491278857429673
1911.0,25.556247449428163
1921.0,25.621342132560184
1931.0,25.686565658116145
1941.0,25.751920963249038
1951.0,25.802316353544487
1961.0,25.846340930162523
1971.0,25.890458618047912
1981.0,25.934671055211744
1991.0,25.97897996735054
2001.0,26.023387172803556
2011.0,26.06789458802839
2021.0,26.106344546889023
2031.0,26.138396070067717
2041.0,26.170098084085247
2051.0,26.201454450212694
2061.0,26.232468989226245
2071.0,26.26314548198057
2081.0,26.29348766998655
2091.0,26.32349495528222
2101.0,26.353164949198632
2111.0,26.382511120092083
2121.0,26.41153702794737
2131.0,26.4402461944472
2141.0,26.468642103427836
2151.0,26.496728201331944
2161.0,26.524506816233494
2171.0,26.551972523473438
2181.0,26.579138264591275
2191.0,26.606007328249124
2201.0,26.632582967352125
2211.0,26.658868399448785
2221.0,26.684866807127268
2231.0,26.71058133840783
2241.0,26.736006868139956
2251.0,26.761151846963468
2261.0,26.786020644279045
2271.0,26.810616591900235
2281.0,26.834942873782964
2291.0,26.859002575180558
2301.0,26.882798708452487
2311.0,26.916446066384626
2321.0,26.95447148051907
2331.0,26.992595963489002
2341.0,27.030820852008592
2351.0,27.069147669157974
2361.0,27.107578133457455
2371.0,27.146114170293735
2381.0,27.178545736153243
2391.0,27.204847223405864
2401.0,27.231222669063726
2411.0,27.25767307954902
2421.0,27.2841995665325
2431.0,27.310803352324573
2441.0,27.337485776283284
2451.0,27.362256066452712
2461.0,27.382263854782504
2471.0,27.40205464125065
2481.0,27.421630904242686
2491.0,27.44099510173726
2501.0,27.460149672250704
2511.0,27.479097035857684
2521.0,27.497837411103113
2531.0,27.516349515429336
2541.0,27.53465267625371
2551.0,27.552751257782212
2561.0,27.570648669538738
2571.0,27.58834783887924
2581.0,27.605851418387196
2591.0,27.623161888695247
,
1.0,0.029688030299762757
11.0,0.3247799262594882
21.0,0.616645084769336
31.0,0.9053187922611046
41.0,1.190835949336289
51.0,1.4732310749857904
61.0,1.7525383107635013
71.0,2.0287914249142798
81.0,2.3020208005557343
91.0,2.5722621041528324
101.0,2.8395483401573123
111.0,3.103911823166738
121.0,3.365384514421713
131.0,3.6239980256699758
141.0,3.879783622988244
151.0,4.13277050113777
161.0,4.3829902127093865
171.0,4.630473746439367
181.0,4.8752510228850925
191.0,5.117351635419153
201.0,5.35680485380716
211.0,5.593639627746443
221.0,5.827884304473011
231.0,6.059567200672779
241.0,6.288716611450052
251.0,6.515360240828267
261.0,6.739525489883422
271.0,6.961239460056852
281.0,7.18052895643178
291.0,7.454529132792635
301.0,7.861213308580599
311.0,8.26831355345066
321.0,8.675842364575557
331.0,9.0838131628483
341.0,9.492240381938347
351.0,9.901139571380467
361.0,10.29738632557277
371.0,10.575777095190213
381.0,10.854519083155589
391.0,11.133621660177953
401.0,11.413094799652903
411.0,11.692949128674204
421.0,11.973195985885086
431.0,12.253847487253132
441.0,12.447897352775469
451.0,12.629841946640017
461.0,12.809793907493049
471.0,12.98777544257485
481.0,13.163808417649276
491.0,13.337914390935637
501.0,13.510114636257777
511.0,13.695432250387112
521.0,13.887074957134116
531.0,14.078929636492667
541.0,14.27100078293363
551.0,14.463293245043316
561.0,14.655812245741224
571.0,14.848563406227285
581.0,15.030644628933349
591.0,15.188643428224577
601.0,15.342945483708949
611.0,15.49555653704074
621.0,15.646495428961188
631.0,15.795780728284978
641.0,15.943430754979405
651.0,16.08946478438967
661.0,16.233904574602338
671.0,16.376766173858634
681.0,16.518066942878395
691.0,16.65782405426473
701.0,16.79605449526633
711.0,16.932775070511845
721.0,17.06800240472617
731.0,17.201752637574636
741.0,17.33404180122171
751.0,17.464886010027254
761.0,17.594301206058745
771.0,17.722303162013127
781.0,17.848907484150487
791.0,17.974129615255688
801.0,18.097982691368873
811.0,18.220478789781126
821.0,18.341632847050903
831.0,18.461459645737712
841.0,18.57997379903826
851.0,18.69718975618237
861.0,18.8131218064805
871.0,18.92778477390881
881.0,19.041194675817763
891.0,19.153365437522293
901.0,19.264310695658637
911.0,19.374043937358664
921.0,19.482578502502985
931.0,19.589927585920567
941.0,19.696104191674262
951.0,19.801120879836738
961.0,19.90499037090734
971.0,20.007725318534685
981.0,20.10577500058617
991.0,20.19580370802456
1001.0,20.27851736473695
1011.0,20.354570699680227
1021.0,20.42473586059808
1031.0,20.489556057835923
1041.0,20.549459342658448
1051.0,20.604839785894033
1061.0,20.656060158187888
1071.0,20.70345439916533
1081.0,20.74732921729564
1091.0,20.787893160447727
1101.0,20.825372876929325
1111.0,20.860028738298713
1121.0,20.892098568007945
1131.0,20.92179963504022
1141.0,20.94933046797389
1151.0,20.974872505908035
1161.0,20.99858220419214
1171.0,21.02059892015146
1181.0,21.04106333631902
1191.0,21.060104101728246
1201.0,21.077838788386337
1211.0,21.094374872737387
1221.0,21.109810629235888
1231.0,21.124236102765096
1241.0,21.137732560600174
1251.0,21.150372791596414
1261.0,21.162223620238645
1271.0,21.17334646447284
1281.0,21.18379778705067
1291.0,21.193629509427147
1301.0,21.202889450219065
1311.0,21.211621109647712
1321.0,21.219863353331295
1331.0,21.227652072569676
1341.0,21.235020526259262
1351.0,21.241999552353366
1361.0,21.248617765370586
1371.0,21.254636088371896
1381.0,21.25986802696904
1391.0,21.265216848713504
1401.0,21.270810440322176
1411.0,21.276716652037678
1421.0,21.282907979345474
1431.0,21.289294892206122
1441.0,21.295801637724903
1451.0,21.302297415857662
1461.0,21.308509841656587
1471.0,21.31446991200198
1481.0,21.320205052050024
1491.0,21.325739529679723
1501.0,21.33109482164747
1511.0,21.33628993713513
1521.0,21.341342443689452
1531.0,21.346269294347426
1541.0,21.35108495187497
1551.0,21.355802139319177
1561.0,21.360432054381562
1571.0,21.364984547843417
1581.0,21.36946828149008
1591.0,21.37389111266053
1601.0,21.378261431126813
1611.0,21.382586871950295
1621.0,21.386874019851394
1631.0,21.391128557477106
1641.0,21.395355376067783
1651.0,21.39955867338085
1661.0,21.403742116053806
1671.0,21.407910172897633
1681.0,21.412067655471834
1691.0,21.416218596991897
1701.0,21.42036633189327
1711.0,21.424513588584222
1721.0,21.428662571303953
1731.0,21.432815547252467
1741.0,21.436981567950866
1751.0,21.441163054671303
1761.0,21.445359419314126
1771.0,21.44957004964507
1781.0,21.453794318444054
1791.0,21.458031591202722
1801.0,21.46228119835735
1811.0,21.466539196081857
1821.0,21.470805108244456
1831.0,21.475081195847974
1841.0,21.479369217647974
1851.0,21.48367050239132
1861.0,21.487986012176364
1871.0,21.492316397946492
1881.0,21.49666052132847
1891.0,21.501018963973074
1901.0,21.505395508916944
1911.0,21.509793100485716
1921.0,21.514213943278854
1931.0,21.51865961261511
1941.0,21.523131151341932
1951.0,21.527629269814753
1961.0,21.53215546886636
1971.0,21.53671009375582
1981.0,21.541287194580033
1991.0,21.54587999700553
2001.0,21.550482814443292
2011.0,21.555090880924265
2021.0,21.55970012333751
2031.0,21.564305049609505
2041.0,21.568899111943438
2051.0,21.57347697963963
2061.0,21.57803443371654
2071.0,21.582568180540967
2081.0,21.587075694390276
2091.0,21.59155506708099
2101.0,21.596003524360462
2111.0,21.60041680679446
2121.0,21.60479151601177
2131.0,21.609125165874953
2141.0,21.61341602322945
2151.0,21.617662973441995
2161.0,21.62186553274794
2171.0,21.626040076949845
2181.0,21.630204174947703
2191.0,21.634365455649192
2201.0,21.638530467565126
2211.0,21.64270477139551
2221.0,21.646893027095725
2231.0,21.651099075778028
2241.0,21.655313190805344
2251.0,21.659513871375857
2261.0,21.66369538184276
2271.0,21.667853274642273
2281.0,21.67198406363342
2291.0,21.67608506642905
2301.0,21.680154270527975
2311.0,21.684189994056748
2321.0,21.688189028525024
2331.0,21.692147980963636
2341.0,21.696064338510137
2351.0,21.699936326317708
2361.0,21.70376278211509
2371.0,21.707543049832655
2381.0,21.711276801890893
2391.0,21.71496253123025
2401.0,21.718598169781977
2411.0,21.72218233664306
2421.0,21.72571423961297
2431.0,21.729193575670788
2441.0,21.732620446661876
2451.0,21.735995264748343
2461.0,21.7393176053173
2471.0,21.74258628415184
2481.0,21.74580067810854
2491.0,21.74896065152955
2501.0,21.752066478991665
2511.0,21.755118780329916
2521.0,21.7581035118227
2531.0,21.76090896924943
2541.0,21.76375183225372
2551.0,21.766712362523396
2561.0,21.7698502746257
2571.0,21.77321283093466
2581.0,21.776833119816033
2591.0,21.780691257522488
,
1.0,0.058173598399688525
11.0,0.64029308786246
21.0,1.223121827071431
31.0,1.8066778546774378
41.0,2.3909805004778444
51.0,2.9760504874624005
61.0,3.5619100485424644
71.0,4.148583060225935
81.0,4.564461616330229
91.0,4.96186219353301
101.0,5.359854560590419
111.0,5.758452774111418
121.0,6.157671704880873
131.0,6.5575270975502535
141.0,6.958035637299525
151.0,7.266374015829641
161.0,7.535415294498295
171.0,7.8049236832367495
181.0,8.074908661512623
191.0,8.345380148018661
201.0,8.616348527333106
211.0,8.88782467905802
221.0,9.140577541545607
231.0,9.372301908813338
241.0,9.601493226418878
251.0,9.828179232890848
261.0,10.052387364838344
271.0,10.274144760369245
281.0,10.493478262479321
291.0,10.710409656560747
301.0,10.924958561601901
311.0,11.137161898968966
321.0,11.347045336095567
331.0,11.554634260221322
341.0,11.759953781487974
351.0,11.963028736003283
361.0,12.16388252429977
371.0,12.36253000026132
381.0,12.559005565479216
391.0,12.753332978117296
401.0,12.94553573668813
411.0,13.135637082900482
421.0,13.323660004475881
431.0,13.509627237934671
441.0,13.693552108552494
451.0,13.875462414563103
461.0,14.055382024049928
471.0,14.233333194424223
481.0,14.409337721815355
491.0,14.583417059525804
501.0,14.75559237011418
511.0,14.92592405268648
521.0,15.094411121929419
531.0,15.261057331878659
541.0,15.425882989970445
551.0,15.589564769344342
561.0,15.753402284891338
571.0,15.917432402627169
581.0,16.081658295934393
591.0,16.246082625469004
601.0,16.41070836917466
611.0,16.575538936520374
621.0,16.740578100151914
631.0,16.90583000970092
641.0,17.07129920934345
651.0,17.231757190634532
661.0,17.376446742831064
671.0,17.5193356160717
681.0,17.660660727481922
691.0,17.800439180547674
701.0,17.938687894422774
711.0,18.075423605805593
721.0,18.210663531336923
731.0,18.344431120129506
741.0,18.476738207491866
751.0,18.607600992557625
761.0,18.737035510816444
771.0,18.865057638340218
781.0,18.991683096257983
791.0,19.116927455544
801.0,19.24079671184937
811.0,19.363313132621755
821.0,19.484492731185387
831.0,19.60435039812457
841.0,19.722900883562822
851.0,19.840158802316225
861.0,19.95613863958244
871.0,20.07083384147501
881.0,20.184268414807125
891.0,20.296464812084515
901.0,20.40743674138517
911.0,20.517197773008558
921.0,20.62576134259011
931.0,20.733140754406115
941.0,20.83613808727947
951.0,20.931265146540902
961.0,21.020872071818438
971.0,21.105302928181075
981.0,21.184879585984028
991.0,21.25990322189496
1001.0,21.33065571604835
1011.0,21.39483804180526
1021.0,21.44976589320571
1031.0,21.501863427021767
1041.0,21.55128762142657
1051.0,21.59818640556728
1061.0,21.642699205036035
1071.0,21.684957453565577
1081.0,21.724617523334228
1091.0,21.758265137964678
1101.0,21.790369327935352
1111.0,21.821006572615712
1121.0,21.85024939613817
1131.0,21.878166580704093
1141.0,21.904823368033725
1151.0,21.930281649642946
1161.0,21.95234387182531
1171.0,21.97325250406351
1181.0,21.993307992382356
1191.0,22.012548238425694
1201.0,22.031009380623317
1211.0,22.048725879550396
1221.0,22.065730599020196
1231.0,22.081059910315552
1241.0,22.09540004095844
1251.0,22.10921560286759
1261.0,22.12252769474862
1271.0,22.13535652529593
1281.0,22.14772145217842
1291.0,22.159641019261137
1301.0,22.1707253485487
1311.0,22.18103425025753
1321.0,22.19100319680791
1331.0,22.200644680715378
1341.0,22.209970713235894
1351.0,22.21899284357874
1361.0,22.227722177327713
1371.0,22.23602774004726
1381.0,22.243751751208713
1391.0,22.251244502559548
1401.0,22.258513840618633
1411.0,22.2655673334466
1421.0,22.272412280862174
1431.0,22.27905572427225
1441.0,22.28547687918067
1451.0,22.291471702810945
1461.0,22.297302258424953
1471.0,22.302973751845858
1481.0,22.308491217002803
1491.0,22.313859521781456
1501.0,22.319083373669955
1511.0,22.324167325207508
1521.0,22.32966121173869
1531.0,22.336238613979415
1541.0,22.34361727260298
1551.0,22.351597624401613
1561.0,22.360033666079715
1571.0,22.368813922408286
1581.0,22.37785089102083
1591.0,22.388435958865454
1601.0,22.399087388123032
1611.0,22.409148751737696
1621.0,22.418667763508363
1631.0,22.427688133581977
1641.0,22.436249902421686
1651.0,22.4443897479722
1661.0,22.452178812675818
1671.0,22.459902518335127
1681.0,22.467673677953282
1691.0,22.47548326651813
1701.0,22.483266137960012
1711.0,22.490955947725453
1721.0,22.498489981360194
1731.0,22.505798562858235
1741.0,22.512669277585058
1751.0,22.519088753419897
1761.0,22.525112955636377
1771.0,22.53079104065288
1781.0,22.536166171692077
1791.0,22.541276236153745
1801.0,22.546154484323313
1811.0,22.550833152109583
1821.0,22.555340274862424
1831.0,22.559698347103886
1841.0,22.563927069325352
1851.0,22.56804367864197
1861.0,22.57206324076522
1871.0,22.575998907879733
1881.0,22.57986297817603
1891.0,22.583667424913056
1901.0,22.58742187459371
1911.0,22.591134635082938
1921.0,22.594812868425805
1931.0,22.598462729579165
1941.0,22.602089489194356
1951.0,22.605697907149967
1961.0,22.60929337897402
1971.0,22.61288054229366
1981.0,22.616463246348086
1991.0,22.620044683846064
2001.0,22.623627475129584
2011.0,22.627213742663074
2021.0,22.630805255818476
2031.0,22.634404586224527
2041.0,22.6380145302635
2051.0,22.641637295470343
2061.0,22.645274583960433
2071.0,22.648927661929644
2081.0,22.652597421056758
2091.0,22.656284447766684
2101.0,22.659990004260113
2111.0,22.663716326349935
2121.0,22.667465179375466
2131.0,22.67123782257914
2141.0,22.675035082297804
2151.0,22.678857416479108
2161.0,22.68270497162697
2171.0,22.686578318028953
2181.0,22.690479630037085
2191.0,22.6944107948011
2201.0,22.698373110746573
2211.0,22.70236737518807
2221.0,22.7063939613974
2231.0,22.710452886297638
2241.0,22.714579620626967
2251.0,22.71880671519291
2261.0,22.72310453295707
2271.0,22.727445836813526
2281.0,22.73180607573196
2291.0,22.736163169562108
2301.0,22.74049729137221
2311.0,22.744784744744027
2321.0,22.748994330351486
2331.0,22.753115117818954
2341.0,22.757139187372722
2351.0,22.761060172402367
2361.0,22.764873009398094
2371.0,22.768573712777968
2381.0,22.772151712272244
2391.0,22.77556991665425
2401.0,22.77884693265289
2411.0,22.78200713065189
2421.0,22.785071519427557
2431.0,22.788058164037775
2441.0,22.79098255170616
2451.0,22.793858307559834
2461.0,22.79670429708427
2471.0,22.799531865112936
2481.0,22.802347855436455
2491.0,22.805158035385194
2501.0,22.807967228161676
2511.0,22.810779429791083
2521.0,22.813597917211982
2531.0,22.816427339493284
2541.0,22.81927170852412
2551.0,22.822133081432423
2561.0,22.825013034129725
2571.0,22.82791272414871
2581.0,22.830832946366492
2591.0,22.833774182419187
,
1.0,0.05719440430720383
11.0,0.6295002854160594
21.0,1.2024770695128872
31.0,1.7761441822414945
41.0,2.3505222004219872
51.0,2.9256329567975796
61.0,3.5014996579657005
71.0,4.078147017626874
81.0,4.486631007088131
91.0,4.876911193722438
101.0,5.267762390123539
111.0,5.659199023645643
121.0,6.0512362702248605
131.0,6.443890112540923
141.0,6.837177404467204
151.0,7.139729429313161
161.0,7.40359343842716
171.0,7.66791129159734
181.0,7.93269251375168
191.0,8.197947035028246
201.0,8.463685216182379
211.0,8.729917876204762
221.0,8.980036480809538
231.0,9.211745918561279
241.0,9.440922384588813
251.0,9.667593606131215
261.0,9.891787008479072
271.0,10.113529718361045
281.0,10.332848567299832
291.0,10.549766865316032
301.0,10.764306302587404
311.0,10.976500227919496
321.0,11.186374303659768
331.0,11.393953911982255
341.0,11.599264157974694
351.0,11.802329872693177
361.0,12.003174790943822
371.0,12.201816485128122
381.0,12.398286307023993
391.0,12.59260801251854
401.0,12.78480509786979
411.0,12.974900802551543
421.0,13.162918112067358
431.0,13.348879760733995
441.0,13.53280262901624
451.0,13.71471383147979
461.0,13.894635978968905
471.0,14.07259082462118
481.0,14.2485998837438
491.0,14.422684436415565
501.0,14.594865530060487
511.0,14.765160179072684
521.0,14.933589904550914
531.0,15.1001771819867
541.0,15.264942437640766
551.0,15.427905718408423
561.0,15.58908679458144
571.0,15.748505194376234
581.0,15.906195354127753
591.0,16.062176888544602
601.0,16.21645372768329
611.0,16.369044556162695
621.0,16.519967854874537
631.0,16.66924190342784
641.0,16.81688478255759
651.0,16.962914361541337
661.0,17.10734802140915
671.0,17.250203145013554
681.0,17.39149704546801
691.0,17.531246845609477
701.0,17.669469480388162
711.0,17.806181699206107
721.0,17.94140006908647
731.0,18.075140870033348
741.0,18.207420243352626
751.0,18.338254266704638
761.0,18.46765884174787
771.0,18.59564969676136
781.0,18.72224238921292
791.0,18.847452308283234
801.0,18.97129404246217
811.0,19.093781633631156
821.0,19.21492983697836
831.0,19.334753259108773
841.0,19.45326635125038
851.0,19.570483410622685
861.0,19.686418581808997
871.0,19.801086142897457
881.0,19.91450080622563
891.0,20.02667642690114
901.0,20.13762666042545
911.0,20.2473650136448
921.0,20.355904847130414
931.0,20.463259377520405
941.0,20.56944162567417
951.0,20.674464127483738
961.0,20.77833961600409
971.0,20.88108076847333
981.0,20.98270012656567
991.0,21.083210098874666
1001.0,21.182622963398384
1011.0,21.280950819247703
1021.0,21.37731529246418
1031.0,21.46691005787784
1041.0,21.549529904149388
1051.0,21.625741730446308
1061.0,21.696065682593378
1071.0,21.76097906532818
1081.0,21.82092103811937
1091.0,21.87643567541121
1101.0,21.9280120201934
1111.0,21.975998304992768
1121.0,22.020696657224835
1131.0,22.0623728232133
1141.0,22.10126327973394
1151.0,22.137580505433487
1161.0,22.171355796466774
1171.0,22.20257036281049
1181.0,22.231445033348795
1191.0,22.25818275008117
1201.0,22.282968293771553
1211.0,22.30596994491654
1221.0,22.327340990206
1231.0,22.347218508823882
1241.0,22.365721623432563
1251.0,22.382964753714965
1261.0,22.39905283157613
1271.0,22.41408172135346
1281.0,22.42813901884486
1291.0,22.44130477975327
1301.0,22.45366191178266
1311.0,22.465337699189668
1321.0,22.476407296645874
1331.0,22.48692967724883
1341.0,22.49695788403984
1351.0,22.5065396855498
1361.0,22.515718125179664
1371.0,22.524528169902002
1381.0,22.53294411970534
1391.0,22.540975687267963
1401.0,22.548650988696743
1411.0,22.555996096408602
1421.0,22.563035167557278
1431.0,22.56979056831678
1441.0,22.576282993353257
1451.0,22.582530740109654
1461.0,22.588548718226846
1471.0,22.59435075242776
1481.0,22.599949948473206
1491.0,22.60535870226769
1501.0,22.610588715318237
1511.0,22.615651015068885
1521.0,22.620555518852363
1531.0,22.625309711285357
1541.0,22.629920515858316
1551.0,22.634394737988604
1561.0,22.638739025827928
1571.0,22.642959843825576
1581.0,22.64706345422766
1591.0,22.651055666300017
1601.0,22.65494049500754
1611.0,22.658721588862765
1621.0,22.66240275979834
1631.0,22.665987915869874
1641.0,22.669481024261025
1651.0,22.67288608281346
1661.0,22.67606537079833
1671.0,22.67903421008601
1681.0,22.681939873988107
1691.0,22.684783858052533
1701.0,22.687567822407264
1711.0,22.69029356537005
1721.0,22.692963002257105
1731.0,22.69546256841618
1741.0,22.697651787337506
1751.0,22.69980715671498
1761.0,22.701928925007934
1771.0,22.70401746353952
1781.0,22.70607325228221
1791.0,22.70809686776716
1801.0,22.710060439964586
1811.0,22.71174277273538
1821.0,22.713407368435405
1831.0,22.71505597851193
1841.0,22.716690231704213
1851.0,22.718311641611553
1861.0,22.719921613778606
1871.0,22.72152145233284
1881.0,22.723183564948144
1891.0,22.724840362708623
1901.0,22.72648314875667
1911.0,22.728111471892714
1921.0,22.72972497799466
1931.0,22.731323400815402
1941.0,22.732906553746645
1951.0,22.734344570946103
1961.0,22.735717356049467
1971.0,22.737081047245166
1981.0,22.738435172886664
1991.0,22.73977933594068
2001.0,22.741113207914378
2011.0,22.74243652337604
2021.0,22.7436643340418
2031.0,22.744803047434317
2041.0,22.745940327858694
2051.0,22.747077032959464
2061.0,22.748213962681024
2071.0,22.749351861960605
2081.0,22.75049142325825
2091.0,22.75166517581179
2101.0,22.752911157493106
2111.0,22.75415186252449
2121.0,22.75538669545922
2131.0,22.7566151336115
2141.0,22.75783672144861
2151.0,22.759051065481877
2161.0,22.760242494788386
2171.0,22.76129071239764
2181.0,22.762335521819477
2191.0,22.763376509812
2201.0,22.764413303537314
2211.0,22.765445567738336
2221.0,22.76647300212381
2231.0,22.76749533894821
2241.0,22.768422150735418
2251.0,22.769370261013762
2261.0,22.77035930902584
2271.0,22.771396126212014
2281.0,22.77248686837341
2291.0,22.773637208832422
2301.0,22.774852390026307
2311.0,22.776556998106674
2321.0,22.778459170547
2331.0,22.780366029605535
2341.0,22.782274261271002
2351.0,22.784181056441472
2361.0,22.78608406020335
2371.0,22.787981327898283
2381.0,22.789729615576267
2391.0,22.791333745550844
2401.0,22.79293562264188
2411.0,22.794533556368606
2421.0,22.79612609718541
2431.0,22.79771201504499
2441.0,22.79929028047123
2451.0,22.800791641581593
2461.0,22.80213154729974
2471.0,22.803483261252804
2481.0,22.804857891792267
2491.0,22.806264933982337
2501.0,22.80771262370421
2511.0,22.809208146011073
2521.0,22.810807324394133
2531.0,22.81288731954893
2541.0,22.814979318388094
2551.0,22.817078356302652
2561.0,22.81918023574141
2571.0,22.82128144198956
2581.0,22.823379070575523
2591.0,22.825470765233483
,
1.0,0.02968885917045065
11.0,0.3247891386371748
21.0,0.616662856751915
31.0,0.9053453054267679
41.0,1.190871390939059
51.0,1.4732756381602448
61.0,1.7525921947392025
71.0,2.028854835240442
81.0,2.3020903287683074
91.0,2.572335757878969
101.0,2.8396249726838514
111.0,3.103990596391325
121.0,3.3654647767118218
131.0,3.6240792471529297
141.0,3.879865358196988
151.0,4.290564038183518
161.0,4.707738138921551
171.0,5.06937725960848
181.0,5.387826462089359
191.0,5.6717935663605425
201.0,5.927639456284082
211.0,6.165186822609079
221.0,6.400149585493585
231.0,6.633148158062797
241.0,6.863496983051225
251.0,7.0912335801353255
261.0,7.316438142921591
271.0,7.542005700585836
281.0,7.769494962344528
291.0,7.998756244099957
301.0,8.229648952910185
311.0,8.462026387924999
321.0,8.695751369268985
331.0,8.930703091376794
341.0,9.166775084689059
351.0,9.403873433699493
361.0,9.641882850957147
371.0,9.876952795793246
381.0,10.106581069235554
391.0,10.330916219051042
401.0,10.550103698773608
411.0,10.76428581435443
421.0,10.97360168106047
431.0,11.17818719040422
441.0,11.381493769414964
451.0,11.586804557275
461.0,11.79389714264199
471.0,12.002607398450229
481.0,12.212790327296707
491.0,12.424317702708594
501.0,12.637076021713268
511.0,12.850964599147952
521.0,13.06589341682822
531.0,13.281782486312958
541.0,13.498560803433218
551.0,13.716165291096337
561.0,13.934539890357314
571.0,14.15363476569384
581.0,14.373405550923747
591.0,14.593812110370811
601.0,14.814818557358265
611.0,15.036393037664924
621.0,15.258507266275245
631.0,15.481136157063645
641.0,15.704257497386338
651.0,15.92778300977018
661.0,16.150607302253153
671.0,16.372326027799154
681.0,16.592909002690728
691.0,16.812327421172547
701.0,17.030553694138778
711.0,17.247561302672036
721.0,17.463332803402665
731.0,17.678807532478004
741.0,17.894635741399494
751.0,18.110811598668807
761.0,18.327330377585497
771.0,18.544188384974863
781.0,18.761382900764914
791.0,18.97891212755874
801.0,19.196774807906415
811.0,19.414969794899516
821.0,19.633497022709612
831.0,19.852357279873825
841.0,20.07155218990126
851.0,20.29108420700176
861.0,20.510956620528592
871.0,20.70588878813054
881.0,20.88213987748256
891.0,21.04971379770279
901.0,21.209232101944156
911.0,21.361258806311636
921.0,21.50630685510517
931.0,21.64484373733605
941.0,21.789562488975996
951.0,21.945258155684257
961.0,22.10119705260553
971.0,22.25738126933707
981.0,22.413813469080445
991.0,22.570496898661958
1001.0,22.727435405072885
1011.0,22.873632461570516
1021.0,22.994383371976955
1031.0,23.11533797117688
1041.0,23.236499314783945
1051.0,23.357870856912996
1061.0,23.479456469275686
1071.0,23.601260464687854
1081.0,23.720193439914727
1091.0,23.81083260238474
1101.0,23.900483645165618
1111.0,23.98915833612979
1121.0,24.076868331064436
1131.0,24.163625181040167
1141.0,24.24948325934834
1151.0,24.335430572451056
1161.0,24.41939023655553
1171.0,24.50223224333245
1181.0,24.584171504723496
1191.0,24.665218340273796
1201.0,24.74538296595932
1211.0,24.824675497378337
1221.0,24.903105953056883
1231.0,24.980584282201963
1241.0,25.05717516668707
1251.0,25.132930515407583
1261.0,25.207859662068294
1271.0,25.281971841129124
1281.0,25.355276189470256
1291.0,25.427781748067897
1301.0,25.49944750446377
1311.0,25.570271389155486
1321.0,25.6403096279779
1331.0,25.709572033465992
1341.0,25.778068113502105
1351.0,25.8458071164157
1361.0,25.912798065174595
1371.0,25.979111545322358
1381.0,26.04484253101538
1391.0,26.109857434634012
1401.0,26.174164509509037
1411.0,26.23777193006698
1421.0,26.300687795205523
1431.0,26.3629201318523
1441.0,26.424466645178246
1451.0,26.48525173587372
1461.0,26.54537410037692
1471.0,26.604841183312164
1481.0,26.66269953133562
1491.0,26.717734193742594
1501.0,26.770090443094084
1511.0,26.819912563403108
1521.0,26.86221271326614
1531.0,26.90230224196772
1541.0,26.940869852077554
1551.0,26.9779925981161
1561.0,27.013740679443377
1571.0,27.048178447456984
1581.0,27.08136522674098
1591.0,27.11755604273425
1601.0,27.153737530714437
1611.0,27.188095203102932
1621.0,27.220731833986516
1631.0,27.251744198828437
1641.0,27.281223446950918
1651.0,27.309255450994385
1661.0,27.334199874167926
1671.0,27.35633467028126
1681.0,27.377502484835247
1691.0,27.397751111576117
1701.0,27.4171258678363
1711.0,27.435669730878274
1721.0,27.4534234666602
1731.0,27.46982620520836
1741.0,27.484208560671913
1751.0,27.49804691469361
1761.0,27.51136488216142
1771.0,27.52418498874326
1781.0,27.536528724133277
1791.0,27.54841659263257
1801.0,27.559749815893756
1811.0,27.569643912984372
1821.0,27.57921411369921
1831.0,27.588472814724156
1841.0,27.597431902159034
1851.0,27.60610277376628
1861.0,27.61449636021534
1871.0,27.62262314537014
1881.0,27.629872670228103
1891.0,27.636847412998243
1901.0,27.64362548711472
1911.0,27.650213551821977
1921.0,27.656618021017447
1931.0,27.662845072819536
1941.0,27.66890065874607
1951.0,27.67449601921712
1961.0,27.679826517580384
1971.0,27.685026392238964
1981.0,27.690099602951587
1991.0,27.695049977945875
2001.0,27.699881218549883
2011.0,27.704596903652547
2021.0,27.709097531894457
2031.0,27.71355161875891
2041.0,27.718106894323782
2051.0,27.722751565314137
2061.0,27.72747513877675
2071.0,27.732268295352835
2081.0,27.737122751167053
2091.0,27.742738919726673
2101.0,27.7498470741878
2111.0,27.756692276275672
2121.0,27.76328640792015
2131.0,27.769640840919006
2141.0,27.775766459556035
2151.0,27.78167368283692
2161.0,27.787296962044024
2171.0,27.792067638793142
2181.0,27.79669345019749
2191.0,27.80117988342059
2201.0,27.805532226081805
2211.0,27.809755573441333
2221.0,27.81385483551752
2231.0,27.81783474412926
2241.0,27.82127631423206
2251.0,27.824585371562918
2261.0,27.827812986493345
2271.0,27.830961720467307
2281.0,27.834034056686125
2291.0,27.83703240229159
2301.0,27.839959090550618
2311.0,27.84260111519733
2321.0,27.845097202973474
2331.0,27.84754340629718
2341.0,27.849941018079356
2351.0,27.85229129874255
2361.0,27.854595476815856
2371.0,27.856854749544933
2381.0,27.85896868773774
2391.0,27.86094587706791
2401.0,27.862891161189232
2411.0,27.864805220899065
2421.0,27.866688723444202
2431.0,27.868542322621206
2441.0,27.87036665889032
2451.0,27.872121776577597
2461.0,27.873758301384864
2471.0,27.87537357904794
2481.0,27.876967984143793
2491.0,27.878541885729216
2501.0,27.880095647300188
2511.0,27.88162962676102
2521.0,27.88313703962237
2531.0,27.88476103996322
2541.0,27.886698418981435
2551.0,27.88892626967748
2561.0,27.89144014422122
2571.0,27.894245832986588
2581.0,27.89735377545898
2591.0,27.900774999870652
,
1.0,0.0616487804607806
11.0,0.6731880402027606
21.0,1.2757499901236158
31.0,1.8693633948724224
41.0,2.4540571935979343
51.0,3.0298605086257404
61.0,3.5968026540717553
71.0,4.15491314441555
81.0,4.6393104018115565
91.0,5.116607035175409
101.0,5.594500099530893
111.0,6.073007159715329
121.0,6.552146769197576
131.0,7.031938561429825
141.0,7.5124033522530285
151.0,7.883593955482874
161.0,8.208169395430563
171.0,8.533236157232894
181.0,8.858806302633372
191.0,9.184892474149402
201.0,9.511507938669764
211.0,9.838666635446822
221.0,10.119267308242764
231.0,10.350976399717773
241.0,10.580152791323105
251.0,10.806824221336718
261.0,11.031018127188181
271.0,11.252761648936685
281.0,11.47293995237879
291.0,11.692094413776488
301.0,11.906635362349919
311.0,12.11883098103735
321.0,12.328706938600135
331.0,12.536288624078146
341.0,12.741601149906211
351.0,12.944669355000746
361.0,13.145516922862031
371.0,13.344160892265249
381.0,13.540633104262957
391.0,13.734957317960617
401.0,13.927157032998915
411.0,14.117255492406608
421.0,14.305275685422993
431.0,14.491240350290411
441.0,14.675165700980575
451.0,14.857079382826202
461.0,15.037004079052156
471.0,15.214961544283906
481.0,15.390973295371671
491.0,15.565060613994397
501.0,15.737244549235406
511.0,15.907542243580096
521.0,16.075976305845387
531.0,16.24256866106267
541.0,16.40733945044204
551.0,16.57030859497931
561.0,16.73149579786488
571.0,16.8909205468663
581.0,17.048600074259156
591.0,17.20455291470023
601.0,17.358799967377795
611.0,17.511360009020738
621.0,17.662251561262924
631.0,17.81149291697963
641.0,17.959102153927635
651.0,18.110182954379734
661.0,18.272700468659725
671.0,18.435423774888495
681.0,18.598358170268458
691.0,18.761509380057213
701.0,18.924883593472227
711.0,19.088487505734232
721.0,19.249390101625753
731.0,19.383145091176388
741.0,19.515435114414547
751.0,19.646276368829238
761.0,19.77568484454951
771.0,19.903676334211102
781.0,20.030266440664548
791.0,20.15547058314967
801.0,20.279323490763357
811.0,20.401826297620392
821.0,20.52299199825281
831.0,20.64283542565682
841.0,20.76137126552403
851.0,20.8786140601568
861.0,20.994578212649113
871.0,21.109271928896334
881.0,21.222707168302883
891.0,21.33489944059972
901.0,21.445862470610574
911.0,21.555609816196853
921.0,21.66415487468869
931.0,21.771510887998534
941.0,21.877693543238053
951.0,21.982718394754844
961.0,22.08659653455015
971.0,22.1893406485296
981.0,22.29096328999172
991.0,22.391476882229227
1001.0,22.490511409290058
1011.0,22.583235632454205
1021.0,22.668714200430504
1031.0,22.74755509875983
1041.0,22.8203133943818
1051.0,22.887496049326042
1061.0,22.94956625833924
1071.0,23.00694738577221
1081.0,23.059901971931748
1091.0,23.107785640416388
1101.0,23.152252321114045
1111.0,23.193767901557685
1121.0,23.232666062768097
1131.0,23.269197687214525
1141.0,23.303560135869763
1151.0,23.33591516566962
1161.0,23.366482236921172
1171.0,23.39476948176881
1181.0,23.42094105924679
1191.0,23.445183307266387
1201.0,23.46766555036495
1211.0,23.48854168965097
1221.0,23.507951641662522
1231.0,23.526226129432384
1241.0,23.544082404477273
1251.0,23.56159553863265
1261.0,23.57866876335208
1271.0,23.595183595424327
1281.0,23.611030785965546
1291.0,23.626116730166583
1301.0,23.640308981464596
1311.0,23.65327236091515
1321.0,23.66506766916639
1331.0,23.675810671344475
1341.0,23.68560579459087
1351.0,23.694547147527434
1361.0,23.70271945512133
1371.0,23.710192049516735
1381.0,23.71692721373807
1391.0,23.722998235335165
1401.0,23.728512889263758
1411.0,23.733562789192284
1421.0,23.73822565315827
1431.0,23.74256724371163
1441.0,23.74664315502743
1451.0,23.75054467425013
1461.0,23.754332956943774
1471.0,23.75802550838125
1481.0,23.761637471712245
1491.0,23.76518191753048
1501.0,23.76867009871567
1511.0,23.77211167480415
1521.0,23.775519840843575
1531.0,23.778906501962975
1541.0,23.782273788365725
1551.0,23.785623528480915
1561.0,23.788957360956747
1571.0,23.792276754924853
1581.0,23.795583028067142
1591.0,23.798875606964064
1601.0,23.802152826576926
1611.0,23.805419566146643
1621.0,23.80868024371491
1631.0,23.81193852938762
1641.0,23.815197440476446
1651.0,23.818459425636817
1661.0,23.821726632982116
1671.0,23.825002385862064
1681.0,23.828289162935025
1691.0,23.831588742351325
1701.0,23.834902465960955
1711.0,23.83823129905701
1721.0,23.841575883204673
1731.0,23.844936615006063
1741.0,23.84831472707063
1751.0,23.851711810151393
1761.0,23.85512893239061
1771.0,23.85856679190958
1781.0,23.862025770534967
1791.0,23.86550598122014
1801.0,23.86900731040024
1811.0,23.87253011036937
1821.0,23.876075808491667
1831.0,23.879645495984686
1841.0,23.88323985776226
1851.0,23.88685923285895
1861.0,23.890503667664337
1871.0,23.89417296276171
1881.0,23.897867077929117
1891.0,23.90158745162275
1901.0,23.90533550887373
1911.0,23.90911217700988
1921.0,23.9129179611323
1931.0,23.916753009706948
1941.0,23.92061717217118
1951.0,23.924510234836518
1961.0,23.928433605002468
1971.0,23.932389209560885
1981.0,23.936378360016246
1991.0,23.940401833593267
2001.0,23.94445995688468
2011.0,23.948552679184168
2021.0,23.95268408512332
2031.0,23.956876223324105
2041.0,23.961123191490156
2051.0,23.965415463570253
2061.0,23.969744684428896
2071.0,23.974103533049778
2081.0,23.978485601250352
2091.0,23.98288531607586
2101.0,23.98729696551716
2111.0,23.99171263990429
2121.0,23.996125199977108
2131.0,24.000528666657743
2141.0,24.00491806652118
2151.0,24.009289295734494
2161.0,24.013638812332776
2171.0,24.01794405260146
2181.0,24.02219770424617
2191.0,24.026408369104228
2201.0,24.030583458458693
2211.0,24.034729338003174
2221.0,24.038851456273477
2231.0,24.0429544583935
2241.0,24.047042657418668
2251.0,24.051121440802337
2261.0,24.055195790951526
2271.0,24.059269825505595
2281.0,24.063346911922057
2291.0,24.06742976794255
2301.0,24.07152055027718
2311.0,24.075621121514803
2321.0,24.079734802665392
2331.0,24.08386527067744
2341.0,24.08801540450654
2351.0,24.092187385166422
2361.0,24.096382797044512
2371.0,24.100602716971814
2381.0,24.10484786999317
2391.0,24.109120494766177
2401.0,24.11342405780735
2411.0,24.117761211805423
2421.0,24.1221338311595
2431.0,24.12654257690538
2441.0,24.130982303981014
2451.0,24.135445590208175
2461.0,24.139925079168233
2471.0,24.14441281193037
2481.0,24.148902044378243
2491.0,24.1533872469735
2501.0,24.157863911681208
2511.0,24.16232838805705
2521.0,24.166777744158548
2531.0,24.17120876472423
2541.0,24.175616398382616
2551.0,24.17999625492366
2561.0,24.18434495027431
2571.0,24.188659937023314
2581.0,24.192939360894457
2591.0,24.19718193933995
,
1.0,0.05289861164504943
11.0,0.5820992930268758
21.0,1.1116952119425643
31.0,1.6416940472542234
41.0,2.1721039630115153
51.0,2.7029336283220586
61.0,3.2341922409616313
71.0,3.7658895549700206
81.0,4.298035579571541
91.0,4.830640214031507
101.0,5.363714264672276
111.0,5.897269298634567
121.0,6.431317686436841
131.0,6.965872658610151
141.0,7.500948371045295
151.0,8.007931151742971
161.0,8.488446849641681
171.0,8.952758944623321
181.0,9.401501512285982
191.0,9.835280522428121
201.0,10.254675228971946
211.0,10.66023948410855
221.0,11.065939093449831
231.0,11.48213522310552
241.0,11.898769356313618
251.0,12.315853978737094
261.0,12.733402577450937
271.0,13.151429731491426
281.0,13.569951217567288
291.0,13.948634147005619
301.0,14.233583101304621
311.0,14.518898069604944
321.0,14.804588571439766
331.0,15.090664765524023
341.0,15.377137502345377
351.0,15.66401838402276
361.0,15.942558790060794
371.0,16.14123955094878
381.0,16.337749438245822
391.0,16.532602822184078
401.0,16.727606292490986
411.0,16.922929215884242
421.0,17.118579624311096
431.0,17.314566017100642
441.0,17.499652508332787
451.0,17.681597846861525
461.0,17.861554868940072
471.0,18.039545381952813
481.0,18.21559095821841
491.0,18.389712937876432
501.0,18.56193243177332
511.0,18.73225865980511
521.0,18.900718321068357
531.0,19.067336698142714
541.0,19.232133958648483
551.0,19.395130051000738
561.0,19.55634470690384
571.0,19.715797443825835
581.0,19.873499660822652
591.0,20.029464476459705
601.0,20.183720014983628
611.0,20.336286577626232
621.0,20.487183351643118
631.0,20.63642898222785
641.0,20.784041759760996
651.0,20.930047818093893
661.0,21.07447625008526
671.0,21.21732584683752
681.0,21.358613862055304
691.0,21.498357361914106
701.0,21.636573227004675
711.0,21.77327815426589
721.0,21.90848866058986
731.0,22.04222130687876
741.0,22.17449240047897
751.0,22.305317926870167
761.0,22.43471374834215
771.0,22.562695563430335
781.0,22.689278898038815
791.0,22.814479107819363
801.0,22.938311236596352
811.0,23.06079007019423
821.0,23.181930487921033
831.0,23.30174720845849
841.0,23.420254788263794
851.0,23.53746762398455
861.0,23.653399954803994
871.0,23.767618358029253
881.0,23.8741299944155
891.0,23.97173338653657
901.0,24.061228284507063
911.0,24.143340132644312
921.0,24.218727174192782
931.0,24.28798685988227
941.0,24.351661540653843
951.0,24.410241981864285
961.0,24.46417268097577
971.0,24.513857895896088
981.0,24.55966544311295
991.0,24.60193008090006
1001.0,24.64095657109881
1011.0,24.677022429350846
1021.0,24.710379210806245
1031.0,24.741254635633226
1041.0,24.769856473489885
1051.0,24.79637443686791
1061.0,24.82098180107684
1071.0,24.843836876317074
1081.0,24.865150470062673
1091.0,24.88682473423447
1101.0,24.909141759888964
1111.0,24.93188017587085
1121.0,24.95485326148548
1131.0,24.97790432903489
1141.0,25.000902703808997
1151.0,25.02374022567651
1161.0,25.045472647368033
1171.0,25.06683507100506
1181.0,25.087865573534334
1191.0,25.108516577915747
1201.0,25.12875081608022
1211.0,25.148539937031465
1221.0,25.1678632969682
1231.0,25.18476743665892
1241.0,25.200483948662814
1251.0,25.21585587244936
1261.0,25.230874458928255
1271.0,25.245533983554044
1281.0,25.259831362389644
1291.0,25.273765813912547
1301.0,25.286366548025963
1311.0,25.297759620286218
1321.0,25.309058036343536
1331.0,25.320350300839333
1341.0,25.33170024257861
1351.0,25.34315391327146
1361.0,25.35474363618918
1371.0,25.36729587974767
1381.0,25.381592819350093
1391.0,25.395570831947335
1401.0,25.40920623826839
1411.0,25.422482004459287
1421.0,25.43538670524934
1431.0,25.447913633402248
1441.0,25.46002608625836
1451.0,25.471465884432238
1461.0,25.48255006824247
1471.0,25.49328105761096
1481.0,25.50366336463927
1491.0,25.51370323177599
1501.0,25.523408324585105
1511.0,25.532787472422388
1521.0,25.57992445304429
1531.0,25.629268776210733
1541.0,25.676579827572002
1551.0,25.721939126710392
1561.0,25.76542682424667
1571.0,25.807121508101297
1581.0,25.847100055802052
1591.0,25.88164843245755
1601.0,25.91332757738752
1611.0,25.94386349307174
1621.0,25.973297589600254
1631.0,26.001670435250215
1641.0,26.029021712310964
1651.0,26.055390184775526
1661.0,26.07911119797739
1671.0,26.100385009782354
1681.0,26.12099253747206
1691.0,26.14095489763829
1701.0,26.160292788629175
1711.0,26.179026477252176
1721.0,26.19717578900612
1731.0,26.214196818983982
1741.0,26.231250538542863
1751.0,26.25101980207223
1761.0,26.273506806922523
1771.0,26.29865445292023
1781.0,26.326053911988424
1791.0,26.354930658329838
1801.0,26.384726776790377
1811.0,26.415189390109017
1821.0,26.44376439300923
1831.0,26.470608966754913
1841.0,26.49586413609877
1851.0,26.519656656751206
1861.0,26.542100673194074
1871.0,26.563299174868494
1881.0,26.58334937757355
1891.0,26.602342039963073
1901.0,26.620353214121472
1911.0,26.637452070719686
1921.0,26.65370173571832
1931.0,26.669159941243706
1941.0,26.68387959882463
1951.0,26.697910168985555
1961.0,26.71129972043664
1971.0,26.72409064889707
1981.0,26.736321850218435
1991.0,26.748029244826522
2001.0,26.75924606538345
2011.0,26.77000311150337
2021.0,26.78032915058898
2031.0,26.790252665515933
2041.0,26.799800255559365
2051.0,26.808996409005854
2061.0,26.81786382136002
2071.0,26.826423555049487
2081.0,26.834695181961433
2091.0,26.84269693615327
2101.0,26.850446957414448
2111.0,26.857963323898037
2121.0,26.865262689603274
2131.0,26.8723603805326
2141.0,26.879270516153255
2151.0,26.886006118241195
2161.0,26.892579845196906
2171.0,26.89906973809557
2181.0,26.90550324335922
2191.0,26.911854551406666
2201.0,26.91810211559629
2211.0,26.924228133336737
2221.0,26.93021807033168
2231.0,26.93606022398367
2241.0,26.941708410190177
2251.0,26.947123393939524
2261.0,26.95233210492386
2271.0,26.957358753408148
2281.0,26.96222467361086
2291.0,26.96694865899473
2301.0,26.971547258695253
2311.0,26.976035405465783
2321.0,26.980427770514364
2331.0,26.98473695454461
2341.0,26.988973914490508
2351.0,26.99314821509829
2361.0,26.997268194099668
2371.0,27.00134110845367
2381.0,27.005373881854222
2391.0,27.00937574910676
2401.0,27.01335206509076
2411.0,27.017306909240986
2421.0,27.021243803864348
2431.0,27.025165781493673
2441.0,27.029075444586972
2451.0,27.032974838639017
2461.0,27.0368640074942
2471.0,27.04074645751789
2481.0,27.04462615774668
2491.0,27.048506375422356
2501.0,27.052389768408684
2511.0,27.056278466854835
2521.0,27.060174145532546
2531.0,27.064078745805492
2541.0,27.067995518162963
2551.0,27.07192729904349
2561.0,27.075876278558024
2571.0,27.079844091780533
2581.0,27.08383189916789
2591.0,27.087840457318684
,
1.0,0.0296881343651347
11.0,0.32478105163805787
21.0,0.6166471964987404
31.0,0.9053218556539683
41.0,1.190839929962448
51.0,1.4732359386546994
61.0,1.7525440235068115
71.0,2.0287979529685636
81.0,2.3020274628065893
91.0,2.572268811702401
101.0,2.8395550770241753
111.0,3.103918573463422
121.0,3.3653912623492013
131.0,3.624004755512294
141.0,3.8797903191071157
151.0,4.132776855613215
161.0,4.382996094434623
171.0,4.630479151308518
181.0,4.875255946780995
191.0,5.117356074212757
201.0,5.356808803356932
211.0,5.593643083897777
221.0,5.827887512362902
231.0,6.05957040856267
241.0,6.288719819339943
251.0,6.5153634487181575
261.0,6.739528697773313
271.0,6.961242667946744
281.0,7.18053216432167
291.0,7.397423698863917
301.0,7.611943493627186
311.0,7.824117483923301
321.0,8.033971321457752
331.0,8.241530377430987
341.0,8.44681974560577
351.0,8.649864245340998
361.0,8.860230884536026
371.0,9.155702545717123
381.0,9.451572000156817
391.0,9.747849306996844
401.0,10.044545140096432
411.0,10.341670836789842
421.0,10.639238452767893
431.0,10.937260823987435
441.0,11.147896502914609
451.0,11.349099698643188
461.0,11.550631294358046
471.0,11.752498672957636
481.0,11.954709594214185
491.0,12.157272220814704
501.0,12.360195147108994
511.0,12.540176212476892
521.0,12.708642236183813
531.0,12.875267160948306
541.0,13.040071169390918
551.0,13.203074225809326
561.0,13.364296078765737
571.0,13.523756263663623
581.0,13.681466525715072
591.0,13.837445536812538
601.0,13.991719608204242
611.0,14.14430740831769
621.0,14.295227402331099
631.0,14.444497854454838
641.0,14.59213683019177
651.0,14.738158630315873
661.0,14.882574571609572
671.0,15.025409832174235
681.0,15.166681935665006
691.0,15.3064081557262
701.0,15.444605536389428
711.0,15.581290906106045
721.0,15.716485672833926
731.0,15.850245697160386
741.0,15.982545137609655
751.0,16.113400117603224
761.0,16.243156575478164
771.0,16.373018742918696
781.0,16.503098050386818
791.0,16.633400266126113
801.0,16.757841903576452
811.0,16.880333868979744
821.0,17.00148798844266
831.0,17.1213189843213
841.0,17.239841423583442
851.0,17.35706972009254
861.0,17.47301813693314
871.0,17.587687144406242
881.0,17.701097647060642
891.0,17.81326909459843
901.0,17.924215085499252
911.0,18.03394907188893
921.0,18.142484361334407
931.0,18.2498341186362
941.0,18.356003752607307
951.0,18.46100570575224
961.0,18.56486016206007
971.0,18.667579693844164
981.0,18.769176736817645
991.0,18.869663591644166
1001.0,18.968663100988625
1011.0,19.060751465339695
1021.0,19.142303698283378
1031.0,19.22044905707754
1041.0,19.295338673465313
1051.0,19.367116683631995
1061.0,19.435920564658097
1071.0,19.501881454259635
1081.0,19.564588007243675
1091.0,19.62008795597519
1101.0,19.673485543015946
1111.0,19.724865397721008
1121.0,19.77430859462618
1131.0,19.821892808312292
1141.0,19.86769246130401
1151.0,19.911778865325836
1161.0,19.951769944841416
1171.0,19.9905115242526
1181.0,20.028316704987642
1191.0,20.06519336568503
1201.0,20.101150048995596
1211.0,20.136195945929856
1221.0,20.17034087478897
1231.0,20.207914266005755
1241.0,20.24576278746188
1251.0,20.281984425934983
1261.0,20.31665428077482
1271.0,20.34984383019691
1281.0,20.38162111299473
1291.0,20.412050900838867
1301.0,20.439853363293082
1311.0,20.46523752334471
1321.0,20.48964007085342
1331.0,20.513101955490868
1341.0,20.535662339922457
1351.0,20.5573586807957
1361.0,20.5782268059373
1371.0,20.5979445441623
1381.0,20.617514471613504
1391.0,20.638325007900384
1401.0,20.660071650593192
1411.0,20.6824755847128
1421.0,20.705292076051684
1431.0,20.72830956838041
1441.0,20.752197075795596
1451.0,20.782400673707134
1461.0,20.810379485536306
1471.0,20.83631808168376
1481.0,20.860385116444334
1491.0,20.88273475335959
1501.0,20.90350796047186
1511.0,20.922833687778816
1521.0,20.940829492344932
1531.0,20.957601547958973
1541.0,20.973247134051856
1551.0,20.98785556084516
1561.0,21.001508856588277
1571.0,21.014282400985326
1581.0,21.026245504922596
1591.0,21.03659806466826
1601.0,21.045992672663512
1611.0,21.054858663034203
1621.0,21.06323305411213
1631.0,21.07115021270311
1641.0,21.078642062333866
1651.0,21.085738276330954
1661.0,21.09198912319175
1671.0,21.09747474924074
1681.0,21.102710661730377
1691.0,21.10771469189657
1701.0,21.112503399057783
1711.0,21.117092166231682
1721.0,21.121495287613662
1731.0,21.12580735670191
1741.0,21.130132725094903
1751.0,21.13428379265489
1761.0,21.138270692123978
1771.0,21.142102970527656
1781.0,21.145789629040877
1791.0,21.149339160965496
1801.0,21.15271125011437
1811.0,21.15554340943837
1821.0,21.1582894305842
1831.0,21.160953344621877
1841.0,21.163538996796593
1851.0,21.166050056947164
1861.0,21.168490029624447
1871.0,21.170862263937753
1881.0,21.172889761494027
1891.0,21.174839962714675
1901.0,21.176746499236724
1911.0,21.178610960662883
1921.0,21.180434880674493
1931.0,21.182219739442502
1941.0,21.183966966030766
1951.0,21.185555669511878
1961.0,21.187196196913956
1971.0,21.189003968677895
1981.0,21.19100654117597
1991.0,21.193229215458235
2001.0,21.195696757381402
2011.0,21.19843202884488
2021.0,21.201658095387764
2031.0,21.205237692870984
2041.0,21.20890558229611
2051.0,21.21264814713182
2061.0,21.216453557072526
2071.0,21.220311531791733
2081.0,21.224213136175656
2091.0,21.228150586883082
2101.0,21.232115797613265
2111.0,21.236099702729273
2121.0,21.24009447775615
2131.0,21.244093563174157
2141.0,21.248091479476038
2151.0,21.25208366822362
2161.0,21.256066355499037
2171.0,21.260035647761093
2181.0,21.26398628985998
2191.0,21.26791372834946
2201.0,21.271814340396364
2211.0,21.27568528892994
2221.0,21.27952439861696
2231.0,21.283330049786855
2241.0,21.287100666149186
2251.0,21.29083327007334
2261.0,21.294525170546223
2271.0,21.298174393161343
2281.0,21.301779563719585
2291.0,21.3053398105697
2301.0,21.30885468127854
2311.0,21.312323862116042
2321.0,21.31574580436885
2331.0,21.319118941143948
2341.0,21.32244228612902
2351.0,21.325715332767043
2361.0,21.32893797767453
2371.0,21.33211045557037
2381.0,21.335233192132126
2391.0,21.338305598699176
2401.0,21.341326885889906
2411.0,21.344296772780506
2421.0,21.34721538245665
2431.0,21.350083184245346
2441.0,21.352900945526482
2451.0,21.355586717848873
2461.0,21.35803933772482
2471.0,21.360456682105927
2481.0,21.36283838800689
2491.0,21.365184360494418
2501.0,21.367494741756204
2511.0,21.36976988506398
2521.0,21.371977017964518
2531.0,21.37385776120182
2541.0,21.375717848076473
2551.0,21.37755680714548
2561.0,21.379374318521077
2571.0,21.381170199209503
2581.0,21.38294439036129
2591.0,21.38469694630057
,
1.0,0.029690026173541027
11.0,0.32480184217571395
21.0,0.6166868557772813
31.0,0.9053803610953578
41.0,1.1909172663777134
51.0,1.4733320982304006
61.0,1.752659005799271
71.0,2.0289317649058902
81.0,2.3021738337741633
91.0,2.5724270223916523
101.0,2.839725107517631
111.0,3.104100406990753
121.0,3.365584885263836
131.0,3.62421015727021
141.0,3.880007492247784
151.0,4.133002167968331
161.0,4.383227028958804
171.0,4.630714858485579
181.0,4.87549577975802
191.0,5.117599520308586
201.0,5.357055443626273
211.0,5.593892567744795
221.0,5.9496694551044955
231.0,6.408473928443617
241.0,6.844905129664994
251.0,7.260546906235611
261.0,7.656837946080677
271.0,8.035087969316061
281.0,8.396491805388356
291.0,8.772442724009114
301.0,9.214094090455593
311.0,9.656227822045375
321.0,10.098856093475119
331.0,10.541992189484233
341.0,10.985650592097857
351.0,11.429847083788081
361.0,11.860314148252664
371.0,12.162688449640916
381.0,12.465459372651447
391.0,12.768636556222042
401.0,13.072230324303797
411.0,13.376251738268483
421.0,13.680712656777759
431.0,13.98562580424159
441.0,14.201636287215758
451.0,14.408044939857549
461.0,14.614780856751143
471.0,14.82185144676933
481.0,15.029264544639643
491.0,15.237028440981524
501.0,15.445151915809038
511.0,15.626699742302174
521.0,15.795175392697924
531.0,15.961810020725789
541.0,16.126623825677648
551.0,16.289636789238305
561.0,16.450868678178203
571.0,16.610339047046022
581.0,16.768057977221343
591.0,16.924044051943174
601.0,17.07832524033235
611.0,17.230920219280726
621.0,17.381847462710528
631.0,17.53112524388932
641.0,17.678771637726367
651.0,17.824800277019488
661.0,17.96922231115463
671.0,18.112064661780995
681.0,18.253344619261487
691.0,18.39307928359352
701.0,18.5312855666422
711.0,18.667980194329367
721.0,18.803181664643624
731.0,18.936922600294924
741.0,19.069202098935083
751.0,19.200036188578228
761.0,19.32944072401538
771.0,19.45743138888016
781.0,19.58402369770601
791.0,19.7092329979767
801.0,19.833060105590686
811.0,19.95553226512568
821.0,20.07666586767561
831.0,20.19647557426547
841.0,20.314975886408817
851.0,20.43218114790518
861.0,20.548105546621095
871.0,20.662753982635067
881.0,20.77614304678611
891.0,20.888290395372035
901.0,20.999209960407423
911.0,21.10891541940892
921.0,21.21742023421894
931.0,21.32473767491117
941.0,21.430910789866306
951.0,21.53595429884166
961.0,21.63985170604323
971.0,21.742615761403677
981.0,21.844259091916783
991.0,21.9447942054095
1001.0,22.044233494637936
1011.0,22.14258088886025
1021.0,22.239571171440385
1031.0,22.33169839584989
1041.0,22.41817319502933
1051.0,22.499369568776604
1061.0,22.575635975254663
1071.0,22.64729716544445
1081.0,22.713765344017617
1091.0,22.768646187283775
1101.0,22.8205323689816
1111.0,22.869600259006482
1121.0,22.91601544986583
1131.0,22.959933446611327
1141.0,23.001500311518694
1151.0,23.040853266619852
1161.0,23.073960399523543
1171.0,23.105006551525083
1181.0,23.134557151622552
1191.0,23.162690471253
1201.0,23.189480512844007
1211.0,23.214997253307683
1221.0,23.239306873261008
1231.0,23.260673827107777
1241.0,23.28035476880603
1251.0,23.2991933355342
1261.0,23.31722898266199
1271.0,23.334499230734508
1281.0,23.35103976439712
1291.0,23.36688452610411
1301.0,23.381339896170324
1311.0,23.3945168445484
1321.0,23.407191432702742
1331.0,23.419384856970915
1341.0,23.43111737437153
1351.0,23.442408345898585
1361.0,23.453276277754306
1371.0,23.463489255211424
1381.0,23.472769496260632
1391.0,23.481733422266334
1401.0,23.49039315700257
1411.0,23.498760335623864
1421.0,23.506846125104875
1431.0,23.514661243796642
1441.0,23.522167741751257
1451.0,23.529007600796138
1461.0,23.535637920170785
1471.0,23.542066068619796
1481.0,23.548299142661197
1491.0,23.554343977002837
1501.0,23.560207154547502
1511.0,23.565895016003406
1521.0,23.571167787729603
1531.0,23.57626695558704
1541.0,23.58122551170847
1551.0,23.586048037080673
1561.0,23.590738956285197
1571.0,23.59530254301567
1581.0,23.599742925394644
1591.0,23.604055286039458
1601.0,23.6085457288725
1611.0,23.613230871654228
1621.0,23.61807296914045
1631.0,23.62304002483845
1641.0,23.62810469625735
1651.0,23.633243502415535
1661.0,23.639828144626666
1671.0,23.647503093759642
1681.0,23.654783568331514
1691.0,23.661695082073816
1701.0,23.668261451885666
1711.0,23.674504921857352
1721.0,23.68044627884171
1731.0,23.685869511891028
1741.0,23.690517351124495
1751.0,23.69497259390848
1761.0,23.699245891594884
1771.0,23.703347282369666
1781.0,23.707286230496514
1791.0,23.711071663246983
1801.0,23.714664098550795
1811.0,23.717705386185486
1821.0,23.7206464665072
1831.0,23.72349203586998
1841.0,23.72624655588752
1851.0,23.728914266479823
1861.0,23.73149919824583
1871.0,23.734005184205103
1881.0,23.736170775004084
1891.0,23.738250844669185
1901.0,23.740277892450028
1911.0,23.742253998840045
1921.0,23.74418115404985
1931.0,23.746061262337523
1941.0,23.747896146142498
1951.0,23.749553071089505
1961.0,23.751118884615497
1971.0,23.752653801862948
1981.0,23.754158837158293
1991.0,23.755634966260526
2001.0,23.757083127942174
2011.0,23.758504225506453
2021.0,23.759840593582975
2031.0,23.761130300462636
2041.0,23.762446635617543
2051.0,23.76379184891805
2061.0,23.765167936131594
2071.0,23.76657675587737
2081.0,23.768020079278923
2091.0,23.76970344154379
2101.0,23.771848828055216
2111.0,23.77396668905072
2121.0,23.776072078611595
2131.0,23.778177729245755
2141.0,23.78029453675394
2151.0,23.782431880131877
2161.0,23.784643140269672
2171.0,23.78726882331102
2181.0,23.789877060521224
2191.0,23.792464888159383
2201.0,23.795029959376766
2211.0,23.797570467666365
2221.0,23.800085081372405
2231.0,23.80257288811538
2241.0,23.804822185768717
2251.0,23.80704267983047
2261.0,23.809290784673607
2271.0,23.811593157609984
2281.0,23.813971814720986
2291.0,23.81644506938672
2301.0,23.819028021468824
2311.0,23.821811663712726
2321.0,23.824698724308153
2331.0,23.82763550732594
2341.0,23.830612375363533
2351.0,23.833620972312826
2361.0,23.83665406015624
2371.0,23.839705376535086
2381.0,23.842772650802974
2391.0,23.845876580091
2401.0,23.849031722973585
2411.0,23.852248546367655
2421.0,23.855535876216727
2431.0,23.858900980916157
2441.0,23.862349651277306
2451.0,23.865885757901044
2461.0,23.869504363284705
2471.0,23.873205168890262
2481.0,23.87698987525779
2491.0,23.880859414477438
2501.0,23.884814023224862
2511.0,23.88885331296562
2521.0,23.89297617033864
2531.0,23.89715942935418
2541.0,23.901379514778785
2551.0,23.905626507426657
2561.0,23.90989203499812
2571.0,23.914169046619246
2581.0,23.91845161927521
2591.0,23.922734791653756
,
1.0,0.056671429930677635
11.0,0.6236599960143261
21.0,1.191152475479255
31.0,1.75915705268667
41.0,2.3276828148836914
51.0,2.8967397755807345
61.0,3.4663389065099195
71.0,4.036492178688682
81.0,4.588952456284826
91.0,5.100404905663215
101.0,5.575444462725442
111.0,6.018149518299956
121.0,6.431990200858252
131.0,6.819939838574404
141.0,7.184562483014334
151.0,7.53305996030505
161.0,7.880913799887916
171.0,8.229071274749835
181.0,8.577536603607584
191.0,8.92631446588441
201.0,9.275410005008121
211.0,9.624828835610499
221.0,9.974576974128526
231.0,10.324660112381206
241.0,10.675084453231483
251.0,11.025856859631947
261.0,11.376984801304364
271.0,11.728476384124646
281.0,12.080340385797193
291.0,12.425760680814594
301.0,12.755629062244799
311.0,13.085871882260546
321.0,13.416498826962108
331.0,13.747520404570016
341.0,14.078948012240723
351.0,14.410794014463796
361.0,14.732387763307816
371.0,14.958189977960675
381.0,15.184300291868421
391.0,15.410726151597405
401.0,15.637475513565702
411.0,15.864556882916556
421.0,16.09197935778203
431.0,16.31975267974219
441.0,16.50802936514808
451.0,16.689986789565744
461.0,16.869956225437182
471.0,17.047959522942765
481.0,17.224018300148785
491.0,17.398153946325134
501.0,17.570387625318755
511.0,17.740725396977666
521.0,17.909195504320262
531.0,18.075824573036588
541.0,18.24063279497093
551.0,18.40364014411005
561.0,18.564866379233504
571.0,18.724331046559858
581.0,18.88204496081262
591.0,19.038025487350446
601.0,19.192299486236337
611.0,19.344885671592518
621.0,19.495802546795407
631.0,19.645068407751126
641.0,19.79270134595964
651.0,19.938727090622866
661.0,20.08317453673026
671.0,20.226043277473735
681.0,20.36735059686428
691.0,20.507113590056004
701.0,20.64534916543031
711.0,20.782074046657264
721.0,20.91730419721276
731.0,21.0510515990877
741.0,21.183337863103915
751.0,21.314179044662282
761.0,21.44359102782465
771.0,21.570741793458904
781.0,21.69145004923351
791.0,21.80551446517629
801.0,21.901177724684782
811.0,21.990704501431726
821.0,22.07575871258901
831.0,22.156579152318034
841.0,22.23339135917475
851.0,22.30640838439853
861.0,22.375831514371477
871.0,22.436659738703
881.0,22.492543644624394
891.0,22.545927561044433
901.0,22.596931085759127
911.0,22.64566784814947
921.0,22.692245819313854
931.0,22.736767605571384
941.0,22.77726222225081
951.0,22.81405845588935
961.0,22.849374080990888
971.0,22.883272968249873
981.0,22.915816108982284
991.0,22.947061749992503
1001.0,22.97706552191549
1011.0,23.00517981070375
1021.0,23.03063205445052
1031.0,23.05515756297599
1041.0,23.07879267149993
1051.0,23.101572226388733
1061.0,23.12352964841996
1071.0,23.14469699327149
1081.0,23.16497186842216
1091.0,23.183370525511428
1101.0,23.201158203750143
1111.0,23.21835688043328
1121.0,23.234987708040926
1131.0,23.25107104627184
1141.0,23.266626492794405
1151.0,23.281672912767714
1161.0,23.29556402757454
1171.0,23.30895632148994
1181.0,23.321940349610262
1191.0,23.334529710042805
1201.0,23.34673752971185
1211.0,23.358576481210473
1221.0,23.370058799032357
1231.0,23.38090507872126
1241.0,23.391328608163295
1251.0,23.401469214945514
1261.0,23.411335150976065
1271.0,23.42093442719616
1281.0,23.430274820621275
1291.0,23.439363881176533
1301.0,23.448208938334957
1311.0,23.456817107147312
1321.0,23.465195294231766
1331.0,23.473350204512652
1341.0,23.48128834716817
1351.0,23.489016041349164
1361.0,23.49653942173077
1371.0,23.503864443904874
1381.0,23.510996889346355
1391.0,23.517942369996536
1401.0,23.524706333879728
1411.0,23.531294070012034
1421.0,23.537710713045882
1431.0,23.543961247778835
1441.0,23.550050513531
1451.0,23.55598320825029
1461.0,23.561763892005995
1471.0,23.567396991590773
1481.0,23.572886804635985
1491.0,23.578237503383576
1501.0,23.583453138347767
1511.0,23.588537641869717
1521.0,23.593494831498912
1531.0,23.59832841270526
1541.0,23.603041982515446
1551.0,23.607639033042265
1561.0,23.61212295454914
1571.0,23.616497038423663
1581.0,23.62076448006412
1591.0,23.62492838165569
1601.0,23.628991754329203
1611.0,23.632957520910985
1621.0,23.636828519001885
1631.0,23.64060750347883
1641.0,23.644297148909235
1651.0,23.647900051894887
1661.0,23.651418733342023
1671.0,23.654855640234505
1681.0,23.658213147600183
1691.0,23.661493561215348
1701.0,23.664699119671408
1711.0,23.667831996335078
1721.0,23.670894301251387
1731.0,23.673902775917096
1741.0,23.67707672346764
1751.0,23.680455943538366
1761.0,23.684004898424856
1771.0,23.687694796258086
1781.0,23.691501964981576
1791.0,23.69540675348413
1801.0,23.69962267737549
1811.0,23.705768780837655
1821.0,23.71161699302284
1831.0,23.717186766170574
1841.0,23.722496268209564
1851.0,23.727562478452295
1861.0,23.73240127737067
1871.0,23.73702753100006
1881.0,23.74088181888668
1891.0,23.744528923538745
1901.0,23.748050000513945
1911.0,23.751458788700845
1921.0,23.754767620402255
1931.0,23.75798759857215
1941.0,23.76112874180725
1951.0,23.764524803430547
1961.0,23.767955477668856
1971.0,23.77127967491322
1981.0,23.77450261976341
1991.0,23.777629358163445
2001.0,23.780664764354878
2011.0,23.783613549538604
2021.0,23.786270700227625
2031.0,23.788657280807683
2041.0,23.790990646100713
2051.0,23.79327259756879
2061.0,23.795504926844753
2071.0,23.79768941322264
2081.0,23.799827822155017
2091.0,23.801832731758363
2101.0,23.80359568053378
2111.0,23.805330242413664
2121.0,23.80703698046231
2131.0,23.80871647982979
2141.0,23.810369344756094
2151.0,23.811996196053922
2161.0,23.813576267483707
2171.0,23.81494373813168
2181.0,23.8162953729834
2191.0,23.817631294208514
2201.0,23.818951643698746
2211.0,23.820256581110907
2221.0,23.821546282109054
2231.0,23.82282093679268
2241.0,23.82394903853407
2251.0,23.8250529978487
2261.0,23.82614767620271
2271.0,23.82723303860193
2281.0,23.82830906559087
2291.0,23.829375752019924
2301.0,23.830433105910576
2311.0,23.83140760313109
2321.0,23.832362149539374
2331.0,23.833334961910154
2341.0,23.834329072580033
2351.0,23.835347250076534
2361.0,23.836392048630035
2371.0,23.837465834098893
2381.0,23.838786428934373
2391.0,23.840324981605672
2401.0,23.841860130720477
2411.0,23.84339649517577
2421.0,23.844938213924106
2431.0,23.84648899252109
2441.0,23.848052141139945
2451.0,23.849708077541287
2461.0,23.851550774797552
2471.0,23.853391492188816
2481.0,23.855227799177165
2491.0,23.857057644996498
2501.0,23.858879322059035
2511.0,23.8606914341141
2521.0,23.86246586394453
2531.0,23.863990274920088
2541.0,23.86551019088077
2551.0,23.86702430160781
2561.0,23.8685314828324
2571.0,23.87003078037739
2581.0,23.871521396078595
2591.0,23.873002675365537
,
1.0,0.037898544322782945
11.0,0.40026445909960595
21.0,0.7352897157378653
31.0,1.0464922631494484
41.0,1.3371215061063941
51.0,1.6195260357665824
61.0,1.898842253112556
71.0,2.1751039204378286
81.0,2.684723737984004
91.0,3.221065424914505
101.0,3.7580648403894594
111.0,4.295741390253311
121.0,4.834115610846565
131.0,5.3732092737613835
141.0,5.913045503642161
151.0,6.330313597815215
161.0,6.695292078807825
171.0,7.060813500494885
181.0,7.4268913259000655
191.0,7.793539686821662
201.0,8.160773434629963
211.0,8.52860819633267
221.0,8.83578770245702
231.0,9.082168083280669
241.0,9.328978369091391
251.0,9.576227364429124
261.0,9.823924232451917
271.0,10.07207851678801
281.0,10.320700165208962
291.0,10.559843128889458
301.0,10.77438639455319
311.0,10.986584344021198
321.0,11.196462648500242
331.0,11.404046699554458
341.0,11.609361612230982
351.0,11.812432228156451
361.0,12.01328211296684
371.0,12.21192438950612
381.0,12.408391313844227
391.0,12.602707937935117
401.0,12.794898379883636
411.0,12.984986226012085
421.0,13.17299467591991
431.0,13.358946606463332
441.0,13.543574309309935
451.0,13.728115594048488
461.0,13.912591883912514
471.0,14.097001604224996
481.0,14.28134313213982
491.0,14.465614791436852
501.0,14.649814847154847
511.0,14.834002576243838
521.0,15.0183552412277
531.0,15.202886729811366
541.0,15.387599991465258
551.0,15.57249818614823
561.0,15.757584689337968
571.0,15.942863098641656
581.0,16.128337165340056
591.0,16.314010097538386
601.0,16.499885349018808
611.0,16.68596675324647
621.0,16.872258461220955
631.0,17.05876495530178
641.0,17.245491066056164
651.0,17.432149714080403
661.0,17.618355213382532
671.0,17.804794044333352
681.0,17.991471820803355
691.0,18.17839466670692
701.0,18.36556925502801
711.0,18.553002854154443
721.0,18.735378349928173
731.0,18.86914157855897
741.0,19.001444402951968
751.0,19.132302977514502
761.0,19.26173329359112
771.0,19.389946470704253
781.0,19.518160524142548
791.0,19.64658832580746
801.0,19.77084530043319
811.0,19.893341068281376
821.0,20.01449917114961
831.0,20.134334353859018
841.0,20.252861207679818
851.0,20.37009417289328
861.0,20.486047541435234
871.0,20.60072070272905
881.0,20.714135041513263
891.0,20.826310465818494
901.0,20.93726058768283
911.0,21.04699887368497
921.0,21.155538646846676
931.0,21.262893088545056
941.0,21.36906689337585
951.0,21.474072411933633
961.0,21.577828806944
971.0,21.67772552102042
981.0,21.772816549409317
991.0,21.86334864187879
1001.0,21.94955536978715
1011.0,22.02901749963714
1021.0,22.098876723691188
1031.0,22.165697792905195
1041.0,22.22962141320229
1051.0,22.2907814920033
1061.0,22.34930547986854
1071.0,22.40531469441311
1081.0,22.458432963633083
1091.0,22.505041252372262
1101.0,22.54981945953964
1111.0,22.59284422091158
1121.0,22.634188821152417
1131.0,22.673923345925324
1141.0,22.7121148268725
1151.0,22.74882737980907
1161.0,22.78171453550917
1171.0,22.81315970935945
1181.0,22.843485004226718
1191.0,22.872733103534845
1201.0,22.90094499283015
1211.0,22.928160029765895
1221.0,22.954416011110006
1231.0,22.97998320251636
1241.0,23.0087641498485
1251.0,23.04041520471203
1261.0,23.074082689638246
1271.0,23.109079764532158
1281.0,23.14484482328601
1291.0,23.180914896267243
1301.0,23.22094666061932
1311.0,23.262334119089314
1321.0,23.300483598099294
1331.0,23.335679539082214
1341.0,23.368180460730514
1351.0,23.398221388757534
1361.0,23.42601605272286
1371.0,23.451758853176553
1381.0,23.47562546256876
1391.0,23.497774230258315
1401.0,23.518349512361876
1411.0,23.53748305081778
1421.0,23.555295107481694
1431.0,23.571895494635456
1441.0,23.58738451154387
1451.0,23.601853021400238
1461.0,23.615382504552397
1471.0,23.628047535899082
1481.0,23.639916539671933
1491.0,23.651052314387105
1501.0,23.661512513364684
1511.0,23.67135008469646
1521.0,23.680613218026718
1531.0,23.68934470616728
1541.0,23.69758393524054
1551.0,23.70536733248399
1561.0,23.712728600206805
1571.0,23.719698938108706
1581.0,23.72630724998795
1591.0,23.732092583127663
1601.0,23.737406706572575
1611.0,23.742483847586055
1621.0,23.747338935943525
1631.0,23.751985977231687
1641.0,23.756438119256632
1651.0,23.76070771522378
1661.0,23.764510662462985
1671.0,23.76789929182932
1681.0,23.7712250273599
1691.0,23.77452352950502
1701.0,23.777821519925777
1711.0,23.781140000695412
1721.0,23.784495931567935
1731.0,23.788051293651986
1741.0,23.791932850918894
1751.0,23.795752702997106
1761.0,23.79951077294275
1771.0,23.803207417171475
1781.0,23.806843343468643
1791.0,23.810419542002506
1801.0,23.813937227537163
1811.0,23.817397037739305
1821.0,23.82079838598962
1831.0,23.824141074704755
1841.0,23.827425337092578
1851.0,23.83065176482038
1861.0,23.833821247154866
1871.0,23.836934920134038
1881.0,23.839948525493078
1891.0,23.842906410245384
1901.0,23.845828956876243
1911.0,23.848729808842357
1921.0,23.85162078899865
1931.0,23.854512106473464
1941.0,23.85741252513859
1951.0,23.86034896758317
1961.0,23.863296023555105
1971.0,23.866237427222156
1981.0,23.869168597764336
1991.0,23.87208575489807
2001.0,23.874985810863603
2011.0,23.877866277179013
2021.0,23.880725089854227
2031.0,23.88355931205745
2041.0,23.88636593374244
2051.0,23.889142653508788
2061.0,23.891887757924778
2071.0,23.89460004437048
2081.0,23.897278755492206
2091.0,23.899853944160665
2101.0,23.9022390230522
2111.0,23.90459849957939
2121.0,23.906931119867
2131.0,23.909235991657056
2141.0,23.911512543490367
2151.0,23.913760489993262
2161.0,23.91594670980145
2171.0,23.91781365008922
2181.0,23.91966423984787
2191.0,23.921497616677485
2201.0,23.923313109338945
2211.0,23.925110219297938
2221.0,23.926888604604766
2231.0,23.928648065939615
2241.0,23.93016338893093
2251.0,23.93164283953171
2261.0,23.93311127151409
2271.0,23.93456817376772
2281.0,23.93601312917689
2291.0,23.937445806793033
2301.0,23.938865954857043
2311.0,23.9401401096232
2321.0,23.941349640312676
2331.0,23.942552198650468
2341.0,23.943747392583585
2351.0,23.9449348824205
2361.0,23.94611437687406
2371.0,23.9472856294495
2381.0,23.94837683996253
2391.0,23.949391322029403
2401.0,23.950401531156675
2411.0,23.951407166377365
2421.0,23.952407956938874
2431.0,23.953403660232386
2441.0,23.954394059869955
2451.0,23.9553470222895
2461.0,23.95622203487848
2471.0,23.95709461057343
2481.0,23.957964518408744
2491.0,23.958831545631345
2501.0,23.959695496579755
2511.0,23.960556191630644
2521.0,23.961405630828285
2531.0,23.962182393287442
2541.0,23.96295797896838
2551.0,23.963732210000547
2561.0,23.96450492001873
2571.0,23.96527595353243
2581.0,23.966045165328204
2591.0,23.966812419903135
,
1.0,0.06492413412772878
11.0,0.70835171855313
21.0,1.3412463932628422
31.0,1.963662153828211
41.0,2.575653437218311
51.0,3.1772751219521553
61.0,3.7685825288176025
71.0,4.349631422136964
81.0,4.85937580570508
91.0,5.3623975452582044
101.0,5.8660402907653735
111.0,6.37032076957809
121.0,6.875256885046322
131.0,7.380867816443803
141.0,7.887174133194927
151.0,8.279020617361377
161.0,8.622036848193353
171.0,8.965560314321264
181.0,9.309603143160572
191.0,9.654178155752346
201.0,9.999298918017866
211.0,10.344979797960542
221.0,10.634860324330011
231.0,10.867266834802757
241.0,11.099921329772096
251.0,11.332985412223964
261.0,11.566467641153356
271.0,11.80037697528608
281.0,12.034722798227902
291.0,12.263858312439847
301.0,12.478415858865295
311.0,12.69062806837717
321.0,12.900520624917297
331.0,13.10811893298715
341.0,13.313448120816533
351.0,13.516533043505722
361.0,13.717396824800495
371.0,13.916051849484925
381.0,14.112535107132798
391.0,14.306870363964398
401.0,14.499081126810324
411.0,14.689190645979375
421.0,14.877221918096716
431.0,15.06319768891272
441.0,15.2471305947061
451.0,15.429051425401937
461.0,15.608983263336652
471.0,15.786947866372756
481.0,15.962966754611386
491.0,16.137061213000504
501.0,16.309252293914838
511.0,16.479555249938063
521.0,16.647993757683256
531.0,16.814590552094142
541.0,16.979365775783403
551.0,17.142339351146376
561.0,17.303530982771058
571.0,17.462960159821797
581.0,17.620643308897108
591.0,17.77659945397168
601.0,17.930850286194605
611.0,18.083414454542925
621.0,18.234310404074737
631.0,18.383556378159465
641.0,18.53117042068376
651.0,18.677169149315134
661.0,18.821568348046153
671.0,18.964388284757447
681.0,19.10564628571564
691.0,19.24535946861988
701.0,19.383544752584452
711.0,19.520218864500674
721.0,19.655404647443635
731.0,19.789156929717013
741.0,19.92143353201911
751.0,20.052256007226458
761.0,20.181642663878666
771.0,20.30961078263815
781.0,20.436177074528555
791.0,20.561357636707687
801.0,20.68517624986973
811.0,20.807641925751984
821.0,20.92876862197303
831.0,21.048570978380695
841.0,21.167063475163268
851.0,21.284260434582404
861.0,21.4001760226869
871.0,21.514824269914907
881.0,21.62821909932161
891.0,21.740374219121158
901.0,21.851303182509692
911.0,21.961019394957486
921.0,22.069536115811264
931.0,22.176866459878944
941.0,22.28302341036003
951.0,22.388019881043352
961.0,22.49186857318358
971.0,22.594582032397078
981.0,22.696172667765257
991.0,22.794826647566
1001.0,22.884484357603935
1011.0,22.96554641460371
1021.0,23.0389067162149
1031.0,23.105362082878333
1041.0,23.165623165126934
1051.0,23.220325592277145
1061.0,23.270038068193518
1071.0,23.31526957563722
1081.0,23.356551492260262
1091.0,23.40142964090573
1101.0,23.453345847560673
1111.0,23.510606558327808
1121.0,23.571769428182712
1131.0,23.63561174679779
1141.0,23.701102580959862
1151.0,23.76737818632083
1161.0,23.833572002631325
1171.0,23.898961165378736
1181.0,23.963186174817924
1191.0,24.02596082742643
1201.0,24.087060101836446
1211.0,24.146311418734978
1221.0,24.20358698155482
1231.0,24.25875127360699
1241.0,24.311647375252207
1251.0,24.36229684131908
1261.0,24.410740590040152
1271.0,24.45702744448297
1281.0,24.501212592953614
1291.0,24.543356249504374
1301.0,24.584658921630936
1311.0,24.63127514186409
1321.0,24.682990745421765
1331.0,24.738624506040598
1341.0,24.79715918197244
1351.0,24.857721967337763
1361.0,24.91956715097567
1371.0,24.982060988534016
1381.0,25.044673179425246
1391.0,25.106957057198198
1401.0,25.168538985447896
1411.0,25.229110780166717
1421.0,25.288421336039885
1431.0,25.346269211093976
1441.0,25.402496067952654
1451.0,25.45698324237406
1461.0,25.509645302477818
1471.0,25.560422880167383
1481.0,25.609279838454867
1491.0,25.65619981086117
1501.0,25.70118315578711
1511.0,25.744244280024265
1521.0,25.78591210492817
1531.0,25.826727074866096
1541.0,25.866393554526525
1551.0,25.904662393461287
1561.0,25.941334452694615
1571.0,25.97625630905165
1581.0,26.009315448256654
1591.0,26.040236835904956
1601.0,26.06855728464242
1611.0,26.09452681778797
1621.0,26.118404244163045
1631.0,26.140417200945198
1641.0,26.16076601819834
1651.0,26.17962710009617
1661.0,26.197185333956384
1671.0,26.21372140631503
1681.0,26.229300310043143
1691.0,26.243954785437513
1701.0,26.25772007633985
1711.0,26.27063306102511
1721.0,26.28273151564692
1731.0,26.294042741908584
1741.0,26.304444528422977
1751.0,26.314001730521223
1761.0,26.32283941390629
1771.0,26.33106380968915
1781.0,26.338764963657628
1791.0,26.346019019169315
1801.0,26.352890432966184
1811.0,26.35949473847798
1821.0,26.365901229086226
1831.0,26.37212066028198
1841.0,26.37816314325951
1851.0,26.38403819092844
1861.0,26.389754759897865
1871.0,26.395321288841597
1881.0,26.400740503635454
1891.0,26.406017765849594
1901.0,26.411167752810783
1911.0,26.416203275997812
1921.0,26.421135456684837
1931.0,26.42597394475001
1941.0,26.43072711038064
1951.0,26.435403657287694
1961.0,26.440014605395906
1971.0,26.444565717659867
1981.0,26.44906169384447
1991.0,26.453506630119502
2001.0,26.457904098319293
2011.0,26.462257215412517
2021.0,26.46656899013248
2031.0,26.470844164428446
2041.0,26.475086070049162
2051.0,26.47929730536159
2061.0,26.483480119904545
2071.0,26.4876364604403
2081.0,26.491768011389816
2091.0,26.495876273317727
2101.0,26.499963798795545
2111.0,26.504033315774866
2121.0,26.50808697410764
2131.0,26.51212658787934
2141.0,26.516153679870612
2151.0,26.520169520731628
2161.0,26.524175164189568
2171.0,26.52817218261404
2181.0,26.532163133716885
2191.0,26.536150175981312
2201.0,26.54013506675468
2211.0,26.54411921648205
2221.0,26.54810373655383
2231.0,26.55208948148294
2241.0,26.556077455912348
2251.0,26.560070059422053
2261.0,26.564069612300397
2271.0,26.5680779330239
2281.0,26.57209640945747
2291.0,26.576126060369038
2301.0,26.580167589598407
2311.0,26.584221616068493
2321.0,26.588290282818598
2331.0,26.59237617826677
2341.0,26.5964812746212
2351.0,26.60060700641932
2361.0,26.604754350091458
2371.0,26.608923893876305
2381.0,26.613115972205378
2391.0,26.617332381608005
2401.0,26.621576093056706
2411.0,26.62584937340622
2421.0,26.63015381292353
2431.0,26.634490428568498
2441.0,26.638859754528045
2451.0,26.643262652151833
2461.0,26.647709867992422
2471.0,26.652203066433426
2481.0,26.656739778769605
2491.0,26.661317598006843
2501.0,26.665934188724805
2511.0,26.670587294571373
2521.0,26.67527465679199
2531.0,26.679983474123812
2541.0,26.684700223729756
2551.0,26.689417695563147
2561.0,26.694130015271526
2571.0,26.698832432301195
2581.0,26.703521135275256
2591.0,26.70819309588613
,
1.0,0.05209577520028622
11.0,0.5623909380210964
21.0,1.0540226825352144
31.0,1.52796897094045
41.0,1.9851416130572757
51.0,2.4263917185501067
61.0,2.852514622126972
71.0,3.264254339898025
81.0,3.6678707736902205
91.0,4.071737085405828
101.0,4.475925008492445
111.0,4.88043703123096
121.0,5.285276161230162
131.0,5.6904459085618955
141.0,6.095950273624184
151.0,6.501793579272983
161.0,6.907979849011176
171.0,7.314513684862335
181.0,7.721400251035413
191.0,8.128645248134553
201.0,8.536254920267309
211.0,8.944236066752948
221.0,9.341847586748298
231.0,9.675607641125882
241.0,9.956151015328741
251.0,10.19753635263515
261.0,10.421742961689205
271.0,10.643493361836752
281.0,10.862815400780342
291.0,11.079736571722695
301.0,11.294285098653361
311.0,11.506487499519043
321.0,11.716369455863049
331.0,11.923956366218546
341.0,12.129273349383633
351.0,12.332345247646208
361.0,12.533196631039495
371.0,12.731851991649851
381.0,12.928335486791624
391.0,13.122670863409269
401.0,13.314881609622676
411.0,13.50499095752528
421.0,13.693021885953579
431.0,13.878997123228439
441.0,14.062939238045919
451.0,14.244870609067403
461.0,14.42481321327132
471.0,14.602788786722833
481.0,14.778818829610177
491.0,14.952924608738764
501.0,15.125127160003615
511.0,15.295447349148805
521.0,15.463905949809995
531.0,15.63052331485953
541.0,15.795319562541955
551.0,15.95831463223023
561.0,16.119528280930243
571.0,16.27898005000763
581.0,16.43668922644499
591.0,16.59267463493181
601.0,16.74695514903452
611.0,16.899549494451712
621.0,17.050476190103378
631.0,17.199753551094922
641.0,17.347399691590663
651.0,17.493555202322643
661.0,17.63838069386757
671.0,17.781598689358265
681.0,17.923229342638823
691.0,18.063292320616835
701.0,18.2018068406121
711.0,18.338791703359846
721.0,18.4742653222431
731.0,18.608245470101213
741.0,18.740749649432573
751.0,18.871795277620645
761.0,19.001403479708724
771.0,19.130636890670182
781.0,19.26028073314816
791.0,19.390317925569114
801.0,19.520733036968142
811.0,19.651511694752564
821.0,19.78264130116397
831.0,19.914110776552892
841.0,20.045910424726223
851.0,20.17803181931798
861.0,20.310467704421054
871.0,20.44321172885742
881.0,20.576257718886065
891.0,20.709600594246144
901.0,20.84323624174095
911.0,20.977161430490394
921.0,21.11137376969878
931.0,21.24587167489074
941.0,21.37684734201233
951.0,21.50412403061298
961.0,21.63144382106024
971.0,21.7587996505048
981.0,21.886184654681706
991.0,22.01359212326695
1001.0,22.14101545583932
1011.0,22.259620810223883
1021.0,22.356931693858247
1031.0,22.453175697847808
1041.0,22.548364594385937
1051.0,22.64251002308037
1061.0,22.735623492593984
1071.0,22.827716382249783
1081.0,22.918801917303252
1091.0,23.008909257679264
1101.0,23.098033602403454
1111.0,23.186186019042896
1121.0,23.273377470883585
1131.0,23.359618821508747
1141.0,23.44492083977548
1151.0,23.529294205291574
1161.0,23.61270335691029
1171.0,23.695181333168303
1181.0,23.776747185949766
1191.0,23.857413636404836
1201.0,23.937192202981503
1211.0,24.01609371801034
1221.0,24.09412857419906
1231.0,24.171320921777372
1241.0,24.247674717770863
1251.0,24.323193728299948
1261.0,24.3978872232096
1271.0,24.471764360898383
1281.0,24.544834191179472
1291.0,24.617105657918085
1301.0,24.688773434511265
1311.0,24.759813470817576
1321.0,24.83004116982566
1331.0,24.899468971834462
1341.0,24.968108865695825
1351.0,25.03597241694978
1361.0,25.103070794792384
1371.0,25.169415144876083
1381.0,25.235019340148902
1391.0,25.299894025467385
1401.0,25.364048492152083
1411.0,25.42749188284407
1421.0,25.49023310055898
1431.0,25.55228082601757
1441.0,25.613643538011235
1451.0,25.67350074594606
1461.0,25.729430254755506
1471.0,25.781526825209337
1481.0,25.830056130041466
1491.0,25.87526917018684
1501.0,25.91740232241683
1511.0,25.95667757339352
1521.0,25.993555941785043
1531.0,26.028564449505925
1541.0,26.061825559929286
1551.0,26.093437645579154
1561.0,26.12344975891944
1571.0,26.151899593819618
1581.0,26.17883061970561
1591.0,26.204188359586688
1601.0,26.22778302733209
1611.0,26.249754108845163
1621.0,26.270246795382082
1631.0,26.289392672089832
1641.0,26.307311059804515
1651.0,26.324110217630068
1661.0,26.33991818753493
1671.0,26.354976861462912
1681.0,26.369336295703757
1691.0,26.383016482917494
1701.0,26.39603968422078
1711.0,26.408429878384315
1721.0,26.420212275183484
1731.0,26.431405789763588
1741.0,26.441938521760175
1751.0,26.45184008148686
1761.0,26.461175473912743
1771.0,26.470002728914576
1781.0,26.478373667541504
1791.0,26.486334582575115
1801.0,26.4939268438826
1811.0,26.501188277079002
1821.0,26.50815429452842
1831.0,26.51485652151488
1841.0,26.521323089672602
1851.0,26.52757902473857
1861.0,26.533646591204388
1871.0,26.53954559869128
1881.0,26.54530491396332
1891.0,26.55095205253686
1901.0,26.556494436528062
1911.0,26.56193896305081
1921.0,26.56729216251382
1931.0,26.57256020528444
1941.0,26.577748910455387
1951.0,26.58285783007125
1961.0,26.587879108392446
1971.0,26.592824147167196
1981.0,26.597703924165653
1991.0,26.602527958917335
2001.0,26.60730449049349
2011.0,26.612040634841
2021.0,26.616742598607296
2031.0,26.62141744980277
2041.0,26.626072857162235
2051.0,26.63071530514266
2061.0,26.63535017755974
2071.0,26.639981906649613
2081.0,26.644614104209104
2091.0,26.649249692975683
2101.0,26.65389250833903
2111.0,26.658548191785787
2121.0,26.663221463334697
2131.0,26.667915986877492
2141.0,26.672633010802862
2151.0,26.677367201853947
2161.0,26.682112536742284
2171.0,26.68686315469991
2181.0,26.691611636075745
2191.0,26.696351505562607
2201.0,26.701077596396203
2211.0,26.70578582840428
2221.0,26.7104730213491
2231.0,26.71513673806009
2241.0,26.719774626922792
2251.0,26.724382165533527
2261.0,26.728955034272087
2271.0,26.733490011898677
2281.0,26.737984781454028
2291.0,26.74243776681048
2301.0,26.746847995460296
2311.0,26.751214746847335
2321.0,26.75553550836594
2331.0,26.759807411063367
2341.0,26.76402848218204
2351.0,26.768197493955217
2361.0,26.772313826863506
2371.0,26.77637735464847
2381.0,26.78038825888474
2391.0,26.784345389062974
2401.0,26.788246850228564
2411.0,26.792091463333726
2421.0,26.79587866901517
2431.0,26.799608415591177
2441.0,26.80328106469042
2451.0,26.806897915267925
2461.0,26.81047563611075
2471.0,26.814037317767227
2481.0,26.817601628262278
2491.0,26.821184493610826
2501.0,26.824799359665523
2511.0,26.828457401275454
2521.0,26.832167891766215
2531.0,26.835967515051873
2541.0,26.839903925569537
2551.0,26.84400756972216
2561.0,26.848289656629778
2571.0,26.85272407553244
2581.0,26.857280975106526
2591.0,26.86193265643468
,
1.0,0.0563009273323359
11.0,0.6195443343590958
21.0,1.1832199349229267
31.0,1.7473374230221224
41.0,2.3119070520672453
51.0,2.8769396690453277
61.0,3.442446753343056
71.0,4.008440460735301
81.0,4.574933319666472
91.0,5.141937886749586
101.0,5.709467834673062
111.0,6.277537797742566
121.0,6.8461634418483115
131.0,7.415361552873827
141.0,7.985150138442317
151.0,8.464449311901983
161.0,8.85639875465075
171.0,9.202332915455957
181.0,9.511222788767478
191.0,9.789708941845403
201.0,10.04283558858805
211.0,10.280066677512371
221.0,10.528632661768045
231.0,10.79099566736627
241.0,11.053566740935265
251.0,11.316348837602554
261.0,11.579345126044855
271.0,11.842558988875906
281.0,12.105994024600635
291.0,12.369654032449358
301.0,12.633542407878462
311.0,12.897662513530422
321.0,13.16201809661227
331.0,13.426613199390856
341.0,13.691452164948293
351.0,13.956539645252933
361.0,14.221535085195972
371.0,14.451574595622176
381.0,14.648841246229603
391.0,14.84318858458193
401.0,15.035406034762305
411.0,15.225517948981606
421.0,15.41354833150049
431.0,15.59952063912445
441.0,15.783458525522777
451.0,15.965385262801792
461.0,16.1453228480469
471.0,16.323293033639583
481.0,16.499317334450748
491.0,16.67341703042481
501.0,16.84561316913614
511.0,17.01592609267103
521.0,17.184375163155867
531.0,17.35098098439046
541.0,17.515763970728546
551.0,17.678744265398183
561.0,17.83994175483769
571.0,17.999376079995443
581.0,18.157066742837173
591.0,18.313033435507005
601.0,18.467295086560863
611.0,18.619870322561965
621.0,18.770777566720884
631.0,18.92003504119931
641.0,19.067660769383313
651.0,19.21367252070259
661.0,19.358087062903284
671.0,19.500921715610993
681.0,19.64219392162052
691.0,19.78192090759589
701.0,19.920119692419036
711.0,20.05680709411364
721.0,20.191999743920565
731.0,20.32571507927681
741.0,20.45797003505995
751.0,20.58878068691336
761.0,20.71816297115555
771.0,20.846132713103426
781.0,20.972705671984986
791.0,21.09789761782486
801.0,21.21602954868393
811.0,21.323345503253673
821.0,21.421022253368644
831.0,21.51000042428161
841.0,21.59112610356279
851.0,21.6651605908125
861.0,21.732789118575038
871.0,21.832049802719393
881.0,21.945453650093295
891.0,22.057618219977442
901.0,22.168557097119734
911.0,22.27828374969262
921.0,22.386811498113556
931.0,22.494153516278324
941.0,22.59790215278206
951.0,22.69296248188477
961.0,22.779934989146884
971.0,22.859563773969587
981.0,22.932522251046596
991.0,22.999420040485067
1001.0,23.06080917160574
1011.0,23.117233078642013
1021.0,23.169782499243105
1031.0,23.218956778621056
1041.0,23.26498189478046
1051.0,23.308059123816175
1061.0,23.34835054152079
1071.0,23.386005162424304
1081.0,23.421192480491836
1091.0,23.456462952083168
1101.0,23.493033667958574
1111.0,23.530402999685702
1121.0,23.5681502170492
1131.0,23.605924965659828
1141.0,23.64343798305173
1151.0,23.68045291468375
1161.0,23.716779844742547
1171.0,23.752271036071946
1181.0,23.786812444318183
1191.0,23.820318192349863
1201.0,23.852726399828907
1211.0,23.883995529182883
1221.0,23.914101192969056
1231.0,23.943220893232848
1241.0,23.971801898463465
1251.0,23.99970235307948
1261.0,24.026772767200992
1271.0,24.05289207971055
1281.0,24.077965471730263
1291.0,24.10192187859874
1301.0,24.125919861408523
1311.0,24.156533077621773
1321.0,24.193552647915674
1331.0,24.23570671350026
1341.0,24.281892687787437
1351.0,24.331157333490136
1361.0,24.38267910913175
1371.0,24.435753097054413
1381.0,24.48978756149708
1391.0,24.54427311057775
1401.0,24.59877472887923
1411.0,24.65292673019792
1421.0,24.706424186149192
1431.0,24.759015327698897
1441.0,24.81049482111967
1451.0,24.860702495423414
1461.0,24.909512992085524
1471.0,24.956827854369795
1481.0,25.002574772931336
1491.0,25.046703954500405
1501.0,25.0891849137503
1511.0,25.13000364174628
1521.0,25.169746603751832
1531.0,25.208974606041753
1541.0,25.24725340230772
1551.0,25.284212739484428
1561.0,25.319550461924074
1571.0,25.353026536680375
1581.0,25.384455956283137
1591.0,25.41316232300732
1601.0,25.43781898772384
1611.0,25.45909517281973
1621.0,25.47764322838729
1631.0,25.49398340656737
1641.0,25.508526592379596
1651.0,25.521593457324983
1661.0,25.533534531224024
1671.0,25.54519695409526
1681.0,25.556698990322502
1691.0,25.568014715929795
1701.0,25.579123323103175
1711.0,25.590008469206747
1721.0,25.60065769903743
1731.0,25.611585632946667
1741.0,25.630226448045047
1751.0,25.657436602005124
1761.0,25.69142454116155
1771.0,25.73065029313745
1781.0,25.772965093472063
1791.0,25.81501245885931
1801.0,25.856572673042447
1811.0,25.897660680320246
1821.0,25.938287035544654
1831.0,25.97845724552463
1841.0,26.018176754393526
1851.0,26.05745094312329
1861.0,26.096285129131573
1871.0,26.134684565980173
1881.0,26.17265442175773
1891.0,26.210199811423486
1901.0,26.247325813246352
1911.0,26.284037438706687
1921.0,26.320339633021984
1931.0,26.356237275533026
1941.0,26.39173518015074
1951.0,26.42683810644725
1961.0,26.46155078225262
1971.0,26.495877833177744
1981.0,26.52982381716157
1991.0,26.563393229271522
2001.0,26.596590502488844
2011.0,26.62942000852241
2021.0,26.66188606857033
2031.0,26.693993009438675
2041.0,26.725719332399535
2051.0,26.756135300760597
2061.0,26.78485505930739
2071.0,26.81198378969061
2081.0,26.837619869490783
2091.0,26.86185549015351
2101.0,26.884779263559235
2111.0,26.90647451777988
2121.0,26.927018766254243
2131.0,26.946484586169642
2141.0,26.96493997596196
2151.0,26.982448679166843
2161.0,26.99907047958945
2171.0,27.014862496554436
2181.0,27.029880019312426
2191.0,27.044174690851893
2201.0,27.057794704013407
2211.0,27.07078504993498
2221.0,27.08318774494372
2231.0,27.09504203821822
2241.0,27.106385103472324
2251.0,27.117253981420884
2261.0,27.12768361568235
2271.0,27.137706293110586
2281.0,27.147351860793705
2291.0,27.156647922285327
2301.0,27.165620016299762
2311.0,27.174292030306944
2321.0,27.18268863496622
2331.0,27.190833844543842
2341.0,27.19874946972516
2351.0,27.206454357146278
2361.0,27.213959157390935
2371.0,27.221271794514603
2381.0,27.228425884191946
2391.0,27.23557917113441
2401.0,27.24272743772685
2411.0,27.249830774225348
2421.0,27.256853458089868
2431.0,27.2637639477201
2441.0,27.270534711164537
2451.0,27.277135969947455
2461.0,27.283465820888136
2471.0,27.28951514470206
2481.0,27.29530922308712
2491.0,27.300871024224318
2501.0,27.306221416344286
2511.0,27.311379361476366
2521.0,27.31636209391818
2531.0,27.321185342135788
2541.0,27.325862982874494
2551.0,27.33040749889661
2561.0,27.334830281422985
2571.0,27.339141726470732
2581.0,27.343351322644363
2591.0,27.347467731139428
,
1.0,0.033702279515664894
11.0,0.37104255948447207
21.0,0.7089681174250447
31.0,1.0474907672980496
41.0,1.3866227808042968
51.0,1.7263769147303314
61.0,2.0667664404631836
71.0,2.4078051758955255
81.0,2.687729749115638
91.0,2.9579867012062886
101.0,3.2252890578098468
111.0,3.489669148963413
121.0,3.7511589521570894
131.0,4.0097900962450135
141.0,4.265593865317906
151.0,4.518595663314542
161.0,4.768828980666726
171.0,5.016326401243837
181.0,5.261117852587668
191.0,5.50323293532914
201.0,5.742700926778015
211.0,5.979550784474208
221.0,6.213807755433553
231.0,6.445498726821524
241.0,6.67465503220591
251.0,6.901304682254222
261.0,7.125475269781634
271.0,7.3471940244363
281.0,7.566487841630684
291.0,7.837144874859135
301.0,8.232666566242512
311.0,8.628589803068005
321.0,9.024926951213738
331.0,9.42169126120801
341.0,9.818896956207693
351.0,10.21655933353428
361.0,10.60188861426836
371.0,10.869386904482917
381.0,11.131850991950333
391.0,11.389342083161461
401.0,11.641921061053262
411.0,11.889648484506361
421.0,12.132584587833556
431.0,12.37078928025944
441.0,12.584322473968022
451.0,12.785872835183437
461.0,12.97807201561075
471.0,13.161559542166215
481.0,13.338044872426336
491.0,13.512168928551654
501.0,13.684388522065381
511.0,13.869043692421762
521.0,14.039173571041383
531.0,14.205806648435964
541.0,14.370613474423449
551.0,14.533614572833978
561.0,14.694830105470036
571.0,14.85427992489188
581.0,15.011987377972018
591.0,15.167974257940044
601.0,15.32225656989997
611.0,15.474853029776114
621.0,15.625782149963142
631.0,15.775062242033073
641.0,15.922711419404898
651.0,16.06874758509684
661.0,16.213188127638247
671.0,16.35605046193341
681.0,16.49735195302377
691.0,16.63710977769475
701.0,16.775340927282176
711.0,16.91206221044946
721.0,17.04729025594603
731.0,17.18104120333835
741.0,17.313331085287547
751.0,17.444176020033794
761.0,17.573591953641934
771.0,17.701594662967942
781.0,17.828199758640665
791.0,17.953422688076
801.0,18.07727838607166
811.0,18.19978138006575
821.0,18.320946590223848
831.0,18.440788784954545
841.0,18.559322575851642
851.0,18.676562420278465
861.0,18.792522623972463
871.0,18.907217308243567
881.0,19.020660330336927
891.0,19.13286560882911
901.0,19.243846949974884
911.0,19.353618029737618
921.0,19.462192398721843
931.0,19.569583487588705
941.0,19.67579372064295
951.0,19.78083463481302
961.0,19.882717415360464
971.0,19.97762966919593
981.0,20.065978960564923
991.0,20.148257997170294
1001.0,20.22492151784864
1011.0,20.29341684858449
1021.0,20.350816466222458
1031.0,20.404684456574987
1041.0,20.45525662648768
1051.0,20.502752514116523
1061.0,20.547376569013306
1071.0,20.589319245088216
1081.0,20.62823336843552
1091.0,20.66034948219799
1101.0,20.6907275840809
1111.0,20.719470531826193
1121.0,20.746674864873732
1131.0,20.772431211852837
1141.0,20.7968246712361
1151.0,20.819935167014723
1161.0,20.839368987403457
1171.0,20.857605083134644
1181.0,20.874977606409747
1191.0,20.891531861465687
1201.0,20.907310671919422
1211.0,20.922354523164326
1221.0,20.936701696390895
1231.0,20.949311499150802
1241.0,20.960933361182597
1251.0,20.972071157340007
1261.0,20.98274754978345
1271.0,20.99298408613829
1281.0,21.002801256760105
1291.0,21.01221854897013
1301.0,21.020814595677514
1311.0,21.028654395448914
1321.0,21.036206994484044
1331.0,21.04348446840982
1341.0,21.05049835668078
1351.0,21.05725968737708
1361.0,21.06377900081777
1371.0,21.069989657256766
1381.0,21.07685355500913
1391.0,21.08486222901704
1401.0,21.09373471197133
1411.0,21.103269285087855
1421.0,21.11332026666429
1431.0,21.123765325105815
1441.0,21.134555483314376
1451.0,21.146037211067878
1461.0,21.156812455076906
1471.0,21.166954494531016
1481.0,21.17652879728304
1491.0,21.185593864889047
1501.0,21.194201985080223
1511.0,21.202399901955772
1521.0,21.210229857529836
1531.0,21.217731687578866
1541.0,21.22494142634695
1551.0,21.231891105956983
1561.0,21.23860919883759
1571.0,21.245121010686194
1581.0,21.25144903040327
1591.0,21.257613464196936
1601.0,21.26363453255045
1611.0,21.26953133361282
1621.0,21.275320595956348
1631.0,21.281016940588994
1641.0,21.286633130687882
1651.0,21.292180293196157
1661.0,21.29766644031518
1671.0,21.303092240387993
1681.0,21.308457028835978
1691.0,21.313760809203412
1701.0,21.319004130969105
1711.0,21.32418796325762
1721.0,21.329313591041814
1731.0,21.334382513364204
1741.0,21.33939493826178
1751.0,21.344349093393447
1761.0,21.349243812400122
1771.0,21.35407864126795
1781.0,21.358853694258787
1791.0,21.363569533822755
1801.0,21.368227070765208
1811.0,21.372826621501027
1821.0,21.377366542468874
1831.0,21.381845578030077
1841.0,21.38626316750563
1851.0,21.39061931165512
1861.0,21.394914460574338
1871.0,21.399149419815902
1881.0,21.403324815957227
1891.0,21.407439499122145
1901.0,21.411492421490085
1911.0,21.41548316303667
1921.0,21.41941181443255
1931.0,21.423278879904636
1941.0,21.427085195512518
1951.0,21.43083163712792
1961.0,21.434517610318238
1971.0,21.438142365487
1981.0,21.44170571020297
1991.0,21.44520790491183
2001.0,21.448649582474456
2011.0,21.45203168044781
2021.0,21.455355287759097
2031.0,21.45862033620904
2041.0,21.46182643900696
2051.0,21.464973719557676
2061.0,21.46806270612532
2071.0,21.47109426891459
2081.0,21.474069567839813
2091.0,21.47690663052422
2101.0,21.479504436033857
2111.0,21.482062181543608
2121.0,21.48457967550734
2131.0,21.487057006713798
2141.0,21.48949450961985
2151.0,21.491892735260723
2161.0,21.494217465170166
2171.0,21.49619796615636
2181.0,21.498155387071225
2191.0,21.500089304246227
2201.0,21.501999454829427
2211.0,21.503885720336815
2221.0,21.505748112377784
2231.0,21.507586760393043
2241.0,21.509168585607195
2251.0,21.51071024407295
2261.0,21.512237737777912
2271.0,21.51375073701442
2281.0,21.51524899466728
2291.0,21.516732339036974
2301.0,21.51820066746299
2311.0,21.519517410140026
2321.0,21.52076630757155
2331.0,21.522006565028057
2341.0,21.523237876476863
2351.0,21.524459983383633
2361.0,21.525672671002898
2371.0,21.526875764996927
2381.0,21.52800344442944
2391.0,21.529118771920164
2401.0,21.53033381776182
2411.0,21.53167115381729
2421.0,21.53315077269209
2431.0,21.534791646604504
2441.0,21.536611481998055
2451.0,21.538770004978065
2461.0,21.54140804549189
2471.0,21.544159982815497
2481.0,21.547027957390956
2491.0,21.550013220826713
2501.0,21.553116188286747
2511.0,21.55633649372015
2521.0,21.559672895256803
2531.0,21.563103187414605
2541.0,21.566602582290546
2551.0,21.570158584296383
2561.0,21.573760430943114
2571.0,21.577398857250866
2581.0,21.581065892069365
2591.0,21.58475468195996
,
1.0,0.058294561341803754
11.0,0.6415903446697112
21.0,1.225536396344611
31.0,1.8101529555950968
41.0,2.395461399245011
51.0,2.9814843541612457
61.0,3.568245823481654
71.0,4.155771328962527
81.0,4.572256658555854
91.0,4.970210417501216
101.0,5.368726075880787
111.0,5.767818560764962
121.0,6.16750356341002
131.0,6.56779760191458
141.0,6.968718090668261
151.0,7.277383269336198
161.0,7.5467080320617015
171.0,7.816483677637757
181.0,8.086720084965796
191.0,8.357427553917525
201.0,8.628616833034169
211.0,8.900299149665761
221.0,9.153139887037877
231.0,9.38484480365063
241.0,9.614016822882808
251.0,9.840683670519779
261.0,10.06487277056366
271.0,10.286611248623691
281.0,10.505925935277068
291.0,10.722840543338929
301.0,10.937376631818356
311.0,11.14956627636972
321.0,11.359435170681811
331.0,11.567008722123294
341.0,11.772312055917787
351.0,11.975370019045085
361.0,12.176209434193817
371.0,12.374868743792177
381.0,12.571350532088692
391.0,12.765680238116799
401.0,12.95788228984559
411.0,13.147980499791368
421.0,13.335998235291454
431.0,13.521958502384592
441.0,13.705903229653373
451.0,13.88783988729987
461.0,14.067788491449177
471.0,14.245770840329751
481.0,14.421808497523184
491.0,14.595922794779385
501.0,14.768134834828757
511.0,14.938465387730002
521.0,15.106934746336272
531.0,15.273563331948647
541.0,15.438371375689783
551.0,15.601378890703632
561.0,15.762605675223362
571.0,15.922071315628868
581.0,16.079795130647195
591.0,16.23579585616518
601.0,16.390092386105056
611.0,16.542703500497453
621.0,16.69364777963099
631.0,16.842943607378242
641.0,16.990609174558514
651.0,17.136662461406882
661.0,17.281120802554447
671.0,17.424001638191253
681.0,17.56532242173049
691.0,17.705100427425172
701.0,17.843352754372667
711.0,17.98009633070622
721.0,18.115347581686514
731.0,18.249119848340907
741.0,18.38143210470513
751.0,18.512300590495876
761.0,18.641741389726292
771.0,18.769770436089704
781.0,18.896406362229417
791.0,19.022557049438714
801.0,19.146594383670365
811.0,19.269100113282025
821.0,19.39026861692356
831.0,19.51011470395106
841.0,19.628653035899067
851.0,19.745898130047475
861.0,19.861864363235163
871.0,19.976548252556316
881.0,20.089972458373925
891.0,20.202158113226407
901.0,20.313118870392316
911.0,20.422868240795633
921.0,20.531419595343493
931.0,20.63878616733228
941.0,20.738912094903522
951.0,20.828908803501857
961.0,20.914119778460698
971.0,20.99481755620829
981.0,21.07125856561343
991.0,21.14368412354102
1001.0,21.212321367212464
1011.0,21.27505484168561
1021.0,21.329398863373108
1031.0,21.38116480806619
1041.0,21.43048380111159
1051.0,21.47748001930312
1061.0,21.522271074860438
1071.0,21.56496837754276
1081.0,21.60526204391412
1091.0,21.641843330397393
1101.0,21.680097444083533
1111.0,21.71970064815831
1121.0,21.760193606580035
1131.0,21.801126141787645
1141.0,21.842094153220224
1151.0,21.88274792773951
1161.0,21.929419456526638
1171.0,21.973223843435633
1181.0,22.013592128981347
1191.0,22.050825730064492
1201.0,22.085198633953247
1211.0,22.11695996642983
1221.0,22.14633631395656
1231.0,22.17353359568644
1241.0,22.198737285834603
1251.0,22.222115553913685
1261.0,22.243821834869678
1271.0,22.263996157191595
1281.0,22.28276634899251
1291.0,22.300249133821584
1301.0,22.31655103454311
1311.0,22.331767888301886
1321.0,22.345986427896975
1331.0,22.359286193016036
1341.0,22.371740147935558
1351.0,22.383415245041963
1361.0,22.394372940431815
1371.0,22.404668809098414
1381.0,22.414345607561327
1391.0,22.42345951128807
1401.0,22.43206618318978
1411.0,22.44021547627989
1421.0,22.447952128997837
1431.0,22.4553163540133
1441.0,22.4623443335267
1451.0,22.469068497147124
1461.0,22.47551955231119
1471.0,22.48172585763142
1481.0,22.48771306691634
1491.0,22.49350437043987
1501.0,22.499120711686988
1511.0,22.504580982985928
1521.0,22.509889301876445
1531.0,22.51503814550519
1541.0,22.520035309964467
1551.0,22.524888514228394
1561.0,22.52960522256781
1571.0,22.534192622356944
1581.0,22.538657609709805
1591.0,22.543006555391457
1601.0,22.54724384253386
1611.0,22.551373245677958
1621.0,22.555398682911413
1631.0,22.559324150741073
1641.0,22.56315367950167
1651.0,22.566891297997085
1661.0,22.57054090781042
1671.0,22.57410499129796
1681.0,22.577585492809494
1691.0,22.580984663849943
1701.0,22.58430497513345
1711.0,22.587549071431592
1721.0,22.59071973548696
1731.0,22.593723141923242
1741.0,22.596443987816897
1751.0,22.599114755974178
1761.0,22.601736101725862
1771.0,22.604308883075742
1781.0,22.606834133259508
1791.0,22.60931303810483
1801.0,22.61171094741968
1811.0,22.613748616540242
1821.0,22.615769385441908
1831.0,22.61778974507813
1841.0,22.619823529182284
1851.0,22.621882495295093
1861.0,22.6239766919787
1871.0,22.626114694549738
1881.0,22.628671892720764
1891.0,22.631272231991556
1901.0,22.63386836644335
1911.0,22.636457006458954
1921.0,22.639035389346564
1931.0,22.641601213999596
1941.0,22.644152583517215
1951.0,22.64663417575588
1961.0,22.649078285504952
1971.0,22.651505633210814
1981.0,22.65391377399904
1991.0,22.65630080449934
2001.0,22.658665300805165
2011.0,22.661006265897132
2021.0,22.66314962109281
2031.0,22.665104392355964
2041.0,22.667045756892826
2051.0,22.668972342449496
2061.0,22.670883048068898
2071.0,22.672777017277298
2081.0,22.67465361482373
2091.0,22.67643056362952
2101.0,22.67800451656564
2111.0,22.679568893779972
2121.0,22.681122840682367
2131.0,22.68266564309499
2141.0,22.68419671500695
2151.0,22.685715587690524
2161.0,22.68720084216803
2171.0,22.68848754807805
2181.0,22.68976782018556
2191.0,22.69104108324313
2201.0,22.692306837153726
2211.0,22.693564651077544
2221.0,22.69481415807787
2231.0,22.696055050270264
2241.0,22.697156317702298
2251.0,22.698278257309216
2261.0,22.699454708669382
2271.0,22.700699651807238
2281.0,22.702025150338738
2291.0,22.703442007055493
2301.0,22.704959931933494
2311.0,22.70698829643989
2321.0,22.709231442905704
2331.0,22.711498875456076
2341.0,22.713784401206066
2351.0,22.716082673379216
2361.0,22.718389092419503
2371.0,22.720699719348957
2381.0,22.722978149946194
2391.0,22.72522269370004
2401.0,22.72746300314575
2411.0,22.72969567033093
2421.0,22.731917899458455
2431.0,22.734127439337488
2441.0,22.736322525621322
2451.0,22.738402667089304
2461.0,22.74024140876564
2471.0,22.74209290801121
2481.0,22.74397846018387
2491.0,22.745915766606586
2501.0,22.74791975539798
2511.0,22.750003034492625
2521.0,22.752200953554734
2531.0,22.75469141605544
2541.0,22.757222720937612
2551.0,22.759786138307035
2561.0,22.76237411871717
2571.0,22.764980146429888
2581.0,22.76759861128723
2591.0,22.770224696927983
,
1.0,0.029691593826953293
11.0,0.32481921976611616
21.0,0.6167202990263667
31.0,0.905430144923201
41.0,1.19098368544057
51.0,1.4734154675146363
61.0,1.7530066918665208
71.0,2.0324727468077146
81.0,2.3062451219691864
91.0,2.5765077048810214
101.0,2.843813040261929
111.0,3.1081937428204576
121.0,3.3696820092140674
131.0,3.628309639787702
141.0,3.884108054529685
151.0,4.263255716815581
161.0,4.636041993504756
171.0,4.955368879159422
181.0,5.234072869577949
191.0,5.482164360769999
201.0,5.721654794314987
211.0,5.958522777919634
221.0,6.2362414485242255
231.0,6.522673242779596
241.0,6.772717799736007
251.0,7.000293274576715
261.0,7.22449196711489
271.0,7.446236255843647
281.0,7.665553628614073
291.0,7.88247118969576
301.0,8.097016539029525
311.0,8.30921599608623
321.0,8.519095218195988
331.0,8.72667958229157
341.0,8.931994187966934
351.0,9.13506386050314
361.0,9.335913153852415
371.0,9.534566432053401
381.0,9.731047772655812
391.0,9.925380923850971
401.0,10.117589374755143
411.0,10.307696358221133
421.0,10.495724853620068
431.0,10.68169758959374
441.0,10.866271451971278
451.0,11.048849507668193
461.0,11.229384584060833
471.0,11.407902531003549
481.0,11.584428687706533
491.0,11.75898790006948
501.0,11.931604537500156
511.0,12.102299831078218
521.0,12.271090826682046
531.0,12.438002496473716
541.0,12.603059465308508
551.0,12.766285564804564
561.0,12.927703913325194
571.0,13.0873369848919
581.0,13.245207253411028
591.0,13.401339159515137
601.0,13.555753187915979
611.0,13.708468920344247
621.0,13.859505675074859
631.0,14.008882512190297
641.0,14.156618238736241
651.0,14.302933601766957
661.0,14.448070485721832
671.0,14.591556283836905
681.0,14.73341578537333
691.0,14.873672779959792
701.0,15.012350149637845
711.0,15.149469950628667
721.0,15.285053490999045
731.0,15.41912187831575
741.0,15.55169526379045
751.0,15.682792858745039
761.0,15.812433378042318
771.0,15.940635074693105
781.0,16.06741577105976
791.0,16.192792887012274
801.0,16.316834812919907
811.0,16.440757334965255
821.0,16.565046586239042
831.0,16.68968302083079
841.0,16.814648476620615
851.0,16.93992610329106
861.0,17.065500292795612
871.0,17.192123550913216
881.0,17.32042880666403
891.0,17.450175737663876
901.0,17.58125889910142
911.0,17.7135805774683
921.0,17.847050320936482
931.0,17.981584490938996
941.0,18.11710583261622
951.0,18.25354359876473
961.0,18.390832837038637
971.0,18.528913703378283
981.0,18.6677311804313
991.0,18.807234077476668
1001.0,18.94736870138421
1011.0,19.088080227929748
1021.0,19.229273188881137
1031.0,19.3708888744071
1041.0,19.512890324718985
1051.0,19.655244829208637
1061.0,19.79792340997595
1071.0,19.940900372426025
1081.0,20.084153305964424
1091.0,20.22770818197227
1101.0,20.371579206295767
1111.0,20.51575115697655
1121.0,20.660210692482433
1131.0,20.804946144683523
1141.0,20.949947338038022
1151.0,21.095205431590145
1161.0,21.240712533444896
1171.0,21.386461184690226
1181.0,21.53244502424924
1191.0,21.678658631905684
1201.0,21.825097436497874
1211.0,21.971757639346983
1221.0,22.1186361475241
1231.0,22.26573036765314
1241.0,22.413037569026503
1251.0,22.560555652961366
1261.0,22.70828311450895
1271.0,22.85621897921145
1281.0,23.004362771062
1291.0,23.15271448565126
1301.0,23.301274493084104
1311.0,23.450042819557233
1321.0,23.59901988864674
1331.0,23.74820664612965
1341.0,23.897604478869553
1351.0,24.047215207941942
1361.0,24.197041085884667
1371.0,24.34708477299355
1381.0,24.49734859753344
1391.0,24.647835150899255
1401.0,24.798547675591763
1411.0,24.949489926320574
1421.0,25.100666190786423
1431.0,25.252081316936493
1441.0,25.399295562904534
1451.0,25.506711663984166
1461.0,25.614305966544762
1471.0,25.722081594783386
1481.0,25.830041989795223
1491.0,25.93819092727871
1501.0,26.046532538605558
1511.0,26.15507133571688
1521.0,26.232071912087523
1531.0,26.30568704125825
1541.0,26.379442452300122
1551.0,26.453340726303264
1561.0,26.52738463124064
1571.0,26.60157713313273
1581.0,26.67592140875034
1591.0,26.734583731923056
1601.0,26.786000650786754
1611.0,26.83685665765355
1621.0,26.887184599253356
1631.0,26.93745378473267
1641.0,26.987835279085047
1651.0,27.038331161936572
1661.0,27.087618210393263
1671.0,27.135212235013537
1681.0,27.182282470132673
1691.0,27.228835301483844
1701.0,27.274876852683285
1711.0,27.320413057066762
1721.0,27.365449700631224
1731.0,27.41531237005856
1741.0,27.47750011607069
1751.0,27.539817744646793
1761.0,27.60226696355315
1771.0,27.664849752077025
1781.0,27.727568371765596
1791.0,27.79042538053637
1801.0,27.851398697592433
1811.0,27.894265238860648
1821.0,27.93722967502388
1831.0,27.98029340671521
1841.0,28.023457986484544
1851.0,28.066725125983563
1861.0,28.110096704608928
1871.0,28.153574779792272
1881.0,28.191938372811368
1891.0,28.22933604419053
1901.0,28.266326545869543
1911.0,28.3029144436148
1921.0,28.339104260408085
1931.0,28.37490047773092
1941.0,28.41030753693364
1951.0,28.44531489111616
1961.0,28.479934442217523
1971.0,28.51417665988978
1981.0,28.548045731664526
1991.0,28.58154580239182
2001.0,28.614680974990502
2011.0,28.647455311217303
2021.0,28.67986446054899
2031.0,28.711911880016384
2041.0,28.74360966976578
2051.0,28.774961683928826
2061.0,28.805971735698357
2071.0,28.836643597862576
2081.0,28.866981003339692
2091.0,28.896587203650785
2101.0,28.924353922896575
2111.0,28.950947868973373
2121.0,28.97642257321567
2131.0,29.000829011795965
2141.0,29.024215732659247
2151.0,29.046628975947645
2161.0,29.067918260107103
2171.0,29.086648529386718
2181.0,29.104668858485372
2191.0,29.12200853583891
2201.0,29.13869558427057
2211.0,29.154756817792894
2221.0,29.170217895776084
2231.0,29.18510337460889
2241.0,29.198982189814327
2251.0,29.21344921881229
2261.0,29.22847151341198
2271.0,29.243903263758966
2281.0,29.259612024141813
2291.0,29.27548045683119
2301.0,29.29140593066426
2311.0,29.312468142702645
2321.0,29.33479860985306
2331.0,29.356407118858293
2341.0,29.377459263771083
2351.0,29.397959017022437
2361.0,29.417808711073985
2371.0,29.436903761905594
2381.0,29.455110807440416
2391.0,29.472153441805652
2401.0,29.488025166731468
2411.0,29.502768353213394
2421.0,29.516428647850862
2431.0,29.529053839055745
2441.0,29.54069281996006
2451.0,29.55137607806867
2461.0,29.560864597978245
2471.0,29.56923281334132
2481.0,29.576663999903026
2491.0,29.583312748140457
2501.0,29.589309212876106
2511.0,29.59476271630423
2521.0,29.599765338735853
2531.0,29.604505789565884
2541.0,29.609087425001604
2551.0,29.613509428275464
2561.0,29.617772053853617
2571.0,29.621876396669613
2581.0,29.625824190541355
2591.0,29.629617632391362
,
1.0,0.04100254549883451
11.0,0.451135378039792
21.0,0.8614700615349522
31.0,1.2720157468132711
41.0,1.682781248189687
51.0,2.0937751069205115
61.0,2.5050056484997785
71.0,2.9164810347251446
81.0,3.328209046996305
91.0,3.740196728478394
101.0,4.1524512368845805
111.0,4.564979796570315
121.0,4.977789724053273
131.0,5.390888457254524
141.0,5.804283584320016
151.0,6.20968968819824
161.0,6.585246180715422
171.0,6.933365172739401
181.0,7.2573655304310645
191.0,7.560022465009063
201.0,7.843677704827796
211.0,8.110323428844904
221.0,8.363473497789322
231.0,8.614926619661079
241.0,8.866552700234312
251.0,9.118354503772451
261.0,9.37033487120075
271.0,9.622496724904167
281.0,9.874843073678427
291.0,10.127274330734656
301.0,10.378172285292294
311.0,10.626977884917963
321.0,10.87369105016949
331.0,11.11831171451008
341.0,11.360839822895104
351.0,11.601275330498844
361.0,11.839629623625651
371.0,12.077251349149686
381.0,12.315068079317022
391.0,12.553082378167655
401.0,12.791297019742148
411.0,13.029714986557888
421.0,13.268339469709003
431.0,13.507173870522584
441.0,13.746221518838935
451.0,13.985485278539624
461.0,14.224968412931725
471.0,14.464674471736807
481.0,14.704607289441322
491.0,14.944770990954261
501.0,15.18516999953452
511.0,15.425808869761207
521.0,15.666691656679426
531.0,15.907822900573978
541.0,16.149207571554957
551.0,16.39085105219959
561.0,16.632759157311053
571.0,16.874938157805563
581.0,17.113739471889417
591.0,17.349162781507584
601.0,17.58486766816305
611.0,17.820861279359484
621.0,18.057151387260067
631.0,18.293746438918127
641.0,18.530655615563273
651.0,18.745030291068954
661.0,18.90633086893222
671.0,19.067861740141925
681.0,19.22962834953543
691.0,19.391636530344197
701.0,19.55389253349873
711.0,19.716403061174553
721.0,19.87634228764015
731.0,20.01009454123833
741.0,20.14238588280278
751.0,20.27323239552895
761.0,20.402649993366417
771.0,20.53065442362885
781.0,20.657261269664694
791.0,20.782485953602663
801.0,20.906323865690613
811.0,21.028804006387592
821.0,21.149943342506667
831.0,21.269756648578017
841.0,21.38825852154381
851.0,21.505463385846216
861.0,21.621385497759377
871.0,21.736061393601396
881.0,21.84949450564751
891.0,21.961689471291077
901.0,22.072660003052835
911.0,22.182419676198222
921.0,22.290981931958907
931.0,22.398360080963215
941.0,22.504555114498626
951.0,22.609578794980084
961.0,22.713455683383927
971.0,22.816198421044614
981.0,22.917819517247136
991.0,23.018331351351822
1001.0,23.11774617497508
1011.0,23.216070176416327
1021.0,23.311832258645406
1031.0,23.402601919542928
1041.0,23.48861650631056
1051.0,23.570142854621775
1061.0,23.647432260878123
1071.0,23.72072142886388
1081.0,23.789415613761772
1091.0,23.84755457211175
1101.0,23.90296342965427
1111.0,23.955779420462026
1121.0,24.006132589894037
1131.0,24.054146187066486
1141.0,24.09993703523378
1151.0,24.14361588136702
1161.0,24.18136954205927
1171.0,24.21710018804549
1181.0,24.25133175237875
1191.0,24.284131814635924
1201.0,24.315564771076634
1211.0,24.34569199061326
1221.0,24.37457196289024
1231.0,24.400544918316644
1241.0,24.424798382299617
1251.0,24.44813506500073
1261.0,24.4705923846985
1271.0,24.492206162225575
1281.0,24.51301069175984
1291.0,24.53303880837546
1301.0,24.551624713447726
1311.0,24.568873195247658
1321.0,24.585530343046045
1331.0,24.60161820107135
1341.0,24.617157954656914
1351.0,24.632169964908975
1361.0,24.646673801930806
1371.0,24.66044817681184
1381.0,24.673227150851506
1391.0,24.685605440009777
1401.0,24.697596826669898
1411.0,24.709214598941767
1421.0,24.720471568981417
1431.0,24.731380090611278
1441.0,24.741924024943525
1451.0,24.753648435564184
1461.0,24.76759079113886
1471.0,24.783088756032598
1481.0,24.799677195677734
1491.0,24.81700451505198
1501.0,24.834795277759195
1511.0,24.852829441918928
1521.0,24.87340762787737
1531.0,24.892864364984845
1541.0,24.910977634008614
1551.0,24.92786723501205
1561.0,24.943641921650062
1571.0,24.958400434025073
1581.0,24.97223243447652
1591.0,24.98521912097464
1601.0,24.997431948711736
1611.0,25.00893484512446
1621.0,25.01978629592267
1631.0,25.030039816735723
1641.0,25.039744371576017
1651.0,25.048944757547705
1661.0,25.05768733464166
1671.0,25.066041781081704
1681.0,25.074047637147007
1691.0,25.081736120733947
1701.0,25.089135740913854
1711.0,25.0962725213247
1721.0,25.103170205939545
1731.0,25.109848870842015
1741.0,25.116302141001217
1751.0,25.122535833035496
1761.0,25.128563266968772
1771.0,25.13439708104973
1781.0,25.140049232597615
1791.0,25.145531006743642
1801.0,25.150853031273453
1811.0,25.15602448517121
1821.0,25.16105208064953
1831.0,25.16594219148881
1841.0,25.170701130282005
1851.0,25.175335099078932
1861.0,25.179850151515893
1871.0,25.1842521645239
1881.0,25.188546371873326
1891.0,25.192736063212124
1901.0,25.19682434985162
1911.0,25.200814544115524
1921.0,25.2047100937206
1931.0,25.208514531030033
1941.0,25.212231432173102
1951.0,25.21586415159995
1961.0,25.219414514820194
1971.0,25.222884190003604
1981.0,25.22627516336353
1991.0,25.229589659916126
2001.0,25.232830095772336
2011.0,25.235999039661426
2021.0,25.238960460371143
2031.0,25.241769967923105
2041.0,25.244682117524118
2051.0,25.247778936829135
2061.0,25.25112287965505
2071.0,25.254758201688713
2081.0,25.258663843846904
2091.0,25.26280612543358
2101.0,25.26706366618622
2111.0,25.271324206481555
2121.0,25.275588240445273
2131.0,25.279856084348282
2141.0,25.284127904829337
2151.0,25.28840374362189
2161.0,25.292683539381155
2171.0,25.296967839805447
2181.0,25.301258907426423
2191.0,25.305558824483363
2201.0,25.309869192625776
2211.0,25.314191202039765
2221.0,25.318525692259758
2231.0,25.32287320559594
2241.0,25.327234471015103
2251.0,25.331612286842045
2261.0,25.336009564187158
2271.0,25.340428506152264
2281.0,25.344870711218945
2291.0,25.349337264535645
2301.0,25.353828817976606
2311.0,25.358345723774388
2321.0,25.36288812321849
2331.0,25.367450926773977
2341.0,25.372026753188447
2351.0,25.376609419926847
2361.0,25.38119379649885
2371.0,25.385775639751515
2381.0,25.390351370694386
2391.0,25.394916063438373
2401.0,25.399463806087205
2411.0,25.40398982856872
2421.0,25.408490400705464
2431.0,25.41296265727503
2441.0,25.417404450040568
2451.0,25.421814205518476
2461.0,25.426189511877876
2471.0,25.4305265564725
2481.0,25.434822329434457
2491.0,25.43907466775
2501.0,25.443282107696277
2511.0,25.44744376004081
2521.0,25.451559204668524
2531.0,25.45562760144977
2541.0,25.459646559093652
2551.0,25.46361417317433
2561.0,25.467529234140176
2571.0,25.47139110572442
2581.0,25.47519962195142
2591.0,25.478955000099187
,
1.0,0.0296887616042443
11.0,0.3247873137416119
21.0,0.6166580488123513
31.0,0.9053363883173132
41.0,1.1908573394590203
51.0,1.4732555069501032
61.0,1.7525651024171027
71.0,2.0288199522266153
81.0,2.44699099853147
91.0,2.8817446187287934
101.0,3.3171746831632825
111.0,3.753296909101389
121.0,4.19012781812037
131.0,4.627684792994694
141.0,5.065986140515631
151.0,5.402446352943453
161.0,5.695490662859895
171.0,5.989063556994257
181.0,6.283175280068104
191.0,6.57783649747133
201.0,6.873058319292554
211.0,7.16885232633726
221.0,7.433784094851969
231.0,7.6654996458854345
241.0,7.89468208457029
251.0,8.121359138233874
261.0,8.345558231930248
271.0,8.567306491812364
281.0,8.786630748471564
291.0,9.003553343796908
301.0,9.218090919022865
311.0,9.43027888384235
321.0,9.640144202792925
331.0,9.847712948905214
341.0,10.053010637566114
351.0,10.256062363500666
361.0,10.464354511337909
371.0,10.738940320461149
381.0,11.013767349059718
391.0,11.288839085865295
401.0,11.564159344822084
411.0,11.839732268187195
421.0,12.115562332221952
431.0,12.391654355502016
441.0,12.66801319030567
451.0,12.944643352289406
461.0,13.221549972954818
471.0,13.498738632589768
481.0,13.776215372829405
491.0,14.053986719532615
501.0,14.332059710271615
511.0,14.606303700931967
521.0,14.879084475184003
531.0,15.152182056899525
541.0,15.425604745405101
551.0,15.699361557894731
561.0,15.97346228973835
571.0,16.247917585479918
581.0,16.47862239128534
591.0,16.66549495839749
601.0,16.852627610565264
611.0,17.040026686365703
621.0,17.227698972423664
631.0,17.415651738474537
641.0,17.60389277744857
651.0,17.779483218115587
661.0,17.923934683632968
671.0,18.066808309599732
681.0,18.208121462528272
691.0,18.347891326035953
701.0,18.4861349036499
711.0,18.62286902167722
721.0,18.75810822595212
731.0,18.891851496701104
741.0,19.024133500347407
751.0,19.15497027782386
761.0,19.2843776977648
771.0,19.41237145867588
781.0,19.538967091107263
791.0,19.66417995983356
801.0,19.788009956243403
811.0,19.910485026847415
821.0,20.03162166696978
831.0,20.151434545246108
841.0,20.269938171226183
851.0,20.387146897208947
861.0,20.503074920064517
871.0,20.617727062150024
881.0,20.7311217478472
891.0,20.843276508646476
901.0,20.95420490090891
911.0,21.06392033283474
921.0,21.17243606608168
931.0,21.278894884004803
941.0,21.38348161325354
951.0,21.486875939425722
961.0,21.585514680595725
971.0,21.679621820852812
981.0,21.76941897956084
991.0,21.85511648409677
1001.0,21.93691396921853
1011.0,22.012654602231205
1021.0,22.07978330457527
1031.0,22.144125840313954
1041.0,22.205805219880464
1051.0,22.26493878519719
1061.0,22.32163848108927
1071.0,22.376011113276036
1081.0,22.427719567454975
1091.0,22.473528286537437
1101.0,22.517613781555458
1111.0,22.560045106855753
1121.0,22.600888428401376
1131.0,22.640207149072236
1141.0,22.67806202835364
1151.0,22.714511296671695
1161.0,22.747452475574576
1171.0,22.77902102697855
1181.0,22.809506958689756
1191.0,22.838949938357082
1201.0,22.867388118585854
1211.0,22.89485819683643
1221.0,22.921395472880914
1231.0,22.946074933836226
1241.0,22.96955887686098
1251.0,22.992299377931307
1261.0,23.01432164713428
1271.0,23.035650006112743
1281.0,23.056307920391955
1291.0,23.076318030496044
1301.0,23.095308704266923
1311.0,23.11334165250887
1321.0,23.130841869945563
1331.0,23.147826263818274
1341.0,23.16431118601265
1351.0,23.180312451831615
1361.0,23.19584535811705
1371.0,23.210896210428324
1381.0,23.225458009464024
1391.0,23.239618627811627
1401.0,23.25338968088511
1411.0,23.266782447486197
1421.0,23.279807879564657
1431.0,23.292476611695587
1441.0,23.304798970282363
1451.0,23.316784982394065
1461.0,23.328444383778773
1471.0,23.339786627848493
1481.0,23.350820894107372
1491.0,23.361556096092773
1501.0,23.37200088908601
1511.0,23.382163677599376
1521.0,23.392874515915235
1531.0,23.40504237089309
1541.0,23.418296346175904
1551.0,23.43234899916072
1561.0,23.44697232042518
1571.0,23.46198041870112
1581.0,23.47721951665501
1591.0,23.496384575646527
1601.0,23.51594831908388
1611.0,23.534152561826954
1621.0,23.55110825526951
1631.0,23.56691692694979
1641.0,23.581671512059856
1651.0,23.595457110790374
1661.0,23.60835158290553
1671.0,23.620424957057097
1681.0,23.631740880626406
1691.0,23.642357944729685
1701.0,23.652330081421702
1711.0,23.66170695982357
1721.0,23.67053435017209
1731.0,23.67861645980313
1741.0,23.685721842423504
1751.0,23.692460171836505
1761.0,23.698856393960813
1771.0,23.704933735881195
1781.0,23.71071383811285
1791.0,23.716216878098674
1801.0,23.72138692201562
1811.0,23.725674357259265
1821.0,23.729789614294873
1831.0,23.733742462040958
1841.0,23.73754210765231
1851.0,23.74119723380073
1861.0,23.744716034007627
1871.0,23.748106246195988
1881.0,23.75096586217418
1891.0,23.753692025623117
1901.0,23.75633570821454
1911.0,23.75890073370876
1921.0,23.761390745884732
1931.0,23.763809218745088
1941.0,23.76615946633055
1951.0,23.76823551593138
1961.0,23.77017330729613
1971.0,23.77206666721824
1981.0,23.7739172376045
1991.0,23.775726597250653
2001.0,23.777496264689102
2011.0,23.779227700961783
2021.0,23.78082928445547
2031.0,23.78236824708877
2041.0,23.783978730974077
2051.0,23.785675807538617
2061.0,23.78747111051541
2071.0,23.789374906247108
2081.0,23.791396610491727
2091.0,23.79375218739277
2101.0,23.796652693416153
2111.0,23.799586434407285
2121.0,23.802565013873657
2131.0,23.805598364027777
2141.0,23.808694851691623
2151.0,23.811861371032972
2161.0,23.81510326623148
2171.0,23.818402839560438
2181.0,23.82173870355629
2191.0,23.82510187192243
2201.0,23.828484653377526
2211.0,23.831880476675007
2221.0,23.835283738871656
2231.0,23.838689673787638
2241.0,23.84209381611697
2251.0,23.84549052013514
2261.0,23.848874636544934
2271.0,23.85224193646567
2281.0,23.855588977549495
2291.0,23.858912990264173
2301.0,23.862211779891354
2311.0,23.865483433386782
2321.0,23.868724922757078
2331.0,23.87193330776797
2341.0,23.8751063417172
2351.0,23.878242361157213
2361.0,23.88134019996349
2371.0,23.884399115734833
2381.0,23.887418354281948
2391.0,23.890411338887176
2401.0,23.893413474235064
2411.0,23.89645553103917
2421.0,23.899562951694
2431.0,23.902756760443115
2441.0,23.906054088855893
2451.0,23.90946579971507
2461.0,23.91295363913053
2471.0,23.91649254646996
2481.0,23.92007186374158
2491.0,23.923682444090105
2501.0,23.927316446315192
2511.0,23.930967156946057
2521.0,23.934628839909195
2531.0,23.93829634133434
2541.0,23.941963449921644
2551.0,23.9456244750281
2561.0,23.94927470409591
2571.0,23.952910261440007
2581.0,23.95652798631335
2591.0,23.96012532769158
,
1.0,0.029687471796888396
11.0,0.32477374293718336
21.0,0.6166332037320672
31.0,0.9053011398116202
41.0,1.1908124509525393
51.0,1.4732016552974987
61.0,1.752502893528374
71.0,2.0287499329938274
81.0,2.301976171791762
91.0,2.572214642807128
101.0,2.839498017705583
111.0,3.1038586108834734
121.0,3.365328383374623
131.0,3.6239389467144068
141.0,3.879721566761564
151.0,4.132707167478221
161.0,4.382926334668581
171.0,4.630409319676726
181.0,4.875186043043992
191.0,5.117286098126335
201.0,5.356738754672157
211.0,5.593572962360997
221.0,5.827817354303533
231.0,6.059500250503301
241.0,6.288649661280574
251.0,6.515293290658788
261.0,6.739458539713943
271.0,6.961172509887374
281.0,7.180462006262301
291.0,7.39736555037739
301.0,7.611925332734074
311.0,7.824139338168981
321.0,8.034033335948095
331.0,8.241632807220661
341.0,8.446962949376644
351.0,8.65004868023045
361.0,8.850914642053032
371.0,9.049584964988389
381.0,9.246083573181204
391.0,9.440828960991247
401.0,9.63554531917454
411.0,9.830432001356357
421.0,10.025490655964637
431.0,10.220723122499509
441.0,10.416131173939318
451.0,10.611716122150664
461.0,10.807479589657211
471.0,11.003423432513378
481.0,11.199549728915414
491.0,11.395860774017057
501.0,11.592359076592924
511.0,11.789047206019818
521.0,11.985927202274178
531.0,12.18300140733887
541.0,12.380272455600736
551.0,12.577743246422417
561.0,12.775416945399131
571.0,12.973296987750741
581.0,13.171387006718493
591.0,13.369690128610562
601.0,13.568209763294295
611.0,13.76694974065604
621.0,13.965914247196013
631.0,14.165107839130785
641.0,14.364535458913137
651.0,14.563572348972711
661.0,14.760114160199137
671.0,14.954931455361741
681.0,15.148001199496012
691.0,15.339299650936432
701.0,15.528802310422043
711.0,15.716483866852263
721.0,15.898291022334835
731.0,16.04312623413798
741.0,16.188166361182077
751.0,16.333416009251874
761.0,16.478880163617962
771.0,16.624564216367506
781.0,16.77047399826387
791.0,16.916615815837098
801.0,17.04264956934713
811.0,17.16515028744542
821.0,17.28631349178937
831.0,17.40615395168231
841.0,17.524686284802513
851.0,17.641924960094627
861.0,17.757884300792774
871.0,17.87255732722137
881.0,17.98595775667292
891.0,18.09811156844265
901.0,18.20903486232242
911.0,18.318742291788595
921.0,18.427247848194575
931.0,18.534565256679564
941.0,18.640716353164862
951.0,18.745714064105215
961.0,18.849562814659272
971.0,18.95227530257248
981.0,19.05386406814732
991.0,19.154341499140617
1001.0,19.253719835029592
1011.0,19.352011199713935
1021.0,19.449227958787656
1031.0,19.54538200372618
1041.0,19.640484945849717
1051.0,19.734548270155415
1061.0,19.82758333668988
1071.0,19.91960138190566
1081.0,20.010613519976715
1091.0,20.10063079682552
1101.0,20.189664125618176
1111.0,20.277724256227305
1121.0,20.364821821728718
1131.0,20.450967339661677
1141.0,20.53457637226299
1151.0,20.610451015995636
1161.0,20.67896796294213
1171.0,20.740907727975753
1181.0,20.79696035176339
1191.0,20.847741662289152
1201.0,20.893801502249698
1211.0,20.935630946968093
1221.0,20.973668717470158
1231.0,21.0083076189602
1241.0,21.039901448675597
1251.0,21.068765445720903
1261.0,21.09518130864672
1271.0,21.11940095290896
1281.0,21.141649720985217
1291.0,21.16212924033368
1301.0,21.182633713068544
1311.0,21.211762582118627
1321.0,21.24906793966074
1331.0,21.292793804771286
1341.0,21.341438888574046
1351.0,21.39372457818495
1361.0,21.448566707740227
1371.0,21.50502608389966
1381.0,21.562003740178188
1391.0,21.61889620179989
1401.0,21.675326970850794
1411.0,21.73098392630721
1421.0,21.7856111325229
1431.0,21.839001585117273
1441.0,21.890990795015124
1451.0,21.941453640220953
1461.0,21.99029773349616
1471.0,22.0374563471572
1481.0,22.08288583503826
1491.0,22.126562240181553
1501.0,22.16847830808396
1511.0,22.20864086066181
1521.0,22.247069376991444
1531.0,22.283795377526296
1541.0,22.31885774251047
1551.0,22.35230127067661
1561.0,22.38417542246442
1571.0,22.414533219802756
1581.0,22.443430294984662
1591.0,22.470924389978297
1601.0,22.49707682081816
1611.0,22.52194995865244
1621.0,22.54560549257317
1631.0,22.568104100407194
1641.0,22.589505174411006
1651.0,22.609866598804764
1661.0,22.629244603330594
1671.0,22.647691840852023
1681.0,22.66524895427444
1691.0,22.681954780721423
1701.0,22.697849799775703
1711.0,22.712975256316046
1721.0,22.727372471585177
1731.0,22.762946394225985
1741.0,22.84981970598771
1751.0,22.93743816310869
1761.0,23.02574441279602
1771.0,23.114687339762664
1781.0,23.204221357254394
1791.0,23.294305785630407
1801.0,23.38490430712921
1811.0,23.475984099728358
1821.0,23.56751532953243
1831.0,23.659471390982493
1841.0,23.75182850523138
1851.0,23.84456542475167
1861.0,23.937663172875077
1871.0,24.031104813980708
1881.0,24.124874994802564
1891.0,24.21895938820767
1901.0,24.31334531660837
1911.0,24.408021519357785
1921.0,24.502978018567507
1931.0,24.598206004519536
1941.0,24.69369773455062
1951.0,24.78944628804108
1961.0,24.88544490506528
1971.0,24.98168777139954
1981.0,25.0781699152027
1991.0,25.17488712109238
2001.0,25.27183588033086
2011.0,25.369013348001744
2021.0,25.46641722570293
2031.0,25.564045009797915
2041.0,25.661894799788445
2051.0,25.759965363876308
2061.0,25.8582560395267
2071.0,25.956766720495335
2081.0,26.055497849382906
2091.0,26.14938140016116
2101.0,26.231634174586652
2111.0,26.314070738994833
2121.0,26.39669203504756
2131.0,26.479499396770038
2141.0,26.562494558448826
2151.0,26.645679666643236
2161.0,26.726365459793602
2171.0,26.782984315187214
2181.0,26.839735123280104
2191.0,26.896619177227493
2201.0,26.953637968934068
2211.0,27.010793195965036
2221.0,27.068086770071847
2231.0,27.125520827510666
2241.0,27.166129293479056
2251.0,27.204951006891193
2261.0,27.243870031643166
2271.0,27.282887559829582
2281.0,27.32200488868298
2291.0,27.361223424933648
2301.0,27.40054468981466
2311.0,27.430726001756888
2321.0,27.457020566865214
2331.0,27.4833856423371
2341.0,27.509822051907637
2351.0,27.53633067088161
2361.0,27.562912427983242
2371.0,27.589568307412932
2381.0,27.613807045469258
2391.0,27.635394260364375
2401.0,27.656746138070787
2411.0,27.677865279063834
2421.0,27.6987542562111
2431.0,27.71941561513466
2441.0,27.739851874572935
2451.0,27.7600611761204
2461.0,27.780039975988988
2471.0,27.799800739689047
2481.0,27.819345863563836
2491.0,27.83867771801767
2501.0,27.8577986478152
2511.0,27.87671097237808
2521.0,27.89541593855918
2531.0,27.913907348589753
2541.0,27.93219679882892
2551.0,27.95028650278382
2561.0,27.968178649831753
2571.0,27.985875405487814
2581.0,28.00337891166969
2591.0,28.020691286959632
,
1.0,0.06967707514872638
11.0,0.7667931836747073
21.0,1.4645519591060674
31.0,2.1629754497711433
41.0,2.8620870878979083
51.0,3.561911844534305
61.0,4.2624764059306335
71.0,4.963809375567912
81.0,5.463131780912227
91.0,5.940490246237368
101.0,6.418422201384205
111.0,6.896944775677353
121.0,7.376076126892058
131.0,7.855835538324367
141.0,8.3362435283402
151.0,8.707846329031529
161.0,9.033028274700545
171.0,9.358685514576353
181.0,9.684830040507604
191.0,10.011474461707788
201.0,10.338632052767926
211.0,10.666316806836992
221.0,10.9471775271777
231.0,11.178892690055504
241.0,11.408075219765216
251.0,11.634752865335324
261.0,11.858953075495817
271.0,12.080729295343406
281.0,12.30187465055181
291.0,12.5217506730355
301.0,12.736296161195082
311.0,12.948496365629353
321.0,13.158376960760362
331.0,13.365963341512428
341.0,13.571280626452426
351.0,13.774353660902138
361.0,13.975205972329432
371.0,14.173853271994865
381.0,14.370328842965062
391.0,14.564656447126143
401.0,14.756859586977274
411.0,14.94696150849043
421.0,15.134985203940168
431.0,15.320953414703899
441.0,15.504879804802538
451.0,15.686791761950332
461.0,15.86671296755134
471.0,16.04466564369613
481.0,16.22067158164259
491.0,16.394752238158876
501.0,16.566928781266277
511.0,16.73725524464527
521.0,16.905734959586383
531.0,17.072374509011375
541.0,17.23728740809997
551.0,17.40190600989286
561.0,17.56671410354114
571.0,17.731715992822522
581.0,17.896916184281416
591.0,18.062318633576513
601.0,18.22792768114679
611.0,18.393748148188756
621.0,18.55978527170682
631.0,18.726044734435124
641.0,18.89253270026445
651.0,19.052862210672405
661.0,19.197322983169425
671.0,19.340206556419844
681.0,19.481530381920024
691.0,19.621311736345408
701.0,19.75956772577923
711.0,19.89631529024549
721.0,20.03156865900594
731.0,20.165322936440017
741.0,20.297616477361053
751.0,20.428465379995057
761.0,20.557885574848473
771.0,20.68589282753203
781.0,20.812502741678916
791.0,20.937730761978184
801.0,21.061572482966046
811.0,21.18405922570125
821.0,21.305207977003047
831.0,21.425033442464073
841.0,21.543550171078223
851.0,21.6600334511125
861.0,21.77071647161093
871.0,21.866314879209384
881.0,21.953302488780803
891.0,22.035984323582394
901.0,22.114588038513144
911.0,22.18932876968882
921.0,22.260409852882304
931.0,22.32802349951148
941.0,22.388787754537038
951.0,22.443300906343207
961.0,22.495396649295895
971.0,22.545189574017442
981.0,22.59278860410335
991.0,22.63829728783523
1001.0,22.681814074396232
1011.0,22.722455198201267
1021.0,22.76234903745402
1031.0,22.805203698113285
1041.0,22.850245357936007
1051.0,22.896706366491937
1061.0,22.9439095809614
1071.0,22.9912771775754
1081.0,23.039237994553883
1091.0,23.09261700844238
1101.0,23.141668247412166
1111.0,23.18678113775249
1121.0,23.228308824261628
1131.0,23.266571642939187
1141.0,23.301860253661335
1151.0,23.334438466765533
1161.0,23.364652140464244
1171.0,23.392849411884733
1181.0,23.419192822853496
1191.0,23.44383065078446
1201.0,23.466899406777816
1211.0,23.48852481755283
1221.0,23.50882269897735
1231.0,23.527925317151723
1241.0,23.546002188663284
1251.0,23.56314152220429
1261.0,23.579403950019238
1271.0,23.594834545992047
1281.0,23.609476668308268
1291.0,23.6233723317658
1301.0,23.6365381199677
1311.0,23.648888495389077
1321.0,23.660483382798578
1331.0,23.67140009295189
1341.0,23.68170780119382
1351.0,23.691468417290466
1361.0,23.700737361104988
1371.0,23.70956427229382
1381.0,23.71799495648954
1391.0,23.726072471416078
1401.0,23.733835320844697
1411.0,23.741317756110725
1421.0,23.748550243779032
1431.0,23.755559882327315
1441.0,23.76237077348512
1451.0,23.769004714466178
1461.0,23.775481474146844
1471.0,23.781813220217714
1481.0,23.78800822293547
1491.0,23.794074436985692
1501.0,23.80001949596507
1511.0,23.805850683940157
1521.0,23.811574396080438
1531.0,23.817193922783623
1541.0,23.822711937360097
1551.0,23.828131528511058
1561.0,23.83345607504397
1571.0,23.838689143613333
1581.0,23.84383440634228
1591.0,23.84889534111272
1601.0,23.85387317755135
1611.0,23.858768364834475
1621.0,23.863581941754134
1631.0,23.86831541638649
1641.0,23.872970653989164
1651.0,23.877549784359687
1661.0,23.882063519164536
1671.0,23.88657567706418
1681.0,23.891122900610014
1691.0,23.895730399606567
1701.0,23.900419280974553
1711.0,23.90520672784373
1721.0,23.910101510282438
1731.0,23.915085426840143
1741.0,23.920123510887773
1751.0,23.925191781515053
1761.0,23.93027321011562
1771.0,23.935353224330395
1781.0,23.94041939633158
1791.0,23.945461167962502
1801.0,23.950469273692523
1811.0,23.95540063002954
1821.0,23.96023851859926
1831.0,23.964994888502215
1841.0,23.969680199855365
1851.0,23.97430359881101
1861.0,23.978873072742893
1871.0,23.98339558782396
1881.0,23.987883187653782
1891.0,23.992347873045247
1901.0,23.996791358694793
1911.0,24.001215168484155
1921.0,24.005620723251067
1931.0,24.010009347014094
1941.0,24.01438227291011
1951.0,24.01873727717402
1961.0,24.02306855407063
1971.0,24.027381790749914
1981.0,24.031682379804547
1991.0,24.035974829884516
2001.0,24.040262881245557
2011.0,24.044549607786617
2021.0,24.048837577936656
2031.0,24.053130493522346
2041.0,24.057432914535195
2051.0,24.061748549049174
2061.0,24.06608030341934
2071.0,24.070430396791163
2081.0,24.074800461754812
2091.0,24.07919236466164
2101.0,24.083617704197213
2111.0,24.088078739233875
2121.0,24.092573548927998
2131.0,24.09710026011024
2141.0,24.101657055117634
2151.0,24.106242177747998
2161.0,24.110853851662046
2171.0,24.11548169295204
2181.0,24.12012282845851
2191.0,24.124781362470895
2201.0,24.129460466796797
2211.0,24.13415971960018
2221.0,24.13887297850199
2231.0,24.143594432197933
2241.0,24.148318745756306
2251.0,24.15303876680066
2261.0,24.15774778037579
2271.0,24.162440424098417
2281.0,24.1671124638185
2291.0,24.171760603103493
2301.0,24.176382322466115
2311.0,24.180975509631384
2321.0,24.185536280486883
2331.0,24.19006040734761
2341.0,24.194544719539333
2351.0,24.198986934608858
2361.0,24.20338550070047
2371.0,24.207739463695518
2381.0,24.212052515250097
2391.0,24.21635359057007
2401.0,24.22065655114378
2411.0,24.224970139208946
2421.0,24.229301749088748
2431.0,24.233657535008707
2441.0,24.23804251447518
2451.0,24.24245896361131
2461.0,24.246880188876887
2471.0,24.251290726145132
2481.0,24.255684823772494
2491.0,24.26005790558305
2501.0,24.264406377963102
2511.0,24.268727466340987
2521.0,24.27302015719319
2531.0,24.277431427482938
2541.0,24.282104631065717
2551.0,24.286993011008576
2561.0,24.292014471400137
2571.0,24.297086558196973
2581.0,24.30212962027894
2591.0,24.307068080908937
,
1.0,0.02968837869545321
11.0,0.3247837706844088
21.0,0.6166524447624876
31.0,0.9053296839431259
41.0,1.1908503854411825
51.0,1.473249064891268
61.0,1.7525598605199475
71.0,2.0288165372723292
81.0,2.3020534009887768
91.0,2.5723027861367034
101.0,2.839597272662769
111.0,3.1039691787510137
121.0,3.3654504693569245
131.0,3.6240727600759386
141.0,3.8798673209699337
151.0,4.132861516067666
161.0,4.383087866283383
171.0,4.630578133435984
181.0,4.87536223943209
191.0,5.117469779031456
201.0,5.356930023425603
211.0,5.59377192377739
221.0,5.828022188492759
231.0,6.059709089886115
241.0,6.288862548674828
251.0,6.515510269278098
261.0,6.739679653177465
271.0,6.9613978022296825
281.0,7.180691521943388
291.0,7.397586468139094
301.0,7.612107699494132
311.0,7.824283138471814
321.0,8.03413843684457
331.0,8.241698965881545
341.0,8.446989819415972
351.0,8.650035816878987
361.0,8.850861354721244
371.0,9.049489493009002
381.0,9.245945604353453
391.0,9.44025344017815
401.0,9.632436492181458
411.0,9.822517995176673
421.0,10.010520929901102
431.0,10.196468025794424
441.0,10.380381763746664
451.0,10.562284378816114
461.0,10.742197862917541
471.0,10.920143967480998
481.0,11.096144206081554
491.0,11.27021985704028
501.0,11.442391965996771
511.0,11.612689343780856
521.0,11.781126998683696
531.0,11.947721888731994
541.0,12.11249431848893
551.0,12.27546433001373
561.0,12.436651718806381
571.0,12.596076044742968
581.0,12.80703753615836
591.0,13.071109554506478
601.0,13.335539881546742
611.0,13.600337881941728
621.0,13.865513480343676
631.0,14.131077207614107
641.0,14.39704025279146
651.0,14.63418337014364
661.0,14.780541435659229
671.0,14.923387359503842
681.0,15.06466680657125
691.0,15.204398128491867
701.0,15.342598976160973
711.0,15.479286554375776
721.0,15.614479628749873
731.0,15.748211101697919
741.0,15.8804811835545
751.0,16.01130590270062
761.0,16.14070111484895
771.0,16.268682503106785
781.0,16.39526558013829
791.0,16.520465690293864
801.0,16.644297865698245
811.0,16.766776879540306
821.0,16.88791760303321
831.0,17.007734748264106
841.0,17.126242866392477
851.0,17.243456349939375
861.0,17.359389435027943
871.0,17.50772776518161
881.0,17.671943695988755
891.0,17.837955348588167
901.0,18.005632706893845
911.0,18.17485865261859
921.0,18.345527606534908
931.0,18.51754432723889
941.0,18.690020205406903
951.0,18.858170590748863
961.0,19.02139089225064
971.0,19.179879502302025
981.0,19.333823574928065
991.0,19.483399979009583
1001.0,19.62877614768437
1011.0,19.77031963670473
1021.0,19.911421373728114
1031.0,20.05318950754216
1041.0,20.195583648512724
1051.0,20.33856758181572
1061.0,20.482108837481952
1071.0,20.62617831056648
1081.0,20.770711011623163
1091.0,20.911218741081104
1101.0,21.045044598769625
1111.0,21.172708076621216
1121.0,21.294672741587917
1131.0,21.411353764213107
1141.0,21.523124259006128
1151.0,21.630320650013815
1161.0,21.733910975409316
1171.0,21.83502491151335
1181.0,21.933748754086196
1191.0,22.03015745868196
1201.0,22.124323283420715
1211.0,22.21631590032211
1221.0,22.30620250028545
1231.0,22.394587535777816
1241.0,22.483063931727067
1251.0,22.571724599315388
1261.0,22.660563226132314
1271.0,22.74957436148707
1281.0,22.83875332350983
1291.0,22.928096118035857
1301.0,23.017599315240815
1311.0,23.107259434187885
1321.0,23.197073387648874
1331.0,23.2870386399989
1341.0,23.377153119791345
1351.0,23.46741517771107
1361.0,23.557823549915653
1371.0,23.64837731008775
1381.0,23.73907530557376
1391.0,23.829916432898038
1401.0,23.920899997791054
1411.0,24.012025616069845
1421.0,24.10329319330445
1431.0,24.19470290749203
1441.0,24.286255194455617
1451.0,24.37795028361773
1461.0,24.469788195623558
1471.0,24.56176935804275
1481.0,24.653894461374865
1491.0,24.746164450495744
1501.0,24.838580518369103
1511.0,24.931144101928748
1521.0,25.01543817662164
1531.0,25.083678983004067
1541.0,25.141040866266334
1551.0,25.19535341600332
1561.0,25.249067156444745
1571.0,25.302189830205954
1581.0,25.35472884650849
1591.0,25.40669177095607
1601.0,25.458086570062818
1611.0,25.508919550364293
1621.0,25.559196863176243
1631.0,25.608924592594086
1641.0,25.658108756227254
1651.0,25.706755305926436
1661.0,25.75487014447916
1671.0,25.80245921062293
1681.0,25.84952827723487
1691.0,25.896083030311264
1701.0,25.94212909424308
1711.0,25.98767203247336
1721.0,26.032717348148484
1731.0,26.077270490924843
1741.0,26.121336983378942
1751.0,26.164922196212157
1761.0,26.208031384283608
1771.0,26.250669746252978
1781.0,26.29284242514847
1791.0,26.334554508931102
1801.0,26.375811031053285
1811.0,26.416617115712164
1821.0,26.45697779362295
1831.0,26.49689791945271
1841.0,26.536382296963478
1851.0,26.575435679474968
1861.0,26.614062770328054
1871.0,26.652268223349086
1881.0,26.690056470617243
1891.0,26.727431830055128
1901.0,26.764398812077747
1911.0,26.800961880264122
1921.0,26.83712544959257
1931.0,26.87289388694976
1941.0,26.9082715116367
1951.0,26.943262708857592
1961.0,26.977872016729545
1971.0,27.01210365100266
1981.0,27.04596180596784
1991.0,27.079450632461803
2001.0,27.11257423471562
2011.0,27.145336671376587
2021.0,27.17774191302151
2031.0,27.20979361869649
2041.0,27.241495669512894
2051.0,27.272851964798413
2061.0,27.3038663596639
2071.0,27.334542666041198
2081.0,27.36488465366827
2091.0,27.39489570427143
2101.0,27.42457435463092
2111.0,27.453923568021185
2121.0,27.4829482808663
2131.0,27.511653024541666
2141.0,27.540041982798257
2151.0,27.5681191040605
2161.0,27.59588817621736
2171.0,27.623353498306788
2181.0,27.650518866583706
2191.0,27.67738754863565
2201.0,27.70396277683053
2211.0,27.730247748716984
2221.0,27.75624562741789
2231.0,27.781959542017184
2241.0,27.807392608910764
2251.0,27.832547927581746
2261.0,27.857428525391896
2271.0,27.882037396482648
2281.0,27.906377502833543
2291.0,27.930451774612372
2301.0,27.954263110519975
2311.0,27.9778142523862
2321.0,28.001107696170923
2331.0,28.024146277041613
2341.0,28.046932819563317
2351.0,28.06947011392484
2361.0,28.091760916754087
2371.0,28.113807951868814
2381.0,28.13561375361334
2391.0,28.15718011000961
2401.0,28.178509738900168
2411.0,28.1996054560044
2421.0,28.220470004723165
2431.0,28.24110606821829
2441.0,28.261516278361416
2451.0,28.281703307565344
2461.0,28.301671076180597
2471.0,28.321422627768616
2481.0,28.34096056290114
2491.0,28.36028755621454
2501.0,28.37940643954912
2511.0,28.39832036708095
2521.0,28.41449324413001
2531.0,28.427613911813726
2541.0,28.439946869750035
2551.0,28.451559002991623
2561.0,28.46251134900025
2571.0,28.472859605297263
2581.0,28.482654594528423
2591.0,28.49194269018947
,
1.0,0.029687471796888396
11.0,0.32477374293718336
21.0,0.6166332037320672
31.0,0.9053011398116202
41.0,1.1908124509525393
51.0,1.4732016552974987
61.0,1.752502893528374
71.0,2.0287499329938274
81.0,2.3019775996408525
91.0,2.5722173523559344
101.0,2.839501804012171
111.0,3.103863330245685
121.0,3.36533392698447
131.0,3.6239452275753505
141.0,3.879728512495723
151.0,4.275359261226953
161.0,4.73202110398719
171.0,5.189063231128352
181.0,5.6464965136683976
191.0,6.1043323720878355
201.0,6.562582829761959
211.0,7.0212605721625065
221.0,7.465568353892609
231.0,7.809071991415133
241.0,8.077619623888372
251.0,8.306278380743361
261.0,8.530471181268664
271.0,8.752209672637026
281.0,8.971521488043123
291.0,9.18843402301159
301.0,9.40297516213288
311.0,9.615170646117019
321.0,9.825046116170377
331.0,10.032626933879706
341.0,10.237938184248446
351.0,10.441004678699532
361.0,10.641850958032935
371.0,10.840501364582938
381.0,11.036979957607103
391.0,11.231310475500635
401.0,11.423516398073447
411.0,11.61362094934394
421.0,11.801647100302585
431.0,11.987617571645858
441.0,12.171554001473167
451.0,12.353477602455682
461.0,12.533410684721265
471.0,12.711375264092544
481.0,12.88739306836087
491.0,13.061485552007952
501.0,13.233673907738368
511.0,13.403979257580318
521.0,13.57242274587031
531.0,13.739024746737082
541.0,13.903805380201772
551.0,14.06678454665889
561.0,14.22798192933479
571.0,14.387416996714743
581.0,14.545109007369994
591.0,14.701077034418965
601.0,14.855339922526499
611.0,15.00791630431143
621.0,15.158824609235385
631.0,15.308083065836453
641.0,15.455709703935721
651.0,15.601883637591824
661.0,15.746816765093245
671.0,15.890140178662314
681.0,16.031872610018507
691.0,16.172032560005928
701.0,16.310638299770755
711.0,16.4477078721159
721.0,16.583259092369293
731.0,16.717309533734117
741.0,16.849876571025426
751.0,16.98097736500079
761.0,17.110628854864903
771.0,17.238847760699194
781.0,17.365650585982067
791.0,17.49105362018957
801.0,17.615072966766377
811.0,17.737724543779787
821.0,17.85902401477158
831.0,17.97898683899189
841.0,18.09762827527342
851.0,18.21496338497199
861.0,18.33100703492073
871.0,18.44614573729287
881.0,18.560147459479612
891.0,18.672863557114574
901.0,18.784310698356244
911.0,18.89450522625124
921.0,19.003463167593026
931.0,19.11120024170615
941.0,19.217730667145243
951.0,19.32306325067536
961.0,19.427213694992396
971.0,19.5301983550378
981.0,19.63203299421484
991.0,19.732732843650407
1001.0,19.832312653695464
1011.0,19.93078693824078
1021.0,20.028172466807366
1031.0,20.124483007402716
1041.0,20.219730979852685
1051.0,20.313928633963915
1061.0,20.407088052502257
1071.0,20.499221154159628
1081.0,20.590399804730733
1091.0,20.68109033421016
1101.0,20.770744186743666
1111.0,20.859375863920373
1121.0,20.94699952168225
1131.0,21.03362898227972
1141.0,21.119277745993475
1151.0,21.203959002601184
1161.0,21.28768571022786
1171.0,21.37047058180055
1181.0,21.452325928854208
1191.0,21.53326379475869
1201.0,21.613295966582488
1211.0,21.69243398462928
1221.0,21.770689151651908
1231.0,21.84807259588691
1241.0,21.92459535015171
1251.0,22.00026805188768
1261.0,22.075101120443275
1271.0,22.149104780529353
1281.0,22.222289069352254
1291.0,22.294663843446777
1301.0,22.366238054957158
1311.0,22.437017345418226
1321.0,22.507011540274195
1331.0,22.576230847847985
1341.0,22.644685110697576
1351.0,22.712383852770824
1361.0,22.779336318201544
1371.0,22.845551604798107
1381.0,22.911039927449067
1391.0,22.975810010431285
1401.0,23.039869898554052
1411.0,23.10322753692089
1421.0,23.16589077264131
1431.0,23.227867356507033
1441.0,23.289164944627995
1451.0,23.349791234446222
1461.0,23.40975379421335
1471.0,23.469059987601497
1481.0,23.527717091190414
1491.0,23.585732295839694
1501.0,23.643112708030177
1511.0,23.69986535117485
1521.0,23.755997235982253
1531.0,23.811515335604135
1541.0,23.86642642269154
1551.0,23.920737241267215
1561.0,23.974454490580058
1571.0,24.02758478779302
1581.0,24.080134669583494
1591.0,24.132110360173765
1601.0,24.183517513472
1611.0,24.234362324261436
1621.0,24.284650961927934
1631.0,24.33438952667145
1641.0,24.38358405041131
1651.0,24.43224049766928
1661.0,24.480364667464
1671.0,24.527961790719772
1681.0,24.575037566315196
1691.0,24.621597815734944
1701.0,24.667648292732405
1711.0,24.7131946723922
1721.0,24.75824255446396
1731.0,24.802797507706497
1741.0,24.846865596770318
1751.0,24.890452357550572
1761.0,24.933563050279382
1771.0,24.976202878786665
1781.0,25.018376991075655
1791.0,25.060090479895354
1801.0,25.10134838330835
1811.0,25.142155852589624
1821.0,25.18251793794784
1831.0,25.222439493863344
1841.0,25.26192532491773
1851.0,25.300980215993565
1861.0,25.339608941781346
1871.0,25.3778162264927
1881.0,25.415606606736464
1891.0,25.45298448190145
1901.0,25.48995444269569
1911.0,25.526521030803952
1921.0,25.5626887363541
1931.0,25.598461999152807
1941.0,25.633845209853977
1951.0,25.668842620473555
1961.0,25.70345822330276
1971.0,25.73769626508657
1981.0,25.77156097069137
1991.0,25.805056517975668
2001.0,25.838187039034324
2011.0,25.870956621393752
2021.0,25.903369259979254
2031.0,25.93542859537358
2041.0,25.967138533527418
2051.0,25.9985030119584
2061.0,26.029525926133775
2071.0,26.06021113079275
2081.0,26.090562441248757
2091.0,26.1205836175955
2101.0,26.15027801133968
2111.0,26.17964918092974
2121.0,26.208700808331184
2131.0,26.23743653940591
2141.0,26.265859985478535
2151.0,26.293974724938753
2161.0,26.321784270737947
2171.0,26.34928860628373
2181.0,26.37648895554356
2191.0,26.403388868054073
2201.0,26.42999181871371
2211.0,26.45630122076548
2221.0,26.482320434472808
2231.0,26.508052772936924
2241.0,26.5335017422497
2251.0,26.558670914300233
2261.0,26.583563394822537
2271.0,26.608182415593426
2281.0,26.63253118766679
2291.0,26.656612849498345
2301.0,26.680430475508526
2311.0,26.703987334733096
2321.0,26.727287028800962
2331.0,26.750332405685697
2341.0,26.773126241596014
2351.0,26.79567128329743
2361.0,26.817970248400243
2371.0,26.840025825646084
2381.0,26.861840697351894
2391.0,26.883417655742736
2401.0,26.904759322448704
2411.0,26.925868258408542
2421.0,26.94674699823582
2431.0,26.967398050432507
2441.0,26.987823897604585
2451.0,27.00802700546339
2461.0,27.028010001502647
2471.0,27.047775353464903
2481.0,27.067325421558873
2491.0,27.086640862699483
2501.0,27.104991669827285
2511.0,27.122111506929897
2521.0,27.138112102402705
2531.0,27.15309389528034
2541.0,27.16714591213882
2551.0,27.18034880964541
2561.0,27.19277610383452
2571.0,27.204494791512655
2581.0,27.215565920520152
2591.0,27.226045112425464
,
1.0,0.060866352522826885
11.0,0.6699237387268104
21.0,1.279708445473369
31.0,1.8902375657775312
41.0,2.5015296613774862
51.0,3.113604869120867
61.0,3.7264850251240036
71.0,4.340193809418344
81.0,4.775981124502649
91.0,5.192508079804714
101.0,5.609637802154523
111.0,6.027384440894405
121.0,6.445763069111308
131.0,6.864789751207674
141.0,7.284481619190764
151.0,7.608185468913642
161.0,7.890961022824236
171.0,8.174213974838846
181.0,8.45795418125292
191.0,8.742192005487363
201.0,9.026938349737808
211.0,9.312204689855829
221.0,9.571863005540287
231.0,9.803598515601875
241.0,10.032801002251444
251.0,10.259498217778356
261.0,10.483717612907064
271.0,10.705486340276153
281.0,10.924831257892663
291.0,11.141773023488168
301.0,11.356329677110352
311.0,11.56854077831647
321.0,11.778432001101073
331.0,11.986028739377856
341.0,12.19135611009365
351.0,12.394438956311015
361.0,12.595300417629648
371.0,12.793953180252124
381.0,12.990434037613573
391.0,13.184766750884972
401.0,13.376974821611556
411.0,13.567081494565176
421.0,13.75510976056588
431.0,13.941082359273103
441.0,14.12501247835681
451.0,14.30693049857247
461.0,14.486859442716263
471.0,14.664821066248857
481.0,14.840836886790221
491.0,15.014928186723726
501.0,15.187116015771842
511.0,15.357415784735561
521.0,15.525850232515996
531.0,15.692442073193373
541.0,15.857211604972388
551.0,16.020178861569832
561.0,16.18136362993143
571.0,16.340785461849542
581.0,16.498497650065897
591.0,16.654520470426164
601.0,16.80883933359332
611.0,16.961473047769534
621.0,17.11244022674193
631.0,17.26175929356085
641.0,17.409448484381812
651.0,17.555517542295085
661.0,17.699972176587618
671.0,17.842848769808292
681.0,17.98416467633662
691.0,18.123937066140012
701.0,18.262182927379513
711.0,18.39891906905029
721.0,18.53415994326857
731.0,18.66790400402722
741.0,18.800186646009557
751.0,18.931023901599556
761.0,19.060431630117588
771.0,19.188425519909124
781.0,19.315021090427027
791.0,19.440233694309487
801.0,19.564063159160927
811.0,19.686537579528856
821.0,19.807461113999572
831.0,19.923809752620027
841.0,20.03480828277423
851.0,20.140718640547384
861.0,20.24178940544601
871.0,20.33143517128141
881.0,20.41441887244945
891.0,20.49394314580226
901.0,20.570161197326023
911.0,20.643219151948205
921.0,20.713256393662085
931.0,20.780405888776805
941.0,20.843213886807646
951.0,20.90863850529856
961.0,20.979337035982883
971.0,21.05377233958311
981.0,21.130572274962127
991.0,21.208562936060343
1001.0,21.286753716659803
1011.0,21.369118634125112
1021.0,21.457233425883455
1031.0,21.538056981497746
1041.0,21.612240435858492
1051.0,21.68037472334353
1061.0,21.742996305037376
1071.0,21.800592337732823
1081.0,21.85360534026829
1091.0,21.902436575355733
1101.0,21.947448750776402
1111.0,21.988971647612676
1121.0,22.0273055008624
1131.0,22.062723726182337
1141.0,22.095475389219988
1151.0,22.125787442345022
1161.0,22.153866296947257
1171.0,22.17989830809886
1181.0,22.20405326793725
1191.0,22.226486339233038
1201.0,22.247339355232516
1211.0,22.266742004736233
1221.0,22.284812910217408
1231.0,22.30168096520099
1241.0,22.31757957899822
1251.0,22.332702525571403
1261.0,22.347177376793486
1271.0,22.36109448009876
1281.0,22.374521574832148
1291.0,22.387509696693414
1301.0,22.40003061383819
1311.0,22.411869895823347
1321.0,22.423058542518767
1331.0,22.433662925869537
1341.0,22.44374246747273
1351.0,22.453350376297987
1361.0,22.46253430758102
1371.0,22.471335600446796
1381.0,22.479784959648068
1391.0,22.487908289439474
1401.0,22.495729639277116
1411.0,22.503271376978788
1421.0,22.51055427115232
1431.0,22.517597576588145
1441.0,22.52441930891434
1451.0,22.531058647561277
1461.0,22.53754820466724
1471.0,22.54390405365296
1481.0,22.550140637360187
1491.0,22.556270919826055
1501.0,22.56230652509095
1511.0,22.568257864062716
1521.0,22.57412002253764
1531.0,22.57987701960564
1541.0,22.58553118613403
1551.0,22.59108549256059
1561.0,22.596543246932825
1571.0,22.601907982662706
1581.0,22.60718336792067
1591.0,22.612372899102184
1601.0,22.61747780637449
1611.0,22.62249852382062
1621.0,22.62743610022255
1631.0,22.632292073901876
1641.0,22.637068355237943
1651.0,22.641767129643767
1661.0,22.646390692926623
1671.0,22.650939770689956
1681.0,22.655414039713893
1691.0,22.65981376339286
1701.0,22.664139718081323
1711.0,22.66839308508909
1721.0,22.672575360460176
1731.0,22.676688686930287
1741.0,22.680741995162734
1751.0,22.68474146362992
1761.0,22.688690989877372
1771.0,22.692594186269854
1781.0,22.69645440104077
1791.0,22.700274737775647
1801.0,22.70405803285283
1811.0,22.707800978166063
1821.0,22.711498255148193
1831.0,22.715147842811163
1841.0,22.718748386937346
1851.0,22.72229909017575
1861.0,22.725799618588095
1871.0,22.72925002240984
1881.0,22.732650222808584
1891.0,22.7359988129821
1901.0,22.739294708636383
1911.0,22.74253737243016
1921.0,22.745726724012563
1931.0,22.748863067537346
1941.0,22.751947030699128
1951.0,22.754920639723675
1961.0,22.757820940381905
1971.0,22.760673234683434
1981.0,22.763477411293024
1991.0,22.766233725952038
2001.0,22.76894275287931
2011.0,22.77160534468555
2021.0,22.774027441741957
2031.0,22.77622137065126
2041.0,22.778388774109185
2051.0,22.78053252645422
2061.0,22.782655262788136
2071.0,22.78475939682984
2081.0,22.78684713743351
2091.0,22.788945080875553
2101.0,22.79108548978219
2111.0,22.793208782075045
2121.0,22.795313452027763
2131.0,22.797398322575415
2141.0,22.799462510651466
2151.0,22.801505397318838
2161.0,22.803496656800252
2171.0,22.80520247215516
2181.0,22.806896414785047
2191.0,22.808577549401708
2201.0,22.810245110062887
2211.0,22.811898484612346
2221.0,22.813537200942264
2231.0,22.81516091494651
2241.0,22.816564862421092
2251.0,22.81793781136803
2261.0,22.819302253211855
2271.0,22.82065765034665
2281.0,22.822003547805984
2291.0,22.823339566609516
2301.0,22.82466539777432
2311.0,22.825871873152686
2321.0,22.827099542469224
2331.0,22.82844709954595
2341.0,22.829946041207137
2351.0,22.831624421767987
2361.0,22.83350831449457
2371.0,22.835621173156625
2381.0,22.838170921301238
2391.0,22.84106209813226
2401.0,22.844057724223944
2411.0,22.84714271293336
2421.0,22.850303876275508
2431.0,22.853529683406187
2441.0,22.856810050274614
2451.0,22.86013613903072
2461.0,22.863498974539592
2471.0,22.86688892780678
2481.0,22.87029765132362
2491.0,22.873718058464853
2501.0,22.877144148692903
2511.0,22.880570856471785
2521.0,22.88399392072142
2531.0,22.887409010124067
2541.0,22.890810712747122
2551.0,22.894194368271727
2561.0,22.897556201466816
2571.0,22.90089319250875
2581.0,22.904202965423885
2591.0,22.90748369225707
,
1.0,0.04703508720552768
11.0,0.5175873498600764
21.0,0.988508263187234
31.0,1.4598018261484567
41.0,1.931472605023937
51.0,2.403525725260828
61.0,2.875966868219954
71.0,3.3488022726576236
81.0,3.8220384272319223
91.0,4.295681677606148
101.0,4.769739171683273
111.0,5.244218717975365
121.0,5.719128799792536
131.0,6.194478601158744
141.0,6.670278039020187
151.0,7.146537601840873
161.0,7.6232677077727296
171.0,8.100479854324785
181.0,8.578186551118819
191.0,9.056401349845624
201.0,9.535138926105773
211.0,10.0144151754573
221.0,10.434394686022381
231.0,10.794984962581925
241.0,11.156013909057867
251.0,11.517493153984582
261.0,11.879435171176665
271.0,12.241853350639369
281.0,12.604762080013204
291.0,12.932880321274968
301.0,13.179049820255342
311.0,13.42557858085457
321.0,13.672475143411626
331.0,13.919748555949184
341.0,14.167408411763256
351.0,14.415464891552233
361.0,14.659051713960835
371.0,14.857727838054437
381.0,15.054232781179152
391.0,15.248590362372397
401.0,15.440824144223253
411.0,15.630957436084014
421.0,15.819013297287517
431.0,16.005014540375956
441.0,16.188966739934212
451.0,16.37090649704537
461.0,16.55085768421273
471.0,16.72884208827221
481.0,16.904881259590763
491.0,17.0789965147942
501.0,17.251208939476513
511.0,17.421528285709513
521.0,17.589978201024312
531.0,17.756583814480727
541.0,17.921365733331765
551.0,18.084344213589194
561.0,18.245539208096123
571.0,18.404970396384847
581.0,18.56268570739668
591.0,18.718703948318435
601.0,18.873015361570122
611.0,19.0256385961166
621.0,19.176592099923862
631.0,19.325894121981666
641.0,19.47356271430989
651.0,19.619619750527594
661.0,19.764090355948078
671.0,19.906983942009266
681.0,20.048318034592167
691.0,20.188109989417665
701.0,20.326376997626472
711.0,20.463136091875903
721.0,20.598401584664334
731.0,20.732168309876883
741.0,20.86447468486847
751.0,20.995336880996987
761.0,21.124770907715504
771.0,21.25279261652644
781.0,21.37941770521142
791.0,21.504661722399963
801.0,21.628515601151776
811.0,21.751014352139403
821.0,21.872058343874105
831.0,21.987667014324106
841.0,22.096241843066966
851.0,22.19824461687703
861.0,22.29410590354056
871.0,22.375842183169897
881.0,22.449542765357265
891.0,22.51922540872392
901.0,22.585125601786523
911.0,22.647464522272966
921.0,22.70644994796368
931.0,22.762277108110563
941.0,22.811883951347006
951.0,22.855851325799907
961.0,22.897686479812503
971.0,22.93750083791336
981.0,22.97539976046004
991.0,23.0114828882829
1001.0,23.045844467172845
1011.0,23.07749666882037
1021.0,23.10527142141164
1031.0,23.131844698361594
1041.0,23.157272756103243
1051.0,23.181609097540925
1061.0,23.204904612410115
1071.0,23.22720771025482
1081.0,23.24836269622384
1091.0,23.266886503186054
1101.0,23.28470032605504
1111.0,23.301833614358298
1121.0,23.31831454590943
1131.0,23.334170083573404
1141.0,23.349426029422265
1151.0,23.364107076404654
1161.0,23.377448695531672
1171.0,23.39022852588236
1181.0,23.402555591291755
1191.0,23.414447607677246
1201.0,23.425921563821618
1211.0,23.436993752346464
1221.0,23.447679799322874
1231.0,23.457514858131855
1241.0,23.466827838471836
1251.0,23.475842882194883
1261.0,23.48457067185206
1271.0,23.493021488610903
1281.0,23.501205227874255
1291.0,23.509131414272066
1301.0,23.516610124724636
1311.0,23.523670265520188
1321.0,23.530524937289165
1331.0,23.53718096479976
1341.0,23.543644935929468
1351.0,23.54992321015907
1361.0,23.556021926752976
1371.0,23.561877058696236
1381.0,23.56741099284165
1391.0,23.572797242836803
1401.0,23.578040406557708
1411.0,23.583144932924277
1421.0,23.588115126869656
1431.0,23.592955154139315
1441.0,23.59766835826662
1451.0,23.602256722565233
1461.0,23.60673283943069
1471.0,23.611099947887396
1481.0,23.61536119328898
1491.0,23.619519630029682
1501.0,23.62357822417717
1511.0,23.627539856029106
1521.0,23.632047101269833
1531.0,23.63772174466812
1541.0,23.64423788140729
1551.0,23.651393029290208
1561.0,23.65905044864055
1571.0,23.667112397482807
1581.0,23.675505407395633
1591.0,23.68497761154394
1601.0,23.69451908860575
1611.0,23.70370034176619
1621.0,23.712534883610637
1631.0,23.721036541980915
1641.0,23.729219304533473
1651.0,23.737097181657212
1661.0,23.744685249521282
1671.0,23.752000433175954
1681.0,23.759048708701346
1691.0,23.765835689168053
1701.0,23.772367954375966
1711.0,23.77865281431954
1721.0,23.78469810173842
1731.0,23.79050855583521
1741.0,23.7960461482967
1751.0,23.801325586884776
1761.0,23.806378881352913
1771.0,23.811234198707336
1781.0,23.81591631111936
1791.0,23.82044699187244
1801.0,23.824845367496867
1811.0,23.829129338103407
1821.0,23.83331535720813
1831.0,23.83741738595487
1841.0,23.84144759670087
1851.0,23.84541658421493
1861.0,23.849333552736734
1871.0,23.85320648166305
1881.0,23.85704271073826
1891.0,23.860849897967448
1901.0,23.86463465837344
1911.0,23.868402613747236
1921.0,23.872158519891073
1931.0,23.875906374920113
1941.0,23.879649515168836
1951.0,23.883390881443557
1961.0,23.887134314589947
1971.0,23.890883557580228
1981.0,23.89464163808235
1991.0,23.898410966146297
2001.0,23.90219341772603
2011.0,23.905990408473674
2021.0,23.909803023718165
2031.0,23.913633354205533
2041.0,23.917484180475533
2051.0,23.92135766024775
2061.0,23.925255372432236
2071.0,23.92917840074673
2081.0,23.93312740737522
2091.0,23.937104989423517
2101.0,23.941142518290942
2111.0,23.9452374423573
2121.0,23.949375207071977
2131.0,23.953543057516946
2141.0,23.957729829582473
2151.0,23.961925763997463
2161.0,23.966122082454145
2171.0,23.97028400239515
2181.0,23.974397633153576
2191.0,23.978471351107153
2201.0,23.98251236823484
2211.0,23.986526873303685
2221.0,23.99052015701309
2231.0,23.994496722888954
2241.0,23.998460744038308
2251.0,24.002417364365794
2261.0,24.00637130248018
2271.0,24.01032645600595
2281.0,24.014286009686185
2291.0,24.018252529947457
2301.0,24.022228048475657
2311.0,24.02622551714078
2321.0,24.0302712488183
2331.0,24.034353445515013
2341.0,24.038459774789214
2351.0,24.042579516271477
2361.0,24.046703368925918
2371.0,24.050823279277832
2381.0,24.05492648972351
2391.0,24.058978099614922
2401.0,24.062981258049074
2411.0,24.06694433936561
2421.0,24.070874556940662
2431.0,24.074778103690985
2441.0,24.078660276604023
2451.0,24.082525604115187
2461.0,24.086378859082387
2471.0,24.09022527843032
2481.0,24.09406929708512
2491.0,24.0979145783672
2501.0,24.101764114362346
2511.0,24.105620314712834
2521.0,24.10948508530152
2531.0,24.113360549293372
2541.0,24.11725012385458
2551.0,24.121156792519077
2561.0,24.125082862852413
2571.0,24.12903006105012
2581.0,24.132999615365897
2591.0,24.13699232960534
,
1.0,0.05571123738255947
11.0,0.5334527942197508
21.0,0.9082069680995857
31.0,1.2160563003471956
41.0,1.5016093205356291
51.0,1.78403402183891
61.0,2.0633656793087605
71.0,2.3396388930949037
81.0,2.6271799793984347
91.0,2.916351885413776
101.0,3.2057270930006956
111.0,3.4953057100702725
121.0,3.7850882008633464
131.0,4.075075353213581
141.0,4.365268250772489
151.0,4.6556681295474025
161.0,4.946275811347232
171.0,5.237092352311731
181.0,5.528119118514394
191.0,5.819357748891593
201.0,6.110810138676265
211.0,6.40247842580075
221.0,6.690741417575161
231.0,6.955690161992947
241.0,7.197787158748411
251.0,7.424919001999303
261.0,7.649117093754401
271.0,7.870861824540947
281.0,8.090180360449285
291.0,8.307099568812859
301.0,8.52164676405651
311.0,8.733848199210934
321.0,8.943729528936226
331.0,9.151316127736589
341.0,9.356633093014471
351.0,9.55970524809246
361.0,9.760557145199991
371.0,9.9592131902152
381.0,10.155697489541948
391.0,10.35003378338333
401.0,10.542245553745675
411.0,10.73235602719928
421.0,10.920388177612818
431.0,11.106364728861783
441.0,11.291554591406122
451.0,11.47474995002496
461.0,11.655838628372662
471.0,11.83507477413871
481.0,12.01554965726783
491.0,12.198101913929005
501.0,12.382556408579172
511.0,12.568731227377533
521.0,12.756460546661009
531.0,12.945598372963454
541.0,13.136016087934445
551.0,13.327600274119398
561.0,13.520250823196575
571.0,13.71387929632474
581.0,13.90756810273391
591.0,14.096330007865037
601.0,14.279555540708927
611.0,14.457474627169086
621.0,14.630304641654421
631.0,14.798251398706718
641.0,14.961510033289125
651.0,15.120765065526784
661.0,15.2809736556401
671.0,15.443070021477155
681.0,15.606869855567542
691.0,15.772210903673129
701.0,15.938950166735905
711.0,16.106961481164255
721.0,16.27613342377181
731.0,16.446367100008754
741.0,16.61757440499838
751.0,16.78967734762007
761.0,16.962606816022085
771.0,17.136301526057142
781.0,17.310707104874947
791.0,17.485775291435775
801.0,17.661462988438316
811.0,17.837731220345805
821.0,18.014545396576647
831.0,18.191874805403906
841.0,18.3696921901607
851.0,18.547973381048166
861.0,18.726696972073253
871.0,18.902423927010712
881.0,19.066076055871232
891.0,19.21855823823394
901.0,19.36117021371201
911.0,19.495003868051512
921.0,19.620984415156375
931.0,19.739902013695364
941.0,19.853212732078607
951.0,19.965952979724964
961.0,20.07891235638088
971.0,20.192080780893882
981.0,20.305449578138084
991.0,20.419011306883288
1001.0,20.53275961120374
1011.0,20.646572384993345
1021.0,20.75862344429231
1031.0,20.868337081284057
1041.0,20.975776925617854
1051.0,21.081004657430515
1061.0,21.184080065418723
1071.0,21.28506110369327
1081.0,21.3840145775396
1091.0,21.482238216402646
1101.0,21.580598620404373
1111.0,21.679094036804322
1121.0,21.777723122996658
1131.0,21.876484902657722
1141.0,21.975378727994766
1151.0,22.074404247271083
1161.0,22.17356114464106
1171.0,22.27284871521696
1181.0,22.372266582625645
1191.0,22.471814645327118
1201.0,22.571493050114164
1211.0,22.671302172573835
1221.0,22.77124260047025
1231.0,22.869249659650773
1241.0,22.9599069149894
1251.0,23.043858320110964
1261.0,23.12195618428002
1271.0,23.1959782894643
1281.0,23.26904157259833
1291.0,23.341304209618972
1301.0,23.41277541337881
1311.0,23.483464941045387
1321.0,23.55338152808837
1331.0,23.622533651190754
1341.0,23.69092969180227
1351.0,23.758577937444212
1361.0,23.825486582972687
1371.0,23.89166373234772
1381.0,23.957117405646844
1391.0,24.021855528621913
1401.0,24.0858859369346
1411.0,24.149216379436012
1421.0,24.211854519231004
1431.0,24.273807934719184
1441.0,24.335084122365604
1451.0,24.395690772175254
1461.0,24.455635396172084
1471.0,24.514925219860373
1481.0,24.573567391822113
1491.0,24.63156898445241
1501.0,24.688936994694075
1511.0,24.745678344771218
1521.0,24.80179991280632
1531.0,24.857308529441674
1541.0,24.912210946332575
1551.0,24.966513858513167
1561.0,25.020223886152642
1571.0,25.073347575903714
1581.0,25.12589140223155
1591.0,25.177861683132523
1601.0,25.229264468303956
1611.0,25.28010602486949
1621.0,25.33039257389342
1631.0,25.380260492608755
1641.0,25.430182642828846
1651.0,25.480201192948677
1661.0,25.530316909531376
1671.0,25.58053001574287
1681.0,25.6308407025671
1691.0,25.681249355418984
1701.0,25.73175650356708
1711.0,25.782362810770326
1721.0,25.833069067445013
1731.0,25.883876167480114
1741.0,25.934784536435973
1751.0,25.985794429376295
1761.0,26.0369063433433
1771.0,26.088120932670197
1781.0,26.139439001403442
1791.0,26.190861497205177
1801.0,26.242389506612223
1811.0,26.294023774752798
1821.0,26.345764696483574
1831.0,26.397612983216785
1841.0,26.449569523395606
1851.0,26.50163537797029
1861.0,26.553811777444942
1871.0,26.60610012044042
1881.0,26.658501637789666
1891.0,26.71101700326029
1901.0,26.763647314344357
1911.0,26.816393889593385
1921.0,26.869258263522628
1931.0,26.92224219015025
1941.0,26.975347648804632
1951.0,27.022989541885927
1961.0,27.06834547797167
1971.0,27.113808383251072
1981.0,27.15937979142275
1991.0,27.205061439905204
2001.0,27.25085527882492
2011.0,27.296763482426385
2021.0,27.335929528743762
2031.0,27.368002142104796
2041.0,27.399726066339696
2051.0,27.431162916879938
2061.0,27.46263400298999
2071.0,27.494189287933008
2081.0,27.525830283056962
2091.0,27.55700124453411
2101.0,27.586687168994278
2111.0,27.616045037682422
2121.0,27.645078967653088
2131.0,27.673792898515728
2141.0,27.70219063629404
2151.0,27.73027588175275
2161.0,27.758056176784194
2171.0,27.78556832767385
2181.0,27.81278201502813
2191.0,27.839700740589254
2201.0,27.866327983951464
2211.0,27.89266720563449
2221.0,27.91872185051176
2231.0,27.944495351679375
2241.0,27.969975659908002
2251.0,27.9951781180139
2261.0,28.02010758973035
2271.0,28.044767290867437
2281.0,28.06916042057482
2291.0,28.093290164383433
2301.0,28.11715969766514
2311.0,28.14074998814331
2321.0,28.164065496083854
2331.0,28.187119504849996
2341.0,28.20991665057965
2351.0,28.232460800481643
2361.0,28.254755411935122
2371.0,28.276803699291005
2381.0,28.298615726737243
2391.0,28.320193475128836
2401.0,28.341532887922153
2411.0,28.362637117319316
2421.0,28.38350914857146
2431.0,28.404151840629243
2441.0,28.424567953709253
2451.0,28.444760213186317
2461.0,28.464731829499225
2471.0,28.48448542636711
2481.0,28.50402337645451
2491.0,28.523348027121163
2501.0,28.542461700696443
2511.0,28.561366694749047
2521.0,28.579326072972496
2531.0,28.595723791785378
2541.0,28.610736936993685
2551.0,28.624518982062174
2561.0,28.637206117438037
2571.0,28.648919218304098
2581.0,28.659765585336995
2591.0,28.66984048507384
,
1.0,0.0544117430030244
11.0,0.5987323185153232
21.0,1.1434310411870194
31.0,1.6885206721748143
41.0,2.2340142815326223
51.0,2.779925309114103
61.0,3.3262676277362826
71.0,3.87305560946481
81.0,4.420303836451732
91.0,4.96802677807624
101.0,5.516239910315802
111.0,6.064959567134753
121.0,6.614203027136845
131.0,7.163988618602525
141.0,7.714335837977119
151.0,8.179377276729863
161.0,8.60809549040369
171.0,9.037293712486754
181.0,9.466986814740618
191.0,9.89719060609557
201.0,10.32792192561935
211.0,10.759198748144632
221.0,11.121231808928142
231.0,11.413895910555564
241.0,11.7069629266825
251.0,12.000443483384407
261.0,12.294348793399765
271.0,12.588690704461726
281.0,12.883481753243084
291.0,13.154937619653944
301.0,13.36949131293419
311.0,13.581697292570185
321.0,13.791581382677023
331.0,13.999169095694496
341.0,14.204485643183546
351.0,14.407555944427854
361.0,14.61331943061595
371.0,14.845740774972198
381.0,15.052215698120916
391.0,15.246570129919805
401.0,15.438796762492771
411.0,15.628919048728875
421.0,15.816960153895495
431.0,16.002942968455038
441.0,16.18689802142582
451.0,16.368843774727388
461.0,16.548801600863015
471.0,16.72679334787812
481.0,16.90284062997145
491.0,17.076964830818607
501.0,17.249187106910252
511.0,17.419528258107796
521.0,17.588008540321468
531.0,17.75464842018184
541.0,17.919468185364707
551.0,18.082487910062664
561.0,18.24372745874103
571.0,18.40320648998366
581.0,18.56094438437224
591.0,18.71695982972475
601.0,18.87127177375705
611.0,19.023899084524214
621.0,19.17486044088113
631.0,19.324174337406927
641.0,19.47185908967747
651.0,19.617928337784218
661.0,19.76239218430042
671.0,19.905277698770266
681.0,20.046602193295797
691.0,20.18638279119225
701.0,20.324636429156335
711.0,20.461379859410417
721.0,20.596628838985314
731.0,20.730393596699763
741.0,20.862698027116384
751.0,20.993558299480295
761.0,21.122990421266582
771.0,21.251010242140133
781.0,21.377633458194722
791.0,21.502875616535373
801.0,21.62672819666906
811.0,21.749225722688028
821.0,21.8698440596313
831.0,21.984099271905844
841.0,22.091384449914486
851.0,22.192158491243603
861.0,22.28684918531404
871.0,22.367562693070457
881.0,22.440324546637147
891.0,22.509109537369792
901.0,22.574151391008662
911.0,22.635669591937
921.0,22.69387029206356
931.0,22.748947160258762
941.0,22.79790432730969
951.0,22.8415017241557
961.0,22.8832357488816
971.0,22.923206940552884
981.0,22.96150401488203
991.0,22.998206261154216
1001.0,23.033385392734967
1011.0,23.06932690392307
1021.0,23.108367258687416
1031.0,23.14509381019574
1041.0,23.179656567702665
1051.0,23.212195481997185
1061.0,23.242841155291554
1071.0,23.27171550019471
1081.0,23.298574484066894
1091.0,23.3208350234264
1101.0,23.341939519794845
1111.0,23.361954362912503
1121.0,23.38094197793696
1131.0,23.39896107423603
1141.0,23.416066878252053
1151.0,23.43231135151237
1161.0,23.44605277355531
1171.0,23.459017036587646
1181.0,23.47143012935749
1191.0,23.483318849879023
1201.0,23.494708597953185
1211.0,23.505623464480067
1221.0,23.51608631313798
1231.0,23.52678891686779
1241.0,23.537268650376543
1251.0,23.547248861777895
1261.0,23.556757104673114
1271.0,23.56581934601861
1281.0,23.574460062857543
1291.0,23.582702333092687
1301.0,23.59009251530829
1311.0,23.59670450904119
1321.0,23.603046342160955
1331.0,23.609131174724226
1341.0,23.61497148986187
1351.0,23.620579130491766
1361.0,23.625965334001627
1371.0,23.63097399253002
1381.0,23.63541772652624
1391.0,23.639706698267545
1401.0,23.643847593963425
1411.0,23.647846791000234
1421.0,23.651710372908017
1431.0,23.655444143581306
1441.0,23.659020392142697
1451.0,23.662190108996487
1461.0,23.665266263915612
1471.0,23.668252468513682
1481.0,23.671152183724974
1491.0,23.673968726373737
1501.0,23.676705275447073
1511.0,23.679364878085327
1521.0,23.681773483906966
1531.0,23.68410235978648
1541.0,23.686373850107902
1551.0,23.68858994860204
1561.0,23.690752573459978
1571.0,23.69286357031615
1581.0,23.69492471510908
1591.0,23.696852264315748
1601.0,23.698702573378558
1611.0,23.70051459681724
1621.0,23.702289551685737
1631.0,23.704028612723185
1641.0,23.70573291388473
1651.0,23.707403549814796
1661.0,23.709003155538586
1671.0,23.71053587062403
1681.0,23.712041997307537
1691.0,23.713522320291318
1701.0,23.71497759898863
1711.0,23.71640856837069
1721.0,23.717815939784227
1731.0,23.719191886827787
1741.0,23.72052783577112
1751.0,23.72184536041915
1761.0,23.723144988543257
1771.0,23.72442723265086
1781.0,23.725692590428
1791.0,23.72694154516908
1801.0,23.728174566194213
1811.0,23.729392109082845
1821.0,23.730594615504714
1831.0,23.73178251418813
1841.0,23.732956221486607
1851.0,23.734116141737285
1861.0,23.735262667608872
1871.0,23.736396180439556
1881.0,23.737517050479603
1891.0,23.73862563660718
1901.0,23.739722287042177
1911.0,23.740807339977298
1921.0,23.74188112386926
1931.0,23.742943957720275
1941.0,23.743996151351446
1951.0,23.745038005633837
1961.0,23.74606981219841
1971.0,23.747091853832835
1981.0,23.7481044051962
1991.0,23.749107733065532
2001.0,23.750102096563264
2011.0,23.75108774737811
2021.0,23.752064929970683
2031.0,23.75303388134796
2041.0,23.753994831131987
2051.0,23.754948002339116
2061.0,23.755893611610833
2071.0,23.756831869397313
2081.0,23.757762980135663
2091.0,23.7586871424226
2101.0,23.75960454888641
2111.0,23.76051538596757
2121.0,23.761419834705965
2131.0,23.762318070991995
2141.0,23.76321026571435
2151.0,23.76409658490359
2161.0,23.764977189871633
2171.0,23.765852237176997
2181.0,23.76672187820844
2191.0,23.767586259887242
2201.0,23.768445524981335
2211.0,23.769299812224073
2221.0,23.77014925642965
2231.0,23.770993988605113
2241.0,23.771868425743865
2251.0,23.772819093735816
2261.0,23.77384239777386
2271.0,23.774936211179227
2281.0,23.77609976273493
2291.0,23.777333239698134
2301.0,23.778637479817338
2311.0,23.78056545412033
2321.0,23.782718021701033
2331.0,23.78484329948394
2341.0,23.78694091647271
2351.0,23.789010703227966
2361.0,23.79105267105827
2371.0,23.793066994394373
2381.0,23.794907819227486
2391.0,23.79658381361688
2401.0,23.798243528372435
2411.0,23.799886536538946
2421.0,23.801512526032365
2431.0,23.803121289410246
2441.0,23.804712714903186
2451.0,23.806220217997396
2461.0,23.807560116627336
2471.0,23.808890101210814
2481.0,23.810209791788104
2491.0,23.811518873419534
2501.0,23.81281709101054
2511.0,23.81410424464435
2521.0,23.81536349383459
2531.0,23.816464258984333
2541.0,23.817558999170853
2551.0,23.818647402347946
2561.0,23.819729193912572
2571.0,23.820804134009204
2581.0,23.821872015046804
2591.0,23.82293265941537
,
1.0,0.05745814661650679
11.0,0.6322592633628157
21.0,1.2074684785570509
31.0,1.7830985344862988
41.0,2.3591625624333905
51.0,2.9356741413063396
61.0,3.5126473593212597
71.0,4.090096879582419
81.0,4.668037650255998
91.0,5.246484582155283
101.0,5.825453671745612
111.0,6.404961854256052
121.0,6.985027093762051
131.0,7.565668492692436
141.0,8.146906415931229
151.0,8.631133677099967
161.0,9.055580450270785
171.0,9.460117451259036
181.0,9.84607829334408
191.0,10.214681870975177
201.0,10.567044323861408
211.0,10.904189542799623
221.0,11.256493860316446
231.0,11.56862908702129
241.0,11.819772736524477
251.0,12.046451589092399
261.0,12.270647885186523
271.0,12.492389384270435
281.0,12.711703704249727
291.0,12.928618282293197
301.0,13.14316132744894
311.0,13.355358854273707
321.0,13.565236497981475
331.0,13.77281961478605
341.0,13.978133284898965
351.0,14.181202315496135
361.0,14.38205124364958
371.0,14.580704445552321
381.0,14.777186003616926
391.0,14.971519648162648
401.0,15.163728851834653
411.0,15.353836832338525
421.0,15.541866555148506
431.0,15.727840736189933
441.0,15.911781934975348
451.0,16.093712523302806
461.0,16.27365446796461
471.0,16.451629495562614
481.0,16.627659097560965
491.0,16.801764532733824
501.0,16.973966829593838
511.0,17.144286833507575
521.0,17.312745267091902
531.0,17.47936247894731
541.0,17.64415860937081
551.0,17.807153625723362
561.0,17.968367281654878
571.0,18.127819114575747
581.0,18.285527929854524
591.0,18.441509749083718
601.0,18.59578340392836
611.0,18.748368109416983
621.0,18.899282749165714
631.0,19.048545910107165
641.0,19.196175909680395
651.0,19.34219086496756
661.0,19.48660926483194
671.0,19.629448800442074
681.0,19.770726728296314
691.0,19.910460116942428
701.0,20.048665849011936
711.0,20.185360623231947
721.0,20.320560955750278
731.0,20.45428315325823
741.0,20.586543361754167
751.0,20.71735756585615
761.0,20.84674157562747
771.0,20.97471102846964
781.0,21.101281390995716
791.0,21.226467960884076
801.0,21.350285957238924
811.0,21.47275047601239
821.0,21.593876307053176
831.0,21.713678077971238
841.0,21.832170257516804
851.0,21.94936715727689
861.0,22.06528293335413
871.0,22.179931492115312
881.0,22.2933264223809
891.0,22.405481432208358
901.0,22.516410095377545
911.0,22.626125835759186
921.0,22.734641929118528
931.0,22.84197150488046
941.0,22.948127597752226
951.0,23.053123342644078
961.0,23.15697146597478
971.0,23.259684504390727
981.0,23.361274858700924
991.0,23.46175479531352
1001.0,23.56113644765786
1011.0,23.659431793386197
1021.0,23.756652333706583
1031.0,23.852809716324103
1041.0,23.94791559276298
1051.0,24.041981484450986
1061.0,24.135018784471495
1071.0,24.227038759254363
1081.0,24.316974926672962
1091.0,24.40249927903025
1101.0,24.484813270041972
1111.0,24.56372326570961
1121.0,24.639104061842822
1131.0,24.710887676954428
1141.0,24.779053631521954
1151.0,24.84362053002271
1161.0,24.904372374308032
1171.0,24.961139054836654
1181.0,25.014218465259646
1191.0,25.06388556255765
1201.0,25.11039136001287
1211.0,25.153965421470428
1221.0,25.19481806419715
1231.0,25.233144328823588
1241.0,25.26912846061526
1251.0,25.302934577926283
1261.0,25.33471351622143
1271.0,25.364604541245566
1281.0,25.392736417379215
1291.0,25.41922835825318
1301.0,25.444673180304797
1311.0,25.471759745205528
1321.0,25.500438154607856
1331.0,25.530241707153174
1341.0,25.5607736614048
1351.0,25.591698534865102
1361.0,25.622734401793572
1371.0,25.65364614978869
1381.0,25.684241530521035
1391.0,25.714364359383083
1401.0,25.743888325911673
1411.0,25.772713211794283
1421.0,25.80076129677046
1431.0,25.827974192711466
1441.0,25.854310347407605
1451.0,25.87977370051716
1461.0,25.90436083433787
1471.0,25.92805509499829
1481.0,25.95085046272376
1491.0,25.972749728079073
1501.0,25.99376291389389
1511.0,26.013905913123732
1521.0,26.034934200958034
1531.0,26.05882608450742
1541.0,26.084913683486704
1551.0,26.112614367100278
1561.0,26.14143529489081
1571.0,26.17096180604336
1581.0,26.20084718102511
1591.0,26.230803906634208
1601.0,26.260597873178227
1611.0,26.29003962077581
1621.0,26.318974380503178
1631.0,26.34725609391837
1641.0,26.374762444599497
1651.0,26.40140600050751
1661.0,26.427127711766627
1671.0,26.4518892304567
1681.0,26.475668744235154
1691.0,26.498459904056485
1701.0,26.52026866250596
1711.0,26.541110543479366
1721.0,26.561008395648205
1731.0,26.5799905318254
1741.0,26.598087729733905
1751.0,26.615331390443117
1761.0,26.631755256178526
1771.0,26.647394749048967
1781.0,26.662286213457904
1791.0,26.676466311325136
1801.0,26.68997154396368
1811.0,26.702836985668338
1821.0,26.715094707528774
1831.0,26.72677601596996
1841.0,26.737911634565062
1851.0,26.748531494527118
1861.0,26.758664578600943
1871.0,26.768338808748535
1881.0,26.7775804930254
1891.0,26.786412747585484
1901.0,26.794857458881022
1911.0,26.802935816540543
1921.0,26.81066824088283
1931.0,26.818074336040883
1941.0,26.82517286195593
1951.0,26.831981483609088
1961.0,26.83851530572478
1971.0,26.844788326514948
1981.0,26.850814152031692
1991.0,26.856605943314865
2001.0,26.862176390718684
2011.0,26.867537699436323
2021.0,26.87263695157216
2031.0,26.877486806582542
2041.0,26.882180501801333
2051.0,26.886745533703706
2061.0,26.891205454648993
2071.0,26.89558046588853
2081.0,26.89988787939942
2091.0,26.90416543233521
2101.0,26.908462376535184
2111.0,26.912751486168233
2121.0,26.917055839833576
2131.0,26.921394764447186
2141.0,26.92578418028052
2151.0,26.930236871067173
2161.0,26.934762391148702
2171.0,26.939326597845625
2181.0,26.943895248438746
2191.0,26.948459512788354
2201.0,26.953012258264458
2211.0,26.957547773433415
2221.0,26.962061534197392
2231.0,26.966550005979183
2241.0,26.971009974499975
2251.0,26.975436462989745
2261.0,26.979824897486772
2271.0,26.98417184608839
2281.0,26.98847482251219
2291.0,26.99273212049278
2301.0,26.996942674059746
2311.0,27.00110570846222
2321.0,27.00521886322866
2331.0,27.009279566416712
2341.0,27.013286092899644
2351.0,27.017237419955983
2361.0,27.021133101448616
2371.0,27.024973161673852
2381.0,27.028757915259803
2391.0,27.032486441726647
2401.0,27.036157243442545
2411.0,27.039769484255512
2421.0,27.043322888014284
2431.0,27.04681764060766
2441.0,27.050254307376047
2451.0,27.053633628387157
2461.0,27.056958218648443
2471.0,27.06023973372469
2481.0,27.06349007377054
2491.0,27.066719647279328
2501.0,27.06993751510748
2511.0,27.0731515161017
2521.0,27.07636834229129
2531.0,27.07958862873574
2541.0,27.082810295083416
2551.0,27.086033261900774
2561.0,27.089257453977854
2571.0,27.092482800130053
2581.0,27.09570923300667
2591.0,27.09893668890625
,
1.0,0.055178485247294864
11.0,0.5905622237028261
21.0,1.0978824321746632
31.0,1.5794304811695723
41.0,2.0372481992430562
51.0,2.473161444025858
61.0,2.8888083430894542
71.0,3.2856631734334103
81.0,3.6720321801166635
91.0,4.058580659575571
101.0,4.4454008372077185
111.0,4.832497049524092
121.0,5.219873889909549
131.0,5.6075362130046
141.0,5.995489140822474
151.0,6.383737916807447
161.0,6.772287309435417
171.0,7.161142466617902
181.0,7.550308924153431
191.0,7.939792588270533
201.0,8.329599747525851
211.0,8.719737087528754
221.0,9.110211630449985
231.0,9.501030027593412
241.0,9.892199371433373
251.0,10.283727359542846
261.0,10.675622247807263
271.0,11.06789288200017
281.0,11.460548734830674
291.0,11.853030597537062
301.0,12.244588098573374
311.0,12.636559500775876
321.0,13.028956348742057
331.0,13.421791124165312
341.0,13.815077328278276
351.0,14.208829578254662
361.0,14.59040943837835
371.0,14.858509097924525
381.0,15.126954077905465
391.0,15.395753213672982
401.0,15.664915938236975
411.0,15.934452330549824
421.0,16.204373170501356
431.0,16.474690001667504
441.0,16.66722245324202
451.0,16.85026364070787
461.0,17.03359215050635
471.0,17.217214687416007
481.0,17.40113833470737
491.0,17.585370581705877
501.0,17.769919354525328
511.0,17.944382170664987
521.0,18.112852053103545
531.0,18.279480964488435
541.0,18.444289100664797
551.0,18.607296439996762
561.0,18.768522746059176
571.0,18.927987570330394
581.0,19.085701947219547
591.0,19.24168446156344
601.0,19.395962126416542
611.0,19.54855361740857
621.0,19.69947740727056
631.0,19.848751768150773
641.0,19.996394773912403
651.0,20.142420098721338
661.0,20.286835548915015
671.0,20.429668070687427
681.0,20.570936312080143
691.0,20.710658075822174
701.0,20.848850683216213
711.0,20.98553111935312
721.0,21.12072018112685
731.0,21.254467842953527
741.0,21.386754362500245
751.0,21.51759584383778
761.0,21.647008217864002
771.0,21.77500724512324
781.0,21.901608518619494
791.0,22.02682746663744
801.0,22.150679128867985
811.0,22.273178221847314
821.0,22.394339698386247
831.0,22.514178360915817
841.0,22.63270885830278
851.0,22.749945689078178
861.0,22.86590320476763
871.0,22.980595453856047
881.0,23.094035948657748
891.0,23.206238569962398
901.0,23.31721710724646
911.0,23.426985217320198
921.0,23.535556428847467
931.0,23.642944147256483
941.0,23.74625200814661
951.0,23.840960385156844
961.0,23.928933835393774
971.0,24.01068996333979
981.0,24.086705389123924
991.0,24.157419160688335
1001.0,24.22323587749759
1011.0,24.28196872150337
1021.0,24.331113724705766
1031.0,24.37719512537279
1041.0,24.420421113282217
1051.0,24.460985267035888
1061.0,24.499067633416253
1071.0,24.53483572577613
1081.0,24.567994206648194
1091.0,24.595305620681657
1101.0,24.6211252346418
1111.0,24.64554277880206
1121.0,24.66864238359192
1131.0,24.690502947130465
1141.0,24.711198478193065
1151.0,24.73079841634642
1161.0,24.747242760364955
1171.0,24.762666143685504
1181.0,24.777356292132897
1191.0,24.791352225399798
1201.0,24.804690795722696
1211.0,24.817406814374984
1221.0,24.829533170617093
1231.0,24.84021762875817
1241.0,24.850250752157212
1251.0,24.860082623205358
1261.0,24.869727496873892
1271.0,24.879192092266525
1281.0,24.888478877800136
1291.0,24.897588032603625
1301.0,24.908201802182976
1311.0,24.91990756081317
1321.0,24.930927858445944
1331.0,24.941311060485898
1341.0,24.95110203267937
1351.0,24.960342414729517
1361.0,24.96907087348562
1371.0,24.97697572376493
1381.0,24.983690160062494
1391.0,24.99008274206466
1401.0,24.996173046942605
1411.0,25.001979422739677
1421.0,25.00751907277634
1431.0,25.01280813461341
1441.0,25.017793441160467
1451.0,25.021969847431507
1461.0,25.025984660877658
1471.0,25.029846292908235
1481.0,25.0335626957824
1491.0,25.037141390151735
1501.0,25.04058949105371
1511.0,25.04391373246163
1521.0,25.046757911388998
1531.0,25.049483550621602
1541.0,25.052138085248277
1551.0,25.054726544020905
1561.0,25.05725362306094
1571.0,25.059723712913385
1581.0,25.06214092215276
1591.0,25.064739236963426
1601.0,25.067362089778996
1611.0,25.06990932511091
1621.0,25.07238432994793
1631.0,25.07479033971714
1641.0,25.07713044640157
1651.0,25.079407606411348
1661.0,25.081480221671143
1671.0,25.08336220858619
1681.0,25.085203407727686
1691.0,25.087005253525486
1701.0,25.088769129487172
1711.0,25.090496370243393
1721.0,25.092188263568953
1731.0,25.093787204226874
1741.0,25.095221830459312
1751.0,25.0966333894048
1761.0,25.098022494349234
1771.0,25.099389742260545
1781.0,25.100735714152687
1791.0,25.10206097546313
1801.0,25.103352621664
1811.0,25.104515021493192
1821.0,25.105680194786856
1831.0,25.106849997163426
1841.0,25.108026148363205
1851.0,25.10921024855984
1861.0,25.110403789483744
1871.0,25.111608161788812
1881.0,25.113129230159597
1891.0,25.114666132775398
1901.0,25.116183551962287
1911.0,25.117681661447193
1921.0,25.1191606679739
1931.0,25.12062080805204
1941.0,25.12206234510249
1951.0,25.12337962263658
1961.0,25.124761505984328
1971.0,25.126324048579853
1981.0,25.128106868057476
1991.0,25.130147966416676
2001.0,25.13248399310965
2011.0,25.13514706486498
2021.0,25.138294862114403
2031.0,25.14175976073732
2041.0,25.145326322579177
2051.0,25.148988670953198
2061.0,25.152741154806357
2071.0,25.1565783517085
2081.0,25.16049506918721
2091.0,25.164486349773018
2101.0,25.168547849280976
2111.0,25.17267344394134
2121.0,25.17685205097326
2131.0,25.181073418603106
2141.0,25.185328766072914
2151.0,25.189610575553914
2161.0,25.193912413302602
2171.0,25.19822788948432
2181.0,25.202549006343904
2191.0,25.20686868804371
2201.0,25.21118112903323
2211.0,25.21548159683142
2221.0,25.21976626377468
2231.0,25.224032063556827
2241.0,25.228292329718453
2251.0,25.23257495119803
2261.0,25.236888669425895
2271.0,25.241240632842953
2281.0,25.245636677261736
2291.0,25.250081430485835
2301.0,25.254578414249895
2311.0,25.25911951326449
2321.0,25.26367066594222
2331.0,25.268222183619685
2341.0,25.272767599130603
2351.0,25.27730166206354
2361.0,25.28182014435202
2371.0,25.286319675024288
2381.0,25.29081008251283
2391.0,25.29537542247792
2401.0,25.30005189119502
2411.0,25.30483962253344
2421.0,25.309712558008115
2431.0,25.31464520506897
2441.0,25.319614245448594
2451.0,25.32459405136552
2461.0,25.329504287133567
2471.0,25.33432816995545
2481.0,25.339074162257077
2491.0,25.34374985394262
2501.0,25.348362053695293
2511.0,25.352916870630626
2521.0,25.357419861008736
2531.0,25.36188380240052
2541.0,25.366315403476182
2551.0,25.370714892248518
2561.0,25.375082708336965
2571.0,25.379419463070573
2581.0,25.38372590504832
2591.0,25.388002890498882
,
1.0,0.035052030237816056
11.0,0.38589517048145033
21.0,0.7373336981446471
31.0,1.0893799926834309
41.0,1.4420469292132065
51.0,1.7953479091527789
61.0,2.149296893387861
71.0,2.503908438220639
81.0,2.7851919406259915
91.0,3.0554499097093015
101.0,3.3227533218842136
111.0,3.5871345092954967
121.0,3.848625451675872
131.0,4.107257780267701
141.0,4.363062781707195
151.0,4.616065584703346
161.0,4.866299815855625
171.0,5.113798174868081
181.0,5.35859059035868
191.0,5.600706664084362
201.0,5.840175674533823
211.0,6.077026580482076
221.0,6.311284730856246
231.0,6.542978304352888
241.0,6.772138558892957
251.0,6.998793201788316
261.0,7.22296963750294
271.0,7.444694970969037
281.0,7.6639960108671
291.0,7.880897696218679
301.0,8.095423344440162
311.0,8.307602370262417
321.0,8.517460628653312
331.0,8.725023621381379
341.0,8.93031653123577
351.0,9.133364241190092
361.0,9.34671506237049
371.0,9.671985898846438
381.0,9.997625434098568
391.0,10.32364429195002
401.0,10.65005380902764
411.0,10.976866100561379
421.0,11.304094135561867
431.0,11.631751822992
441.0,11.864553563599454
451.0,12.08708134481968
461.0,12.3099244761725
471.0,12.533091134069565
481.0,12.75658997820636
491.0,12.980430191185677
501.0,13.204621523019174
511.0,13.390984129517417
521.0,13.55945418301818
531.0,13.726083500814232
541.0,13.890892292810305
551.0,14.05390055289174
561.0,14.21512806178178
571.0,14.374594389923091
581.0,14.53231038561388
591.0,14.688294515191764
601.0,14.842573962413185
611.0,14.995167411635382
621.0,15.146093344983198
631.0,15.295370044725317
641.0,15.443015595638805
651.0,15.589043840498281
661.0,15.733466729232006
671.0,15.876310996974727
681.0,16.01759392767331
691.0,16.157332617054028
701.0,16.295543974728993
711.0,16.432244726282725
721.0,16.567450338321784
731.0,16.701165266537103
741.0,16.83341459596392
751.0,16.96421572983144
761.0,17.09358515955634
771.0,17.221538904802337
781.0,17.348092670342652
791.0,17.473261914306587
801.0,17.597096995578482
811.0,17.719583107109727
821.0,17.840731315928423
831.0,17.96055635971298
841.0,18.07907281847118
851.0,18.196295116985624
861.0,18.312237527260372
871.0,18.426914047875872
881.0,18.540338230687656
891.0,18.652523879875265
901.0,18.76348468897107
911.0,18.87323420811347
921.0,18.981785846808457
931.0,19.089152876748418
941.0,19.19534836492422
951.0,19.300384793734512
961.0,19.40427493502166
971.0,19.50703153588337
981.0,19.608667217159837
991.0,19.709194477015426
1001.0,19.808625694749498
1011.0,19.906971456737647
1021.0,20.001902741470165
1031.0,20.08983176117753
1041.0,20.171266952152454
1051.0,20.246728745055623
1061.0,20.316694680556406
1071.0,20.381603135043616
1081.0,20.441016216736667
1091.0,20.489070713041826
1101.0,20.53400378536248
1111.0,20.57603694529426
1121.0,20.61537548046035
1131.0,20.65220970595339
1141.0,20.686716117925936
1151.0,20.719058457470496
1161.0,20.74561532458422
1171.0,20.770251839895117
1181.0,20.79350091183604
1191.0,20.815449325890008
1201.0,20.83617824902714
1211.0,20.855763613960452
1221.0,20.874276476820384
1231.0,20.890182351846278
1241.0,20.90462175843777
1251.0,20.918353026517597
1261.0,20.931415338996942
1271.0,20.943845618588593
1281.0,20.955678665220784
1291.0,20.966947284953495
1301.0,20.97704012135851
1311.0,20.9860605171864
1321.0,20.994696700819798
1331.0,21.00296752881792
1341.0,21.01089088435516
1351.0,21.018483729983867
1361.0,21.02576215746753
1371.0,21.03251963776117
1381.0,21.03850921622492
1391.0,21.0442778917135
1401.0,21.049835327748575
1411.0,21.055190739221768
1421.0,21.060352914180033
1431.0,21.06533023452084
1441.0,21.070088958153026
1451.0,21.074506537763465
1461.0,21.079120757885295
1471.0,21.08391007700666
1481.0,21.088849145737175
1491.0,21.09391407592441
1501.0,21.09908386492231
1511.0,21.104340533935243
1521.0,21.111495571819614
1531.0,21.11849725768426
1541.0,21.12514647398348
1551.0,21.131468319910386
1561.0,21.13748608070109
1571.0,21.143221366305067
1581.0,21.14869424140741
1591.0,21.153773783338274
1601.0,21.158575479453273
1611.0,21.163179072463496
1621.0,21.16759684197853
1631.0,21.171840322327593
1641.0,21.17592035178852
1651.0,21.179847119899605
1661.0,21.18339170952694
1671.0,21.186587914560235
1681.0,21.189687892641313
1691.0,21.192696207603472
1701.0,21.195617258079224
1711.0,21.198455284542
1721.0,21.201214377274226
1731.0,21.20378258304996
1741.0,21.206022321433064
1751.0,21.208213250100766
1761.0,21.21035700422248
1771.0,21.21245519717696
1781.0,21.2145094194786
1791.0,21.216521238299162
1801.0,21.218465048877732
1811.0,21.220136002173074
1821.0,21.221796030036693
1831.0,21.22345538296239
1841.0,21.22512272339262
1851.0,21.226805509581002
1861.0,21.22851023799301
1871.0,21.23024259727812
1881.0,21.23248224420921
1891.0,21.234756223581904
1901.0,21.23700755726782
1911.0,21.239235092456674
1921.0,21.24143800466697
1931.0,21.24361576267969
1941.0,21.245768098874798
1951.0,21.24767375797479
1961.0,21.24946897445085
1971.0,21.251249401205374
1981.0,21.253014235121785
1991.0,21.254762848954535
2001.0,21.256494775078426
2011.0,21.258209691335637
2021.0,21.25978516108407
2031.0,21.261227310888454
2041.0,21.26265989225312
2051.0,21.26408232717753
2061.0,21.265494132942646
2071.0,21.266894914260835
2081.0,21.268284356251296
2091.0,21.269606242938835
2101.0,21.27078972160575
2111.0,21.271967133378425
2121.0,21.27313805179536
2131.0,21.27430210328722
2141.0,21.275458963229454
2151.0,21.276608352330967
2161.0,21.277735974979507
2171.0,21.278731650606026
2181.0,21.2797236422324
2191.0,21.28071163076395
2201.0,21.281695327544018
2211.0,21.28267447229685
2221.0,21.28364883121467
2231.0,21.28461819518036
2241.0,21.285489677790157
2251.0,21.286348652683863
2261.0,21.28720534738838
2271.0,21.288059539349046
2281.0,21.288911023207813
2291.0,21.289759609758338
2301.0,21.29060512496345
2311.0,21.291394299529866
2321.0,21.292159437576625
2331.0,21.292923492707157
2341.0,21.293686292923596
2351.0,21.29444767714916
2361.0,21.29520749463623
2371.0,21.295965604404945
2381.0,21.296698337519825
2391.0,21.297432493037768
2401.0,21.298202035604575
2411.0,21.29900880187259
2421.0,21.299854712118393
2431.0,21.300741748789523
2441.0,21.301671920154984
2451.0,21.30279942592175
2461.0,21.30429660414349
2471.0,21.305790093503248
2481.0,21.307278580723533
2491.0,21.308760934398553
2501.0,21.31023618964463
2511.0,21.311703534455706
2521.0,21.313141399772487
2531.0,21.314385518712097
2541.0,21.315626218584672
2551.0,21.316862924229742
2561.0,21.318095120818626
2571.0,21.31932234916987
2581.0,21.320544201425626
2591.0,21.32176031706362
,
1.0,0.046115225222551535
11.0,0.507435709167225
21.0,0.9690658866880356
31.0,1.4310114120755102
41.0,1.8932782062171631
51.0,2.3558724676677567
61.0,2.818800685298006
71.0,3.2820696526046262
81.0,3.745686190393751
91.0,4.209656761818067
101.0,4.6739883734924135
111.0,5.138688466833508
121.0,5.603764931780002
131.0,6.069226129086814
141.0,6.5350809161649
151.0,6.996188687875669
161.0,7.438248121985479
171.0,7.861516069524859
181.0,8.267119906031866
191.0,8.656100622928937
201.0,9.029420828112647
211.0,9.387971881850898
221.0,9.73061322664078
231.0,10.047566801705399
241.0,10.340409192557832
251.0,10.612176333318667
261.0,10.865387277336746
271.0,11.102152876692076
281.0,11.324615923816744
291.0,11.541544487056662
301.0,11.756101167326825
311.0,11.968312618060374
321.0,12.178204569250545
331.0,12.385819058018717
341.0,12.592650753916159
351.0,12.799653089613654
361.0,13.006637394067816
371.0,13.20550233761786
381.0,13.401991065827495
391.0,13.596327237055602
401.0,13.788535460114227
411.0,13.978639763306175
421.0,14.166663698284248
431.0,14.352630418721821
441.0,14.53656319357353
451.0,14.718484991331424
461.0,14.898417794784132
471.0,15.076383343258117
481.0,15.252403139006347
491.0,15.42649844979637
501.0,15.598690311468395
511.0,15.768999547546093
521.0,15.937446796081344
531.0,16.104052412827247
541.0,16.26883652653131
551.0,16.43181904654231
561.0,16.59301966519542
571.0,16.752457860170317
581.0,16.910152907095714
591.0,17.066123936888715
601.0,17.220389806791648
611.0,17.372969152861273
621.0,17.523880408204864
631.0,17.673141805175927
641.0,17.820771377545615
651.0,17.9667869665046
661.0,18.11120630218985
671.0,18.25404686402404
681.0,18.395325904569784
691.0,18.53506048879015
701.0,18.67326749606316
711.0,18.809963622174735
721.0,18.945165381047662
731.0,19.078889158114453
741.0,19.21115114947284
751.0,19.341967327698836
761.0,19.471353491884187
771.0,19.599325269471418
781.0,19.725898118071783
791.0,19.85108732726612
801.0,19.974908105817597
811.0,20.09737554710385
821.0,20.21850443497529
831.0,20.33830939138141
841.0,20.456804880128363
851.0,20.574005208528558
861.0,20.689924529036045
871.0,20.804576894106614
881.0,20.917976327345222
891.0,21.03013652272171
901.0,21.14107101159359
911.0,21.250793179822573
921.0,21.359316269241333
931.0,21.466653379111712
941.0,21.572817485500966
951.0,21.67782153615312
961.0,21.78167822553203
971.0,21.884400116589372
981.0,21.985999675098974
991.0,22.086489232306104
1001.0,22.185880984356412
1011.0,22.284186981979747
1021.0,22.38141888375417
1031.0,22.477588402896675
1041.0,22.57270723783888
1051.0,22.666786957523072
1061.0,22.759839003478074
1071.0,22.851874691822836
1081.0,22.942905215208665
1091.0,23.03294139751105
1101.0,23.121994005370738
1111.0,23.210073894477524
1121.0,23.2971918010543
1131.0,23.383358343932343
1141.0,23.46858402656847
1151.0,23.552879239015606
1161.0,23.63625407430134
1171.0,23.718718388691908
1181.0,23.800282256904236
1191.0,23.880955649744735
1201.0,23.960748431002532
1211.0,24.039670359546157
1221.0,24.11773109140679
1231.0,24.1949400556235
1241.0,24.271306276503648
1251.0,24.34493246177829
1261.0,24.412832627977487
1271.0,24.475444913502077
1281.0,24.533216446455747
1291.0,24.58655512497952
1301.0,24.63640395706471
1311.0,24.684761034577317
1321.0,24.73161265914943
1331.0,24.776918028054272
1341.0,24.82065544700227
1351.0,24.86281908782117
1361.0,24.903416221076167
1371.0,24.941988465434697
1381.0,24.978008947194642
1391.0,25.01265871016284
1401.0,25.045966585614824
1411.0,25.077966082063025
1421.0,25.108694402268966
1431.0,25.138191614403528
1441.0,25.166090734065122
1451.0,25.189324256978534
1461.0,25.21173670933786
1471.0,25.233350790301184
1481.0,25.254190120220425
1491.0,25.274278997655156
1501.0,25.293642192831413
1511.0,25.31230477343721
1521.0,25.328015812992934
1531.0,25.343147108553083
1541.0,25.358137720803892
1551.0,25.37310098016634
1561.0,25.38811180310236
1571.0,25.403219303634973
1581.0,25.418453621729565
1591.0,25.43576181500078
1601.0,25.453457425284288
1611.0,25.47059386979912
1621.0,25.487161268857257
1631.0,25.503156104664694
1641.0,25.5185800693444
1651.0,25.533439087757763
1661.0,25.547742391310805
1671.0,25.561500439333813
1681.0,25.574725198385387
1691.0,25.587430691140593
1701.0,25.599632506298914
1711.0,25.611347403190674
1721.0,25.622592983310227
1731.0,25.64373685556156
1741.0,25.688544175325493
1751.0,25.732847350539057
1761.0,25.77665289862905
1771.0,25.819967213769008
1781.0,25.86279657186939
1791.0,25.905147135275953
1801.0,25.947016918176086
1811.0,25.988350057790072
1821.0,26.028616585176042
1831.0,26.067139963502335
1841.0,26.10399179451828
1851.0,26.139241805110956
1861.0,26.172957749494106
1871.0,26.205205337562276
1881.0,26.233798472542365
1891.0,26.261020817509177
1901.0,26.287175866018792
1911.0,26.31230439991476
1921.0,26.33644667597246
1931.0,26.359642313584505
1941.0,26.381930206708635
1951.0,26.40124281948595
1961.0,26.41899305312885
1971.0,26.436136545525397
1981.0,26.45269413369596
1991.0,26.468686218535876
2001.0,26.484132744867356
2011.0,26.499053186345318
2021.0,26.51264889673217
2031.0,26.52501808700026
2041.0,26.537017430963253
2051.0,26.54865808693047
2061.0,26.559951042396946
2071.0,26.570907101605673
2081.0,26.58153687551063
2091.0,26.591469774997144
2101.0,26.600255699463386
2111.0,26.60881619278212
2121.0,26.617157070380273
2131.0,26.62528406960102
2141.0,26.633202844342666
2151.0,26.64091896054163
2161.0,26.648355739480724
2171.0,26.654885955307517
2181.0,26.661272932001317
2191.0,26.667519796329405
2201.0,26.6736296422653
2211.0,26.679605528224673
2221.0,26.685450474640646
2231.0,26.691167461852274
2241.0,26.696409913710994
2251.0,26.70180539993035
2261.0,26.707417890360272
2271.0,26.713250294794644
2281.0,26.719303089580865
2291.0,26.725575578443333
2301.0,26.73206615724543
2311.0,26.74107278139661
2321.0,26.750862525907944
2331.0,26.76046470987721
2341.0,26.76995383686221
2351.0,26.77938485006403
2361.0,26.788797655829256
2371.0,26.798220102982068
2381.0,26.80776024211647
2391.0,26.817282376309585
2401.0,26.82662808938258
2411.0,26.835777707201387
2421.0,26.84471687273564
2431.0,26.853435651364187
2441.0,26.8619277701391
2451.0,26.87019049249322
2461.0,26.87823132549467
2471.0,26.886054571962152
2481.0,26.89366301069681
2491.0,26.901060403874904
2501.0,26.908251306105026
2511.0,26.915240899968705
2521.0,26.92203481633843
2531.0,26.928633573030968
2541.0,26.93503690052245
2551.0,26.941248186987153
2561.0,26.947271697972404
2571.0,26.953112378830994
2581.0,26.958775689535816
2591.0,26.96426746722518
,
1.0,0.029688932916039645
11.0,0.32478985943214295
21.0,0.6166640588812564
31.0,0.9053468211218446
41.0,1.1908730501924483
51.0,1.4732772685347328
61.0,1.7525936211704527
71.0,2.028855879832836
81.0,2.3020912975179955
91.0,2.5723383024957545
101.0,2.839630247443289
111.0,3.1039994483582363
121.0,3.3654778678787842
131.0,3.624097119148637
141.0,3.8798884696397264
151.0,4.1328790875070265
161.0,4.383100829952994
171.0,4.630585806748939
181.0,4.875364148393212
191.0,5.117465557208367
201.0,5.356919367187128
211.0,5.593754569450251
221.0,5.89584958945349
231.0,6.265370912871368
241.0,6.635189956983928
251.0,7.005311568416778
261.0,7.375740977305993
271.0,7.746483804908111
281.0,8.11754607420888
291.0,8.48893420205806
301.0,8.860654344941903
311.0,9.232712882595212
321.0,9.605116835357883
331.0,9.977873766417204
341.0,10.350991809239959
351.0,10.724479700236705
361.0,11.098267441160234
371.0,11.47172902011627
381.0,11.845588131338294
391.0,12.219855513689252
401.0,12.594542798576436
411.0,12.969662585690788
421.0,13.345228531786557
431.0,13.721255454762279
441.0,13.958556941043733
451.0,14.141668287667303
461.0,14.321620299291176
471.0,14.499599085135461
481.0,14.675627377505489
491.0,14.849727271919303
501.0,15.021920541472996
511.0,15.19223567363463
521.0,15.36069154653068
531.0,15.527305893981598
541.0,15.692098847910223
551.0,15.855090321277725
561.0,16.016300010431845
571.0,16.175747397432428
581.0,16.333451780839624
591.0,16.489432426793144
601.0,16.643708210293664
611.0,16.796297758910807
621.0,16.947219498825984
631.0,17.096491656925608
641.0,17.244132262878956
651.0,17.39043568311996
661.0,17.53573310679745
671.0,17.679374126850547
681.0,17.8213843226483
691.0,17.961788126475316
701.0,18.10060894543211
711.0,18.237869267503324
721.0,18.373590753991778
731.0,18.507794091443557
741.0,18.64049935507763
751.0,18.771726199217373
761.0,18.901493714060145
771.0,19.029820473907076
781.0,19.15725869760348
791.0,19.285266073859084
801.0,19.4138852831949
811.0,19.54307749106492
821.0,19.672808051943036
831.0,19.8030460280833
841.0,19.933763795012116
851.0,20.064936697642196
861.0,20.19654274727863
871.0,20.327834364232086
881.0,20.456713195447474
891.0,20.583088128531696
901.0,20.70700280298742
911.0,20.828500866888366
921.0,20.947625897983396
931.0,21.064421332425145
941.0,21.179247974862538
951.0,21.29403457476626
961.0,21.409091687478128
971.0,21.524411188143947
981.0,21.63998600676139
991.0,21.755810036621263
1001.0,21.871878054037552
1011.0,21.988185628292364
1021.0,22.104728428979808
1031.0,22.221502583187235
1041.0,22.338505024119097
1051.0,22.45573334065065
1061.0,22.57318573927951
1071.0,22.690861012245872
1081.0,22.80875851140442
1091.0,22.926877571427617
1101.0,23.045217579812878
1111.0,23.163778675968945
1121.0,23.282561540207897
1131.0,23.40156738878837
1141.0,23.520797974484847
1151.0,23.640255592907856
1161.0,23.733416067172833
1171.0,23.816058007667735
1181.0,23.89765387373458
1191.0,23.978350233512572
1201.0,24.058157869593124
1211.0,24.137087255612386
1221.0,24.21514861482633
1231.0,24.292360954626847
1241.0,24.368731819640907
1251.0,24.444267222613835
1261.0,24.518976381260945
1271.0,24.592868406115638
1281.0,24.66595230223429
1291.0,24.73823697083737
1301.0,24.80973129741324
1311.0,24.8804444939355
1321.0,24.950385327540083
1331.0,25.019562399432704
1341.0,25.087984215172153
1351.0,25.15565918694782
1361.0,25.222595635797028
1371.0,25.288801712419822
1381.0,25.354284192798726
1391.0,25.419050539302606
1401.0,25.48310858427567
1411.0,25.546466074612372
1421.0,25.609130672671487
1431.0,25.671109957181447
1441.0,25.73241143138748
1451.0,25.793043279253705
1461.0,25.853013445752847
1471.0,25.912329319291242
1481.0,25.970998210150302
1491.0,26.029027352531404
1501.0,26.086423906609163
1511.0,26.14319496061155
1521.0,26.199347027486553
1531.0,26.25488621168171
1541.0,26.30981928597005
1551.0,26.36415295724468
1561.0,26.41789385880325
1571.0,26.471048551437057
1581.0,26.523623524499534
1591.0,26.57562419307034
1601.0,26.627054084132286
1611.0,26.67791933955977
1621.0,26.72788799821942
1631.0,26.77475461290113
1641.0,26.81836028192814
1651.0,26.85896545335876
1661.0,26.89675870018194
1671.0,26.931698981340027
1681.0,26.96398778884959
1691.0,26.993852835049967
1701.0,27.02150154645689
1711.0,27.047122920628347
1721.0,27.070889209890403
1731.0,27.092957427393127
1741.0,27.113469544648687
1751.0,27.132553619791096
1761.0,27.15032669390151
1771.0,27.166895849799797
1781.0,27.182359084248933
1791.0,27.19680610326618
1801.0,27.21031918648565
1811.0,27.222997685797615
1821.0,27.234949616379012
1831.0,27.2462609197832
1841.0,27.257004576625278
1851.0,27.267243314371964
1861.0,27.277031541018584
1871.0,27.28641675472122
1881.0,27.295403738927934
1891.0,27.30397567082997
1901.0,27.31216561405171
1911.0,27.32000435250439
1921.0,27.32752016174046
1931.0,27.33473901398278
1941.0,27.341684766390962
1951.0,27.34837525655283
1961.0,27.35481714658362
1971.0,27.36102527379386
1981.0,27.36701432675591
1991.0,27.372798164067174
2001.0,27.378389833786883
2011.0,27.383801598373136
2021.0,27.389048436070105
2031.0,27.3941648378334
2041.0,27.399171133259742
2051.0,27.4040827252277
2061.0,27.40891335405907
2071.0,27.413675236098708
2081.0,27.418379191683883
2091.0,27.423033362498796
2101.0,27.427621671285618
2111.0,27.432136826347037
2121.0,27.43657903811317
2131.0,27.44094904478799
2141.0,27.445247999455493
2151.0,27.44947737603235
2161.0,27.453638891211583
2171.0,27.457733632007102
2181.0,27.46176103237912
2191.0,27.465720869342448
2201.0,27.469613446807898
2211.0,27.473439493915446
2221.0,27.4772000796513
2231.0,27.480896541420616
2241.0,27.484616325541193
2251.0,27.48864661687882
2261.0,27.49305396264202
2271.0,27.497723725111005
2281.0,27.502516967782494
2291.0,27.50729241613102
2301.0,27.511911221236893
2311.0,27.51608154717861
2321.0,27.519391429160454
2331.0,27.522074900142524
2341.0,27.524337153990665
2351.0,27.526319985223115
2361.0,27.528110684598417
2371.0,27.52975053244484
2381.0,27.531280496475173
2391.0,27.532995098462766
2401.0,27.534931644815245
2411.0,27.537064484981265
2421.0,27.53937087258339
2431.0,27.541830622224833
2441.0,27.544425808418698
2451.0,27.54714048370516
2461.0,27.549959121364022
2471.0,27.552865940835176
2481.0,27.555847029934927
2491.0,27.558890292402463
2501.0,27.561985212252
2511.0,27.56512264905271
2521.0,27.568294660037314
2531.0,27.571493533448947
2541.0,27.5747105959744
2551.0,27.577938217425736
2561.0,27.581169966959123
2571.0,27.58440044580732
2581.0,27.58762514290462
2591.0,27.590840310352515
,
1.0,0.042362232777013106
11.0,0.46618906666565546
21.0,0.8903845611862798
31.0,1.3149450489333516
41.0,1.7398678915069763
51.0,2.165151393791159
61.0,2.590794730386657
71.0,3.0167978828092674
81.0,3.4221567594216715
91.0,3.7826304420421923
101.0,4.106467893750632
111.0,4.40003482282354
121.0,4.668477902211338
131.0,4.927132037015316
141.0,5.182954287097805
151.0,5.435976868758874
161.0,5.686232249724049
171.0,5.933750839321975
181.0,6.178562614017282
191.0,6.420697219829818
201.0,6.660183976106043
211.0,6.897051879245096
221.0,7.131992832116864
231.0,7.364945572116741
241.0,7.595253321555186
251.0,7.822953102128838
261.0,8.048095520757451
271.0,8.273292558134749
281.0,8.500329970536997
291.0,8.729065278693081
301.0,8.959367773042748
311.0,9.19111779645582
321.0,9.424205381478933
331.0,9.658526514983551
341.0,9.893972492027773
351.0,10.130443297001888
361.0,10.367851065590564
371.0,10.606118146521387
381.0,10.845175699195682
391.0,11.084963119505241
401.0,11.325427037280045
411.0,11.566520438170075
421.0,11.80820190125347
431.0,12.050434936421983
441.0,12.29318716829571
451.0,12.53642940902715
461.0,12.78013599080804
471.0,13.024284356675782
481.0,13.268854713699984
491.0,13.513829733333802
501.0,13.759194289613827
511.0,14.004124044568146
521.0,14.24626527668629
531.0,14.485476774945841
541.0,14.721767933850776
551.0,14.955149329973736
561.0,15.18563261114143
571.0,15.413230395937525
581.0,15.63834984334631
591.0,15.86335995457059
601.0,16.088650633895302
611.0,16.314218150787337
621.0,16.540059611214964
631.0,16.766172893598256
641.0,16.992556593830177
651.0,17.217300067010203
661.0,17.413972360210135
671.0,17.58187306718894
681.0,17.728452407830837
691.0,17.86821566730289
701.0,18.006444618996145
711.0,18.143157498903133
721.0,18.2783719687523
731.0,18.412106488698107
741.0,18.54437829312508
751.0,18.675203420761573
761.0,18.804597732867727
771.0,18.93257691526617
781.0,19.05915648035071
791.0,19.18435176907293
801.0,19.308177862835937
811.0,19.430649656668493
821.0,19.551782006672248
831.0,19.671589602809735
841.0,19.7900869704871
851.0,19.907288472709823
861.0,20.02320831218272
871.0,20.13786062174983
881.0,20.251259544769557
891.0,20.36341880797996
901.0,20.47435196983001
911.0,20.584072440976843
921.0,20.692593485889027
931.0,20.799928224433682
941.0,20.90608965690136
951.0,21.01109078810349
961.0,21.114944331586493
971.0,21.21766282767795
981.0,21.319258681102855
991.0,21.4197441623967
1001.0,21.519131409307708
1011.0,21.617432437501886
1021.0,21.714659330861398
1031.0,21.81082390134672
1041.0,21.90593774619901
1051.0,22.000012338670572
1061.0,22.093059039198106
1071.0,22.185089136579624
1081.0,22.276113811242897
1091.0,22.36614395039919
1101.0,22.455190367087265
1111.0,22.543263898140953
1121.0,22.63037525951302
1131.0,22.716535048310284
1141.0,22.80175374474156
1151.0,22.88604171399128
1161.0,22.969409051466368
1171.0,23.051865639198343
1181.0,23.133421528113978
1191.0,23.214086661971177
1201.0,23.293870874920746
1211.0,23.37278389344168
1221.0,23.45083533821619
1231.0,23.528034621821224
1241.0,23.604390807528905
1251.0,23.68031056534031
1261.0,23.756341363949893
1271.0,23.832487146697066
1281.0,23.908748961060216
1291.0,23.985128000244078
1301.0,24.061222824427194
1311.0,24.134689627350166
1321.0,24.205324580468492
1331.0,24.274493789195784
1341.0,24.342906174130462
1351.0,24.410569973845224
1361.0,24.477493343332227
1371.0,24.54368436984424
1381.0,24.609151374383796
1391.0,24.67390235313888
1401.0,24.73794507981492
1411.0,24.801287250801167
1421.0,24.863936485342716
1431.0,24.925900325752266
1441.0,24.987186243699075
1451.0,25.04780235326045
1461.0,25.10775653714906
1471.0,25.167056127817048
1481.0,25.225708376314024
1491.0,25.283720453926296
1501.0,25.341099453754357
1511.0,25.397852392240345
1521.0,25.453986032901906
1531.0,25.50950694522722
1541.0,25.564421939840187
1551.0,25.61873775813919
1561.0,25.672461068970026
1571.0,25.725598470282513
1581.0,25.778156490763667
1591.0,25.83014147121767
1601.0,25.881559396422713
1611.0,25.93241657723395
1621.0,25.98271929296905
1631.0,26.03247375855003
1641.0,26.08168612639388
1651.0,26.13036248833606
1661.0,26.17850868567784
1671.0,26.226129429859256
1681.0,26.273230291410236
1691.0,26.31981698355981
1701.0,26.365895156226948
1711.0,26.411470396791987
1721.0,26.456548230854157
1731.0,26.501134168090136
1741.0,26.54523427864102
1751.0,26.588854256662838
1761.0,26.631999562861267
1771.0,26.674675610079547
1781.0,26.71688776601647
1791.0,26.75864135616262
1801.0,26.799941088834235
1811.0,26.84078694954707
1821.0,26.881188790539998
1831.0,26.92115172729771
1841.0,26.960680839465386
1851.0,26.999781174642752
1861.0,27.038457752669142
1871.0,27.076715570519138
1881.0,27.114530976570048
1891.0,27.151926329358492
1901.0,27.188909411463214
1911.0,27.225485096592536
1921.0,27.261658132016528
1931.0,27.297433160415608
1941.0,27.332814735084565
1951.0,27.367822539476435
1961.0,27.40245520561878
1971.0,27.436711071765444
1981.0,27.470594437488252
1991.0,27.504109564102468
2001.0,27.53726067673814
2011.0,27.569797837314724
2021.0,27.600221074347807
2031.0,27.628444791813003
2041.0,27.654647323261226
2051.0,27.6789921093003
2061.0,27.701628977446653
2071.0,27.722695335483312
2081.0,27.74231726038607
2091.0,27.760038496019703
2101.0,27.77534511642411
2111.0,27.78988808414682
2121.0,27.803841145508756
2131.0,27.817306166298295
2141.0,27.8303477159853
2151.0,27.843009690125015
2161.0,27.855373221662216
2171.0,27.867702401603534
2181.0,27.87947055420263
2191.0,27.890730242131728
2201.0,27.901519450900704
2211.0,27.911867881119623
2221.0,27.921803654193493
2231.0,27.93135341983158
2241.0,27.94050554299801
2251.0,27.949244496452504
2261.0,27.957613453684953
2271.0,27.965651358662306
2281.0,27.9733929415217
2291.0,27.98086917808975
2301.0,27.98810769937579
2311.0,27.995133253529808
2321.0,28.00196879130003
2331.0,28.00863168470089
2341.0,28.015132522352495
2351.0,28.021481043812873
2361.0,28.02768659504419
2371.0,28.033758091278944
2381.0,28.03970390640427
2391.0,28.045529803380244
2401.0,28.0512394110869
2411.0,28.056836681276685
2421.0,28.062325863421684
2431.0,28.067711387298782
2441.0,28.072997769286857
2451.0,28.078189520455947
2461.0,28.083289675650892
2471.0,28.088299200025435
2481.0,28.09321946984565
2491.0,28.09805236968319
2501.0,28.102800165418717
2511.0,28.107465399904
2521.0,28.11205080764768
2531.0,28.11655838962011
2541.0,28.120988175123696
2551.0,28.125340477453324
2561.0,28.129616160049537
2571.0,28.13381651903998
2581.0,28.13794318543416
2591.0,28.141998044000406
,
1.0,0.06711878257084145
11.0,0.7386495879007615
21.0,1.410815405088089
31.0,2.083633514864652
41.0,2.757122538304337
51.0,3.431302547382703
61.0,4.106195193557027
71.0,4.781823857302456
81.0,5.285328010496761
91.0,5.7339886174432895
101.0,6.149609598055332
111.0,6.536100449563594
121.0,6.896750263842173
131.0,7.234349027351656
141.0,7.551281106648546
151.0,7.906575480942363
161.0,8.226862069943229
171.0,8.497824641793697
181.0,8.742954288054966
191.0,8.985091444897167
201.0,9.224577112402162
211.0,9.461441153414052
221.0,9.695713184316368
231.0,9.927423485379194
241.0,10.156600349857865
251.0,10.383271484246672
261.0,10.607464292470414
271.0,10.829205879182526
281.0,11.048523053028292
291.0,11.26544233653171
301.0,11.479990104815448
311.0,11.69219234477536
321.0,11.902074697308507
331.0,12.109662524284307
341.0,12.31498091153688
351.0,12.518054671828247
361.0,12.71890834778081
371.0,12.917566371185425
381.0,13.114052864902183
391.0,13.308391556803345
401.0,13.500605917838092
411.0,13.690719164712284
421.0,13.878754262547696
431.0,14.064733933211665
441.0,14.249487811231258
451.0,14.432241615563035
461.0,14.612932264186043
471.0,14.791589539772483
481.0,14.968242053440289
491.0,15.14291736500266
501.0,15.315642087558452
511.0,15.486441926843662
521.0,15.655341676687035
531.0,15.822365619492215
541.0,15.987537405985023
551.0,16.15088009030872
561.0,16.31241617772326
571.0,16.4721676665821
581.0,16.630156037046074
591.0,16.786402028079603
601.0,16.94092627515663
611.0,17.093749101128644
621.0,17.244890465625048
631.0,17.394369985949606
641.0,17.542206955793688
651.0,17.688422856486245
661.0,17.83415564375133
671.0,17.980276276579172
681.0,18.12676981722662
691.0,18.273623085047127
701.0,18.420824495716914
711.0,18.568363919938804
721.0,18.716232559442606
731.0,18.864422335951033
741.0,19.01292580183968
751.0,19.1617367530705
761.0,19.310850005405538
771.0,19.460261327743233
781.0,19.609967385372656
791.0,19.75996569239077
801.0,19.910254216070655
811.0,20.06083094778451
821.0,20.21169491100733
831.0,20.362845912354107
841.0,20.514284521666355
851.0,20.666012067147744
861.0,20.818030638815532
871.0,20.94639999763486
881.0,21.065187730569466
891.0,21.18470582826045
901.0,21.30493707778662
911.0,21.425866195591418
921.0,21.547479749363784
931.0,21.66976609517779
941.0,21.784327168021697
951.0,21.889787960987864
961.0,21.994090745645106
971.0,22.09724855127073
981.0,22.199274250783642
991.0,22.300180563313987
1001.0,22.399980056701967
1011.0,22.49866343234264
1021.0,22.59616095680281
1031.0,22.69253067139348
1041.0,22.7878034655166
1051.0,22.882002336633583
1061.0,22.9751461653214
1071.0,23.067251445474938
1081.0,23.158343262840408
1091.0,23.248508691570986
1101.0,23.337665142701592
1111.0,23.425827358534846
1121.0,23.51301006279403
1131.0,23.59922704694959
1141.0,23.68449126138766
1151.0,23.768814999987498
1161.0,23.852211497656857
1171.0,23.93469361310119
1181.0,24.016271543363782
1191.0,24.096955346961046
1201.0,24.176754963350813
1211.0,24.255680214583936
1221.0,24.33374080693903
1231.0,24.410946212964962
1241.0,24.487305611376453
1251.0,24.562828417478066
1261.0,24.637523947938263
1271.0,24.711401402138176
1281.0,24.78446986487075
1291.0,24.85673830887951
1301.0,24.92834285721956
1311.0,24.99927720041326
1321.0,25.069418913718692
1331.0,25.138777915471334
1341.0,25.20736393856424
1351.0,25.27518653614004
1361.0,25.34225508714606
1371.0,25.408578808106206
1381.0,25.47275707684621
1391.0,25.533300884579507
1401.0,25.59038828602953
1411.0,25.64419380574589
1421.0,25.69488778229387
1431.0,25.742635839687097
1441.0,25.78759847127682
1451.0,25.829932013679176
1461.0,25.86978963249771
1471.0,25.90731817715149
1481.0,25.94265786362426
1491.0,25.975942334863223
1501.0,26.007298755227552
1511.0,26.03684463205662
1521.0,26.064678692586703
1531.0,26.090894274826578
1541.0,26.115583571289466
1551.0,26.13883716748347
1561.0,26.160743229062493
1571.0,26.18138690588297
1581.0,26.20084991278296
1591.0,26.219268712762403
1601.0,26.236882741897997
1611.0,26.253763062526033
1621.0,26.269963777840015
1631.0,26.285522491099638
1641.0,26.30045556924893
1651.0,26.31477978987004
1661.0,26.32849436488802
1671.0,26.341516442543426
1681.0,26.353883238709134
1691.0,26.365648614078786
1701.0,26.3768619267879
1711.0,26.387568418136382
1721.0,26.397809564004906
1731.0,26.40762287085248
1741.0,26.41703695255338
1751.0,26.42608689811194
1761.0,26.434807418189216
1771.0,26.443229752884783
1781.0,26.45138152759409
1791.0,26.459281876212746
1801.0,26.46694512599423
1811.0,26.474384453920603
1821.0,26.481610424515758
1831.0,26.488633285156233
1841.0,26.495463352997245
1851.0,26.502110866440137
1861.0,26.508585871306355
1871.0,26.51489813527426
1881.0,26.52106430966296
1891.0,26.527103811326757
1901.0,26.533025080896692
1911.0,26.5388359879605
1921.0,26.544543937543512
1931.0,26.550155888845698
1941.0,26.555678374568206
1951.0,26.56111343165014
1961.0,26.566452445776854
1971.0,26.571695640681078
1981.0,26.57684459898838
1991.0,26.58190143370269
2001.0,26.586868652404007
2011.0,26.591749045973195
2021.0,26.596545509697506
2031.0,26.601259247322314
2041.0,26.60589029836439
2051.0,26.610439318390945
2061.0,26.614907499902067
2071.0,26.619296452415973
2081.0,26.623608102984637
2091.0,26.62784743064608
2101.0,26.632074690706055
2111.0,26.636347466551353
2121.0,26.64070429812304
2131.0,26.645176978968184
2141.0,26.649791139327814
2151.0,26.65455598958057
2161.0,26.659444013495648
2171.0,26.664365692567248
2181.0,26.669275654288175
2191.0,26.674177384456865
2201.0,26.67907375699277
2211.0,26.683967118948683
2221.0,26.68885936518728
2231.0,26.69375200390156
2241.0,26.698646635399893
2251.0,26.703546821481847
2261.0,26.70845616376782
2271.0,26.713375825671474
2281.0,26.718300430331148
2291.0,26.723224155019953
2301.0,26.728142274982908
2311.0,26.73305072642668
2321.0,26.737943518476424
2331.0,26.74281430826373
2341.0,26.747658154542236
2351.0,26.75247129717344
2361.0,26.75725094702744
2371.0,26.761995109887316
2381.0,26.766702351264367
2391.0,26.77136977189894
2401.0,26.77599342838371
2411.0,26.780570411876635
2421.0,26.785098740023006
2431.0,26.78957718602359
2441.0,26.794005135302278
2451.0,26.798382446749848
2461.0,26.802708032994786
2471.0,26.806979382886315
2481.0,26.811194709618565
2491.0,26.81535298000028
2501.0,26.819453774946517
2511.0,26.823497172189047
2521.0,26.827483647903847
2531.0,26.83141317317699
2541.0,26.83528418210569
2551.0,26.839095571334276
2561.0,26.84284686485285
2571.0,26.846538100864752
2581.0,26.850169736438726
2591.0,26.853742567424003
,
1.0,0.04173077715632156
11.0,0.4483999425825907
21.0,0.8367375837669577
31.0,1.208075139295585
41.0,1.5636128600681038
51.0,1.9044359344672521
61.0,2.231528261148365
71.0,2.5457842639245603
81.0,2.8528492395612264
91.0,3.1600677740787075
101.0,3.467500351823482
111.0,3.7751470016267086
121.0,4.083008139325914
131.0,4.391084532320631
141.0,4.699377269486849
151.0,5.007887614448787
161.0,5.316616433894928
171.0,5.625564851615608
181.0,5.934734320793378
191.0,6.244126585767287
201.0,6.553743664791232
211.0,6.863587835926901
221.0,7.173661567962061
231.0,7.483966902116315
241.0,7.79450599358016
251.0,8.105281333311554
261.0,8.416295694588806
271.0,8.727552125342749
281.0,9.039053942945054
291.0,9.350804713499821
301.0,9.662807657434849
311.0,9.97506598293631
321.0,10.287583309485967
331.0,10.600363582496557
341.0,10.913411074409881
351.0,11.226730388387233
361.0,11.539966578121694
371.0,11.816161350123837
381.0,12.044697858973034
391.0,12.242469583174254
401.0,12.43468743406032
411.0,12.624799872307927
421.0,12.812830832617879
431.0,12.998803732821772
441.0,13.182742197073203
451.0,13.36466948470302
461.0,13.544607595453444
471.0,13.722578284196393
481.0,13.898603068165443
491.0,14.072703229544592
501.0,14.244899818029447
511.0,14.415213571367493
521.0,14.583664862851968
531.0,14.750274072543831
541.0,14.9150613694732
551.0,15.078046699631665
561.0,15.239249788668443
571.0,15.398690144529766
581.0,15.556387104596702
591.0,15.712360011265318
601.0,15.86662775521992
611.0,16.019208974409185
621.0,16.170122103882054
631.0,16.31938537797317
641.0,16.467016832465212
651.0,16.613034311717886
661.0,16.757455572757404
671.0,16.90029810441066
681.0,17.041579158203902
691.0,17.181315798347462
701.0,17.31952490372767
711.0,17.456223169879145
721.0,17.591427110934173
731.0,17.72515317635421
741.0,17.857417605929083
751.0,17.988236365896014
761.0,18.11762524984698
771.0,18.245599880523052
781.0,18.372175711593812
791.0,18.497368029422105
801.0,18.621192053218852
811.0,18.743662899552042
821.0,18.864795345085902
831.0,18.98460400497202
841.0,19.103103337246214
851.0,19.22030764440436
861.0,19.33623107497043
871.0,19.45088762597126
881.0,19.56429117986688
891.0,19.676455503406924
901.0,19.78739421233192
911.0,19.897120772328407
921.0,20.005648501192788
931.0,20.11299057092733
941.0,20.219159967817745
951.0,20.324169273828325
961.0,20.428031198301266
971.0,20.53075837338697
981.0,20.632363291829137
991.0,20.732858309171085
1001.0,20.8322556458923
1011.0,20.930567366685043
1021.0,21.027804978654174
1031.0,21.123980125683676
1041.0,21.21910449014094
1051.0,21.313189624998163
1061.0,21.406246955638025
1071.0,21.498287781608067
1081.0,21.589448975266624
1091.0,21.680703566629962
1101.0,21.77090062483627
1111.0,21.860222205361975
1121.0,21.950649245835503
1131.0,22.04265371640561
1141.0,22.13613063389927
1151.0,22.230985083833556
1161.0,22.327130897090026
1171.0,22.4244892763729
1181.0,22.522988934051835
1191.0,22.622565289754316
1201.0,22.723159823258275
1211.0,22.824719504266003
1221.0,22.927196285809686
1231.0,23.030546470118335
1241.0,23.134729618925057
1251.0,23.23970920808187
1261.0,23.345452264260537
1271.0,23.451929045809262
1281.0,23.55911279049143
1291.0,23.66697949352486
1301.0,23.770873754955144
1311.0,23.870733468973608
1321.0,23.971161621312806
1331.0,24.072143524136777
1341.0,24.173666252069395
1351.0,24.27571855809214
1361.0,24.37829080544051
1371.0,24.471413491886604
1381.0,24.54168924500061
1391.0,24.6122973983901
1401.0,24.68323336311869
1411.0,24.75449323115158
1421.0,24.826073759845453
1431.0,24.897972361192608
1441.0,24.96906940699994
1451.0,25.0298815680397
1461.0,25.090030835801006
1471.0,25.149524771201605
1481.0,25.208370860274474
1491.0,25.266576516711446
1501.0,25.324149084518726
1511.0,25.38109584081022
1521.0,25.437352316427766
1531.0,25.492987353701537
1541.0,25.548015673339147
1551.0,25.60244405857444
1561.0,25.656279222073547
1571.0,25.709527807274075
1581.0,25.76219638974812
1591.0,25.814243110751317
1601.0,25.86567791610899
1611.0,25.916534421215413
1621.0,25.966824618535913
1631.0,26.01655769323599
1641.0,26.065741528123137
1651.0,26.114383301317442
1661.0,26.162530621562862
1671.0,26.210189043652587
1681.0,26.257323694318245
1691.0,26.30394074756305
1701.0,26.350046271836643
1711.0,26.39564623620671
1721.0,26.44074651589835
1731.0,26.485351980606413
1741.0,26.529455825295035
1751.0,26.573063914532217
1761.0,26.61618607865559
1771.0,26.658830522077505
1781.0,26.701004310799895
1791.0,26.742713828502826
1801.0,26.783965031685423
1811.0,26.82476462849395
1821.0,26.865118392864286
1831.0,26.905031178847384
1841.0,26.944507788270126
1851.0,26.983552971375293
1861.0,27.02217142744707
1871.0,27.060367805422352
1881.0,27.0981465065397
1891.0,27.13551183361481
1901.0,27.172468346745
1911.0,27.20902055524204
1921.0,27.24517291610197
1931.0,27.27954753385334
1941.0,27.31049591464414
1951.0,27.338297306326346
1961.0,27.363112631495014
1971.0,27.38530242423724
1981.0,27.405195260677633
1991.0,27.423077905825128
2001.0,27.439200687803243
2011.0,27.45378217015271
2021.0,27.467020289268177
2031.0,27.479125938887627
2041.0,27.490241401225436
2051.0,27.5004829105762
2061.0,27.509952784390673
2071.0,27.518741100667235
2081.0,27.52692717091066
2091.0,27.534581180903327
2101.0,27.541771453319885
2111.0,27.54855415843536
2121.0,27.55497634305676
2131.0,27.56107950410734
2141.0,27.56690024195782
2151.0,27.572470836524115
2161.0,27.57781975945933
2171.0,27.582973981297567
2181.0,27.587957735218342
2191.0,27.592791327607205
2201.0,27.597492618730573
2211.0,27.602077309782906
2221.0,27.606559196640642
2231.0,27.610950394208775
2241.0,27.61529369996417
2251.0,27.619623218346185
2261.0,27.623914196097044
2271.0,27.62814498893257
2281.0,27.63229706598044
2291.0,27.6363545775645
2301.0,27.64030395448434
2311.0,27.64411409461516
2321.0,27.6477376527735
2331.0,27.651201804466666
2341.0,27.654533994063915
2351.0,27.657757810388908
2361.0,27.66089347173432
2371.0,27.663958250107243
2381.0,27.666968430215935
2391.0,27.669946775593395
2401.0,27.67290396977629
2411.0,27.675847153365794
2421.0,27.678782323659558
2431.0,27.681714477290107
2441.0,27.684647736223432
2451.0,27.68758559471244
2461.0,27.690533650481523
2471.0,27.69349554664385
2481.0,27.69647333163743
2491.0,27.699468556091563
2501.0,27.702482339572196
2511.0,27.705515429690433
2521.0,27.708568256772867
2531.0,27.71164218047338
2541.0,27.714738865487764
2551.0,27.717859025787053
2561.0,27.72100304287054
2571.0,27.72417101441662
2581.0,27.72736279729221
2591.0,27.730578045541908
,
1.0,0.029688701995330545
11.0,0.3247873371788224
21.0,0.6166592773014042
31.0,0.9053398115355954
41.0,1.1908638432571614
51.0,1.4732658942676404
61.0,1.7525801089708175
71.0,2.0288402585036494
81.0,2.302074431405943
91.0,2.5723202085728643
101.0,2.8396108423634683
111.0,3.1039786467900483
121.0,3.3654555825310695
131.0,3.6240732607944133
141.0,3.8798629471383848
151.0,4.132859575276764
161.0,4.383091578107184
171.0,4.630587516150859
181.0,4.875377313658866
191.0,5.117490567756005
201.0,5.3569565520219715
211.0,5.593804220033491
221.0,5.828059207191941
231.0,6.059749770489859
241.0,6.28890690137708
251.0,6.515558305238057
261.0,6.739731384521807
271.0,6.96145324205543
281.0,7.180750684321382
291.0,7.397648922304669
301.0,7.612172415227542
311.0,7.824350123033464
321.0,8.034207697834068
331.0,8.241770511237311
341.0,8.447063657414963
351.0,8.65011195613658
361.0,8.850939645442354
371.0,9.049568512157792
381.0,9.246025354835192
391.0,9.440333924948293
401.0,9.632517714245601
411.0,9.822599957590537
421.0,10.01060363577053
431.0,10.196551478275365
441.0,10.380465291064262
451.0,10.562367906133712
461.0,10.74228139023514
471.0,10.920227494798596
481.0,11.096227733399152
491.0,11.270303384357877
501.0,11.442475493314369
511.0,11.612764875771164
521.0,11.781192119610322
531.0,11.94777758758248
541.0,12.1125414197687
551.0,12.275503536015398
561.0,12.43668363834263
571.0,12.596101213326067
581.0,12.753775534452894
591.0,12.909725664451985
601.0,13.06397045759855
611.0,13.216528561993629
621.0,13.367418421818615
631.0,13.51665827956516
641.0,13.664266178240673
651.0,13.810259963549713
661.0,13.954657286051518
671.0,14.097475603293951
681.0,14.238732181924112
691.0,14.37844409977585
701.0,14.516628247934475
711.0,14.653301332778883
721.0,14.800771254644284
731.0,15.05835649338571
741.0,15.316239187111353
751.0,15.57442707363865
761.0,15.832928521456234
771.0,16.091752582352253
781.0,16.35090905287561
791.0,16.610408546146772
801.0,16.795120000631595
811.0,16.971733180743414
821.0,17.14859725527762
831.0,17.325718486946368
841.0,17.50310356485378
851.0,17.68075963902958
861.0,17.858694359751883
871.0,17.996291484494794
881.0,18.116689577784104
891.0,18.237288934137627
901.0,18.358093966981684
911.0,18.47910933602817
921.0,18.60033996431641
931.0,18.72179105717463
941.0,18.83554201217019
951.0,18.940552803113043
961.0,19.04441283816008
971.0,19.14713502036523
981.0,19.24873204386782
991.0,19.349216414497587
1001.0,19.448600464482535
1011.0,19.551393510020848
1021.0,19.660970188708934
1031.0,19.765672685834847
1041.0,19.86580633524157
1051.0,19.961652234114442
1061.0,20.054734231827897
1071.0,20.146792875623273
1081.0,20.238814401690142
1091.0,20.332167480468442
1101.0,20.421242733002753
1111.0,20.509339493361043
1121.0,20.596468945064803
1131.0,20.68264204820004
1141.0,20.76786957366155
1151.0,20.852162126045194
1161.0,20.935530655197393
1171.0,21.01798467952875
1181.0,21.099534381650336
1191.0,21.180190096202196
1201.0,21.25996206582038
1211.0,21.338860319415822
1221.0,21.416894700813764
1231.0,21.4940751953954
1241.0,21.57041207497987
1251.0,21.645914608219343
1261.0,21.720591913189114
1271.0,21.794453008944735
1281.0,21.867506816586452
1291.0,21.939762160312224
1301.0,22.01122771796527
1311.0,22.081911835048267
1321.0,22.151823028474183
1331.0,22.220969769893525
1341.0,22.289360436509
1351.0,22.357003312293248
1361.0,22.42390658917379
1371.0,22.490078386239876
1381.0,22.555526997720033
1391.0,22.62026042338956
1401.0,22.68428647385361
1411.0,22.747612875260295
1421.0,22.810247270197276
1431.0,22.87219721857885
1441.0,22.933470186266444
1451.0,22.994072006373838
1461.0,23.054009289983178
1471.0,23.11328972093999
1481.0,23.17192080496028
1491.0,23.229909897915004
1501.0,23.287264225708693
1511.0,23.343690373562186
1521.0,23.39635777841258
1531.0,23.445215585652388
1541.0,23.490723648718912
1551.0,23.53327666162385
1561.0,23.573211881232027
1571.0,23.610817252143605
1581.0,23.646338437317443
1591.0,23.68004473242148
1601.0,23.71228097685364
1611.0,23.743157058909578
1621.0,23.77275578845718
1631.0,23.80115088489258
1641.0,23.828408240690813
1651.0,23.854587016464787
1661.0,23.879744772984846
1671.0,23.903956601004175
1681.0,23.927265864867834
1691.0,23.949707542216846
1701.0,23.971314533071798
1711.0,23.992117937590777
1721.0,24.01214729208549
1731.0,24.031847438117577
1741.0,24.057114256295073
1751.0,24.08874652367955
1761.0,24.12547433888461
1771.0,24.166201870307916
1781.0,24.208740318425786
1791.0,24.25081352493246
1801.0,24.292405575721457
1811.0,24.33352642638041
1821.0,24.374184114188864
1831.0,24.414384225381827
1841.0,24.454132278652875
1851.0,24.493433724956564
1861.0,24.532293947395978
1871.0,24.570718261192702
1881.0,24.60871191068794
1891.0,24.646280086831116
1901.0,24.683427910976043
1911.0,24.720160435451703
1921.0,24.756482644477543
1931.0,24.79239945467072
1941.0,24.82791571560605
1951.0,24.863036225451204
1961.0,24.897765757329058
1971.0,24.93210896680063
1981.0,24.966070439809087
1991.0,24.999654698559848
2001.0,25.032866202347172
2011.0,25.06570934840516
2021.0,25.098187331127267
2031.0,25.130298570982013
2041.0,25.16204841099335
2051.0,25.193442822131352
2061.0,25.22448727479404
2071.0,25.255186854422565
2081.0,25.285546345022908
2091.0,25.315154667152
2101.0,25.34199696706851
2111.0,25.36607097703644
2121.0,25.3877628532955
2131.0,25.40740261989942
2141.0,25.425272155113426
2151.0,25.441612044540957
2161.0,25.456627797196294
2171.0,25.470613700203536
2181.0,25.48377501944951
2191.0,25.496194813693535
2201.0,25.507946173738578
2211.0,25.519093469184277
2221.0,25.529693439518898
2231.0,25.5397961489982
2241.0,25.549460898052466
2251.0,25.558741785841054
2261.0,25.567662008105547
2271.0,25.576242990922264
2281.0,25.584504778936267
2291.0,25.592466137634386
2301.0,25.60014464673369
2311.0,25.607552574299863
2321.0,25.614697645636316
2331.0,25.62160147103312
2341.0,25.628284083436544
2351.0,25.63476333120885
2361.0,25.641055141047055
2371.0,25.647173748914586
2381.0,25.65313263015444
2391.0,25.658947721464724
2401.0,25.664629651537297
2411.0,25.670187285867723
2421.0,25.675628700188646
2431.0,25.680961266220578
2441.0,25.686191727384234
2451.0,25.691327109655017
2461.0,25.69638467694955
2471.0,25.70136856896174
2481.0,25.70627833194001
2491.0,25.711114128004592
2501.0,25.715876631369206
2511.0,25.720566938051316
2521.0,25.72518639366181
2531.0,25.729727166627768
2541.0,25.734190103634337
2551.0,25.73858380693314
2561.0,25.742915832668963
2571.0,25.74719281462238
2581.0,25.751420573655626
2591.0,25.75560421451068
,
1.0,0.04938241547377733
11.0,0.5436055572309562
21.0,1.0385655382052286
31.0,1.5342793214164645
41.0,2.030764776318765
51.0,2.5280407422948112
61.0,3.0261270990224802
71.0,3.5250448445893707
81.0,3.834530460914772
91.0,4.104803024459287
101.0,4.3721133504918654
111.0,4.636496015662613
121.0,4.897984242465456
131.0,5.156610429468826
141.0,5.41240637683611
151.0,5.670995472619027
161.0,5.931726366540524
171.0,6.1926494345398435
181.0,6.453765396994638
191.0,6.715075257931859
201.0,6.97658028334189
211.0,7.238281982951808
221.0,7.498301879416962
231.0,7.745888544469561
241.0,7.980415796590226
251.0,8.207097406930163
261.0,8.431299006114703
271.0,8.653047739331605
281.0,8.872370589559425
291.0,9.089294312865444
301.0,9.30384621397333
311.0,9.516052568175002
321.0,9.725939023549397
331.0,9.933530948902488
341.0,10.138853436779172
351.0,10.341931306446522
361.0,10.542789107148575
371.0,10.741451128051423
381.0,10.937941444178545
391.0,11.13228388508565
401.0,11.324502016468752
411.0,11.514619143839028
421.0,11.702658316076551
431.0,11.888642328878065
441.0,12.073486201098182
451.0,12.256997524299006
461.0,12.441966481935054
471.0,12.628598399392118
481.0,12.816756291610846
491.0,13.00631813300744
501.0,13.197175127469519
511.0,13.389230058041713
521.0,13.58239533394567
531.0,13.776592595894751
541.0,13.971751804923137
551.0,14.167810315157276
561.0,14.36471207597794
571.0,14.562406930276408
581.0,14.760849931839038
591.0,14.960000129725966
601.0,15.159820712620716
611.0,15.360278818057825
621.0,15.561345099840453
631.0,15.76299339085378
641.0,15.965200405644627
651.0,16.168387397401276
661.0,16.374191726224883
671.0,16.58205944596935
681.0,16.791878540979116
691.0,17.00354733405648
701.0,17.216973547906225
711.0,17.432073470813414
721.0,17.648544410951285
731.0,17.84264335783463
741.0,18.00657790992427
751.0,18.148411276175032
761.0,18.278489042407898
771.0,18.40692487046128
781.0,18.533875145460907
791.0,18.659372276581376
801.0,18.78345682482378
811.0,18.90616471894306
821.0,19.02751279432517
831.0,19.147517444080155
841.0,19.26619477079528
851.0,19.383560596684458
861.0,19.499630473311846
871.0,19.614418467129266
881.0,19.727936637469895
891.0,19.84020058313314
901.0,19.951225705136952
911.0,20.061027005289112
921.0,20.169619123967415
931.0,20.277016372411712
941.0,20.38323303447286
951.0,20.48828431074276
961.0,20.592183559116044
971.0,20.694943680090024
981.0,20.796577412315386
991.0,20.897097335625162
1001.0,20.99651587398036
1011.0,21.094845307285762
1021.0,21.192097955919042
1031.0,21.288285855021666
1041.0,21.3834208107326
1051.0,21.47751448870472
1061.0,21.570578416444587
1071.0,21.66262400665671
1081.0,21.753662604347447
1091.0,21.843704848462597
1101.0,21.932761375591213
1111.0,22.02084306596546
1121.0,22.107960671763067
1131.0,22.194124839098006
1141.0,22.27934611364887
1151.0,22.363634913400638
1161.0,22.447001460125815
1171.0,22.5294558142404
1181.0,22.61100804176474
1191.0,22.69166808953727
1201.0,22.771445785946014
1211.0,22.850350843413498
1221.0,22.928392860704562
1231.0,23.00558149598333
1241.0,23.081926607226617
1251.0,23.157437453763972
1261.0,23.232123161422756
1271.0,23.305992757203175
1281.0,23.379055170333995
1291.0,23.451319238833957
1301.0,23.522793738669254
1311.0,23.59348728272259
1321.0,23.663408477411455
1331.0,23.732565852791392
1341.0,23.80096784239127
1351.0,23.868622785072265
1361.0,23.935538926786805
1371.0,24.00172440944097
1381.0,24.06718701092434
1391.0,24.131934613006155
1401.0,24.195975129518313
1411.0,24.259316385753763
1421.0,24.32196612022921
1431.0,24.383931986372232
1441.0,24.445221554145785
1451.0,24.505842050103556
1461.0,24.565800684498075
1471.0,24.62510480697339
1481.0,24.683761686452875
1491.0,24.741778512887976
1501.0,24.799162398959663
1511.0,24.8559203817454
1521.0,24.912057842079758
1531.0,24.967579401942796
1541.0,25.022491804828785
1551.0,25.076801745389997
1561.0,25.130515854888706
1571.0,25.183640701506743
1581.0,25.23618279491201
1591.0,25.28814924408861
1601.0,25.33954812386325
1611.0,25.39038574136228
1621.0,25.440668227687638
1631.0,25.490401694516876
1641.0,25.539592211875775
1651.0,25.58824578212852
1661.0,25.63636799314945
1671.0,25.683962572789024
1681.0,25.731035076172997
1691.0,25.77759149165209
1701.0,25.82363770400717
1711.0,25.869179491427094
1721.0,25.914222535620706
1731.0,25.95877243601609
1741.0,26.00283468852312
1751.0,26.046414687303443
1761.0,26.089517779566105
1771.0,26.132149245127835
1781.0,26.174314298438293
1791.0,26.216018090387394
1801.0,26.257265712682486
1811.0,26.2980624776964
1821.0,26.338413508971477
1831.0,26.378323671311826
1841.0,26.417797777127227
1851.0,26.456840586982587
1861.0,26.495397584900118
1871.0,26.531419754648493
1881.0,26.564171672383594
1891.0,26.594000036433062
1901.0,26.62121194008134
1911.0,26.64608142660176
1921.0,26.66885314520896
1931.0,26.689745563529527
1941.0,26.708953822870594
1951.0,26.7266526813659
1961.0,26.743000430154698
1971.0,26.758138606594418
1981.0,26.772193545342628
1991.0,26.785278077482186
2001.0,26.79749299495927
2011.0,26.808928354209485
2021.0,26.81966473412855
2031.0,26.829775924013017
2041.0,26.839329166003534
2051.0,26.848384379110836
2061.0,26.8569949281206
2071.0,26.86520834305011
2081.0,26.873066959631807
2091.0,26.880609285489175
2101.0,26.88788089727253
2111.0,26.89491424301666
2121.0,26.90173428564727
2131.0,26.908363356243353
2141.0,26.914821431447226
2151.0,26.921126381706507
2161.0,26.92729412101124
2171.0,26.93333184919369
2181.0,26.939252283301457
2191.0,26.945072510941856
2201.0,26.95080734207124
2211.0,26.95646958411803
2221.0,26.962067765811323
2231.0,26.967603571423773
2241.0,26.973077783451924
2251.0,26.978489509880934
2261.0,26.983837906710285
2271.0,26.989122913636518
2281.0,26.994345080845445
2291.0,26.999505425771392
2301.0,27.004605315961232
2311.0,27.00964612229046
2321.0,27.014626857661522
2331.0,27.019545776320886
2341.0,27.02440200399867
2351.0,27.02919537979565
2361.0,27.033926305822092
2371.0,27.03859562266919
2381.0,27.043204418043324
2391.0,27.047752151500948
2401.0,27.05223715523925
2411.0,27.056658526028173
2421.0,27.06101603841894
2431.0,27.06531000912407
2441.0,27.069541183841526
2451.0,27.07371062295107
2461.0,27.077818360637462
2471.0,27.081863085252177
2481.0,27.085844080799095
2491.0,27.089761237194875
2501.0,27.093614934909265
2511.0,27.097405948188005
2521.0,27.101135491188867
2531.0,27.10483060604882
2541.0,27.108544139910762
2551.0,27.112316784645273
2561.0,27.1161818801691
2571.0,27.1201665371017
2581.0,27.12429220311204
2591.0,27.12857454640879
,
1.0,0.0583805867804098
11.0,0.6424218647628568
21.0,1.226901061415905
31.0,1.8118326831982203
41.0,2.3972317626022432
51.0,2.9831139315926785
61.0,3.5694955003683524
71.0,4.1563935426672405
81.0,4.728374805535992
91.0,5.299175273796614
101.0,5.8705289464415875
111.0,6.442454993506254
121.0,7.014973830205261
131.0,7.588107257662992
141.0,8.161878623900755
151.0,8.594475494404305
161.0,8.928048092556931
171.0,9.2246822146551
181.0,9.491204589269362
191.0,9.735562573843113
201.0,9.975044055167695
211.0,10.211905452262926
221.0,10.4704622733087
231.0,10.752832365139788
241.0,11.03543432196933
251.0,11.318273366265329
261.0,11.60135495205653
271.0,11.88468478198573
281.0,12.168268825969323
291.0,12.452113319310833
301.0,12.736224094843019
311.0,13.02060709637661
321.0,13.305268800045324
331.0,13.590216112517084
341.0,13.875456400465808
351.0,14.160997524502031
361.0,14.444972139390384
371.0,14.712370962990818
381.0,14.98007377160584
391.0,15.248088813685182
401.0,15.516424976955458
411.0,15.785091843650862
421.0,16.05409975474147
431.0,16.32345988471584
441.0,16.515906108231935
451.0,16.699184400547725
461.0,16.88272083432432
471.0,17.066521985008475
481.0,17.250594864699366
491.0,17.43494695786201
501.0,17.619586261931214
511.0,17.794074924366935
521.0,17.962551348457836
531.0,18.129187161968865
541.0,18.29400259549947
551.0,18.457017665012078
561.0,18.61825217490499
571.0,18.777725721138392
581.0,18.935447997627538
591.0,19.0914373570798
601.0,19.245722132000903
611.0,19.398321018605547
621.0,19.549252511528177
631.0,19.698534906279914
641.0,19.84618630170238
651.0,19.99221998659998
661.0,20.136647089391705
671.0,20.279495638778904
681.0,20.420782924974805
691.0,20.560526050234667
701.0,20.698741930988344
711.0,20.8345527534648
721.0,20.9630169706849
731.0,21.073763391168658
741.0,21.179745347948046
751.0,21.281180189632664
761.0,21.37827492454667
771.0,21.471226732054006
781.0,21.56022344777193
791.0,21.645444024048363
801.0,21.72049361024931
811.0,21.79189094669349
821.0,21.860513694691655
831.0,21.926476260183996
841.0,21.989888126756522
851.0,22.050854075405628
861.0,22.109474394170537
871.0,22.162961351658655
881.0,22.213309340773016
891.0,22.261871082128106
901.0,22.308713857330453
911.0,22.353902306806127
921.0,22.39749853717777
931.0,22.439562224138818
941.0,22.4789790103103
951.0,22.515928717818156
961.0,22.551669809500574
971.0,22.586244283059234
981.0,22.619692619314566
991.0,22.652053838808552
1001.0,22.68336555623303
1011.0,22.713477813685298
1021.0,22.745054654092257
1031.0,22.77940454306002
1041.0,22.815792744157573
1051.0,22.853620425238887
1061.0,22.892387952878664
1071.0,22.931673333008007
1081.0,22.97294200313396
1091.0,23.028155805076292
1101.0,23.079176497368646
1111.0,23.12635153213207
1121.0,23.1699985448606
1131.0,23.210408023179685
1141.0,23.247845731909706
1151.0,23.282554917642734
1161.0,23.313258252957443
1171.0,23.341619709484476
1181.0,23.367984371510545
1191.0,23.392509540253
1201.0,23.415339818052654
1211.0,23.43660818011957
1221.0,23.456436949399706
1231.0,23.47552121935081
1241.0,23.493517718065803
1251.0,23.510290449461433
1261.0,23.525960517529033
1271.0,23.540634227353898
1281.0,23.554405494189663
1291.0,23.567357743183482
1301.0,23.579569594707085
1311.0,23.591050571474803
1321.0,23.60183703814833
1331.0,23.611983499904103
1341.0,23.62154001477913
1351.0,23.630552565784
1361.0,23.639063402584597
1371.0,23.647112464097614
1381.0,23.65477766214784
1391.0,23.662162328102813
1401.0,23.66934308397336
1411.0,23.676378165285865
1421.0,23.68331332566795
1431.0,23.69018502416402
1441.0,23.69702079350167
1451.0,23.703745364468542
1461.0,23.710314218294872
1471.0,23.716744747828773
1481.0,23.723052424997288
1491.0,23.729250136196576
1501.0,23.735346401835777
1511.0,23.741348451957638
1521.0,23.747257827728127
1531.0,23.753070437034346
1541.0,23.758788176930597
1551.0,23.764413520685274
1561.0,23.76994931844294
1571.0,23.77539868016809
1581.0,23.780764881019273
1591.0,23.78605104862889
1601.0,23.791257982541307
1611.0,23.796385653121373
1621.0,23.801434703506285
1631.0,23.80640631744522
1641.0,23.81130209331313
1651.0,23.81612394001466
1661.0,23.82087390697698
1671.0,23.825552440650835
1681.0,23.830158874244816
1691.0,23.834693173911933
1701.0,23.839155865360457
1711.0,23.843547917113117
1721.0,23.847870642994685
1731.0,23.85212560151303
1741.0,23.856313339103384
1751.0,23.86043311717923
1761.0,23.864484712850956
1771.0,23.86846842813028
1781.0,23.87238498853107
1791.0,23.876235457816197
1801.0,23.880021166587408
1811.0,23.883742882400615
1821.0,23.887400046471296
1831.0,23.89099249475606
1841.0,23.894520537105745
1851.0,23.897984873079018
1861.0,23.901386521056978
1871.0,23.904726758897876
1881.0,23.908006620449957
1891.0,23.91122585540008
1901.0,23.91438453881377
1911.0,23.91748317847301
1921.0,23.92052264356
1931.0,23.923504109933628
1941.0,23.92642901531663
1951.0,23.929060715143603
1961.0,23.93155006458769
1971.0,23.93401415451233
1981.0,23.93646515867539
1991.0,23.938913638598414
2001.0,23.941368746499776
2011.0,23.943838382293077
2021.0,23.946446136301475
2031.0,23.949172773144205
2041.0,23.95189003847641
2051.0,23.954593872751985
2061.0,23.95728096981919
2071.0,23.95994867978266
2081.0,23.962594925509567
2091.0,23.965180337379046
2101.0,23.967656256332003
2111.0,23.970110305535922
2121.0,23.9725404769715
2131.0,23.9749452492735
2141.0,23.97732353105375
2151.0,23.979674612739636
2161.0,23.981963317081284
2171.0,23.98391839221175
2181.0,23.98585811444923
2191.0,23.98778128464497
2201.0,23.989686951253454
2211.0,23.99157438562361
2221.0,23.99344306049027
2231.0,23.995292631420476
2241.0,23.996883503032112
2251.0,23.998436997960223
2261.0,23.999979417806802
2271.0,24.001510112850607
2281.0,24.00302855156973
2291.0,24.004534310518256
2301.0,24.00602706534686
2311.0,24.007363748022133
2321.0,24.008631497730928
2331.0,24.009892037868642
2341.0,24.01114489996002
2351.0,24.012389679991106
2361.0,24.01362603341206
2371.0,24.014853670596956
2381.0,24.015996164696876
2391.0,24.01706490546282
2401.0,24.018143416677237
2411.0,24.019235509631166
2421.0,24.020344615263134
2431.0,24.021473838148836
2441.0,24.022625992443476
2451.0,24.023911192319375
2461.0,24.025455574713074
2471.0,24.026996850501792
2481.0,24.028533549173556
2491.0,24.030064404935953
2501.0,24.03158833891692
2511.0,24.03310444336364
2521.0,24.03459031983819
2531.0,24.03587660039172
2541.0,24.037165336250784
2551.0,24.03846144497222
2561.0,24.03976931674172
2571.0,24.041092879186646
2581.0,24.042435645528215
2591.0,24.043800750777667
,
