hour,val
1.0,0.0
11.0,0.0
21.0,0.0
31.0,0.0
41.0,0.0
51.0,0.0
61.0,0.0
71.0,0.0
81.0,0.0
91.0,0.0
101.0,0.0
111.0,0.0
121.0,0.0
131.0,0.0
141.0,0.0
151.0,0.0
161.0,0.0
171.0,0.0
181.0,0.0
191.0,0.0
201.0,0.0
211.0,0.0
221.0,0.0
231.0,0.0
241.0,0.0
251.0,0.0
261.0,0.0
271.0,0.0
281.0,0.0
291.0,0.0
301.0,0.0
311.0,0.0
321.0,0.0
331.0,0.0
341.0,0.0
351.0,0.0
361.0,0.0
371.0,0.0
381.0,0.0
391.0,0.0
401.0,0.0
411.0,0.0
421.0,0.0
431.0,0.0
441.0,0.0
451.0,0.0
461.0,0.0
471.0,0.0
481.0,0.0
491.0,0.0
501.0,0.0
511.0,0.0
521.0,0.0
531.0,0.0
541.0,0.0
551.0,0.0
561.0,0.0
571.0,0.0
581.0,0.009324468094072792
591.0,0.009170928448194398
601.0,0.009016994666533527
611.0,0.008862622236040733
621.0,0.008707765139903524
631.0,0.008552375766925982
641.0,0.008396404815135114
651.0,0.0036838303647225047
661.0,0.003613528115345325
671.0,0.0035429217891286267
681.0,0.003471984974334766
691.0,0.003400690320617276
701.0,0.0033290094751709546
711.0,0.003256913014475457
721.0,0.0012641496046487952
731.0,0.0012079175500144806
741.0,0.001153283635641369
751.0,0.001100196749451817
761.0,0.001048607644288721
771.0,0.0009984688698372673
781.0,0.0009497347057130625
791.0,0.0009023610959792286
801.0,0.0019314794107255198
811.0,0.0018689988016659604
821.0,0.0018060706027946468
831.0,0.0017426657607403293
841.0,0.0016787541473570963
851.0,0.001614304484421628
861.0,0.00154928426305658
871.0,0.0005713313186347439
881.0,0.0005458273500720967
891.0,0.0005200748825569475
901.0,0.0004940586739362682
911.0,0.00046776286120301194
921.0,0.0004411709121679692
931.0,0.0004142655735596954
941.0,8.318216241024593e-05
951.0,7.43792619609944e-05
961.0,6.636568163690966e-05
971.0,5.922847142016821e-05
981.0,5.287092301287171e-05
991.0,4.7207291242006556e-05
1001.0,4.216147690275376e-05
1011.0,0.00040166837237749705
1021.0,0.000371022519873316
1031.0,0.00034315453570735806
1041.0,0.00031780762048295617
1051.0,0.0002947497542843613
1061.0,0.0002737712401571914
1071.0,0.00025468249833668247
1081.0,8.836030892135754e-05
1091.0,9.483969520142333e-05
1101.0,9.989937786456683e-05
1111.0,0.0001037267410386889
1121.0,0.00010648837056749519
1131.0,0.00010833219705333668
1141.0,0.000109389425315507
1151.0,0.00010977627160985784
1161.0,1.9170216051886997e-05
1171.0,1.9057356477970437e-05
1181.0,1.8875451246846375e-05
1191.0,1.861994351474975e-05
1201.0,1.8301503516580264e-05
1211.0,1.7935506355049802e-05
1221.0,1.7534758151568813e-05
1231.0,0.0
1241.0,0.0
1251.0,0.0
1261.0,0.0
1271.0,0.0
1281.0,0.0
1291.0,0.0
1301.0,0.0
1311.0,0.0
1321.0,0.0
1331.0,0.0
1341.0,0.0
1351.0,0.0
1361.0,0.0
1371.0,0.0
1381.0,0.0
1391.0,0.0
1401.0,0.0
1411.0,0.0
1421.0,0.0
1431.0,0.0
1441.0,1.1417850496198656e-05
1451.0,1.107790455980841e-05
1461.0,1.0689488512967407e-05
1471.0,1.026692642234571e-05
1481.0,9.821987733848124e-06
1491.0,9.364279685759425e-06
1501.0,8.901583153065367e-06
1511.0,8.44013986137491e-06
1521.0,5.6702906445405525e-05
1531.0,5.169652285105448e-05
1541.0,4.7042498944301e-05
1551.0,4.273801953124868e-05
1561.0,3.877357737152029e-05
1571.0,3.513519830778131e-05
1581.0,3.180606897439726e-05
1591.0,0.0006966146068440301
1601.0,0.0006586282334817759
1611.0,0.0006234990473904511
1621.0,0.0005909935825729283
1631.0,0.0005609006552441566
1641.0,0.0005330290486742423
1651.0,0.0005072054497498311
1661.0,0.0002221222362856698
1671.0,0.0002119509684263517
1681.0,0.00020254954087730673
1691.0,0.0001938599813474928
1701.0,0.00018582955608983416
1711.0,0.00017841025040647704
1721.0,0.00017155830466787555
1731.0,7.091215640876656e-05
1741.0,6.842029603073274e-05
1751.0,6.61408711960022e-05
1761.0,6.405855474528819e-05
1771.0,6.21593895753841e-05
1781.0,6.0430659779320156e-05
1791.0,5.8860775213813995e-05
1801.0,2.013305834180132e-05
1811.0,1.9687326452347983e-05
1821.0,1.929512110100579e-05
1831.0,1.8952507412983756e-05
1841.0,1.865593127981035e-05
1851.0,1.8402184495226884e-05
1861.0,1.818837346208631e-05
1871.0,1.8011891110936825e-05
1881.0,1.5629057193617851e-06
1891.0,1.4475061625382804e-06
1901.0,1.3402429194840603e-06
1911.0,1.240800120269107e-06
1921.0,1.1487871560539061e-06
1931.0,1.0637717266817148e-06
1941.0,9.85302599883879e-07
1951.0,0.00013435974992892502
1961.0,0.00012722468009544958
1971.0,0.00012051446433550435
1981.0,0.00011421416740749062
1991.0,0.00010830665551723572
2001.0,0.0001027733360200492
2011.0,9.759474655279991e-05
2021.0,0.00033199436363215244
2031.0,0.00031076691003781493
2041.0,0.00029063979280483814
2051.0,0.0002716264424969795
2061.0,0.0002537172315955679
2071.0,0.00023688556823266385
2081.0,0.00022109265606328797
2091.0,0.002285775548582735
2101.0,0.0022103469014097604
2111.0,0.0021493068691845816
2121.0,0.0021010367507507967
2131.0,0.0020640994864539433
2141.0,0.002037219098248901
2151.0,0.0020192625987918746
2161.0,0.0007579857615188177
2171.0,0.0007567920231628625
2181.0,0.0007578587019354591
2191.0,0.0007609255553145341
2201.0,0.0007657614310477845
2211.0,0.0007721611737453084
2221.0,0.0007799428807709143
2231.0,0.0007889454662159387
2241.0,0.00035370793707865673
2251.0,0.0003587069694243766
2261.0,0.0003641583447379697
2271.0,0.00037000719526613453
2281.0,0.0003762052018780955
2291.0,0.0003827099340550902
2301.0,0.00038948426039977905
2311.0,0.00018446270477267762
2321.0,0.00018790563367339705
2331.0,0.00019150432244425373
2341.0,0.00019523946685481275
2351.0,0.00019909427057302056
2361.0,0.00020305419781813954
2371.0,0.00020710675162950224
2381.0,9.952475385099136e-05
2391.0,0.00010155374908923835
2401.0,0.00010366219970388927
2411.0,0.00010584052726117185
2421.0,0.00010808046921838884
2431.0,0.00011037494934594357
2441.0,0.00011271796143607179
2451.0,5.358369747948343e-05
2461.0,5.473607344610949e-05
2471.0,5.5937076844620995e-05
2481.0,5.718107936172171e-05
2491.0,5.846324613236578e-05
2501.0,5.977945735530188e-05
2511.0,6.112623794617487e-05
2521.0,2.7787350817021507e-05
2531.0,2.8419469178893277e-05
2541.0,2.908186474499587e-05
2551.0,2.9771152189516323e-05
2561.0,3.048443142659604e-05
2571.0,3.121923957546874e-05
2581.0,3.197350787381648e-05
2591.0,3.2745523054803245e-05
,
1.0,0.0
11.0,0.0
21.0,0.0
31.0,0.0
41.0,0.0
51.0,0.0
61.0,0.0
71.0,0.0
81.0,0.0
91.0,0.0
101.0,0.0
111.0,0.0
121.0,0.0
131.0,0.0
141.0,0.0
151.0,0.0
161.0,0.0
171.0,0.0
181.0,0.0
191.0,0.0
201.0,0.0
211.0,0.0
221.0,0.0
231.0,0.0
241.0,0.0
251.0,0.0
261.0,0.0
271.0,0.0
281.0,0.0
291.0,0.0
301.0,0.0
311.0,0.0
321.0,0.0
331.0,0.0
341.0,0.0
351.0,0.0
361.0,0.0
371.0,0.0
381.0,0.0
391.0,0.0
401.0,0.0
411.0,0.0
421.0,0.0
431.0,0.0
441.0,0.0
451.0,0.0
461.0,0.0
471.0,0.0
481.0,0.0
491.0,0.0
501.0,0.0
511.0,0.0
521.0,0.0
531.0,0.0
541.0,0.0
551.0,0.0
561.0,0.0
571.0,0.0
581.0,0.0
591.0,0.0
601.0,0.0
611.0,0.0
621.0,0.0
631.0,0.0
641.0,0.0
651.0,0.0
661.0,0.0
671.0,0.0
681.0,0.0
691.0,0.0
701.0,0.0
711.0,0.0
721.0,0.0
731.0,0.0
741.0,0.0
751.0,0.0
761.0,0.0
771.0,0.0
781.0,0.0
791.0,0.0
801.0,0.0
811.0,0.0
821.0,0.0
831.0,0.0
841.0,0.0
851.0,0.0
861.0,0.0
871.0,0.0
881.0,0.0
891.0,0.0
901.0,0.0
911.0,0.0
921.0,0.0
931.0,0.0
941.0,0.0
951.0,0.0
961.0,0.0
971.0,0.0
981.0,0.0
991.0,0.0
1001.0,0.0
1011.0,0.0
1021.0,0.0
1031.0,0.0
1041.0,0.0
1051.0,0.0
1061.0,0.0
1071.0,0.0
1081.0,4.729461543049711e-05
1091.0,4.4023555173250994e-05
1101.0,4.103527699143268e-05
1111.0,3.830503217229195e-05
1121.0,3.580954517676116e-05
1131.0,3.3522440882483525e-05
1141.0,3.142498705835436e-05
1151.0,2.9501406564222576e-05
1161.0,0.0
1171.0,0.0
1181.0,0.0
1191.0,0.0
1201.0,0.0
1211.0,0.0
1221.0,0.0
1231.0,0.00023086130073461384
1241.0,0.0002078370938306489
1251.0,0.00018725498703446868
1261.0,0.0001688542687537753
1271.0,0.00015240192338554867
1281.0,0.00013768963696864927
1291.0,0.00012453114583059173
1301.0,0.0009841489646574431
1311.0,0.0015043824584293182
1321.0,0.0019448494270664148
1331.0,0.0023146679906333395
1341.0,0.0026220010744946267
1351.0,0.0028741558403456505
1361.0,0.003077672448080644
1371.0,0.0015138559486668145
1381.0,0.0015192954344157724
1391.0,0.0015030570648578755
1401.0,0.0014702766196414826
1411.0,0.0014251471404780525
1421.0,0.001371077649678365
1431.0,0.0013108257580672826
1441.0,0.006092116466958873
1451.0,0.005933289563737564
1461.0,0.005775151340888549
1471.0,0.005618009189690949
1481.0,0.005462151250670533
1491.0,0.005307846635829241
1501.0,0.005155345696598828
1511.0,0.005004880336634643
1521.0,0.0022492588962191888
1531.0,0.002181718754702005
1541.0,0.002115385195828415
1551.0,0.0020503427707983185
1561.0,0.001986666615810899
1571.0,0.0019244229518314902
1581.0,0.001863669568935068
1591.0,0.0008498811869817023
1601.0,0.0008227834788369836
1611.0,0.0007964867147718716
1621.0,0.0007710001032301111
1631.0,0.0007463302912996279
1641.0,0.000722481530205482
1651.0,0.0006994558378099656
1661.0,0.00031638559776429013
1671.0,0.00030642774611107544
1681.0,0.00029688364749833203
1691.0,0.0002877465065058453
1701.0,0.00027900931143338433
1711.0,0.00027066485216968974
1721.0,0.00026270574062392906
1731.0,0.00011459676505445781
1741.0,0.00011137285096331884
1751.0,0.00010833261940004518
1761.0,0.00010546965573343424
1771.0,0.00010277785092877832
1781.0,0.0001002513795452777
1791.0,9.788468106184189e-05
1801.0,3.85337323464572e-05
1811.0,3.770879986494304e-05
1821.0,3.695406449945286e-05
1831.0,3.626600798287397e-05
1841.0,3.564138790862726e-05
1851.0,3.507721548850845e-05
1861.0,3.457073577292645e-05
1871.0,3.411941006899635e-05
1881.0,8.966813071277984e-06
1891.0,8.518300658092022e-06
1901.0,8.087810011751552e-06
1911.0,7.676608290127823e-06
1921.0,7.2853814354486634e-06
1931.0,6.914366318234988e-06
1941.0,6.563456581939275e-06
1951.0,5.3439488831889844e-05
1961.0,5.25534010071085e-05
1971.0,5.180847884072399e-05
1981.0,5.1192722833448404e-05
1991.0,5.06953820406615e-05
2001.0,5.030683164197075e-05
2011.0,5.001846322825114e-05
2021.0,1.9742300755957907e-05
2031.0,1.970882350789042e-05
2041.0,1.971742352149253e-05
2051.0,1.9764485266608132e-05
2061.0,1.984680847249522e-05
2071.0,1.996156823465493e-05
2081.0,2.0106279240031736e-05
2091.0,5.164524451795072e-06
2101.0,5.217854301843914e-06
2111.0,5.281228589290237e-06
2121.0,5.35375294190608e-06
2131.0,5.4346495866955035e-06
2141.0,5.520139739721535e-06
2151.0,5.603181995144561e-06
2161.0,0.0
2171.0,0.0
2181.0,0.0
2191.0,0.0
2201.0,0.0
2211.0,0.0
2221.0,0.0
2231.0,0.0
2241.0,0.0
2251.0,0.0
2261.0,0.0
2271.0,0.0
2281.0,0.0
2291.0,0.0
2301.0,0.0
2311.0,0.0
2321.0,0.0
2331.0,0.0
2341.0,0.0
2351.0,0.0
2361.0,0.0
2371.0,0.0
2381.0,0.0
2391.0,0.0
2401.0,0.0
2411.0,0.0
2421.0,0.0
2431.0,0.0
2441.0,0.0
2451.0,0.0
2461.0,0.0
2471.0,0.0
2481.0,0.0
2491.0,0.0
2501.0,0.0
2511.0,0.0
2521.0,0.0
2531.0,0.0
2541.0,0.0
2551.0,0.0
2561.0,0.0
2571.0,0.0
2581.0,0.0
2591.0,0.0
,
1.0,0.0
11.0,0.0
21.0,0.0
31.0,0.0
41.0,0.0
51.0,0.0
61.0,0.0
71.0,0.0
81.0,0.0
91.0,0.0
101.0,0.0
111.0,0.0
121.0,0.0
131.0,0.0
141.0,0.0
151.0,0.0
161.0,0.0
171.0,0.0
181.0,0.0
191.0,0.0
201.0,0.0
211.0,0.0
221.0,0.0
231.0,0.0
241.0,0.0
251.0,0.0
261.0,0.0
271.0,0.0
281.0,0.0
291.0,0.0
301.0,0.0
311.0,0.0
321.0,0.0
331.0,0.0
341.0,0.0
351.0,0.0
361.0,0.0
371.0,0.0
381.0,0.0
391.0,0.0
401.0,0.0
411.0,0.0
421.0,0.0
431.0,0.0
441.0,0.0
451.0,0.0
461.0,0.0
471.0,0.0
481.0,0.0
491.0,0.0
501.0,0.0
511.0,0.0
521.0,0.0
531.0,0.0
541.0,0.0
551.0,0.0
561.0,0.0
571.0,0.0
581.0,0.0
591.0,0.0
601.0,0.0
611.0,0.0
621.0,0.0
631.0,0.0
641.0,0.0
651.0,0.0
661.0,0.0
671.0,0.0
681.0,0.0
691.0,0.0
701.0,0.0
711.0,0.0
721.0,0.0
731.0,0.0
741.0,0.0
751.0,0.0
761.0,0.0
771.0,0.0
781.0,0.0
791.0,0.0
801.0,0.0013176982799022099
811.0,0.0013031982167492709
821.0,0.0012886949702893271
831.0,0.0012741836168802783
841.0,0.001259659087143913
851.0,0.0012451161512998118
861.0,0.0012305494035238411
871.0,0.00021709655952930373
881.0,0.0002144863498497467
891.0,0.00021187065108629254
901.0,0.0002092451915608456
911.0,0.0002066060602033597
921.0,0.00020395230517444146
931.0,0.0002012828709946413
941.0,0.0
951.0,0.0
961.0,0.0
971.0,0.0
981.0,0.0
991.0,0.0
1001.0,0.0
1011.0,0.0
1021.0,0.0
1031.0,0.0
1041.0,0.0
1051.0,0.0
1061.0,0.0
1071.0,0.0
1081.0,0.0
1091.0,0.0
1101.0,0.0
1111.0,0.0
1121.0,0.0
1131.0,0.0
1141.0,0.0
1151.0,0.0
1161.0,0.0
1171.0,0.0
1181.0,0.0
1191.0,0.0
1201.0,0.0
1211.0,0.0
1221.0,0.0
1231.0,0.0
1241.0,0.0
1251.0,0.0
1261.0,0.0
1271.0,0.0
1281.0,0.0
1291.0,0.0
1301.0,0.0
1311.0,0.0
1321.0,0.0
1331.0,0.0
1341.0,0.0
1351.0,0.0
1361.0,0.0
1371.0,0.0
1381.0,0.0
1391.0,0.0
1401.0,0.0
1411.0,0.0
1421.0,0.0
1431.0,0.0
1441.0,0.0008331166573262558
1451.0,0.0008184620889494795
1461.0,0.0008008011655498076
1471.0,0.0007802797184894506
1481.0,0.0007570348255333056
1491.0,0.0007311949431632962
1501.0,0.0007032415666720376
1511.0,0.0006755717838403962
1521.0,0.0002643531853919128
1531.0,0.0002386005352105908
1541.0,0.00021495762607804273
1551.0,0.00019334358373867085
1561.0,0.00017365424549582094
1571.0,0.00015577197154054856
1581.0,0.0001395725707167917
1591.0,0.0030445497170962063
1601.0,0.0027407846040349085
1611.0,0.0024653359975796902
1621.0,0.0022159803350934263
1631.0,0.0019905777300386505
1641.0,0.0017870907144632668
1651.0,0.0016035958804455225
1661.0,0.015795632391316716
1671.0,0.014657138039298715
1681.0,0.013647131416992017
1691.0,0.012750772128596752
1701.0,0.011954966789434205
1711.0,0.011248161909906244
1721.0,0.010620161949134177
1731.0,0.0034241281259820865
1741.0,0.003254408674933952
1751.0,0.0031023026577861185
1761.0,0.0029659070508925816
1771.0,0.0028435359042323564
1781.0,0.002733695568517605
1791.0,0.0026350627857796966
1801.0,0.0010953876310112053
1811.0,0.0009792553638777823
1821.0,0.0008715207815164037
1831.0,0.0007722978752927465
1841.0,0.0006813757747526995
1851.0,0.0005983409026678614
1861.0,0.0005226578894772209
1871.0,0.000453723297499393
1881.0,0.08429883536250102
1891.0,0.0805962102041229
1901.0,0.08072136049296412
1911.0,0.08486687331992045
1921.0,0.09344119405042764
1931.0,0.10720485254505534
1941.0,0.12756133399286468
1951.0,0.0
1961.0,0.0
1971.0,0.0
1981.0,0.0
1991.0,0.0
2001.0,0.0
2011.0,0.0
2021.0,0.0
2031.0,0.0
2041.0,0.0
2051.0,0.0
2061.0,0.0
2071.0,0.0
2081.0,0.0
2091.0,0.0
2101.0,0.0
2111.0,0.0
2121.0,0.0
2131.0,0.0
2141.0,0.0
2151.0,0.0
2161.0,0.0
2171.0,0.0
2181.0,0.0
2191.0,0.0
2201.0,0.0
2211.0,0.0
2221.0,0.0
2231.0,0.0
2241.0,0.0
2251.0,0.0
2261.0,0.0
2271.0,0.0
2281.0,0.0
2291.0,0.0
2301.0,0.0
2311.0,0.0
2321.0,0.0
2331.0,0.0
2341.0,0.0
2351.0,0.0
2361.0,0.0
2371.0,0.0
2381.0,0.0
2391.0,0.0
2401.0,0.0
2411.0,0.0
2421.0,0.0
2431.0,0.0
2441.0,0.0
2451.0,0.0
2461.0,0.0
2471.0,0.0
2481.0,0.0
2491.0,0.0
2501.0,0.0
2511.0,0.0
2521.0,0.0
2531.0,0.0
2541.0,0.0
2551.0,0.0
2561.0,0.0
2571.0,0.0
2581.0,0.0
2591.0,0.0
,
1.0,0.0
11.0,0.0
21.0,0.0
31.0,0.0
41.0,0.0
51.0,0.0
61.0,0.0
71.0,0.0
81.0,0.0
91.0,0.0
101.0,0.0
111.0,0.0
121.0,0.0
131.0,0.0
141.0,0.0
151.0,0.0
161.0,0.0
171.0,0.0
181.0,0.0
191.0,0.0
201.0,0.0
211.0,0.0
221.0,0.0
231.0,0.0
241.0,0.0
251.0,0.0
261.0,0.0
271.0,0.0
281.0,0.0
291.0,0.0
301.0,0.0
311.0,0.0
321.0,0.0
331.0,0.0
341.0,0.0
351.0,0.0
361.0,0.0
371.0,0.0
381.0,0.0
391.0,0.0
401.0,0.0
411.0,0.0
421.0,0.0
431.0,0.0
441.0,0.0
451.0,0.0
461.0,0.0
471.0,0.0
481.0,0.0
491.0,0.0
501.0,0.0
511.0,0.0
521.0,0.0
531.0,0.0
541.0,0.0
551.0,0.0
561.0,0.0
571.0,0.0
581.0,0.0
591.0,0.0
601.0,0.0
611.0,0.0
621.0,0.0
631.0,0.0
641.0,0.0
651.0,0.0
661.0,0.0
671.0,0.0
681.0,0.0
691.0,0.0
701.0,0.0
711.0,0.0
721.0,0.0
731.0,0.0
741.0,0.0
751.0,0.0
761.0,0.0
771.0,0.0
781.0,0.0
791.0,0.0
801.0,0.0
811.0,0.0
821.0,0.0
831.0,0.0
841.0,0.0
851.0,0.0
861.0,0.0
871.0,0.0
881.0,0.0
891.0,0.0
901.0,0.0
911.0,0.0
921.0,0.0
931.0,0.0
941.0,0.0
951.0,0.0
961.0,0.0
971.0,0.0
981.0,0.0
991.0,0.0
1001.0,0.0
1011.0,0.0
1021.0,0.0
1031.0,0.0
1041.0,0.0
1051.0,0.0
1061.0,0.0
1071.0,0.0
1081.0,0.0
1091.0,0.0
1101.0,0.0
1111.0,0.0
1121.0,0.0
1131.0,0.0
1141.0,0.0
1151.0,0.0
1161.0,0.0
1171.0,0.0
1181.0,0.0
1191.0,0.0
1201.0,0.0
1211.0,0.0
1221.0,0.0
1231.0,0.0
1241.0,0.0
1251.0,0.0
1261.0,0.0
1271.0,0.0
1281.0,0.0
1291.0,0.0
1301.0,0.0
1311.0,0.0
1321.0,0.0
1331.0,0.0
1341.0,0.0
1351.0,0.0
1361.0,0.0
1371.0,0.0
1381.0,0.0
1391.0,0.0
1401.0,0.0
1411.0,0.0
1421.0,0.0
1431.0,0.0
1441.0,0.0
1451.0,0.0
1461.0,0.0
1471.0,0.0
1481.0,0.0
1491.0,0.0
1501.0,0.0
1511.0,0.0
1521.0,0.0
1531.0,0.0
1541.0,0.0
1551.0,0.0
1561.0,0.0
1571.0,0.0
1581.0,0.0
1591.0,0.0
1601.0,0.0
1611.0,0.0
1621.0,0.0
1631.0,0.0
1641.0,0.0
1651.0,0.0
1661.0,0.0
1671.0,0.0
1681.0,0.0
1691.0,0.0
1701.0,0.0
1711.0,0.0
1721.0,0.0
1731.0,0.0
1741.0,0.0
1751.0,0.0
1761.0,0.0
1771.0,0.0
1781.0,0.0
1791.0,0.0
1801.0,0.0
1811.0,0.0
1821.0,0.0
1831.0,0.0
1841.0,0.0
1851.0,0.0
1861.0,0.0
1871.0,0.0
1881.0,0.0
1891.0,0.0
1901.0,0.0
1911.0,0.0
1921.0,0.0
1931.0,0.0
1941.0,0.0
1951.0,0.0
1961.0,0.0
1971.0,0.0
1981.0,0.0
1991.0,0.0
2001.0,0.0
2011.0,0.0
2021.0,0.0
2031.0,0.0
2041.0,0.0
2051.0,0.0
2061.0,0.0
2071.0,0.0
2081.0,0.0
2091.0,0.0
2101.0,0.0
2111.0,0.0
2121.0,0.0
2131.0,0.0
2141.0,0.0
2151.0,0.0
2161.0,0.0
2171.0,0.0
2181.0,0.0
2191.0,0.0
2201.0,0.0
2211.0,0.0
2221.0,0.0
2231.0,0.0
2241.0,0.0
2251.0,0.0
2261.0,0.0
2271.0,0.0
2281.0,0.0
2291.0,0.0
2301.0,0.0
2311.0,0.0
2321.0,0.0
2331.0,0.0
2341.0,0.0
2351.0,0.0
2361.0,0.0
2371.0,0.0
2381.0,0.0
2391.0,0.0
2401.0,0.0
2411.0,0.0
2421.0,0.0
2431.0,0.0
2441.0,0.0
2451.0,0.0
2461.0,0.0
2471.0,0.0
2481.0,0.0
2491.0,0.0
2501.0,0.0
2511.0,0.0
2521.0,0.0
2531.0,0.0
2541.0,0.0
2551.0,0.0
2561.0,0.0
2571.0,0.0
2581.0,0.0
2591.0,0.0
,
1.0,0.0
11.0,0.0
21.0,0.0
31.0,0.0
41.0,0.0
51.0,0.0
61.0,0.0
71.0,0.0
81.0,0.0
91.0,0.0
101.0,0.0
111.0,0.0
121.0,0.0
131.0,0.0
141.0,0.0
151.0,0.0
161.0,0.0
171.0,0.0
181.0,0.0
191.0,0.0
201.0,0.0
211.0,0.0
221.0,0.5501329175860513
231.0,0.5472810941867295
241.0,0.5444618197822431
251.0,0.5416749841187826
261.0,0.5389204852574541
271.0,0.536198230022991
281.0,0.5335081344538048
291.0,0.22868547974083647
301.0,0.22095407936755104
311.0,0.21356543065044836
321.0,0.20649904472430639
331.0,0.19973599961573543
341.0,0.1932587941142179
351.0,0.18705121761184446
361.0,1.1030110229357322
371.0,1.0959947700677182
381.0,1.0890265520129754
391.0,1.0821056168722614
401.0,1.075231201096465
411.0,1.0684025301234976
421.0,1.061618818975948
431.0,1.0548792728114884
441.0,0.3771560728526483
451.0,0.37718409677682896
461.0,0.3771544811634525
471.0,0.3770683219145103
481.0,0.37692687681081405
491.0,0.3767315521664019
501.0,0.37648388967508284
511.0,0.1643028127909121
521.0,0.1641506318484266
531.0,0.16397765590628913
541.0,0.1637848914544434
551.0,0.16357336380631288
561.0,0.163344112984283
571.0,0.16309818985009994
581.0,0.07541514814456331
591.0,0.07528733431667617
601.0,0.07515336492318091
611.0,0.07501374780802016
621.0,0.07486898665714431
631.0,0.07471958004286176
641.0,0.074566020579189
651.0,0.03510599717563491
661.0,0.03532309492430052
671.0,0.03552366883895292
681.0,0.035708754924948426
691.0,0.035879362056852326
701.0,0.036036471293849764
711.0,0.03618103538022814
721.0,0.016964233800478422
731.0,0.01702134455408618
741.0,0.017073888011434033
751.0,0.017122254593234958
761.0,0.017166821442994397
771.0,0.017207952619117534
781.0,0.017245999339586867
791.0,0.017281300275015433
801.0,0.007777059342846748
811.0,0.0077909165100847905
821.0,0.007803989589484022
831.0,0.007816408613778468
841.0,0.007828298996731028
851.0,0.00783978175622235
861.0,0.007850973748630495
871.0,0.003211625597357794
881.0,0.0032873811422288192
891.0,0.0033584830821341096
901.0,0.0034253276036234075
911.0,0.00348801052345725
921.0,0.0035460040733863375
931.0,0.0035995932377003177
941.0,0.00100281568339342
951.0,0.0010153931527304846
961.0,0.0010270207699919311
971.0,0.0010377721205035281
981.0,0.0010477159676525317
991.0,0.0010569063216147312
1001.0,0.0010652861074112571
1011.0,0.0
1021.0,0.0
1031.0,0.0
1041.0,0.0
1051.0,0.0
1061.0,0.0
1071.0,0.0
1081.0,0.0
1091.0,0.0
1101.0,0.0
1111.0,0.0
1121.0,0.0
1131.0,0.0
1141.0,0.0
1151.0,0.0
1161.0,0.006314427286248952
1171.0,0.0063278503617694715
1181.0,0.00634095356322721
1191.0,0.0063535993059398894
1201.0,0.00636582348976386
1211.0,0.006377660250629934
1221.0,0.0063891420226086185
1231.0,0.0025707660290156726
1241.0,0.0025751438111832384
1251.0,0.0025794273791588554
1261.0,0.0025836264920940386
1271.0,0.002587750411924092
1281.0,0.0025918079275532436
1291.0,0.0025958073789977684
1301.0,0.0006990346628646397
1311.0,0.0006853055995010048
1321.0,0.0006719410859734554
1331.0,0.0006589310417297548
1341.0,0.0006462654649154115
1351.0,0.0006339344709714708
1361.0,0.0006219283238592848
1371.0,0.0015301786787966238
1381.0,0.001532207943386374
1391.0,0.0015342490585910926
1401.0,0.0015363033832595195
1411.0,0.0015383722558175523
1421.0,0.0015404569974426388
1431.0,0.0015425589153022611
1441.0,0.0002587024668774368
1451.0,0.0002590616120274107
1461.0,0.00025942579986701207
1471.0,0.0002597940171799379
1481.0,0.0002601624159697455
1491.0,0.00026053121439951094
1501.0,0.00026090097504530594
1511.0,0.00026127220800482956
1521.0,0.0
1531.0,0.0
1541.0,0.0
1551.0,0.0
1561.0,0.0
1571.0,0.0
1581.0,0.0
1591.0,0.0
1601.0,0.0
1611.0,0.0
1621.0,0.0
1631.0,0.0
1641.0,0.0
1651.0,0.0
1661.0,0.0
1671.0,0.0
1681.0,0.0
1691.0,0.0
1701.0,0.0
1711.0,0.0
1721.0,0.0
1731.0,0.0
1741.0,0.0
1751.0,0.0
1761.0,0.0
1771.0,0.0
1781.0,0.0
1791.0,0.0
1801.0,0.0
1811.0,0.0
1821.0,0.0
1831.0,0.0
1841.0,0.0
1851.0,0.0
1861.0,0.0
1871.0,0.0
1881.0,0.0
1891.0,0.0
1901.0,0.0
1911.0,0.0
1921.0,0.0
1931.0,0.0
1941.0,0.0
1951.0,0.0
1961.0,0.0
1971.0,0.0
1981.0,0.0
1991.0,0.0
2001.0,0.0
2011.0,0.0
2021.0,0.0
2031.0,0.0
2041.0,0.0
2051.0,0.0
2061.0,0.0
2071.0,0.0
2081.0,0.0
2091.0,0.0
2101.0,0.0
2111.0,0.0
2121.0,0.0
2131.0,0.0
2141.0,0.0
2151.0,0.0
2161.0,0.0
2171.0,0.0
2181.0,0.0
2191.0,0.0
2201.0,0.0
2211.0,0.0
2221.0,0.0
2231.0,0.0
2241.0,0.0
2251.0,0.0
2261.0,0.0
2271.0,0.0
2281.0,0.0
2291.0,0.0
2301.0,0.0
2311.0,0.0
2321.0,0.0
2331.0,0.0
2341.0,0.0
2351.0,0.0
2361.0,0.0
2371.0,0.0
2381.0,0.0
2391.0,0.0
2401.0,0.0
2411.0,0.0
2421.0,0.0
2431.0,0.0
2441.0,0.0
2451.0,0.0
2461.0,0.0
2471.0,0.0
2481.0,0.0
2491.0,0.0
2501.0,0.0
2511.0,0.0
2521.0,0.0
2531.0,0.0
2541.0,0.0
2551.0,0.0
2561.0,0.0
2571.0,0.0
2581.0,0.0
2591.0,0.0
,
1.0,0.0
11.0,0.0
21.0,0.0
31.0,0.0
41.0,0.0
51.0,0.0
61.0,0.0
71.0,0.0
81.0,0.0
91.0,0.0
101.0,0.0
111.0,0.0
121.0,0.0
131.0,0.0
141.0,0.0
151.0,0.0
161.0,0.0
171.0,0.0
181.0,0.0
191.0,0.0
201.0,0.0
211.0,0.0
221.0,0.0
231.0,0.0
241.0,0.0
251.0,0.0
261.0,0.0
271.0,0.0
281.0,0.0
291.0,0.0
301.0,0.0
311.0,0.0
321.0,0.0
331.0,0.0
341.0,0.0
351.0,0.0
361.0,0.0
371.0,0.0
381.0,0.0
391.0,0.0
401.0,0.0
411.0,0.0
421.0,0.0
431.0,0.0
441.0,0.0
451.0,0.0
461.0,0.0
471.0,0.0
481.0,0.0
491.0,0.0
501.0,0.0
511.0,0.0
521.0,0.0
531.0,0.0
541.0,0.0
551.0,0.0
561.0,0.0
571.0,0.0
581.0,0.0
591.0,0.0
601.0,0.0
611.0,0.0
621.0,0.0
631.0,0.0
641.0,0.0
651.0,0.0
661.0,0.0
671.0,0.0
681.0,0.0
691.0,0.0
701.0,0.0
711.0,0.0
721.0,0.0
731.0,0.0
741.0,0.0
751.0,0.0
761.0,0.0
771.0,0.0
781.0,0.0
791.0,0.0
801.0,0.0
811.0,0.0
821.0,0.0
831.0,0.0
841.0,0.0
851.0,0.0
861.0,0.0
871.0,0.0
881.0,0.0
891.0,0.0
901.0,0.0
911.0,0.0
921.0,0.0
931.0,0.0
941.0,0.0
951.0,0.0
961.0,0.0
971.0,0.0
981.0,0.0
991.0,0.0
1001.0,0.0
1011.0,0.07319384740016624
1021.0,0.06456965380497938
1031.0,0.057013897887804275
1041.0,0.05039446862939354
1051.0,0.04459552711190471
1061.0,0.03951551027312733
1071.0,0.035065378562797955
1081.0,0.038843244128128625
1091.0,0.03526257458125274
1101.0,0.032156236506449165
1111.0,0.029467554281851722
1121.0,0.027146987646067086
1131.0,0.025151196318278696
1141.0,0.02344223464672957
1151.0,0.021986857988523095
1161.0,0.002713564010318105
1171.0,0.0025718994264473734
1181.0,0.002448725607273703
1191.0,0.002342003512743029
1201.0,0.0022499229705491186
1211.0,0.002170876741489589
1221.0,0.002103437623168719
1231.0,0.0008422344584463356
1241.0,0.0008225347986448767
1251.0,0.0008062284416718363
1261.0,0.0007929481756328429
1271.0,0.0007823674308471322
1281.0,0.000774195857947823
1291.0,0.000768175403880049
1301.0,0.00034700981350098653
1311.0,0.0003460046434049981
1321.0,0.00034577807030701247
1331.0,0.00034624655905393073
1341.0,0.0003473359832288557
1351.0,0.0003489806391809991
1361.0,0.0003511223674306672
1371.0,0.00016565890666073922
1381.0,0.0001661433127951442
1391.0,0.00016670333742294845
1401.0,0.00016733056709145212
1411.0,0.00016801756039290674
1421.0,0.0001687577433527798
1431.0,0.00016954531589003673
1441.0,0.00012059823317243449
1451.0,0.00011275803307649389
1461.0,0.00010477378341073126
1471.0,9.684479168703597e-05
1481.0,8.910236731960772e-05
1491.0,8.162957299319537e-05
1501.0,7.447501822878936e-05
1511.0,6.766261584543195e-05
1521.0,0.008507585076252462
1531.0,0.00816390148244459
1541.0,0.007906762505266809
1551.0,0.0077263827194956804
1561.0,0.0076141273106888315
1571.0,0.007562366750244676
1581.0,0.0075643519778331525
1591.0,0.0014949510720619937
1601.0,0.0014668931262022372
1611.0,0.0014341141546313693
1621.0,0.0013976858610445842
1631.0,0.00135849469866949
1641.0,0.001317269945606934
1651.0,0.0012746076870100275
1661.0,0.00577085998891386
1671.0,0.005757177971428255
1681.0,0.005800124003434595
1691.0,0.005894355143860829
1701.0,0.0060351121721416105
1711.0,0.006218151390102659
1721.0,0.006439687896105033
1731.0,0.0008738249833849782
1741.0,0.000908644162005772
1751.0,0.0009434648506350163
1761.0,0.0009782637344328594
1771.0,0.0010130199829399584
1781.0,0.0010477153163985515
1791.0,0.0010823340579735256
1801.0,0.0004597255675441456
1811.0,0.0004739044522324532
1821.0,0.0004880686012423308
1831.0,0.0005022090204666828
1841.0,0.000516318373871004
1851.0,0.0005303908966570736
1861.0,0.0005444223143060016
1871.0,0.0005584097668262583
1881.0,0.0002599653098996306
1891.0,0.00026638265415109767
1901.0,0.00027285329549228807
1911.0,0.00027936796288411975
1921.0,0.0002859189271668385
1931.0,0.0002924998678824433
1941.0,0.00029910575308413317
1951.0,0.00014338502445652204
1961.0,0.00014657019029021864
1971.0,0.00014982047069316324
1981.0,0.00015312774997345535
1991.0,0.00015648512814850628
2001.0,0.00015988680657556508
2011.0,0.0001633279852031054
2021.0,7.84590224002881e-05
2031.0,8.014705206786234e-05
2041.0,8.188832267633548e-05
2051.0,8.367684438419821e-05
2061.0,8.550748910906894e-05
2071.0,8.737590770924876e-05
2081.0,8.92784556453507e-05
2091.0,4.1937128855005484e-05
2101.0,4.285758356177383e-05
2111.0,4.381556066681272e-05
2121.0,4.4807035595033295e-05
2131.0,4.5828556761181947e-05
2141.0,4.6877190248587316e-05
2151.0,4.7950470163653486e-05
2161.0,2.1068244723983024e-05
2171.0,2.1555469420813462e-05
2181.0,2.206634263338499e-05
2191.0,2.259840587938382e-05
2201.0,2.3149552851001396e-05
2211.0,2.3717995457603877e-05
2221.0,2.4302233365877995e-05
2231.0,2.4901026698996466e-05
2241.0,8.972344235888189e-06
2251.0,9.20176794022001e-06
2261.0,9.442070931455305e-06
2271.0,9.69220899301954e-06
2281.0,9.951298871981688e-06
2291.0,1.0218602975200792e-05
2301.0,1.0493515674142338e-05
2311.0,9.766945373936578e-07
2321.0,9.019180897770729e-07
2331.0,8.310010302117661e-07
2341.0,7.642549259171963e-07
2351.0,7.017644010850363e-07
2361.0,6.434712979190557e-07
2371.0,5.892281265959704e-07
2381.0,0.0005139434891501158
2391.0,0.0005022080188821215
2401.0,0.0004926365690558232
2411.0,0.0004849974725422443
2421.0,0.0004790842987490273
2431.0,0.00047471315447793243
2441.0,0.0004717202840115384
2451.0,0.0002184673169641594
2461.0,0.00021821064319773375
2471.0,0.00021848156742000052
2481.0,0.0002192234558507164
2491.0,0.0002203859894505694
2501.0,0.00022192451288312944
2511.0,0.0002237994534016436
2521.0,0.0001063750438909611
2531.0,0.00010566763128034288
2541.0,0.00010484589765709158
2551.0,0.00010393200055508137
2561.0,0.00010294492099440916
2571.0,0.00010190087326569018
2581.0,0.00010081366470225785
2591.0,9.969501134164812e-05
,
1.0,0.0
11.0,0.0
21.0,0.0
31.0,0.0
41.0,0.0
51.0,0.0
61.0,0.0
71.0,0.0
81.0,0.0
91.0,0.0
101.0,0.0
111.0,0.0
121.0,0.0
131.0,0.0
141.0,0.0
151.0,0.0
161.0,0.0
171.0,0.0
181.0,0.0
191.0,0.0
201.0,0.0
211.0,0.0
221.0,0.0
231.0,0.0
241.0,0.0
251.0,0.0
261.0,0.0
271.0,0.0
281.0,0.0
291.0,0.0
301.0,0.0
311.0,0.0
321.0,0.0
331.0,0.0
341.0,0.0
351.0,0.0
361.0,0.0
371.0,0.0
381.0,0.0
391.0,0.0
401.0,0.0
411.0,0.0
421.0,0.0
431.0,0.0
441.0,3.253777821162841e-05
451.0,3.311619578646306e-05
461.0,3.3644967335258795e-05
471.0,3.413100073444918e-05
481.0,3.4580380409808144e-05
491.0,3.4998453215544574e-05
501.0,3.538334575579761e-05
511.0,0.0
521.0,0.0
531.0,0.0
541.0,0.0
551.0,0.0
561.0,0.0
571.0,0.0
581.0,0.0
591.0,0.0
601.0,0.0
611.0,0.0
621.0,0.0
631.0,0.0
641.0,0.0
651.0,0.0
661.0,0.0
671.0,0.0
681.0,0.0
691.0,0.0
701.0,0.0
711.0,0.0
721.0,0.0
731.0,0.0
741.0,0.0
751.0,0.0
761.0,0.0
771.0,0.0
781.0,0.0
791.0,0.0
801.0,0.0
811.0,0.0
821.0,0.0
831.0,0.0
841.0,0.0
851.0,0.0
861.0,0.0
871.0,0.0
881.0,0.0
891.0,0.0
901.0,0.0
911.0,0.0
921.0,0.0
931.0,0.0
941.0,0.0
951.0,0.0
961.0,0.0
971.0,0.0
981.0,0.0
991.0,0.0
1001.0,0.0
1011.0,0.0
1021.0,0.0
1031.0,0.0
1041.0,0.0
1051.0,0.0
1061.0,0.0
1071.0,0.0
1081.0,0.0
1091.0,0.0
1101.0,0.0
1111.0,0.0
1121.0,0.0
1131.0,0.0
1141.0,0.0
1151.0,0.0
1161.0,0.0
1171.0,0.0
1181.0,0.0
1191.0,0.0
1201.0,0.0
1211.0,0.0
1221.0,0.0
1231.0,0.0
1241.0,0.0
1251.0,0.0
1261.0,0.0
1271.0,0.0
1281.0,0.0
1291.0,0.0
1301.0,0.0
1311.0,0.0
1321.0,0.0
1331.0,0.0
1341.0,0.0
1351.0,0.0
1361.0,0.0
1371.0,0.0
1381.0,0.0
1391.0,0.0
1401.0,0.0
1411.0,0.0
1421.0,0.0
1431.0,0.0
1441.0,0.0
1451.0,0.0
1461.0,0.0
1471.0,0.0
1481.0,0.0
1491.0,0.0
1501.0,0.0
1511.0,0.0
1521.0,0.0
1531.0,0.0
1541.0,0.0
1551.0,0.0
1561.0,0.0
1571.0,0.0
1581.0,0.0
1591.0,0.0
1601.0,0.0
1611.0,0.0
1621.0,0.0
1631.0,0.0
1641.0,0.0
1651.0,0.0
1661.0,0.0
1671.0,0.0
1681.0,0.0
1691.0,0.0
1701.0,0.0
1711.0,0.0
1721.0,0.0
1731.0,0.0
1741.0,0.0
1751.0,0.0
1761.0,0.0
1771.0,0.0
1781.0,0.0
1791.0,0.0
1801.0,0.0
1811.0,0.0
1821.0,0.0
1831.0,0.0
1841.0,0.0
1851.0,0.0
1861.0,0.0
1871.0,0.0
1881.0,5.8127466873297774e-05
1891.0,5.674595857050237e-05
1901.0,5.553740904198269e-05
1911.0,5.4487333503264334e-05
1921.0,5.358270595931622e-05
1931.0,5.281181664697466e-05
1941.0,5.2164144252479554e-05
1951.0,2.0025217830346445e-05
1961.0,1.9870269093392085e-05
1971.0,1.976252490533512e-05
1981.0,1.969806942502404e-05
1991.0,1.9673415461576223e-05
2001.0,1.968546374628761e-05
2011.0,1.9731466393915877e-05
2021.0,4.510729300587501e-06
2031.0,4.5380241006596915e-06
2041.0,4.5746431798496065e-06
2051.0,4.619796619382095e-06
2061.0,4.670673324050646e-06
2071.0,4.721143089525267e-06
2081.0,4.7714344650418025e-06
2091.0,0.0
2101.0,0.0
2111.0,0.0
2121.0,0.0
2131.0,0.0
2141.0,0.0
2151.0,0.0
2161.0,0.0
2171.0,0.0
2181.0,0.0
2191.0,0.0
2201.0,0.0
2211.0,0.0
2221.0,0.0
2231.0,0.0
2241.0,0.0
2251.0,0.0
2261.0,0.0
2271.0,0.0
2281.0,0.0
2291.0,0.0
2301.0,0.0
2311.0,0.0
2321.0,0.0
2331.0,0.0
2341.0,0.0
2351.0,0.0
2361.0,0.0
2371.0,0.0
2381.0,0.0
2391.0,0.0
2401.0,0.0
2411.0,0.0
2421.0,0.0
2431.0,0.0
2441.0,0.0
2451.0,0.0
2461.0,0.0
2471.0,0.0
2481.0,0.0
2491.0,0.0
2501.0,0.0
2511.0,0.0
2521.0,0.0
2531.0,0.0
2541.0,0.0
2551.0,0.0
2561.0,0.0
2571.0,0.0
2581.0,0.0
2591.0,0.0
,
1.0,0.0
11.0,0.0
21.0,0.0
31.0,0.0
41.0,0.0
51.0,0.0
61.0,0.0
71.0,0.0
81.0,0.0
91.0,0.0
101.0,0.0
111.0,0.0
121.0,0.0
131.0,0.0
141.0,0.0
151.0,0.0
161.0,0.0
171.0,0.0
181.0,0.0
191.0,0.0
201.0,0.0
211.0,0.0
221.0,0.0
231.0,0.0
241.0,0.0
251.0,0.0
261.0,0.0
271.0,0.0
281.0,0.0
291.0,0.0
301.0,0.0
311.0,0.0
321.0,0.0
331.0,0.0
341.0,0.0
351.0,0.0
361.0,0.0
371.0,0.0
381.0,0.0
391.0,0.0
401.0,0.0
411.0,0.0
421.0,0.0
431.0,0.0
441.0,0.0
451.0,0.0
461.0,0.0
471.0,0.0
481.0,0.0
491.0,0.0
501.0,0.0
511.0,0.0
521.0,0.0
531.0,0.0
541.0,0.0
551.0,0.0
561.0,0.0
571.0,0.0
581.0,0.0
591.0,0.0
601.0,0.0
611.0,0.0
621.0,0.0
631.0,0.0
641.0,0.0
651.0,0.0
661.0,0.0
671.0,0.0
681.0,0.0
691.0,0.0
701.0,0.0
711.0,0.0
721.0,0.0
731.0,0.0
741.0,0.0
751.0,0.0
761.0,0.0
771.0,0.0
781.0,0.0
791.0,0.0
801.0,0.0
811.0,0.0
821.0,0.0
831.0,0.0
841.0,0.0
851.0,0.0
861.0,0.0
871.0,0.0
881.0,0.0
891.0,0.0
901.0,0.0
911.0,0.0
921.0,0.0
931.0,0.0
941.0,0.0
951.0,0.0
961.0,0.0
971.0,0.0
981.0,0.0
991.0,0.0
1001.0,0.0
1011.0,0.0
1021.0,0.0
1031.0,0.0
1041.0,0.0
1051.0,0.0
1061.0,0.0
1071.0,0.0
1081.0,0.0
1091.0,0.0
1101.0,0.0
1111.0,0.0
1121.0,0.0
1131.0,0.0
1141.0,0.0
1151.0,0.0
1161.0,0.0
1171.0,0.0
1181.0,0.0
1191.0,0.0
1201.0,0.0
1211.0,0.0
1221.0,0.0
1231.0,0.0
1241.0,0.0
1251.0,0.0
1261.0,0.0
1271.0,0.0
1281.0,0.0
1291.0,0.0
1301.0,0.0
1311.0,0.0
1321.0,0.0
1331.0,0.0
1341.0,0.0
1351.0,0.0
1361.0,0.0
1371.0,0.002991646999959244
1381.0,0.0027828628390190783
1391.0,0.002598171315667963
1401.0,0.0024349685677938796
1411.0,0.002290938736510017
1421.0,0.0021640215701751527
1431.0,0.002052383772456438
1441.0,0.0008503140705064802
1451.0,0.0008130161200206713
1461.0,0.0007805248086349373
1471.0,0.0007523319131772792
1481.0,0.0007279843450500711
1491.0,0.0007070781527313967
1501.0,0.0006892531957012434
1511.0,0.0006741884127657854
1521.0,0.00030603501755495317
1531.0,0.00030133644274110265
1541.0,0.00029762729209622255
1551.0,0.0002948047691782262
1561.0,0.00029277728560800484
1571.0,0.0002914632848188191
1581.0,0.00029079019339726416
1591.0,0.00013541727994095524
1601.0,0.00013314907591626042
1611.0,0.00013089124094678531
1621.0,0.00012865597856940962
1631.0,0.0001264530428302499
1641.0,0.00012429010471240115
1651.0,0.00012217306967900638
1661.0,0.00019902919383404108
1671.0,0.00019913198913715712
1681.0,0.0001996840488510244
1691.0,0.0002006371372043092
1701.0,0.00020194844118868576
1711.0,0.0002035800139115582
1721.0,0.0002054982773854389
1731.0,9.781932658680914e-05
1741.0,9.898539447311073e-05
1751.0,0.000100294762666919
1761.0,0.00010173190751919254
1771.0,0.00010328317409368872
1781.0,0.00010493658995308558
1791.0,0.00010668169831796463
1801.0,5.030534609011344e-05
1811.0,5.1201874800368375e-05
1821.0,5.215954337697123e-05
1831.0,5.317173409562264e-05
1841.0,5.423268797449573e-05
1851.0,5.5337420601238546e-05
1861.0,5.648164660432377e-05
1871.0,5.7661711890579915e-05
1881.0,2.5878551551207255e-05
1891.0,2.644793634391175e-05
1901.0,2.7045486222229538e-05
1911.0,2.7668299155697257e-05
1921.0,2.8313888507581506e-05
1931.0,2.8980142838642173e-05
1941.0,2.9665289856265385e-05
1951.0,1.1475432397079699e-05
1961.0,1.1757276297916562e-05
1971.0,1.205338248110205e-05
1981.0,1.236232821056235e-05
1991.0,1.2682903119701422e-05
2001.0,1.3014088792644232e-05
2011.0,1.3355040475710313e-05
2021.0,2.6605450768405064e-06
2031.0,2.7319601008590794e-06
2041.0,2.8068312990938323e-06
2051.0,2.8840942845971443e-06
2061.0,2.9590513880242442e-06
2071.0,3.0314435824121233e-06
2081.0,3.10181710195807e-06
2091.0,0.0
2101.0,0.0
2111.0,0.0
2121.0,0.0
2131.0,0.0
2141.0,0.0
2151.0,0.0
2161.0,2.3776722561134088e-07
2171.0,2.425903614745886e-07
2181.0,2.4713681668867433e-07
2191.0,2.5145539179330227e-07
2201.0,2.556022516514009e-07
2211.0,2.5962599757820786e-07
2221.0,2.635687617792897e-07
2231.0,2.6746714918501633e-07
2241.0,0.0
2251.0,0.0
2261.0,0.0
2271.0,0.0
2281.0,0.0
2291.0,0.0
2301.0,0.0
2311.0,0.0
2321.0,0.0
2331.0,0.0
2341.0,0.0
2351.0,0.0
2361.0,0.0
2371.0,0.0
2381.0,0.0
2391.0,0.0
2401.0,0.0
2411.0,0.0
2421.0,0.0
2431.0,0.0
2441.0,0.0
2451.0,0.0
2461.0,0.0
2471.0,0.0
2481.0,0.0
2491.0,0.0
2501.0,0.0
2511.0,0.0
2521.0,0.0
2531.0,0.0
2541.0,0.0
2551.0,0.0
2561.0,0.0
2571.0,0.0
2581.0,0.0
2591.0,0.0
,
1.0,0.0
11.0,0.0
21.0,0.0
31.0,0.0
41.0,0.0
51.0,0.0
61.0,0.0
71.0,0.0
81.0,0.0
91.0,0.0
101.0,0.0
111.0,0.0
121.0,0.0
131.0,0.0
141.0,0.0
151.0,0.0
161.0,0.0
171.0,0.0
181.0,0.0
191.0,0.0
201.0,0.0
211.0,0.0
221.0,0.0
231.0,0.0
241.0,0.0
251.0,0.0
261.0,0.0
271.0,0.0
281.0,0.0
291.0,0.0
301.0,0.0
311.0,0.0
321.0,0.0
331.0,0.0
341.0,0.0
351.0,0.0
361.0,0.0
371.0,0.0
381.0,0.0
391.0,0.0
401.0,0.0
411.0,0.0
421.0,0.0
431.0,0.0
441.0,0.0
451.0,0.0
461.0,0.0
471.0,0.0
481.0,0.0
491.0,0.0
501.0,0.0
511.0,0.0
521.0,0.0
531.0,0.0
541.0,0.0
551.0,0.0
561.0,0.0
571.0,0.0
581.0,0.0
591.0,0.0
601.0,0.0
611.0,0.0
621.0,0.0
631.0,0.0
641.0,0.0
651.0,0.0
661.0,0.0
671.0,0.0
681.0,0.0
691.0,0.0
701.0,0.0
711.0,0.0
721.0,0.0
731.0,0.0
741.0,0.0
751.0,0.0
761.0,0.0
771.0,0.0
781.0,0.0
791.0,0.0
801.0,0.0
811.0,0.0
821.0,0.0
831.0,0.0
841.0,0.0
851.0,0.0
861.0,0.0
871.0,0.0
881.0,0.0
891.0,0.0
901.0,0.0
911.0,0.0
921.0,0.0
931.0,0.0
941.0,0.0
951.0,0.0
961.0,0.0
971.0,0.0
981.0,0.0
991.0,0.0
1001.0,0.0
1011.0,0.0
1021.0,0.0
1031.0,0.0
1041.0,0.0
1051.0,0.0
1061.0,0.0
1071.0,0.0
1081.0,0.0
1091.0,0.0
1101.0,0.0
1111.0,0.0
1121.0,0.0
1131.0,0.0
1141.0,0.0
1151.0,0.0
1161.0,0.0
1171.0,0.0
1181.0,0.0
1191.0,0.0
1201.0,0.0
1211.0,0.0
1221.0,0.0
1231.0,0.0
1241.0,0.0
1251.0,0.0
1261.0,0.0
1271.0,0.0
1281.0,0.0
1291.0,0.0
1301.0,0.0
1311.0,0.0
1321.0,0.0
1331.0,0.0
1341.0,0.0
1351.0,0.0
1361.0,0.0
1371.0,0.0
1381.0,0.0
1391.0,0.0
1401.0,0.0
1411.0,0.0
1421.0,0.0
1431.0,0.0
1441.0,0.0
1451.0,0.0
1461.0,0.0
1471.0,0.0
1481.0,0.0
1491.0,0.0
1501.0,0.0
1511.0,0.0
1521.0,5.448737371817349e-07
1531.0,4.63044407884732e-07
1541.0,3.9574908279996966e-07
1551.0,3.394388275897689e-07
1561.0,2.9170926794656223e-07
1571.0,2.5084614270626e-07
1581.0,2.155747181239078e-07
1591.0,0.010890845509804124
1601.0,0.01019123302983786
1611.0,0.00960680324557288
1621.0,0.009124537612726847
1631.0,0.008732975131719615
1641.0,0.008422017618642464
1651.0,0.008182761568724667
1661.0,0.0014577558251261992
1671.0,0.0014335794524551768
1681.0,0.001415964410477939
1691.0,0.0014041715152541398
1701.0,0.0013975440162550218
1711.0,0.001395498497996946
1721.0,0.0013975168481332333
1731.0,0.0005732508257997193
1741.0,0.0005768630776985914
1751.0,0.0005816552204280178
1761.0,0.0005874905482591847
1771.0,0.0005942478376441211
1781.0,0.0006018197347088535
1791.0,0.0006101113218299041
1801.0,0.0002804778531310494
1811.0,0.00028481781056661023
1821.0,0.000289468136087549
1831.0,0.0002943916327449141
1841.0,0.0002995555891516199
1851.0,0.0003049313321872239
1861.0,0.0003104938272471655
1871.0,0.0003162213207361377
1881.0,0.00015096456883934172
1891.0,0.0001538619201822425
1901.0,0.00015687143646075615
1911.0,0.00015997987263902013
1921.0,0.00016317575190263572
1931.0,0.00016644919364413105
1941.0,0.00016979175921000468
1951.0,8.026104174374409e-05
1961.0,7.977275318178279e-05
1971.0,7.907926905899928e-05
1981.0,7.821963425649784e-05
1991.0,7.72270277320324e-05
2001.0,7.612957491328133e-05
2011.0,7.495105114249469e-05
2021.0,0.00019130057811979196
2031.0,0.00019240932775019175
2041.0,0.0001938919152716749
2051.0,0.00019570719230603185
2061.0,0.00019781871138163678
2071.0,0.00020019424702024782
2081.0,0.00020280536776367904
2091.0,9.686953168123995e-05
2101.0,9.832082511597535e-05
2111.0,9.98979626725767e-05
2121.0,0.0001015869339017687
2131.0,0.00010337545197842176
2141.0,0.00010525278288589498
2151.0,0.00010720959231091891
2161.0,5.072872484695706e-05
2171.0,5.1715335677974785e-05
2181.0,5.275927123862742e-05
2191.0,5.385420322413093e-05
2201.0,5.4994638187003476e-05
2211.0,5.617583588317429e-05
2221.0,5.739373599160698e-05
2231.0,5.864489235806551e-05
2241.0,2.5091874284149618e-05
2251.0,2.3978469687147075e-05
2261.0,2.2822633718025104e-05
2271.0,2.165141041943463e-05
2281.0,2.0484530386562932e-05
2291.0,1.9336170906278542e-05
2301.0,1.8216279183358143e-05
2311.0,0.0004847006517680388
2321.0,0.00047873833881157367
2331.0,0.0004745259535761279
2341.0,0.0004718720594294953
2351.0,0.0004706062338768803
2361.0,0.0004705768378884097
2371.0,0.0004716490323349688
2381.0,0.00021917852413139716
2391.0,0.0002206013288682563
2401.0,0.0002224563832658335
2411.0,0.00022469553983167628
2421.0,0.00022727613303511423
2431.0,0.0002301604200669115
2441.0,0.0002333150813842863
2451.0,0.00011147471975143918
2461.0,0.00011321163868212398
2471.0,0.00011508993124704504
2481.0,0.0001170936264741847
2491.0,0.00011920870828814954
2501.0,0.00012142292197470768
2511.0,0.00012372560076123366
2521.0,5.894769773618525e-05
2531.0,6.011087379521566e-05
2541.0,6.133775831683146e-05
2551.0,6.262123252217089e-05
2561.0,6.395511180136688e-05
2571.0,6.533405455153613e-05
2581.0,6.675348036615724e-05
2591.0,6.820949661941304e-05
,
1.0,0.0
11.0,0.0
21.0,0.0
31.0,0.0
41.0,0.0
51.0,0.0
61.0,0.0
71.0,0.0
81.0,0.0
91.0,0.0
101.0,0.0
111.0,0.0
121.0,0.0
131.0,0.0
141.0,0.0
151.0,0.0
161.0,0.0
171.0,0.0
181.0,0.0
191.0,0.0
201.0,0.0
211.0,0.0
221.0,0.0
231.0,0.0
241.0,0.0
251.0,0.0
261.0,0.0
271.0,0.0
281.0,0.0
291.0,0.0
301.0,0.0
311.0,0.0
321.0,0.0
331.0,0.0
341.0,0.0
351.0,0.0
361.0,0.0
371.0,0.0
381.0,0.0
391.0,0.0
401.0,0.0
411.0,0.0
421.0,0.0
431.0,0.0
441.0,0.0
451.0,0.0
461.0,0.0
471.0,0.0
481.0,0.0
491.0,0.0
501.0,0.0
511.0,0.0
521.0,0.0
531.0,0.0
541.0,0.0
551.0,0.0
561.0,0.0
571.0,0.0
581.0,0.0
591.0,0.0
601.0,0.0
611.0,0.0
621.0,0.0
631.0,0.0
641.0,0.0
651.0,0.0
661.0,0.0
671.0,0.0
681.0,0.0
691.0,0.0
701.0,0.0
711.0,0.0
721.0,0.0
731.0,0.0
741.0,0.0
751.0,0.0
761.0,0.0
771.0,0.0
781.0,0.0
791.0,0.0
801.0,0.0
811.0,0.0
821.0,0.0
831.0,0.0
841.0,0.0
851.0,0.0
861.0,0.0
871.0,0.0
881.0,0.0
891.0,0.0
901.0,0.0
911.0,0.0
921.0,0.0
931.0,0.0
941.0,0.0
951.0,0.0
961.0,0.0
971.0,0.0
981.0,0.0
991.0,0.0
1001.0,0.0
1011.0,0.0
1021.0,0.0
1031.0,0.0
1041.0,0.0
1051.0,0.0
1061.0,0.0
1071.0,0.0
1081.0,0.0
1091.0,0.0
1101.0,0.0
1111.0,0.0
1121.0,0.0
1131.0,0.0
1141.0,0.0
1151.0,0.0
1161.0,0.0
1171.0,0.0
1181.0,0.0
1191.0,0.0
1201.0,0.0
1211.0,0.0
1221.0,0.0
1231.0,0.0
1241.0,0.0
1251.0,0.0
1261.0,0.0
1271.0,0.0
1281.0,0.0
1291.0,0.0
1301.0,0.0
1311.0,0.0
1321.0,0.0
1331.0,0.0
1341.0,0.0
1351.0,0.0
1361.0,0.0
1371.0,0.0
1381.0,0.0
1391.0,0.0
1401.0,0.0
1411.0,0.0
1421.0,0.0
1431.0,0.0
1441.0,0.0
1451.0,0.0
1461.0,0.0
1471.0,0.0
1481.0,0.0
1491.0,0.0
1501.0,0.0
1511.0,0.0
1521.0,0.0
1531.0,0.0
1541.0,0.0
1551.0,0.0
1561.0,0.0
1571.0,0.0
1581.0,0.0
1591.0,0.0
1601.0,0.0
1611.0,0.0
1621.0,0.0
1631.0,0.0
1641.0,0.0
1651.0,0.0
1661.0,0.0
1671.0,0.0
1681.0,0.0
1691.0,0.0
1701.0,0.0
1711.0,0.0
1721.0,0.0
1731.0,0.0
1741.0,0.0
1751.0,0.0
1761.0,0.0
1771.0,0.0
1781.0,0.0
1791.0,0.0
1801.0,0.0
1811.0,0.0
1821.0,0.0
1831.0,0.0
1841.0,0.0
1851.0,0.0
1861.0,0.0
1871.0,0.0
1881.0,0.0
1891.0,0.0
1901.0,0.0
1911.0,0.0
1921.0,0.0
1931.0,0.0
1941.0,0.0
1951.0,0.0
1961.0,0.0
1971.0,0.0
1981.0,0.0
1991.0,0.0
2001.0,0.0
2011.0,0.0
2021.0,0.0
2031.0,0.0
2041.0,0.0
2051.0,0.0
2061.0,0.0
2071.0,0.0
2081.0,0.0
2091.0,0.0
2101.0,0.0
2111.0,0.0
2121.0,0.0
2131.0,0.0
2141.0,0.0
2151.0,0.0
2161.0,0.0
2171.0,0.0
2181.0,0.0
2191.0,0.0
2201.0,0.0
2211.0,0.0
2221.0,0.0
2231.0,0.0
2241.0,0.0
2251.0,0.0
2261.0,0.0
2271.0,0.0
2281.0,0.0
2291.0,0.0
2301.0,0.0
2311.0,0.0
2321.0,0.0
2331.0,0.0
2341.0,0.0
2351.0,0.0
2361.0,0.0
2371.0,0.0
2381.0,0.0
2391.0,0.0
2401.0,0.0
2411.0,0.0
2421.0,0.0
2431.0,0.0
2441.0,0.0
2451.0,0.0
2461.0,0.0
2471.0,0.0
2481.0,0.0
2491.0,0.0
2501.0,0.0
2511.0,0.0
2521.0,0.0
2531.0,0.0
2541.0,0.0
2551.0,0.0
2561.0,0.0
2571.0,0.0
2581.0,0.0
2591.0,0.0
,
1.0,0.0
11.0,0.0
21.0,0.0
31.0,0.0
41.0,0.0
51.0,0.0
61.0,0.0
71.0,0.0
81.0,0.0
91.0,0.0
101.0,0.0
111.0,0.0
121.0,0.0
131.0,0.0
141.0,0.0
151.0,0.0
161.0,0.0
171.0,0.0
181.0,0.0
191.0,0.0
201.0,0.0
211.0,0.0
221.0,0.0
231.0,0.0
241.0,0.0
251.0,0.0
261.0,0.0
271.0,0.0
281.0,0.0
291.0,0.21078950169600286
301.0,0.20924746564322214
311.0,0.2077158427493922
321.0,0.20619447128847992
331.0,0.20468318977109276
341.0,0.203181836900855
351.0,0.20169025152219228
361.0,0.09215614829445697
371.0,0.0908767839413224
381.0,0.08960782117488722
391.0,0.08834916119460796
401.0,0.08710070575505323
411.0,0.08586235717981004
421.0,0.08463401837415876
431.0,0.08341559283658216
441.0,0.06717112093101178
451.0,0.06664237205694179
461.0,0.06611680339943106
471.0,0.06559434746538949
481.0,0.06507493658335488
491.0,0.06455850286255228
501.0,0.06404497814746081
511.0,0.029786363362584358
521.0,0.029325386164708037
531.0,0.028868281612096147
541.0,0.028415011221040207
551.0,0.02796553683994517
561.0,0.02751982064777261
571.0,0.02707782515237094
581.0,0.02251160851227855
591.0,0.02231502546382165
601.0,0.022119353719735408
611.0,0.02192455959529386
621.0,0.021730609133643122
631.0,0.021537468068372388
641.0,0.02134510178313139
651.0,0.009794819876891285
661.0,0.009706444245291893
671.0,0.009618420068076566
681.0,0.009530729170037363
691.0,0.009443353200149773
701.0,0.009356273603499244
711.0,0.009269471591347313
721.0,0.004021854749129328
731.0,0.003984066556204693
741.0,0.003946397252986423
751.0,0.003908837147213042
761.0,0.0038713764375225205
771.0,0.003834005193187533
781.0,0.003796713332675081
791.0,0.0037594906009614897
801.0,0.0013589882831798387
811.0,0.0013081480716499723
821.0,0.001259176039219426
831.0,0.001211985855035373
841.0,0.0011664961674647282
851.0,0.0011226302611058064
861.0,0.0010803157407446608
871.0,0.0036264860709084665
881.0,0.003578178383823395
891.0,0.0035298313297314056
901.0,0.003481428883921554
911.0,0.0034329546356850122
921.0,0.0033843917519562586
931.0,0.003335722938608061
941.0,0.001308090504843
951.0,0.0012791586360899317
961.0,0.0012503621974489442
971.0,0.0012216978594868585
981.0,0.0011931623527936482
991.0,0.0011647524624305925
1001.0,0.0011364650227489045
1011.0,0.000716430500546014
1021.0,0.0007036369941027607
1031.0,0.0006907856708825392
1041.0,0.0006778700362659583
1051.0,0.000664883399830231
1061.0,0.0006518188547305249
1071.0,0.0006386692557268913
1081.0,8.756647770170315e-05
1091.0,8.569887685589789e-05
1101.0,8.381706873676093e-05
1111.0,8.191737991269785e-05
1121.0,7.99971917260653e-05
1131.0,7.805540177954268e-05
1141.0,7.609081660364968e-05
1151.0,7.410214893566342e-05
1161.0,0.0
1171.0,0.0
1181.0,0.0
1191.0,0.0
1201.0,0.0
1211.0,0.0
1221.0,0.0
1231.0,0.0015288075501906377
1241.0,0.001457809177965493
1251.0,0.0013863162784325182
1261.0,0.0013142981657101316
1271.0,0.0012417231195531193
1281.0,0.001168558315229416
1291.0,0.0010947697487352066
1301.0,0.0004625886445066192
1311.0,0.0004838041006255446
1321.0,0.0004977885350024914
1331.0,0.0005056980421638176
1341.0,0.0005085145574078524
1351.0,0.0005070727014141723
1361.0,0.0005020823187047009
1371.0,0.001852700991322189
1381.0,0.0017082037659539673
1391.0,0.0015705271382922476
1401.0,0.0014402341349881909
1411.0,0.0013174321413103502
1421.0,0.001201955317976417
1431.0,0.0010934782688584374
1441.0,0.2646544003517019
1451.0,0.253245491149061
1461.0,0.2418696497558965
1471.0,0.23049015157515662
1481.0,0.21906874702818468
1491.0,0.20756583070134893
1501.0,0.1959405966928182
1511.0,0.18415117558149544
1521.0,0.01956501753269827
1531.0,0.01832062331360717
1541.0,0.017184547085834487
1551.0,0.016145559103030498
1561.0,0.015193694036916143
1571.0,0.014320105764312967
1581.0,0.013516938919471175
1591.0,0.006953756158687499
1601.0,0.006604217723947805
1611.0,0.006282358101429211
1621.0,0.005985373953903582
1631.0,0.0057107843752077095
1641.0,0.00545639352746189
1651.0,0.005220257573080109
1661.0,0.002230715538184879
1671.0,0.0021393946458128483
1681.0,0.002054125057219998
1691.0,0.0019743917384146344
1701.0,0.0018997365563015337
1711.0,0.0018297516740150164
1721.0,0.0017640737043377887
1731.0,0.000793956557791718
1741.0,0.0007669448498956575
1751.0,0.0007415910676040847
1761.0,0.0007177811675478655
1771.0,0.0006954127018500211
1781.0,0.000674393486580871
1791.0,0.0006546404250839181
1801.0,0.00029964448587225915
1811.0,0.00029145325095520275
1821.0,0.00028381075498223266
1831.0,0.00027668414811999616
1841.0,0.00027004362175226456
1851.0,0.0002638620794276333
1861.0,0.0002581148461709526
1871.0,0.00025277941183667025
1881.0,0.00011506738410279914
1891.0,0.00011298686266146824
1901.0,0.00011109976741994091
1911.0,0.00010939470322053052
1921.0,0.0001078613255423698
1931.0,0.00010649023797244067
1941.0,0.0001052729011963674
1951.0,4.597411345863703e-05
1961.0,4.5584385863993483e-05
1971.0,4.527091030167914e-05
1981.0,4.502859177862063e-05
1991.0,4.485286585057118e-05
2001.0,4.473964886052398e-05
2011.0,4.468529349229329e-05
2021.0,1.7037711088571882e-05
2031.0,1.695796192391277e-05
2041.0,1.6895706262510613e-05
2051.0,1.6849660474359826e-05
2061.0,1.681865441832196e-05
2071.0,1.680162147759761e-05
2081.0,1.6797589512556072e-05
2091.0,8.563264178190585e-06
2101.0,8.233969583557818e-06
2111.0,7.903478040581262e-06
2121.0,7.5759342535989686e-06
2131.0,7.254413057456516e-06
2141.0,6.941147547056947e-06
2151.0,6.6377096028962065e-06
2161.0,7.01713657114987e-05
2171.0,6.59986508704032e-05
2181.0,6.194882351490867e-05
2191.0,5.805324586539943e-05
2201.0,5.433156617533821e-05
2211.0,5.079469202813312e-05
2221.0,4.7447044490249506e-05
2231.0,4.428827237028004e-05
2241.0,0.0007631788191767374
2251.0,0.0007450344142420756
2261.0,0.0007302917291828859
2271.0,0.000718578373077728
2281.0,0.0007095629687879694
2291.0,0.0007029507182428837
2301.0,0.0006984794654136155
2311.0,0.0003163058888037241
2321.0,0.000316012171379109
2331.0,0.0003164900118772606
2341.0,0.0003176538198071678
2351.0,0.00031942765433649395
2361.0,0.0003217442193031099
2371.0,0.00032454396695487153
2381.0,0.00015374750921659188
2391.0,0.0001555029977013192
2401.0,0.00015748218835195723
2411.0,0.00015965967657509926
2421.0,0.00016201311487281365
2431.0,0.0001645229037653405
2441.0,0.0001671719151132959
2451.0,7.99239632435688e-05
2461.0,8.131127981814609e-05
2471.0,8.278812786063122e-05
2481.0,8.434422241078433e-05
2491.0,8.597061641841415e-05
2501.0,8.765956738295469e-05
2511.0,8.940441773243772e-05
2521.0,4.1908104489094365e-05
2531.0,4.2767292660532526e-05
2541.0,4.3672801567338774e-05
2551.0,4.4619362341281146e-05
2561.0,4.560243044666278e-05
2571.0,4.66181136696154e-05
2581.0,4.766310750427011e-05
2591.0,4.873463719671912e-05
,
1.0,0.0
11.0,0.0
21.0,0.0
31.0,0.0
41.0,0.0
51.0,0.0
61.0,0.0
71.0,0.0
81.0,0.0
91.0,0.0
101.0,0.0
111.0,0.0
121.0,0.0
131.0,0.0
141.0,0.0
151.0,0.0
161.0,0.0
171.0,0.0
181.0,0.0
191.0,0.0
201.0,0.0
211.0,0.0
221.0,0.0
231.0,0.0
241.0,0.0
251.0,0.0
261.0,0.0
271.0,0.0
281.0,0.0
291.0,0.0
301.0,0.0
311.0,0.0
321.0,0.0
331.0,0.0
341.0,0.0
351.0,0.0
361.0,0.0
371.0,0.0
381.0,0.0
391.0,0.0
401.0,0.0
411.0,0.0
421.0,0.0
431.0,0.0
441.0,0.0
451.0,0.0
461.0,0.0
471.0,0.0
481.0,0.0
491.0,0.0
501.0,0.0
511.0,0.005638030229116323
521.0,0.005604360308562052
531.0,0.005571044160903101
541.0,0.005538080157375736
551.0,0.00550546685818545
561.0,0.005473203015514825
571.0,0.005441287576939884
581.0,0.0019519412232364547
591.0,0.0019029430477821346
601.0,0.0018550182228540414
611.0,0.001808140833390852
621.0,0.001762285644093726
631.0,0.001717428084708199
641.0,0.0016735442348847283
651.0,0.003039033729729275
661.0,0.003069040468339572
671.0,0.00309583950825062
681.0,0.003119671746608734
691.0,0.0031407650348188967
701.0,0.0031593346846779152
711.0,0.003175583980222424
721.0,0.0009659432129317985
731.0,0.0009529899191023797
741.0,0.0009394581894265647
751.0,0.0009254447801368232
761.0,0.0009110352092875087
771.0,0.0008963050231217104
781.0,0.0008813209185040177
791.0,0.0008661417380153107
801.0,0.001288832147123797
811.0,0.0011983831676694512
821.0,0.0011172248231581332
831.0,0.0010440227211739772
841.0,0.000977687645650887
851.0,0.0009173210930044983
861.0,0.0008621748573093594
871.0,0.06529016216344777
881.0,0.0656812938068393
891.0,0.0660389973011563
901.0,0.06636465937238376
911.0,0.06665966746858222
921.0,0.06692540558265982
931.0,0.06716325038802269
941.0,0.03159851621823111
951.0,0.03168582296520134
961.0,0.03176197658229787
971.0,0.03182760468470002
981.0,0.031883323218049195
991.0,0.0319297355868394
1001.0,0.03196743190627374
1011.0,0.015048903959375123
1021.0,0.015059271134035282
1031.0,0.0150663794132115
1041.0,0.015070478481369687
1051.0,0.015071810733054533
1061.0,0.015070611232107642
1071.0,0.015067107710492002
1081.0,0.009624590548802046
1091.0,0.009764362207344382
1101.0,0.00989738894055678
1111.0,0.010023853864194323
1121.0,0.010142395182797264
1131.0,0.010253240831448504
1141.0,0.010356874481244867
1151.0,0.010453756574758472
1161.0,0.004308507871270832
1171.0,0.004106747548063721
1181.0,0.0039205021122496525
1191.0,0.0037475249893175475
1201.0,0.0035860044868947674
1211.0,0.0034349387895572835
1221.0,0.003293430442555645
1231.0,0.07793647799777212
1241.0,0.07814285926652663
1251.0,0.07834674553610008
1261.0,0.07854862839335454
1271.0,0.07874900621878221
1281.0,0.07894838325064626
1291.0,0.07914726874510469
1301.0,0.03734912909475227
1311.0,0.03784948487922724
1321.0,0.038329991546331925
1331.0,0.038785708626164615
1341.0,0.03921676945472387
1351.0,0.03962433458114979
1361.0,0.04000953584222697
1371.0,0.01873520457624504
1381.0,0.017895846496589964
1391.0,0.01711766686244477
1401.0,0.016394779656651072
1411.0,0.015720755502463244
1421.0,0.015088713290837118
1431.0,0.01449512151431076
1441.0,0.410527557872837
1451.0,0.40385616464522806
1461.0,0.39726603876716776
1471.0,0.3907619310538096
1481.0,0.3843477278047519
1491.0,0.3780265576535014
1501.0,0.3718008856595612
1511.0,0.36567259619803344
1521.0,1.0794834689497903
1531.0,1.0882971186631314
1541.0,1.0970485727135446
1551.0,1.1057208476753833
1561.0,1.1142989469116804
1571.0,1.1227688719087046
1581.0,1.131117653363125
1591.0,0.31909816990799433
1601.0,0.3213311260301901
1611.0,0.32349897074903017
1621.0,0.32560180205429784
1631.0,0.32763988833003355
1641.0,0.32961365880541615
1651.0,0.33152369380613833
1661.0,0.13941321990327535
1671.0,0.14015818292868004
1681.0,0.1408761935120053
1691.0,0.14156790033166225
1701.0,0.14223397890891717
1711.0,0.14287512801811017
1721.0,0.14349206622132676
1731.0,0.06565178731638925
1741.0,0.06542335730184302
1751.0,0.06518188584065839
1761.0,0.06492836616364815
1771.0,0.06466372892087643
1781.0,0.06438884596399563
1791.0,0.06410453390820343
1801.0,0.05583626085409919
1811.0,0.05599180348681426
1821.0,0.0561420635979516
1831.0,0.05628724906869655
1841.0,0.05642756716659497
1851.0,0.05656322401631901
1861.0,0.05669442411093594
1871.0,0.05682136986328607
1881.0,0.026790243987030383
1891.0,0.026846310744152557
1901.0,0.02690070634972484
1911.0,0.026953519155092417
1921.0,0.027004835673851937
1931.0,0.027054740488513123
1941.0,0.027103316171916327
1951.0,0.012727131881526013
1961.0,0.01274881079736567
1971.0,0.012770015808348046
1981.0,0.012790779908787709
1991.0,0.01281113511902536
2001.0,0.012831112484482408
2011.0,0.01285074207904607
2021.0,0.005843312863045421
2031.0,0.0058519705784784975
2041.0,0.005860533520552213
2051.0,0.005869012388545082
2061.0,0.0058774175362327616
2071.0,0.005885758981196956
2081.0,0.0058940464151168975
2091.0,0.002449517201101191
2101.0,0.0024529329293045046
2111.0,0.0024563517464520268
2121.0,0.002459776416030204
2131.0,0.002463209638263178
2141.0,0.002466654054629947
2151.0,0.002470112252563905
2161.0,0.0007694548355562755
2171.0,0.0007705443936390885
2181.0,0.0007716467538963551
2191.0,0.0007727623143789741
2201.0,0.0007738914881799821
2211.0,0.0007750347042068991
2221.0,0.0007761924080175979
2231.0,0.0007773618211872585
2241.0,0.0
2251.0,0.0
2261.0,0.0
2271.0,0.0
2281.0,0.0
2291.0,0.0
2301.0,0.0
2311.0,0.0
2321.0,0.0
2331.0,0.0
2341.0,0.0
2351.0,0.0
2361.0,0.0
2371.0,0.0
2381.0,0.0
2391.0,0.0
2401.0,0.0
2411.0,0.0
2421.0,0.0
2431.0,0.0
2441.0,0.0
2451.0,0.0
2461.0,0.0
2471.0,0.0
2481.0,0.0
2491.0,0.0
2501.0,0.0
2511.0,0.0
2521.0,0.0
2531.0,0.0
2541.0,0.0
2551.0,0.0
2561.0,0.0
2571.0,0.0
2581.0,0.0
2591.0,0.0
,
1.0,0.0
11.0,0.0
21.0,0.0
31.0,0.0
41.0,0.0
51.0,0.0
61.0,0.0
71.0,0.0
81.0,0.0
91.0,0.0
101.0,0.0
111.0,0.0
121.0,0.0
131.0,0.0
141.0,0.0
151.0,0.0
161.0,0.0
171.0,0.0
181.0,0.0
191.0,0.0
201.0,0.0
211.0,0.0
221.0,0.0
231.0,0.0
241.0,0.0
251.0,0.0
261.0,0.0
271.0,0.0
281.0,0.0
291.0,0.0
301.0,0.0
311.0,0.0
321.0,0.0
331.0,0.0
341.0,0.0
351.0,0.0
361.0,0.0
371.0,0.0
381.0,0.0
391.0,0.0
401.0,0.0
411.0,0.0
421.0,0.0
431.0,0.0
441.0,0.0
451.0,0.0
461.0,0.0
471.0,0.0
481.0,0.0
491.0,0.0
501.0,0.0
511.0,0.0
521.0,0.0
531.0,0.0
541.0,0.0
551.0,0.0
561.0,0.0
571.0,0.0
581.0,0.0
591.0,0.0
601.0,0.0
611.0,0.0
621.0,0.0
631.0,0.0
641.0,0.0
651.0,0.0
661.0,0.0
671.0,0.0
681.0,0.0
691.0,0.0
701.0,0.0
711.0,0.0
721.0,0.0
731.0,0.0
741.0,0.0
751.0,0.0
761.0,0.0
771.0,0.0
781.0,0.0
791.0,0.0
801.0,0.0
811.0,0.0
821.0,0.0
831.0,0.0
841.0,0.0
851.0,0.0
861.0,0.0
871.0,0.0
881.0,0.0
891.0,0.0
901.0,0.0
911.0,0.0
921.0,0.0
931.0,0.0
941.0,0.0
951.0,0.0
961.0,0.0
971.0,0.0
981.0,0.0
991.0,0.0
1001.0,0.0
1011.0,0.0
1021.0,0.0
1031.0,0.0
1041.0,0.0
1051.0,0.0
1061.0,0.0
1071.0,0.0
1081.0,0.0
1091.0,0.0
1101.0,0.0
1111.0,0.0
1121.0,0.0
1131.0,0.0
1141.0,0.0
1151.0,0.0
1161.0,0.0
1171.0,0.0
1181.0,0.0
1191.0,0.0
1201.0,0.0
1211.0,0.0
1221.0,0.0
1231.0,0.0
1241.0,0.0
1251.0,0.0
1261.0,0.0
1271.0,0.0
1281.0,0.0
1291.0,0.0
1301.0,0.0
1311.0,0.0
1321.0,0.0
1331.0,0.0
1341.0,0.0
1351.0,0.0
1361.0,0.0
1371.0,0.0
1381.0,0.0
1391.0,0.0
1401.0,0.0
1411.0,0.0
1421.0,0.0
1431.0,0.0
1441.0,0.0
1451.0,0.0
1461.0,0.0
1471.0,0.0
1481.0,0.0
1491.0,0.0
1501.0,0.0
1511.0,0.0
1521.0,0.0
1531.0,0.0
1541.0,0.0
1551.0,0.0
1561.0,0.0
1571.0,0.0
1581.0,0.0
1591.0,0.0
1601.0,0.0
1611.0,0.0
1621.0,0.0
1631.0,0.0
1641.0,0.0
1651.0,0.0
1661.0,0.0
1671.0,0.0
1681.0,0.0
1691.0,0.0
1701.0,0.0
1711.0,0.0
1721.0,0.0
1731.0,0.0
1741.0,0.0
1751.0,0.0
1761.0,0.0
1771.0,0.0
1781.0,0.0
1791.0,0.0
1801.0,0.0
1811.0,0.0
1821.0,0.0
1831.0,0.0
1841.0,0.0
1851.0,0.0
1861.0,0.0
1871.0,0.0
1881.0,0.0
1891.0,0.0
1901.0,0.0
1911.0,0.0
1921.0,0.0
1931.0,0.0
1941.0,0.0
1951.0,0.0
1961.0,0.0
1971.0,0.0
1981.0,0.0
1991.0,0.0
2001.0,0.0
2011.0,0.0
2021.0,0.0
2031.0,0.0
2041.0,0.0
2051.0,0.0
2061.0,0.0
2071.0,0.0
2081.0,0.0
2091.0,0.0
2101.0,0.0
2111.0,0.0
2121.0,0.0
2131.0,0.0
2141.0,0.0
2151.0,0.0
2161.0,0.0
2171.0,0.0
2181.0,0.0
2191.0,0.0
2201.0,0.0
2211.0,0.0
2221.0,0.0
2231.0,0.0
2241.0,0.0
2251.0,0.0
2261.0,0.0
2271.0,0.0
2281.0,0.0
2291.0,0.0
2301.0,0.0
2311.0,0.0
2321.0,0.0
2331.0,0.0
2341.0,0.0
2351.0,0.0
2361.0,0.0
2371.0,0.0
2381.0,0.0
2391.0,0.0
2401.0,0.0
2411.0,0.0
2421.0,0.0
2431.0,0.0
2441.0,0.0
2451.0,0.0
2461.0,0.0
2471.0,0.0
2481.0,0.0
2491.0,0.0
2501.0,0.0
2511.0,0.0
2521.0,0.0
2531.0,0.0
2541.0,0.0
2551.0,0.0
2561.0,0.0
2571.0,0.0
2581.0,0.0
2591.0,0.0
,
1.0,0.0
11.0,0.0
21.0,0.0
31.0,0.0
41.0,0.0
51.0,0.0
61.0,0.0
71.0,0.0
81.0,0.0
91.0,0.0
101.0,0.0
111.0,0.0
121.0,0.0
131.0,0.0
141.0,0.0
151.0,0.0
161.0,0.0
171.0,0.0
181.0,0.0
191.0,0.0
201.0,0.0
211.0,0.0
221.0,0.0
231.0,0.0
241.0,0.0
251.0,0.0
261.0,0.0
271.0,0.0
281.0,0.0
291.0,0.0
301.0,0.0
311.0,0.0
321.0,0.0
331.0,0.0
341.0,0.0
351.0,0.0
361.0,0.0
371.0,0.0
381.0,0.0
391.0,0.0
401.0,0.0
411.0,0.0
421.0,0.0
431.0,0.0
441.0,0.0
451.0,0.0
461.0,0.0
471.0,0.0
481.0,0.0
491.0,0.0
501.0,0.0
511.0,0.0
521.0,0.0
531.0,0.0
541.0,0.0
551.0,0.0
561.0,0.0
571.0,0.0
581.0,0.0
591.0,0.0
601.0,0.0
611.0,0.0
621.0,0.0
631.0,0.0
641.0,0.0
651.0,0.0
661.0,0.0
671.0,0.0
681.0,0.0
691.0,0.0
701.0,0.0
711.0,0.0
721.0,0.0
731.0,0.0
741.0,0.0
751.0,0.0
761.0,0.0
771.0,0.0
781.0,0.0
791.0,0.0
801.0,0.0
811.0,0.0
821.0,0.0
831.0,0.0
841.0,0.0
851.0,0.0
861.0,0.0
871.0,0.0
881.0,0.0
891.0,0.0
901.0,0.0
911.0,0.0
921.0,0.0
931.0,0.0
941.0,0.0
951.0,0.0
961.0,0.0
971.0,0.0
981.0,0.0
991.0,0.0
1001.0,0.0
1011.0,0.0
1021.0,0.0
1031.0,0.0
1041.0,0.0
1051.0,0.0
1061.0,0.0
1071.0,0.0
1081.0,0.0
1091.0,0.0
1101.0,0.0
1111.0,0.0
1121.0,0.0
1131.0,0.0
1141.0,0.0
1151.0,0.0
1161.0,0.0
1171.0,0.0
1181.0,0.0
1191.0,0.0
1201.0,0.0
1211.0,0.0
1221.0,0.0
1231.0,0.0
1241.0,0.0
1251.0,0.0
1261.0,0.0
1271.0,0.0
1281.0,0.0
1291.0,0.0
1301.0,0.0
1311.0,0.0
1321.0,0.0
1331.0,0.0
1341.0,0.0
1351.0,0.0
1361.0,0.0
1371.0,0.0
1381.0,0.0
1391.0,0.0
1401.0,0.0
1411.0,0.0
1421.0,0.0
1431.0,0.0
1441.0,0.0
1451.0,0.0
1461.0,0.0
1471.0,0.0
1481.0,0.0
1491.0,0.0
1501.0,0.0
1511.0,0.0
1521.0,0.0
1531.0,0.0
1541.0,0.0
1551.0,0.0
1561.0,0.0
1571.0,0.0
1581.0,0.0
1591.0,0.0
1601.0,0.0
1611.0,0.0
1621.0,0.0
1631.0,0.0
1641.0,0.0
1651.0,0.0
1661.0,0.0
1671.0,0.0
1681.0,0.0
1691.0,0.0
1701.0,0.0
1711.0,0.0
1721.0,0.0
1731.0,2.885457876899685e-06
1741.0,2.9442471285986223e-06
1751.0,3.0065936252783903e-06
1761.0,3.0718348778242107e-06
1771.0,3.1353051432362608e-06
1781.0,3.1962838501206254e-06
1791.0,3.255388396525292e-06
1801.0,0.0
1811.0,0.0
1821.0,0.0
1831.0,0.0
1841.0,0.0
1851.0,0.0
1861.0,0.0
1871.0,0.0
1881.0,4.819368317381623e-06
1891.0,4.894043698923754e-06
1901.0,4.97496815756073e-06
1911.0,5.061687243267057e-06
1921.0,5.151900537908483e-06
1931.0,5.238372936823965e-06
1941.0,5.321441867739629e-06
1951.0,0.0
1961.0,0.0
1971.0,0.0
1981.0,0.0
1991.0,0.0
2001.0,0.0
2011.0,0.0
2021.0,0.0
2031.0,0.0
2041.0,0.0
2051.0,0.0
2061.0,0.0
2071.0,0.0
2081.0,0.0
2091.0,0.00038948643038634167
2101.0,0.00037583906690238613
2111.0,0.00036343830416329156
2121.0,0.00035216600748222117
2131.0,0.00034191545902603635
2141.0,0.0003325902383135067
2151.0,0.00032410321364783056
2161.0,0.00032914067263854204
2171.0,0.0003251483598337181
2181.0,0.000322195285882192
2191.0,0.0003201708521940508
2201.0,0.00031897660668517286
2211.0,0.0003185249650964713
2221.0,0.00031873807179913516
2231.0,0.00031954678443291715
2241.0,0.0001508098187125972
2251.0,0.00015174339612688634
2261.0,0.00015293282117973371
2271.0,0.00015435097870467341
2281.0,0.00015597390246454356
2291.0,0.00015778045628554214
2301.0,0.00015975204885311937
2311.0,7.60155952000847e-05
2321.0,7.711738101075634e-05
2331.0,7.831217076883204e-05
2341.0,7.95901053546369e-05
2351.0,8.094256669265232e-05
2361.0,8.236205524291426e-05
2371.0,8.38420801658962e-05
2381.0,3.899505524046199e-05
2391.0,3.9741019646211894e-05
2401.0,4.053092431144699e-05
2411.0,4.136014856874449e-05
2421.0,4.222469647425926e-05
2431.0,4.312113589021817e-05
2441.0,4.404654382907858e-05
2451.0,1.898122071566522e-05
2461.0,1.940289014635072e-05
2471.0,1.9847733065392878e-05
2481.0,2.031335581271418e-05
2491.0,2.0797704298595113e-05
2501.0,2.129903108292496e-05
2511.0,2.181586585250998e-05
2521.0,7.381998222223985e-06
2531.0,7.5649877154996885e-06
2541.0,7.758503784735787e-06
2551.0,7.961487294786493e-06
2561.0,8.173034782257867e-06
2571.0,8.392383455811053e-06
2581.0,8.618897763723921e-06
2591.0,8.852057381968422e-06
,
1.0,0.0
11.0,0.0
21.0,0.0
31.0,0.0
41.0,0.0
51.0,0.0
61.0,0.0
71.0,0.0
81.0,0.0
91.0,0.0
101.0,0.0
111.0,0.0
121.0,0.0
131.0,0.0
141.0,0.0
151.0,0.0
161.0,0.0
171.0,0.0
181.0,0.0
191.0,0.0
201.0,0.0
211.0,0.0
221.0,0.0
231.0,0.0
241.0,0.0
251.0,0.0
261.0,0.0
271.0,0.0
281.0,0.0
291.0,0.0
301.0,0.0
311.0,0.0
321.0,0.0
331.0,0.0
341.0,0.0
351.0,0.0
361.0,0.0
371.0,0.0
381.0,0.0
391.0,0.0
401.0,0.0
411.0,0.0
421.0,0.0
431.0,0.0
441.0,0.0
451.0,0.0
461.0,0.0
471.0,0.0
481.0,0.0
491.0,0.0
501.0,0.0
511.0,0.004683345570960021
521.0,0.004655015793942195
531.0,0.00462696462733977
541.0,0.004599191104912778
551.0,0.004571694376396951
561.0,0.004544473710436869
571.0,0.004517528497864152
581.0,0.001520696867231475
591.0,0.0015117660753486935
601.0,0.0015029364407017766
611.0,0.0014942075674334748
621.0,0.0014855791417818201
631.0,0.0014770509331131431
641.0,0.0014686227952217274
651.0,6.203970009330198e-05
661.0,5.67527996412829e-05
671.0,5.215376580227781e-05
681.0,4.811391656839026e-05
691.0,4.453633106439647e-05
701.0,4.134606361509985e-05
711.0,3.84839149159894e-05
721.0,0.20064163629325188
731.0,0.20065872761428336
741.0,0.2006163953033191
751.0,0.20051530990073643
761.0,0.20035627458026875
771.0,0.20014021386993527
781.0,0.1998681624823789
791.0,0.1995412543058588
801.0,0.08755641096433822
811.0,0.08736574553992243
821.0,0.08715257274414587
831.0,0.0869176449016867
841.0,0.08666172543825171
851.0,0.08638558536732768
861.0,0.08608999996776866
871.0,0.045290963020223514
881.0,0.045604530485062175
891.0,0.04589166539317587
901.0,0.046153631365767576
911.0,0.0463916763605705
921.0,0.04660703010788611
931.0,0.046800901814688385
941.0,0.02212889207830956
951.0,0.022201676495634398
961.0,0.022266024882612263
971.0,0.022322463257623177
981.0,0.022371503789888728
991.0,0.022413644441076755
1001.0,0.02244936869963218
1011.0,0.01048489798433261
1021.0,0.010496250051534203
1031.0,0.010505284122742672
1041.0,0.010512197097192448
1051.0,0.010517179111913626
1061.0,0.010520413630488955
1071.0,0.010522077558152097
1081.0,0.005498088852796985
1091.0,0.0055025947611593694
1101.0,0.005492098055862289
1111.0,0.005468948242482785
1121.0,0.005435162797910084
1131.0,0.005392474755851665
1141.0,0.0053423732220724
1151.0,0.005286137913045755
1161.0,0.01659301328569719
1171.0,0.016791074349871097
1181.0,0.016979785535257013
1191.0,0.01715983050575707
1201.0,0.01733187226318922
1211.0,0.017496553211883384
1221.0,0.01765449532411566
1231.0,0.00815053809336818
1241.0,0.00821524124675316
1251.0,0.008276031073920994
1261.0,0.008333151127737113
1271.0,0.008386833754649756
1281.0,0.008437300340140027
1291.0,0.008484761574916299
1301.0,0.0036401246746681232
1311.0,0.0037045556332846756
1321.0,0.003764481197015839
1331.0,0.00382020524783753
1341.0,0.003872015174543937
1351.0,0.003920182461344784
1361.0,0.003964963284063
1371.0,0.0013419952118508918
1381.0,0.0013118073305322271
1391.0,0.0012819312427096606
1401.0,0.0012524825402809964
1411.0,0.001223550345857676
1421.0,0.0011952021324947548
1431.0,0.001167487691544325
1441.0,0.005654544913505457
1451.0,0.005682830677412199
1461.0,0.005709551335019852
1471.0,0.005734810027772844
1481.0,0.005758704918723438
1491.0,0.005781329329536897
1501.0,0.005802771884304161
1511.0,0.0058231166589892015
1521.0,0.0023279813920766695
1531.0,0.002335323269652564
1541.0,0.002342330331034679
1551.0,0.0023490286888409356
1561.0,0.0023554430172615264
1571.0,0.0023615966138228893
1581.0,0.002367511461051944
1591.0,0.0006204302016771927
1601.0,0.0006211823515413363
1611.0,0.0006218799852832028
1621.0,0.0006225273461452099
1631.0,0.0006231283900541073
1641.0,0.0006236839392001162
1651.0,0.0006241837175509002
1661.0,0.0
1671.0,0.0
1681.0,0.0
1691.0,0.0
1701.0,0.0
1711.0,0.0
1721.0,0.0
1731.0,0.0014790750457557525
1741.0,0.0014813571252760512
1751.0,0.001483640179921952
1761.0,0.0014859263812353305
1771.0,0.0014882178359115266
1781.0,0.0014905165907469083
1791.0,0.001492824637652102
1801.0,0.00030131063050755264
1811.0,0.0003017818736884991
1821.0,0.000302258697306449
1831.0,0.0003027413097089972
1841.0,0.0003032265998370793
1851.0,0.0003037107927070168
1861.0,0.0003041947528930812
1871.0,0.000304679277890015
1881.0,0.0
1891.0,0.0
1901.0,0.0
1911.0,0.0
1921.0,0.0
1931.0,0.0
1941.0,0.0
1951.0,0.06147906816504568
1961.0,0.06152722125043684
1971.0,0.06158235316195487
1981.0,0.0616445521634944
1991.0,0.06171131220068849
2001.0,0.0617790834039005
2011.0,0.06184783118909811
2021.0,0.028581929608480338
2031.0,0.028614627052403606
2041.0,0.028647849858986312
2051.0,0.028681590197969408
2061.0,0.02871584085879975
2071.0,0.028750595266907573
2081.0,0.02878584749785608
2091.0,0.013560878084275769
2101.0,0.01354837676414979
2111.0,0.013535888075186494
2121.0,0.013523405235658417
2131.0,0.013510921735725934
2141.0,0.013498431328409074
2151.0,0.013485928020342703
2161.0,0.007509532067059895
2171.0,0.007519837829730597
2181.0,0.00753033392874794
2191.0,0.00754101738681571
2201.0,0.00755188553526009
2211.0,0.007562936014092424
2221.0,0.007574166771609167
2231.0,0.007585576063604397
2241.0,0.003472441778882939
2251.0,0.0034778533845630784
2261.0,0.0034833717894083584
2271.0,0.003488995382291465
2281.0,0.0034947227603565737
2291.0,0.0035005527267856864
2301.0,0.0035064842885000223
2311.0,0.0014847418599405018
2321.0,0.0014873513187430784
2331.0,0.0014900184770868783
2341.0,0.0014927423955240653
2351.0,0.0014955222678175051
2361.0,0.0014983574184817023
2371.0,0.0015012473004058812
2381.0,0.0004971022920288766
2391.0,0.0004904269993046685
2401.0,0.0004838706257966098
2411.0,0.0004774307191454734
2421.0,0.000471104884783293
2431.0,0.0004648907843634347
2441.0,0.00045878613424263907
2451.0,0.0006065505658422344
2461.0,0.0006078345436693579
2471.0,0.0006091484101911405
2481.0,0.0006104916958220135
2491.0,0.000611864007723325
2501.0,0.0006132650280934177
2511.0,0.0006146945125617521
2521.0,8.364971709032332e-05
2531.0,7.645809122353904e-05
2541.0,7.035011825511504e-05
2551.0,6.51017700487569e-05
2561.0,6.054628365630482e-05
2571.0,5.6557034551018494e-05
2581.0,5.303619285113453e-05
2591.0,4.990700997665274e-05
,
1.0,0.0
11.0,0.0
21.0,0.0
31.0,0.0
41.0,0.0
51.0,0.0
61.0,0.0
71.0,0.0
81.0,0.0
91.0,0.0
101.0,0.0
111.0,0.0
121.0,0.0
131.0,0.0
141.0,0.0
151.0,0.0
161.0,0.0
171.0,0.0
181.0,0.0
191.0,0.0
201.0,0.0
211.0,0.0
221.0,0.0
231.0,0.0
241.0,0.0
251.0,0.0
261.0,0.0
271.0,0.0
281.0,0.0
291.0,0.0
301.0,0.0
311.0,0.0
321.0,0.0
331.0,0.0
341.0,0.0
351.0,0.0
361.0,0.0
371.0,0.0
381.0,0.0
391.0,0.0
401.0,0.0
411.0,0.0
421.0,0.0
431.0,0.0
441.0,0.0
451.0,0.0
461.0,0.0
471.0,0.0
481.0,0.0
491.0,0.0
501.0,0.0
511.0,0.059443118451485796
521.0,0.059098722496638986
531.0,0.05875798979479555
541.0,0.05842090547370032
551.0,0.058087455864115733
561.0,0.057757628526692695
571.0,0.057431412279791996
581.0,0.026894616002462287
591.0,0.026744444857462517
601.0,0.02659604026067806
611.0,0.02644939748647065
621.0,0.02630451259844623
631.0,0.02616138246855793
641.0,0.026020004797158713
651.0,0.011904243829035084
661.0,0.011544176853167767
671.0,0.01119648858199149
681.0,0.010860636634563717
691.0,0.010536108221058197
701.0,0.010222418227657206
711.0,0.009919107440800394
721.0,0.028326648699647856
731.0,0.026762085782493582
741.0,0.025320450025264982
751.0,0.0239882673289676
761.0,0.022753953964872266
771.0,0.021607496105928846
781.0,0.02054019241757432
791.0,0.019544445679319733
801.0,0.4255886766326641
811.0,0.4041652698172165
821.0,0.38415227186994877
831.0,0.36542210235422007
841.0,0.34786186985543144
851.0,0.3313713176654184
861.0,0.3158611031167546
871.0,7.806073542593705
881.0,7.700259300557044
891.0,7.588975937142334
901.0,7.4713269197239125
911.0,7.346175412053932
921.0,7.212061368478009
931.0,7.067078941836409
941.0,0.004650186434997949
951.0,0.004542575283195065
961.0,0.004434519255137962
971.0,0.004325980383663818
981.0,0.004216919530715913
991.0,0.004107296308998929
1001.0,0.003997068998486703
1011.0,0.0017244547732051764
1021.0,0.0016679563035678865
1031.0,0.0016114606423625658
1041.0,0.0015549575935561392
1051.0,0.0014984368841229403
1061.0,0.0014418881514891356
1071.0,0.0013853009309674575
1081.0,0.0007535916595566553
1091.0,0.0007246233525164401
1101.0,0.0006954239564577965
1111.0,0.0006659778969337852
1121.0,0.0006362690543049258
1131.0,0.0006062807192668715
1141.0,0.0005759955453337043
1151.0,0.000545395498019279
1161.0,0.00016179264958339465
1171.0,0.00015196252588586551
1181.0,0.0001420218166996621
1191.0,0.0001320397359746759
1201.0,0.0001227320692067626
1211.0,0.00011421658380564398
1221.0,0.00010642371669257548
1231.0,0.0
1241.0,0.0
1251.0,0.0
1261.0,0.0
1271.0,0.0
1281.0,0.0
1291.0,0.0
1301.0,0.0
1311.0,0.0
1321.0,0.0
1331.0,0.0
1341.0,0.0
1351.0,0.0
1361.0,0.0
1371.0,0.0
1381.0,0.0
1391.0,0.0
1401.0,0.0
1411.0,0.0
1421.0,0.0
1431.0,0.0
1441.0,0.0
1451.0,0.0
1461.0,0.0
1471.0,0.0
1481.0,0.0
1491.0,0.0
1501.0,0.0
1511.0,0.0
1521.0,0.0
1531.0,0.0
1541.0,0.0
1551.0,0.0
1561.0,0.0
1571.0,0.0
1581.0,0.0
1591.0,0.0
1601.0,0.0
1611.0,0.0
1621.0,0.0
1631.0,0.0
1641.0,0.0
1651.0,0.0
1661.0,0.0
1671.0,0.0
1681.0,0.0
1691.0,0.0
1701.0,0.0
1711.0,0.0
1721.0,0.0
1731.0,0.0
1741.0,0.0
1751.0,0.0
1761.0,0.0
1771.0,0.0
1781.0,0.0
1791.0,0.0
1801.0,0.0
1811.0,0.0
1821.0,0.0
1831.0,0.0
1841.0,0.0
1851.0,0.0
1861.0,0.0
1871.0,0.0
1881.0,0.0
1891.0,0.0
1901.0,0.0
1911.0,0.0
1921.0,0.0
1931.0,0.0
1941.0,0.0
1951.0,0.0
1961.0,0.0
1971.0,0.0
1981.0,0.0
1991.0,0.0
2001.0,0.0
2011.0,0.0
2021.0,0.0
2031.0,0.0
2041.0,0.0
2051.0,0.0
2061.0,0.0
2071.0,0.0
2081.0,0.0
2091.0,0.0
2101.0,0.0
2111.0,0.0
2121.0,0.0
2131.0,0.0
2141.0,0.0
2151.0,0.0
2161.0,0.0
2171.0,0.0
2181.0,0.0
2191.0,0.0
2201.0,0.0
2211.0,0.0
2221.0,0.0
2231.0,0.0
2241.0,0.0
2251.0,0.0
2261.0,0.0
2271.0,0.0
2281.0,0.0
2291.0,0.0
2301.0,0.0
2311.0,0.0
2321.0,0.0
2331.0,0.0
2341.0,0.0
2351.0,0.0
2361.0,0.0
2371.0,0.0
2381.0,0.0
2391.0,0.0
2401.0,0.0
2411.0,0.0
2421.0,0.0
2431.0,0.0
2441.0,0.0
2451.0,0.0
2461.0,0.0
2471.0,0.0
2481.0,0.0
2491.0,0.0
2501.0,0.0
2511.0,0.0
2521.0,0.0
2531.0,0.0
2541.0,0.0
2551.0,0.0
2561.0,0.0
2571.0,0.0
2581.0,0.0
2591.0,0.0
,
1.0,0.0
11.0,0.0
21.0,0.0
31.0,0.0
41.0,0.0
51.0,0.0
61.0,0.0
71.0,0.0
81.0,0.0
91.0,0.0
101.0,0.0
111.0,0.0
121.0,0.0
131.0,0.0
141.0,0.0
151.0,0.0
161.0,0.0
171.0,0.0
181.0,0.0
191.0,0.0
201.0,0.0
211.0,0.0
221.0,0.0
231.0,0.0
241.0,0.0
251.0,0.0
261.0,0.0
271.0,0.0
281.0,0.0
291.0,0.0
301.0,0.0
311.0,0.0
321.0,0.0
331.0,0.0
341.0,0.0
351.0,0.0
361.0,0.0
371.0,0.0
381.0,0.0
391.0,0.0
401.0,0.0
411.0,0.0
421.0,0.0
431.0,0.0
441.0,0.0
451.0,0.0
461.0,0.0
471.0,0.0
481.0,0.0
491.0,0.0
501.0,0.0
511.0,0.0
521.0,0.0
531.0,0.0
541.0,0.0
551.0,0.0
561.0,0.0
571.0,0.0
581.0,0.0
591.0,0.0
601.0,0.0
611.0,0.0
621.0,0.0
631.0,0.0
641.0,0.0
651.0,0.0
661.0,0.0
671.0,0.0
681.0,0.0
691.0,0.0
701.0,0.0
711.0,0.0
721.0,0.0
731.0,0.0
741.0,0.0
751.0,0.0
761.0,0.0
771.0,0.0
781.0,0.0
791.0,0.0
801.0,0.0
811.0,0.0
821.0,0.0
831.0,0.0
841.0,0.0
851.0,0.0
861.0,0.0
871.0,0.0
881.0,0.0
891.0,0.0
901.0,0.0
911.0,0.0
921.0,0.0
931.0,0.0
941.0,0.0
951.0,0.0
961.0,0.0
971.0,0.0
981.0,0.0
991.0,0.0
1001.0,0.0
1011.0,0.0
1021.0,0.0
1031.0,0.0
1041.0,0.0
1051.0,0.0
1061.0,0.0
1071.0,0.0
1081.0,0.0
1091.0,0.0
1101.0,0.0
1111.0,0.0
1121.0,0.0
1131.0,0.0
1141.0,0.0
1151.0,0.0
1161.0,0.0
1171.0,0.0
1181.0,0.0
1191.0,0.0
1201.0,0.0
1211.0,0.0
1221.0,0.0
1231.0,0.0
1241.0,0.0
1251.0,0.0
1261.0,0.0
1271.0,0.0
1281.0,0.0
1291.0,0.0
1301.0,0.0
1311.0,0.0
1321.0,0.0
1331.0,0.0
1341.0,0.0
1351.0,0.0
1361.0,0.0
1371.0,0.0
1381.0,0.0
1391.0,0.0
1401.0,0.0
1411.0,0.0
1421.0,0.0
1431.0,0.0
1441.0,0.0
1451.0,0.0
1461.0,0.0
1471.0,0.0
1481.0,0.0
1491.0,0.0
1501.0,0.0
1511.0,0.0
1521.0,0.0
1531.0,0.0
1541.0,0.0
1551.0,0.0
1561.0,0.0
1571.0,0.0
1581.0,0.0
1591.0,0.0
1601.0,0.0
1611.0,0.0
1621.0,0.0
1631.0,0.0
1641.0,0.0
1651.0,0.0
1661.0,0.0
1671.0,0.0
1681.0,0.0
1691.0,0.0
1701.0,0.0
1711.0,0.0
1721.0,0.0
1731.0,0.0
1741.0,0.0
1751.0,0.0
1761.0,0.0
1771.0,0.0
1781.0,0.0
1791.0,0.0
1801.0,0.0
1811.0,0.0
1821.0,0.0
1831.0,0.0
1841.0,0.0
1851.0,0.0
1861.0,0.0
1871.0,0.0
1881.0,0.0
1891.0,0.0
1901.0,0.0
1911.0,0.0
1921.0,0.0
1931.0,0.0
1941.0,0.0
1951.0,0.0
1961.0,0.0
1971.0,0.0
1981.0,0.0
1991.0,0.0
2001.0,0.0
2011.0,0.0
2021.0,0.0
2031.0,0.0
2041.0,0.0
2051.0,0.0
2061.0,0.0
2071.0,0.0
2081.0,0.0
2091.0,0.0
2101.0,0.0
2111.0,0.0
2121.0,0.0
2131.0,0.0
2141.0,0.0
2151.0,0.0
2161.0,0.0
2171.0,0.0
2181.0,0.0
2191.0,0.0
2201.0,0.0
2211.0,0.0
2221.0,0.0
2231.0,0.0
2241.0,0.0
2251.0,0.0
2261.0,0.0
2271.0,0.0
2281.0,0.0
2291.0,0.0
2301.0,0.0
2311.0,0.0
2321.0,0.0
2331.0,0.0
2341.0,0.0
2351.0,0.0
2361.0,0.0
2371.0,0.0
2381.0,0.0
2391.0,0.0
2401.0,0.0
2411.0,0.0
2421.0,0.0
2431.0,0.0
2441.0,0.0
2451.0,0.0
2461.0,0.0
2471.0,0.0
2481.0,0.0
2491.0,0.0
2501.0,0.0
2511.0,0.0
2521.0,0.0
2531.0,0.0
2541.0,0.0
2551.0,0.0
2561.0,0.0
2571.0,0.0
2581.0,0.0
2591.0,0.0
,
1.0,0.0
11.0,0.0
21.0,0.0
31.0,0.0
41.0,0.0
51.0,0.0
61.0,0.0
71.0,0.0
81.0,0.0
91.0,0.0
101.0,0.0
111.0,0.0
121.0,0.0
131.0,0.0
141.0,0.0
151.0,0.0
161.0,0.0
171.0,0.0
181.0,0.0
191.0,0.0
201.0,0.0
211.0,0.0
221.0,0.0
231.0,0.0
241.0,0.0
251.0,0.0
261.0,0.0
271.0,0.0
281.0,0.0
291.0,0.0
301.0,0.0
311.0,0.0
321.0,0.0
331.0,0.0
341.0,0.0
351.0,0.0
361.0,0.0
371.0,0.0
381.0,0.0
391.0,0.0
401.0,0.0
411.0,0.0
421.0,0.0
431.0,0.0
441.0,0.0
451.0,0.0
461.0,0.0
471.0,0.0
481.0,0.0
491.0,0.0
501.0,0.0
511.0,0.0
521.0,0.0
531.0,0.0
541.0,0.0
551.0,0.0
561.0,0.0
571.0,0.0
581.0,0.0
591.0,0.0
601.0,0.0
611.0,0.0
621.0,0.0
631.0,0.0
641.0,0.0
651.0,0.0
661.0,0.0
671.0,0.0
681.0,0.0
691.0,0.0
701.0,0.0
711.0,0.0
721.0,0.0
731.0,0.0
741.0,0.0
751.0,0.0
761.0,0.0
771.0,0.0
781.0,0.0
791.0,0.0
801.0,0.0
811.0,0.0
821.0,0.0
831.0,0.0
841.0,0.0
851.0,0.0
861.0,0.0
871.0,0.0
881.0,0.0
891.0,0.0
901.0,0.0
911.0,0.0
921.0,0.0
931.0,0.0
941.0,0.0
951.0,0.0
961.0,0.0
971.0,0.0
981.0,0.0
991.0,0.0
1001.0,0.0
1011.0,0.0
1021.0,0.0
1031.0,0.0
1041.0,0.0
1051.0,0.0
1061.0,0.0
1071.0,0.0
1081.0,0.0
1091.0,0.0
1101.0,0.0
1111.0,0.0
1121.0,0.0
1131.0,0.0
1141.0,0.0
1151.0,0.0
1161.0,0.0
1171.0,0.0
1181.0,0.0
1191.0,0.0
1201.0,0.0
1211.0,0.0
1221.0,0.0
1231.0,2.584909683551254e-05
1241.0,2.426609186248409e-05
1251.0,2.282661389325748e-05
1261.0,2.151814151600928e-05
1271.0,2.0326871144281272e-05
1281.0,1.9236734368042278e-05
1291.0,1.8239289187300028e-05
1301.0,0.0
1311.0,0.0
1321.0,0.0
1331.0,0.0
1341.0,0.0
1351.0,0.0
1361.0,0.0
1371.0,0.0
1381.0,0.0
1391.0,0.0
1401.0,0.0
1411.0,0.0
1421.0,0.0
1431.0,0.0
1441.0,9.690820414183354e-05
1451.0,9.51425972009401e-05
1461.0,9.318953897082822e-05
1471.0,9.108908417762838e-05
1481.0,8.887635398348984e-05
1491.0,8.658205732600345e-05
1501.0,8.423296087690631e-05
1511.0,8.185231264969186e-05
1521.0,0.0
1531.0,0.0
1541.0,0.0
1551.0,0.0
1561.0,0.0
1571.0,0.0
1581.0,0.0
1591.0,0.0
1601.0,0.0
1611.0,0.0
1621.0,0.0
1631.0,0.0
1641.0,0.0
1651.0,0.0
1661.0,0.0
1671.0,0.0
1681.0,0.0
1691.0,0.0
1701.0,0.0
1711.0,0.0
1721.0,0.0
1731.0,0.0
1741.0,0.0
1751.0,0.0
1761.0,0.0
1771.0,0.0
1781.0,0.0
1791.0,0.0
1801.0,0.0
1811.0,0.0
1821.0,0.0
1831.0,0.0
1841.0,0.0
1851.0,0.0
1861.0,0.0
1871.0,0.0
1881.0,0.0
1891.0,0.0
1901.0,0.0
1911.0,0.0
1921.0,0.0
1931.0,0.0
1941.0,0.0
1951.0,0.0
1961.0,0.0
1971.0,0.0
1981.0,0.0
1991.0,0.0
2001.0,0.0
2011.0,0.0
2021.0,0.0
2031.0,0.0
2041.0,0.0
2051.0,0.0
2061.0,0.0
2071.0,0.0
2081.0,0.0
2091.0,0.0004332262512719684
2101.0,0.0004036728421742356
2111.0,0.00037432921013651535
2121.0,0.0003468579149676154
2131.0,0.00032159544851957834
2141.0,0.0002983714171698805
2151.0,0.000277027488031756
2161.0,0.0003477131395069951
2171.0,0.00032816144814736133
2181.0,0.00031032457049584095
2191.0,0.0002940494703558152
2201.0,0.00027919816452518344
2211.0,0.0002656461798095299
2221.0,0.0002532811738907006
2231.0,0.00024200170233537276
2241.0,9.896753590777079e-05
2251.0,8.908587897492169e-05
2261.0,8.018983315522936e-05
2271.0,7.218469481920094e-05
2281.0,6.498359513217279e-05
2291.0,5.8507086817793955e-05
2301.0,5.268268272441334e-05
2311.0,0.0014743994112796114
2321.0,0.0013944351586105501
2331.0,0.0013237814116033317
2341.0,0.0012614522653346728
2351.0,0.0012065695203536545
2361.0,0.0011583507996200345
2371.0,0.0011160990104577158
2381.0,0.0004907563119519992
2391.0,0.0004762226534276411
2401.0,0.00046371776626015016
2411.0,0.00045303230848907545
2421.0,0.00044397958960768776
2431.0,0.00043639314536367605
2441.0,0.00043012457965199604
2451.0,0.0001993969531286324
2461.0,0.0001975566654301204
2471.0,0.00019622836045680487
2481.0,0.00019536023771269122
2491.0,0.00019490619605719748
2501.0,0.00019482524264256054
2511.0,0.00019508096526233063
2521.0,9.199929631346095e-05
2531.0,9.241257193339915e-05
2541.0,9.298486330538626e-05
2551.0,9.370016308890822e-05
2561.0,9.454432484249287e-05
2571.0,9.550487598983847e-05
2581.0,9.657085037086181e-05
2591.0,9.773263830658075e-05
,
1.0,0.0
11.0,0.0
21.0,0.0
31.0,0.0
41.0,0.0
51.0,0.0
61.0,0.0
71.0,0.0
81.0,0.0
91.0,0.0
101.0,0.0
111.0,0.0
121.0,0.0
131.0,0.0
141.0,0.0
151.0,0.00015585475508073733
161.0,0.00015579628161276215
171.0,0.00015576126409597003
181.0,0.0001557505080334821
191.0,0.0001557648607960381
201.0,0.00015580521602906295
211.0,0.00015587251826949965
221.0,0.0
231.0,0.0
241.0,0.0
251.0,0.0
261.0,0.0
271.0,0.0
281.0,0.0
291.0,0.0
301.0,0.0
311.0,0.0
321.0,0.0
331.0,0.0
341.0,0.0
351.0,0.0
361.0,0.0
371.0,0.0
381.0,0.0
391.0,0.0
401.0,0.0
411.0,0.0
421.0,0.0
431.0,0.0
441.0,0.0
451.0,0.0
461.0,0.0
471.0,0.0
481.0,0.0
491.0,0.0
501.0,0.0
511.0,0.0
521.0,0.0
531.0,0.0
541.0,0.0
551.0,0.0
561.0,0.0
571.0,0.0
581.0,0.0
591.0,0.0
601.0,0.0
611.0,0.0
621.0,0.0
631.0,0.0
641.0,0.0
651.0,0.0
661.0,0.0
671.0,0.0
681.0,0.0
691.0,0.0
701.0,0.0
711.0,0.0
721.0,0.0
731.0,0.0
741.0,0.0
751.0,0.0
761.0,0.0
771.0,0.0
781.0,0.0
791.0,0.0
801.0,0.0
811.0,0.0
821.0,0.0
831.0,0.0
841.0,0.0
851.0,0.0
861.0,0.0
871.0,0.0
881.0,0.0
891.0,0.0
901.0,0.0
911.0,0.0
921.0,0.0
931.0,0.0
941.0,0.0
951.0,0.0
961.0,0.0
971.0,0.0
981.0,0.0
991.0,0.0
1001.0,0.0
1011.0,0.0
1021.0,0.0
1031.0,0.0
1041.0,0.0
1051.0,0.0
1061.0,0.0
1071.0,0.0
1081.0,0.0
1091.0,0.0
1101.0,0.0
1111.0,0.0
1121.0,0.0
1131.0,0.0
1141.0,0.0
1151.0,0.0
1161.0,0.0
1171.0,0.0
1181.0,0.0
1191.0,0.0
1201.0,0.0
1211.0,0.0
1221.0,0.0
1231.0,0.0
1241.0,0.0
1251.0,0.0
1261.0,0.0
1271.0,0.0
1281.0,0.0
1291.0,0.0
1301.0,0.0
1311.0,0.0
1321.0,0.0
1331.0,0.0
1341.0,0.0
1351.0,0.0
1361.0,0.0
1371.0,0.0
1381.0,0.0
1391.0,0.0
1401.0,0.0
1411.0,0.0
1421.0,0.0
1431.0,0.0
1441.0,0.0
1451.0,0.0
1461.0,0.0
1471.0,0.0
1481.0,0.0
1491.0,0.0
1501.0,0.0
1511.0,0.0
1521.0,0.0
1531.0,0.0
1541.0,0.0
1551.0,0.0
1561.0,0.0
1571.0,0.0
1581.0,0.0
1591.0,0.0
1601.0,0.0
1611.0,0.0
1621.0,0.0
1631.0,0.0
1641.0,0.0
1651.0,0.0
1661.0,0.0
1671.0,0.0
1681.0,0.0
1691.0,0.0
1701.0,0.0
1711.0,0.0
1721.0,0.0
1731.0,0.0
1741.0,0.0
1751.0,0.0
1761.0,0.0
1771.0,0.0
1781.0,0.0
1791.0,0.0
1801.0,0.0
1811.0,0.0
1821.0,0.0
1831.0,0.0
1841.0,0.0
1851.0,0.0
1861.0,0.0
1871.0,0.0
1881.0,0.0
1891.0,0.0
1901.0,0.0
1911.0,0.0
1921.0,0.0
1931.0,0.0
1941.0,0.0
1951.0,3.132965635288236e-05
1961.0,3.0165201458954323e-05
1971.0,2.9066997702629093e-05
1981.0,2.8032195240449268e-05
1991.0,2.705783958024289e-05
2001.0,2.614092458417101e-05
2011.0,2.5278435414796545e-05
2021.0,4.5533497520235024e-05
2031.0,4.241727798142584e-05
2041.0,3.946741135179316e-05
2051.0,3.668852733271359e-05
2061.0,3.4080552111048664e-05
2071.0,3.164008527311518e-05
2081.0,2.9361420320972637e-05
2091.0,0.0005914931945585045
2101.0,0.0005740731254891158
2111.0,0.0005594222154103598
2121.0,0.0005472454269922684
2131.0,0.000537279786742234
2141.0,0.0005292909347569502
2151.0,0.000523070058430932
2161.0,0.00024060656411098712
2171.0,0.00023914572513719374
2181.0,0.00023834566960176598
2191.0,0.00023813616234436087
2201.0,0.0002384547163004696
2211.0,0.00023924578790958
2221.0,0.00024046005936045003
2231.0,0.00024205379803109265
2241.0,0.00010740059905076968
2251.0,9.942328331915109e-05
2261.0,9.157360508617038e-05
2271.0,8.396529385891393e-05
2281.0,7.66674484165511e-05
2291.0,6.971771514565442e-05
2301.0,6.313149220981916e-05
2311.0,0.009518901852503977
2321.0,0.009155190262375268
2331.0,0.008907119890027147
2341.0,0.008763277816716108
2351.0,0.008713628925676458
2361.0,0.008749341923515404
2371.0,0.00886264395218357
2381.0,0.0008612616963873842
2391.0,0.000880789143854856
2401.0,0.0009016171006207499
2411.0,0.0009235866630839506
2421.0,0.0009465563627335594
2431.0,0.0009704004720009412
2441.0,0.000995007503914537
2451.0,0.0004269176667349011
2461.0,0.000437760211994938
2471.0,0.00044885629850003825
2481.0,0.00046016982593944695
2491.0,0.00047166914505840217
2501.0,0.0004833266552506125
2511.0,0.0004951184443687726
2521.0,0.0002314942115051781
2531.0,0.00023701100022678433
2541.0,0.00024264300692520202
2551.0,0.00024837432071318045
2561.0,0.0002541911769243079
2571.0,0.00026008175912176144
2581.0,0.0002660360213768979
2591.0,0.00027204552859861833
,
1.0,0.0
11.0,0.0
21.0,0.0
31.0,0.0
41.0,0.0
51.0,0.0
61.0,0.0
71.0,0.0
81.0,0.0
91.0,0.0
101.0,0.0
111.0,0.0
121.0,0.0
131.0,0.0
141.0,0.0
151.0,0.0
161.0,0.0
171.0,0.0
181.0,0.0
191.0,0.0
201.0,0.0
211.0,0.0
221.0,0.0
231.0,0.0
241.0,0.0
251.0,0.0
261.0,0.0
271.0,0.0
281.0,0.0
291.0,0.0
301.0,0.0
311.0,0.0
321.0,0.0
331.0,0.0
341.0,0.0
351.0,0.0
361.0,0.0
371.0,0.0
381.0,0.0
391.0,0.0
401.0,0.0
411.0,0.0
421.0,0.0
431.0,0.0
441.0,0.0
451.0,0.0
461.0,0.0
471.0,0.0
481.0,0.0
491.0,0.0
501.0,0.0
511.0,0.0
521.0,0.0
531.0,0.0
541.0,0.0
551.0,0.0
561.0,0.0
571.0,0.0
581.0,0.0
591.0,0.0
601.0,0.0
611.0,0.0
621.0,0.0
631.0,0.0
641.0,0.0
651.0,0.0
661.0,0.0
671.0,0.0
681.0,0.0
691.0,0.0
701.0,0.0
711.0,0.0
721.0,0.0
731.0,0.0
741.0,0.0
751.0,0.0
761.0,0.0
771.0,0.0
781.0,0.0
791.0,0.0
801.0,0.0
811.0,0.0
821.0,0.0
831.0,0.0
841.0,0.0
851.0,0.0
861.0,0.0
871.0,0.0
881.0,0.0
891.0,0.0
901.0,0.0
911.0,0.0
921.0,0.0
931.0,0.0
941.0,0.0
951.0,0.0
961.0,0.0
971.0,0.0
981.0,0.0
991.0,0.0
1001.0,0.0
1011.0,0.0
1021.0,0.0
1031.0,0.0
1041.0,0.0
1051.0,0.0
1061.0,0.0
1071.0,0.0
1081.0,0.0
1091.0,0.0
1101.0,0.0
1111.0,0.0
1121.0,0.0
1131.0,0.0
1141.0,0.0
1151.0,0.0
1161.0,0.0
1171.0,0.0
1181.0,0.0
1191.0,0.0
1201.0,0.0
1211.0,0.0
1221.0,0.0
1231.0,0.0
1241.0,0.0
1251.0,0.0
1261.0,0.0
1271.0,0.0
1281.0,0.0
1291.0,0.0
1301.0,0.0
1311.0,0.0
1321.0,0.0
1331.0,0.0
1341.0,0.0
1351.0,0.0
1361.0,0.0
1371.0,0.0
1381.0,0.0
1391.0,0.0
1401.0,0.0
1411.0,0.0
1421.0,0.0
1431.0,0.0
1441.0,0.0
1451.0,0.0
1461.0,0.0
1471.0,0.0
1481.0,0.0
1491.0,0.0
1501.0,0.0
1511.0,0.0
1521.0,0.0
1531.0,0.0
1541.0,0.0
1551.0,0.0
1561.0,0.0
1571.0,0.0
1581.0,0.0
1591.0,0.0
1601.0,0.0
1611.0,0.0
1621.0,0.0
1631.0,0.0
1641.0,0.0
1651.0,0.0
1661.0,0.0
1671.0,0.0
1681.0,0.0
1691.0,0.0
1701.0,0.0
1711.0,0.0
1721.0,0.0
1731.0,0.0
1741.0,0.0
1751.0,0.0
1761.0,0.0
1771.0,0.0
1781.0,0.0
1791.0,0.0
1801.0,0.002377751998657965
1811.0,0.0022449866995685216
1821.0,0.002128546723066908
1831.0,0.0020266521874032837
1841.0,0.0019377216441163712
1851.0,0.0018603496911599978
1861.0,0.001793287186393305
1871.0,0.0017354237521621043
1881.0,0.0007222908506885275
1891.0,0.0007042107404889797
1901.0,0.0006889770268722841
1911.0,0.0006762880777809507
1921.0,0.0006658753916798021
1931.0,0.0006575000062124524
1941.0,0.0006509493089096512
1951.0,0.0002972926106092961
1961.0,0.0002957851920646611
1971.0,0.0002949508832017367
1981.0,0.00029472000885079493
1991.0,0.00029503065231230974
2001.0,0.0002958278444826185
2011.0,0.00029706284115417833
2021.0,0.00013445444037555343
2031.0,0.00012199217727372225
2041.0,0.00011001651079777292
2051.0,9.865857384856081e-05
2061.0,8.797850019896709e-05
2071.0,7.79903181564587e-05
2081.0,6.867793704699121e-05
2091.0,0.04973111408231396
2101.0,0.04725883957972547
2111.0,0.04698887643790927
2121.0,0.04903812106204357
2131.0,0.05362987204186738
2141.0,0.0611466463230136
2151.0,0.07223418950575172
2161.0,0.0
2171.0,0.0
2181.0,0.0
2191.0,0.0
2201.0,0.0
2211.0,0.0
2221.0,0.0
2231.0,0.0
2241.0,3.8902791048346115e-06
2251.0,4.1110514999808725e-06
2261.0,4.329151250519058e-06
2271.0,4.5448818188365215e-06
2281.0,4.7585510136005435e-06
2291.0,4.967035567104639e-06
2301.0,5.163082191441813e-06
2311.0,0.0
2321.0,0.0
2331.0,0.0
2341.0,0.0
2351.0,0.0
2361.0,0.0
2371.0,0.0
2381.0,0.0
2391.0,0.0
2401.0,0.0
2411.0,0.0
2421.0,0.0
2431.0,0.0
2441.0,0.0
2451.0,0.0
2461.0,0.0
2471.0,0.0
2481.0,0.0
2491.0,0.0
2501.0,0.0
2511.0,0.0
2521.0,0.0
2531.0,0.0
2541.0,0.0
2551.0,0.0
2561.0,0.0
2571.0,0.0
2581.0,0.0
2591.0,0.0
,
1.0,0.0
11.0,0.0
21.0,0.0
31.0,0.0
41.0,0.0
51.0,0.0
61.0,0.0
71.0,0.0
81.0,0.0
91.0,0.0
101.0,0.0
111.0,0.0
121.0,0.0
131.0,0.0
141.0,0.0
151.0,0.0
161.0,0.0
171.0,0.0
181.0,0.0
191.0,0.0
201.0,0.0
211.0,0.0
221.0,0.0
231.0,0.0
241.0,0.0
251.0,0.0
261.0,0.0
271.0,0.0
281.0,0.0
291.0,0.0
301.0,0.0
311.0,0.0
321.0,0.0
331.0,0.0
341.0,0.0
351.0,0.0
361.0,0.0
371.0,0.0
381.0,0.0
391.0,0.0
401.0,0.0
411.0,0.0
421.0,0.0
431.0,0.0
441.0,0.0
451.0,0.0
461.0,0.0
471.0,0.0
481.0,0.0
491.0,0.0
501.0,0.0
511.0,0.0
521.0,0.0
531.0,0.0
541.0,0.0
551.0,0.0
561.0,0.0
571.0,0.0
581.0,0.0
591.0,0.0
601.0,0.0
611.0,0.0
621.0,0.0
631.0,0.0
641.0,0.0
651.0,0.0
661.0,0.0
671.0,0.0
681.0,0.0
691.0,0.0
701.0,0.0
711.0,0.0
721.0,0.0013304261949002294
731.0,0.0013190233406040672
741.0,0.001307654199104498
751.0,0.0012963163202162342
761.0,0.0012850071801039512
771.0,0.001273724174867392
781.0,0.0012624646136599339
791.0,0.0012512257112959014
801.0,0.00014046608841324318
811.0,0.0001391971143511887
821.0,0.00013792747085272366
831.0,0.00013665630687263492
841.0,0.00013538340004629458
851.0,0.00013410848280153407
861.0,0.000132831243868546
871.0,0.0
881.0,0.0
891.0,0.0
901.0,0.0
911.0,0.0
921.0,0.0
931.0,0.0
941.0,0.018547691860489178
951.0,0.018640263483953798
961.0,0.018729251131464328
971.0,0.018815015825994777
981.0,0.01889790960717582
991.0,0.018978275609570758
1001.0,0.019056448193990216
1011.0,0.008692042326566066
1021.0,0.008726020951553585
1031.0,0.008759462113853344
1041.0,0.008791900044235948
1051.0,0.008822656941615359
1061.0,0.008851839782580112
1071.0,0.008879553755396034
1081.0,0.004146496529958063
1091.0,0.004157068273642263
1101.0,0.004167165344592801
1111.0,0.004176822597711141
1121.0,0.00418607311484574
1131.0,0.004194948268913885
1141.0,0.004203477789112321
1151.0,0.004211689826870191
1161.0,0.001321076193044661
1171.0,0.00132348141332701
1181.0,0.00132581719995902
1191.0,0.0013280902141628598
1201.0,0.0013303067556719285
1211.0,0.0013324727814477977
1221.0,0.0013345923331128308
1231.0,0.0
1241.0,0.0
1251.0,0.0
1261.0,0.0
1271.0,0.0
1281.0,0.0
1291.0,0.0
1301.0,0.0
1311.0,0.0
1321.0,0.0
1331.0,0.0
1341.0,0.0
1351.0,0.0
1361.0,0.0
1371.0,0.0
1381.0,0.0
1391.0,0.0
1401.0,0.0
1411.0,0.0
1421.0,0.0
1431.0,0.0
1441.0,0.0
1451.0,0.0
1461.0,0.0
1471.0,0.0
1481.0,0.0
1491.0,0.0
1501.0,0.0
1511.0,0.0
1521.0,0.0
1531.0,0.0
1541.0,0.0
1551.0,0.0
1561.0,0.0
1571.0,0.0
1581.0,0.0
1591.0,0.0005610195167451258
1601.0,0.0005618856431544472
1611.0,0.0005627674167739388
1621.0,0.0005636648564929485
1631.0,0.0005645780151463597
1641.0,0.0005655069792550894
1651.0,0.0005664451726425312
1661.0,0.0
1671.0,0.0
1681.0,0.0
1691.0,0.0
1701.0,0.0
1711.0,0.0
1721.0,0.0
1731.0,0.003030156759227317
1741.0,0.003031925127272028
1751.0,0.0030341491763009425
1761.0,0.003036838154981394
1771.0,0.003040001932286647
1781.0,0.003043651026400682
1791.0,0.003047796635787519
1801.0,0.0012181885820564513
1811.0,0.0012201965974876312
1821.0,0.0012222484564392018
1831.0,0.001224341336334084
1841.0,0.0012264748411455729
1851.0,0.0012286486664274683
1861.0,0.0012308625979132958
1871.0,0.0012331165102214996
1881.0,0.0003088611633133445
1891.0,0.00029157324707356424
1901.0,0.00027591291332999747
1911.0,0.00026159171168575296
1921.0,0.00024844788770518963
1931.0,0.00023634493742356842
1941.0,0.0002251665971381112
1951.0,0.008700859197028546
1961.0,0.00869561449525594
1971.0,0.008691480714071637
1981.0,0.008688471071309899
1991.0,0.008686599903643354
2001.0,0.008685882710415115
2011.0,0.008686336199507242
2021.0,0.004034280299006625
2031.0,0.004035633741805039
2041.0,0.004037591939274139
2051.0,0.004040163811593354
2061.0,0.0040433590332602295
2071.0,0.00404718806246185
2081.0,0.004051662172278319
2091.0,0.001790848255588414
2101.0,0.0017934230272723985
2111.0,0.0017963202981991565
2121.0,0.001799545795984035
2131.0,0.0018031057480085075
2141.0,0.0018068756704707869
2151.0,0.0018107163867950738
2161.0,0.0006949581370110174
2171.0,0.0006964876200034013
2181.0,0.0006980544047322896
2191.0,0.0006996578190007442
2201.0,0.0007012972833874581
2211.0,0.000702972309311422
2221.0,0.0007046824971837191
2231.0,0.0007064275346635556
2241.0,0.0001498729575540613
2251.0,0.00015026054404002209
2261.0,0.00015065816169100324
2271.0,0.0001510647425277723
2281.0,0.00015147472753345936
2291.0,0.00015188751201607845
2301.0,0.0001523034490994832
2311.0,0.0
2321.0,0.0
2331.0,0.0
2341.0,0.0
2351.0,0.0
2361.0,0.0
2371.0,0.0
2381.0,0.0010847993215676618
2391.0,0.00108765274496389
2401.0,0.0010906294556287759
2411.0,0.001093656910889416
2421.0,0.0010967348408867028
2431.0,0.0010998630763353957
2441.0,0.0011030415474746118
2451.0,0.00039470161922166636
2461.0,0.0003958773961693622
2471.0,0.000397079802818622
2481.0,0.00039830846169707586
2491.0,0.0003995630619326073
2501.0,0.000400843357900986
2511.0,0.0004021491679637026
2521.0,4.735103885065172e-05
2531.0,4.751049025980874e-05
2541.0,4.7673072141267165e-05
2551.0,4.7836523661787395e-05
2561.0,4.800064295869792e-05
2571.0,4.8165612927832665e-05
2581.0,4.8331601253704446e-05
2591.0,4.849876265115426e-05
,
1.0,0.0
11.0,0.0
21.0,0.0
31.0,0.0
41.0,0.0
51.0,0.0
61.0,0.0
71.0,0.0
81.0,0.0
91.0,0.0
101.0,0.0
111.0,0.0
121.0,0.0
131.0,0.0
141.0,0.0
151.0,0.0
161.0,0.0
171.0,0.0
181.0,0.0
191.0,0.0
201.0,0.0
211.0,0.0
221.0,0.0
231.0,0.0
241.0,0.0
251.0,0.0
261.0,0.0
271.0,0.0
281.0,0.0
291.0,0.0
301.0,0.0
311.0,0.0
321.0,0.0
331.0,0.0
341.0,0.0
351.0,0.0
361.0,0.0
371.0,0.0
381.0,0.0
391.0,0.0
401.0,0.0
411.0,0.0
421.0,0.0
431.0,0.0
441.0,0.0
451.0,0.0
461.0,0.0
471.0,0.0
481.0,0.0
491.0,0.0
501.0,0.0
511.0,0.0
521.0,0.0
531.0,0.0
541.0,0.0
551.0,0.0
561.0,0.0
571.0,0.0
581.0,0.0
591.0,0.0
601.0,0.0
611.0,0.0
621.0,0.0
631.0,0.0
641.0,0.0
651.0,0.0
661.0,0.0
671.0,0.0
681.0,0.0
691.0,0.0
701.0,0.0
711.0,0.0
721.0,0.0
731.0,0.0
741.0,0.0
751.0,0.0
761.0,0.0
771.0,0.0
781.0,0.0
791.0,0.0
801.0,0.0
811.0,0.0
821.0,0.0
831.0,0.0
841.0,0.0
851.0,0.0
861.0,0.0
871.0,0.0
881.0,0.0
891.0,0.0
901.0,0.0
911.0,0.0
921.0,0.0
931.0,0.0
941.0,0.0
951.0,0.0
961.0,0.0
971.0,0.0
981.0,0.0
991.0,0.0
1001.0,0.0
1011.0,0.0
1021.0,0.0
1031.0,0.0
1041.0,0.0
1051.0,0.0
1061.0,0.0
1071.0,0.0
1081.0,0.0
1091.0,0.0
1101.0,0.0
1111.0,0.0
1121.0,0.0
1131.0,0.0
1141.0,0.0
1151.0,0.0
1161.0,0.0
1171.0,0.0
1181.0,0.0
1191.0,0.0
1201.0,0.0
1211.0,0.0
1221.0,0.0
1231.0,0.0
1241.0,0.0
1251.0,0.0
1261.0,0.0
1271.0,0.0
1281.0,0.0
1291.0,0.0
1301.0,0.0
1311.0,0.0
1321.0,0.0
1331.0,0.0
1341.0,0.0
1351.0,0.0
1361.0,0.0
1371.0,0.0
1381.0,0.0
1391.0,0.0
1401.0,0.0
1411.0,0.0
1421.0,0.0
1431.0,0.0
1441.0,0.0
1451.0,0.0
1461.0,0.0
1471.0,0.0
1481.0,0.0
1491.0,0.0
1501.0,0.0
1511.0,0.0
1521.0,0.0
1531.0,0.0
1541.0,0.0
1551.0,0.0
1561.0,0.0
1571.0,0.0
1581.0,0.0
1591.0,0.0
1601.0,0.0
1611.0,0.0
1621.0,0.0
1631.0,0.0
1641.0,0.0
1651.0,0.0
1661.0,0.0
1671.0,0.0
1681.0,0.0
1691.0,0.0
1701.0,0.0
1711.0,0.0
1721.0,0.0
1731.0,0.0
1741.0,0.0
1751.0,0.0
1761.0,0.0
1771.0,0.0
1781.0,0.0
1791.0,0.0
1801.0,0.0
1811.0,0.0
1821.0,0.0
1831.0,0.0
1841.0,0.0
1851.0,0.0
1861.0,0.0
1871.0,0.0
1881.0,0.0
1891.0,0.0
1901.0,0.0
1911.0,0.0
1921.0,0.0
1931.0,0.0
1941.0,0.0
1951.0,0.0
1961.0,0.0
1971.0,0.0
1981.0,0.0
1991.0,0.0
2001.0,0.0
2011.0,0.0
2021.0,0.0
2031.0,0.0
2041.0,0.0
2051.0,0.0
2061.0,0.0
2071.0,0.0
2081.0,0.0
2091.0,0.0
2101.0,0.0
2111.0,0.0
2121.0,0.0
2131.0,0.0
2141.0,0.0
2151.0,0.0
2161.0,0.0
2171.0,0.0
2181.0,0.0
2191.0,0.0
2201.0,0.0
2211.0,0.0
2221.0,0.0
2231.0,0.0
2241.0,0.0
2251.0,0.0
2261.0,0.0
2271.0,0.0
2281.0,0.0
2291.0,0.0
2301.0,0.0
2311.0,0.0
2321.0,0.0
2331.0,0.0
2341.0,0.0
2351.0,0.0
2361.0,0.0
2371.0,0.0
2381.0,0.0
2391.0,0.0
2401.0,0.0
2411.0,0.0
2421.0,0.0
2431.0,0.0
2441.0,0.0
2451.0,0.0
2461.0,0.0
2471.0,0.0
2481.0,0.0
2491.0,0.0
2501.0,0.0
2511.0,0.0
2521.0,0.0
2531.0,0.0
2541.0,0.0
2551.0,0.0
2561.0,0.0
2571.0,0.0
2581.0,0.0
2591.0,0.0
,
1.0,0.0
11.0,0.0
21.0,0.0
31.0,0.0
41.0,0.0
51.0,0.0
61.0,0.0
71.0,0.0
81.0,0.0
91.0,0.0
101.0,0.0
111.0,0.0
121.0,0.0
131.0,0.0
141.0,0.0
151.0,0.0
161.0,0.0
171.0,0.0
181.0,0.0
191.0,0.0
201.0,0.0
211.0,0.0
221.0,0.0
231.0,0.0
241.0,0.0
251.0,0.0
261.0,0.0
271.0,0.0
281.0,0.0
291.0,0.0
301.0,0.0
311.0,0.0
321.0,0.0
331.0,0.0
341.0,0.0
351.0,0.0
361.0,0.0
371.0,0.0
381.0,0.0
391.0,0.0
401.0,0.0
411.0,0.0
421.0,0.0
431.0,0.0
441.0,0.0
451.0,0.0
461.0,0.0
471.0,0.0
481.0,0.0
491.0,0.0
501.0,0.0
511.0,0.0
521.0,0.0
531.0,0.0
541.0,0.0
551.0,0.0
561.0,0.0
571.0,0.0
581.0,0.0
591.0,0.0
601.0,0.0
611.0,0.0
621.0,0.0
631.0,0.0
641.0,0.0
651.0,0.0
661.0,0.0
671.0,0.0
681.0,0.0
691.0,0.0
701.0,0.0
711.0,0.0
721.0,0.0
731.0,0.0
741.0,0.0
751.0,0.0
761.0,0.0
771.0,0.0
781.0,0.0
791.0,0.0
801.0,0.0
811.0,0.0
821.0,0.0
831.0,0.0
841.0,0.0
851.0,0.0
861.0,0.0
871.0,0.0
881.0,0.0
891.0,0.0
901.0,0.0
911.0,0.0
921.0,0.0
931.0,0.0
941.0,0.0
951.0,0.0
961.0,0.0
971.0,0.0
981.0,0.0
991.0,0.0
1001.0,0.0
1011.0,0.0002759728355880835
1021.0,0.00025579616962916936
1031.0,0.00023745779143632446
1041.0,0.00022078855418123871
1051.0,0.0002056356177515498
1061.0,0.00019186083588930056
1071.0,0.00017933930774230103
1081.0,6.114636459406471e-05
1091.0,6.862193015345996e-05
1101.0,7.46826785405265e-05
1111.0,7.950853684293175e-05
1121.0,8.325978331604764e-05
1131.0,8.607905637533436e-05
1141.0,8.809316392015281e-05
1151.0,8.941471294622716e-05
1161.0,1.3059691702788042e-05
1171.0,1.309348123490084e-05
1181.0,1.3059303273509526e-05
1191.0,1.295787142365129e-05
1201.0,1.2802988773861408e-05
1211.0,1.2606473355916048e-05
1221.0,1.2378235429735705e-05
1231.0,0.0
1241.0,0.0
1251.0,0.0
1261.0,0.0
1271.0,0.0
1281.0,0.0
1291.0,0.0
1301.0,0.0
1311.0,0.0
1321.0,0.0
1331.0,0.0
1341.0,0.0
1351.0,0.0
1361.0,0.0
1371.0,0.0
1381.0,0.0
1391.0,0.0
1401.0,0.0
1411.0,0.0
1421.0,0.0
1431.0,0.0
1441.0,0.0
1451.0,0.0
1461.0,0.0
1471.0,0.0
1481.0,0.0
1491.0,0.0
1501.0,0.0
1511.0,0.0
1521.0,0.0
1531.0,0.0
1541.0,0.0
1551.0,0.0
1561.0,0.0
1571.0,0.0
1581.0,0.0
1591.0,0.0
1601.0,0.0
1611.0,0.0
1621.0,0.0
1631.0,0.0
1641.0,0.0
1651.0,0.0
1661.0,0.0
1671.0,0.0
1681.0,0.0
1691.0,0.0
1701.0,0.0
1711.0,0.0
1721.0,0.0
1731.0,0.0
1741.0,0.0
1751.0,0.0
1761.0,0.0
1771.0,0.0
1781.0,0.0
1791.0,0.0
1801.0,0.0
1811.0,0.0
1821.0,0.0
1831.0,0.0
1841.0,0.0
1851.0,0.0
1861.0,0.0
1871.0,0.0
1881.0,0.0
1891.0,0.0
1901.0,0.0
1911.0,0.0
1921.0,0.0
1931.0,0.0
1941.0,0.0
1951.0,0.0
1961.0,0.0
1971.0,0.0
1981.0,0.0
1991.0,0.0
2001.0,0.0
2011.0,0.0
2021.0,2.2860811691158447e-06
2031.0,2.181879155918475e-06
2041.0,2.077252975356248e-06
2051.0,1.972650751247346e-06
2061.0,1.8684509861753516e-06
2071.0,1.764972137419029e-06
2081.0,1.6624808841995373e-06
2091.0,4.907397155612057e-05
2101.0,4.7011453491601084e-05
2111.0,4.48948359376772e-05
2121.0,4.2724944786352146e-05
2131.0,4.053684656782586e-05
2141.0,3.8497250797031384e-05
2151.0,3.661477513005844e-05
2161.0,0.0
2171.0,0.0
2181.0,0.0
2191.0,0.0
2201.0,0.0
2211.0,0.0
2221.0,0.0
2231.0,0.0
2241.0,0.0
2251.0,0.0
2261.0,0.0
2271.0,0.0
2281.0,0.0
2291.0,0.0
2301.0,0.0
2311.0,0.0
2321.0,0.0
2331.0,0.0
2341.0,0.0
2351.0,0.0
2361.0,0.0
2371.0,0.0
2381.0,0.00013136424596311882
2391.0,0.0001269323469110326
2401.0,0.00012301012056305967
2411.0,0.00011955079778142376
2421.0,0.00011651237716882781
2431.0,0.00011385714121488654
2441.0,0.00011155122335299715
2451.0,4.8935780799319505e-05
2461.0,4.8192993977675736e-05
2471.0,4.758941368508028e-05
2481.0,4.7112493555318914e-05
2491.0,4.675101849064714e-05
2501.0,4.649497315913098e-05
2511.0,4.6335424090437494e-05
2521.0,1.832786544314726e-05
2531.0,1.818687678344354e-05
2541.0,1.807027750809304e-05
2551.0,1.797567722057079e-05
2561.0,1.7900927974421367e-05
2571.0,1.784410001381515e-05
2581.0,1.7803459930631038e-05
2591.0,1.7777450998155785e-05
,
1.0,0.0
11.0,0.0
21.0,0.0
31.0,0.0
41.0,0.0
51.0,0.0
61.0,0.0
71.0,0.0
81.0,0.0
91.0,0.0
101.0,0.0
111.0,0.0
121.0,0.0
131.0,0.0
141.0,0.0
151.0,0.0
161.0,0.0
171.0,0.0
181.0,0.0
191.0,0.0
201.0,0.0
211.0,0.0
221.0,0.0
231.0,0.0
241.0,0.0
251.0,0.0
261.0,0.0
271.0,0.0
281.0,0.0
291.0,0.0
301.0,0.0
311.0,0.0
321.0,0.0
331.0,0.0
341.0,0.0
351.0,0.0
361.0,0.0
371.0,0.0
381.0,0.0
391.0,0.0
401.0,0.0
411.0,0.0
421.0,0.0
431.0,0.0
441.0,0.0
451.0,0.0
461.0,0.0
471.0,0.0
481.0,0.0
491.0,0.0
501.0,0.0
511.0,0.0
521.0,0.0
531.0,0.0
541.0,0.0
551.0,0.0
561.0,0.0
571.0,0.0
581.0,0.0
591.0,0.0
601.0,0.0
611.0,0.0
621.0,0.0
631.0,0.0
641.0,0.0
651.0,0.0
661.0,0.0
671.0,0.0
681.0,0.0
691.0,0.0
701.0,0.0
711.0,0.0
721.0,0.0
731.0,0.0
741.0,0.0
751.0,0.0
761.0,0.0
771.0,0.0
781.0,0.0
791.0,0.0
801.0,0.0
811.0,0.0
821.0,0.0
831.0,0.0
841.0,0.0
851.0,0.0
861.0,0.0
871.0,0.0
881.0,0.0
891.0,0.0
901.0,0.0
911.0,0.0
921.0,0.0
931.0,0.0
941.0,0.0
951.0,0.0
961.0,0.0
971.0,0.0
981.0,0.0
991.0,0.0
1001.0,0.0
1011.0,0.0
1021.0,0.0
1031.0,0.0
1041.0,0.0
1051.0,0.0
1061.0,0.0
1071.0,0.0
1081.0,0.0
1091.0,0.0
1101.0,0.0
1111.0,0.0
1121.0,0.0
1131.0,0.0
1141.0,0.0
1151.0,0.0
1161.0,0.00015188944084799707
1171.0,0.0001395224917404347
1181.0,0.00012827702436196282
1191.0,0.00011805115001985685
1201.0,0.00010875227162257678
1211.0,0.00010029623318693495
1221.0,9.260654748493604e-05
1231.0,7.77959639046018e-05
1241.0,7.287688107736821e-05
1251.0,6.841252377849102e-05
1261.0,6.436220619808511e-05
1271.0,6.068911429558803e-05
1281.0,5.73599314514568e-05
1291.0,5.434450159850182e-05
1301.0,1.5102126066268626e-05
1311.0,2.455842395633064e-05
1321.0,3.114792916760865e-05
1331.0,3.55116382621514e-05
1341.0,3.827937782629031e-05
1351.0,4.009674555898315e-05
1361.0,4.1167027573126156e-05
1371.0,0.0013768278929799243
1381.0,0.0014389399008527745
1391.0,0.0014930640800364299
1401.0,0.0015395974853788725
1411.0,0.001578921294851073
1421.0,0.0016114007757285214
1431.0,0.0016373853030298984
1441.0,0.0007340241918676351
1451.0,0.0007402267758070413
1461.0,0.0007439977228795743
1471.0,0.000745463061036591
1481.0,0.0007447421958169283
1491.0,0.0007419480112933279
1501.0,0.0007371869807518658
1511.0,0.0007305592854133093
1521.0,0.0002793382013625762
1531.0,0.0002754522681464308
1541.0,0.0002709577595819571
1551.0,0.00026588366159540136
1561.0,0.0002602568358622667
1571.0,0.00025410206939362336
1581.0,0.0002474421234646395
1591.0,5.3911455333877556e-05
1601.0,5.2208019660816824e-05
1611.0,5.040742127819988e-05
1621.0,4.8512891245104673e-05
1631.0,4.651498238664506e-05
1641.0,4.440625237707081e-05
1651.0,4.2202401458756335e-05
1661.0,0.0
1671.0,0.0
1681.0,0.0
1691.0,0.0
1701.0,0.0
1711.0,0.0
1721.0,0.0
1731.0,0.0
1741.0,0.0
1751.0,0.0
1761.0,0.0
1771.0,0.0
1781.0,0.0
1791.0,0.0
1801.0,0.0
1811.0,0.0
1821.0,0.0
1831.0,0.0
1841.0,0.0
1851.0,0.0
1861.0,0.0
1871.0,0.0
1881.0,0.0
1891.0,0.0
1901.0,0.0
1911.0,0.0
1921.0,0.0
1931.0,0.0
1941.0,0.0
1951.0,0.0
1961.0,0.0
1971.0,0.0
1981.0,0.0
1991.0,0.0
2001.0,0.0
2011.0,0.0
2021.0,0.0
2031.0,0.0
2041.0,0.0
2051.0,0.0
2061.0,0.0
2071.0,0.0
2081.0,0.0
2091.0,0.0
2101.0,0.0
2111.0,0.0
2121.0,0.0
2131.0,0.0
2141.0,0.0
2151.0,0.0
2161.0,0.0
2171.0,0.0
2181.0,0.0
2191.0,0.0
2201.0,0.0
2211.0,0.0
2221.0,0.0
2231.0,0.0
2241.0,0.0
2251.0,0.0
2261.0,0.0
2271.0,0.0
2281.0,0.0
2291.0,0.0
2301.0,0.0
2311.0,0.0
2321.0,0.0
2331.0,0.0
2341.0,0.0
2351.0,0.0
2361.0,0.0
2371.0,0.0
2381.0,0.0
2391.0,0.0
2401.0,0.0
2411.0,0.0
2421.0,0.0
2431.0,0.0
2441.0,0.0
2451.0,0.0
2461.0,0.0
2471.0,0.0
2481.0,0.0
2491.0,0.0
2501.0,0.0
2511.0,0.0
2521.0,0.0
2531.0,0.0
2541.0,0.0
2551.0,0.0
2561.0,0.0
2571.0,0.0
2581.0,0.0
2591.0,0.0
,
1.0,0.0
11.0,0.0
21.0,0.0
31.0,0.0
41.0,0.0
51.0,0.0
61.0,0.0
71.0,0.0
81.0,0.0
91.0,0.0
101.0,0.0
111.0,0.0
121.0,0.0
131.0,0.0
141.0,0.0
151.0,0.0
161.0,0.0
171.0,0.0
181.0,0.0
191.0,0.0
201.0,0.0
211.0,0.0
221.0,0.0
231.0,0.0
241.0,0.0
251.0,0.0
261.0,0.0
271.0,0.0
281.0,0.0
291.0,0.00876609360696208
301.0,0.008745870190970803
311.0,0.008726550759201918
321.0,0.008708151963591983
331.0,0.00869069145787576
341.0,0.008674187954335173
351.0,0.008658661284867183
361.0,0.003104244435143337
371.0,0.0030993978810678405
381.0,0.0030949361479808927
391.0,0.0030908677298817117
401.0,0.0030872017014055403
411.0,0.0030839477508773842
421.0,0.003081116216255818
431.0,0.0030787181242440394
441.0,0.0003947303024095977
451.0,0.0004017238348698768
461.0,0.0004081710467562307
471.0,0.0004140996502175837
481.0,0.00041951889805797474
491.0,0.0004244200030884535
501.0,0.00042886332961987044
511.0,0.0
521.0,0.0
531.0,0.0
541.0,0.0
551.0,0.0
561.0,0.0
571.0,0.0
581.0,0.0
591.0,0.0
601.0,0.0
611.0,0.0
621.0,0.0
631.0,0.0
641.0,0.0
651.0,0.0
661.0,0.0
671.0,0.0
681.0,0.0
691.0,0.0
701.0,0.0
711.0,0.0
721.0,0.0
731.0,0.0
741.0,0.0
751.0,0.0
761.0,0.0
771.0,0.0
781.0,0.0
791.0,0.0
801.0,0.0
811.0,0.0
821.0,0.0
831.0,0.0
841.0,0.0
851.0,0.0
861.0,0.0
871.0,0.0
881.0,0.0
891.0,0.0
901.0,0.0
911.0,0.0
921.0,0.0
931.0,0.0
941.0,0.012585193748383528
951.0,0.012552513367973583
961.0,0.012519826731102815
971.0,0.012487206554299378
981.0,0.012454723639422625
991.0,0.012422446937436956
1001.0,0.012390443622416073
1011.0,0.005557740910676805
1021.0,0.005513218583654484
1031.0,0.005468705940558428
1041.0,0.005424227927391084
1051.0,0.005379807382277464
1061.0,0.005335465181146985
1071.0,0.005291220374393419
1081.0,0.0033983600825917776
1091.0,0.00338921172761986
1101.0,0.0033803112135622052
1111.0,0.0033716701295665626
1121.0,0.0033633000729140217
1131.0,0.0033552126803419913
1141.0,0.0033474196610274736
1151.0,0.0033399328312851023
1161.0,0.0012012055490362521
1171.0,0.0011987534013244816
1181.0,0.0011964342639992991
1191.0,0.0011942522384322588
1201.0,0.0011922115777467884
1211.0,0.001190316702344079
1221.0,0.0011885722164697294
1231.0,0.00015579806306551046
1241.0,0.00015561134952636813
1251.0,0.00015544557121965823
1261.0,0.00015529910765992684
1271.0,0.0001551729597235793
1281.0,0.00015506815379815123
1291.0,0.00015498571897273642
1301.0,0.0
1311.0,0.0
1321.0,0.0
1331.0,0.0
1341.0,0.0
1351.0,0.0
1361.0,0.0
1371.0,0.0
1381.0,0.0
1391.0,0.0
1401.0,0.0
1411.0,0.0
1421.0,0.0
1431.0,0.0
1441.0,0.0
1451.0,0.0
1461.0,0.0
1471.0,0.0
1481.0,0.0
1491.0,0.0
1501.0,0.0
1511.0,0.0
1521.0,0.13361094646555438
1531.0,0.13221673200151024
1541.0,0.1308288695194007
1551.0,0.12944707558560672
1561.0,0.12807106181339323
1571.0,0.1267005350540095
1581.0,0.1253351975555964
1591.0,0.050728459882049326
1601.0,0.050174570934206617
1611.0,0.04962327576464938
1621.0,0.04907446160906453
1631.0,0.04852801491414378
1641.0,0.047983821353359796
1651.0,0.04744176583009494
1661.0,0.021048999790229787
1671.0,0.020350348006084883
1681.0,0.019674112310858596
1691.0,0.019019427020678086
1701.0,0.01838546499063531
1711.0,0.017771435827829783
1721.0,0.017176584161362037
1731.0,0.05084685990423581
1741.0,0.05014299384909164
1751.0,0.04944149161227777
1761.0,0.04874218923197497
1771.0,0.04804492040197629
1781.0,0.04734951651981698
1791.0,0.046655806716061204
1801.0,0.02029275968780964
1811.0,0.019987925915911683
1821.0,0.019683960841751082
1831.0,0.019380788182335483
1841.0,0.019078330967606652
1851.0,0.018776511524202236
1861.0,0.018475251450552087
1871.0,0.01817447158323851
1881.0,0.008152092512553883
1891.0,0.007838801029645867
1901.0,0.007535570569464446
1911.0,0.007242024730384883
1921.0,0.006957802690307271
1931.0,0.006682558611242956
1941.0,0.0064159610440455445
1951.0,0.01793275704739214
1961.0,0.017494470372267156
1971.0,0.017058519278379487
1981.0,0.01662484150156542
1991.0,0.016193375591455495
2001.0,0.01576406088942789
2011.0,0.015336837504905257
2021.0,0.009335653659661089
2031.0,0.009017081934844288
2041.0,0.008702752876294156
2051.0,0.00839261962362536
2061.0,0.008086635596511434
2071.0,0.007784754511663048
2081.0,0.007486930398071797
2091.0,0.007621144396801798
2101.0,0.007384862037198413
2111.0,0.007148607323483279
2121.0,0.006912306130011339
2131.0,0.006675883361836684
2141.0,0.006439262923069046
2151.0,0.0062023676765696
2161.0,0.0027833074515055
2171.0,0.0026724634441886662
2181.0,0.0025615007849338796
2191.0,0.002450379930347646
2201.0,0.002339060852370517
2211.0,0.002227503003411226
2221.0,0.002115665276826933
2231.0,0.0020035059626967036
2241.0,0.0008907829541837275
2251.0,0.0008376676207812053
2261.0,0.0007844028312253276
2271.0,0.000730966039634726
2281.0,0.0006780087372063313
2291.0,0.0006295326848680389
2301.0,0.0005857851639073907
2311.0,0.0002534821844260039
2321.0,0.00023699413591927307
2331.0,0.0002221561883309387
2341.0,0.00020881046429082237
2351.0,0.00019681487249086465
2361.0,0.00018604150662876196
2371.0,0.00017637521123530205
2381.0,7.387085761254535e-05
2391.0,7.047327715558604e-05
2401.0,6.74572781564835e-05
2411.0,6.478700881807586e-05
2421.0,6.243021966906402e-05
2431.0,6.035790581809004e-05
2441.0,5.8543985812313344e-05
2451.0,2.1670215530493766e-05
2461.0,2.115791764984627e-05
2471.0,2.072940521085156e-05
2481.0,2.037686713221713e-05
2491.0,2.009331567335585e-05
2501.0,1.987250594408477e-05
2511.0,1.9708863578569113e-05
2521.0,3.9774033736012965e-06
2531.0,3.965665471106992e-06
2541.0,3.965222904937648e-06
2551.0,3.9750356673820025e-06
2561.0,3.991496057220631e-06
2571.0,4.0103447817197265e-06
2581.0,4.03171237280763e-06
2591.0,4.055735943180039e-06
,
1.0,0.0
11.0,0.0
21.0,0.0
31.0,0.0
41.0,0.0
51.0,0.0
61.0,0.0
71.0,0.0
81.0,0.0
91.0,0.0
101.0,0.0
111.0,0.0
121.0,0.0
131.0,0.0
141.0,0.0
151.0,0.0
161.0,0.0
171.0,0.0
181.0,0.0
191.0,0.0
201.0,0.0
211.0,0.0
221.0,0.0015729233329442017
231.0,0.0015855198958752514
241.0,0.0015974315601857093
251.0,0.0016087441774279409
261.0,0.0016194709616048715
271.0,0.0016293023466395244
281.0,0.0016382206464916615
291.0,0.0
301.0,0.0
311.0,0.0
321.0,0.0
331.0,0.0
341.0,0.0
351.0,0.0
361.0,0.0
371.0,0.0
381.0,0.0
391.0,0.0
401.0,0.0
411.0,0.0
421.0,0.0
431.0,0.0
441.0,0.0
451.0,0.0
461.0,0.0
471.0,0.0
481.0,0.0
491.0,0.0
501.0,0.0
511.0,0.0
521.0,0.0
531.0,0.0
541.0,0.0
551.0,0.0
561.0,0.0
571.0,0.0
581.0,0.0
591.0,0.0
601.0,0.0
611.0,0.0
621.0,0.0
631.0,0.0
641.0,0.0
651.0,0.0
661.0,0.0
671.0,0.0
681.0,0.0
691.0,0.0
701.0,0.0
711.0,0.0
721.0,0.0
731.0,0.0
741.0,0.0
751.0,0.0
761.0,0.0
771.0,0.0
781.0,0.0
791.0,0.0
801.0,0.0
811.0,0.0
821.0,0.0
831.0,0.0
841.0,0.0
851.0,0.0
861.0,0.0
871.0,0.0
881.0,0.0
891.0,0.0
901.0,0.0
911.0,0.0
921.0,0.0
931.0,0.0
941.0,0.0
951.0,0.0
961.0,0.0
971.0,0.0
981.0,0.0
991.0,0.0
1001.0,0.0
1011.0,0.0
1021.0,0.0
1031.0,0.0
1041.0,0.0
1051.0,0.0
1061.0,0.0
1071.0,0.0
1081.0,0.0
1091.0,0.0
1101.0,0.0
1111.0,0.0
1121.0,0.0
1131.0,0.0
1141.0,0.0
1151.0,0.0
1161.0,0.0
1171.0,0.0
1181.0,0.0
1191.0,0.0
1201.0,0.0
1211.0,0.0
1221.0,0.0
1231.0,0.0
1241.0,0.0
1251.0,0.0
1261.0,0.0
1271.0,0.0
1281.0,0.0
1291.0,0.0
1301.0,0.0
1311.0,0.0
1321.0,0.0
1331.0,0.0
1341.0,0.0
1351.0,0.0
1361.0,0.0
1371.0,0.0
1381.0,0.0
1391.0,0.0
1401.0,0.0
1411.0,0.0
1421.0,0.0
1431.0,0.0
1441.0,0.0
1451.0,0.0
1461.0,0.0
1471.0,0.0
1481.0,0.0
1491.0,0.0
1501.0,0.0
1511.0,0.0
1521.0,0.0
1531.0,0.0
1541.0,0.0
1551.0,0.0
1561.0,0.0
1571.0,0.0
1581.0,0.0
1591.0,0.0
1601.0,0.0
1611.0,0.0
1621.0,0.0
1631.0,0.0
1641.0,0.0
1651.0,0.0
1661.0,0.0
1671.0,0.0
1681.0,0.0
1691.0,0.0
1701.0,0.0
1711.0,0.0
1721.0,0.0
1731.0,0.0
1741.0,0.0
1751.0,0.0
1761.0,0.0
1771.0,0.0
1781.0,0.0
1791.0,0.0
1801.0,0.0
1811.0,0.0
1821.0,0.0
1831.0,0.0
1841.0,0.0
1851.0,0.0
1861.0,0.0
1871.0,0.0
1881.0,0.0
1891.0,0.0
1901.0,0.0
1911.0,0.0
1921.0,0.0
1931.0,0.0
1941.0,0.0
1951.0,0.0
1961.0,0.0
1971.0,0.0
1981.0,0.0
1991.0,0.0
2001.0,0.0
2011.0,0.0
2021.0,0.0
2031.0,0.0
2041.0,0.0
2051.0,0.0
2061.0,0.0
2071.0,0.0
2081.0,0.0
2091.0,0.0
2101.0,0.0
2111.0,0.0
2121.0,0.0
2131.0,0.0
2141.0,0.0
2151.0,0.0
2161.0,0.0
2171.0,0.0
2181.0,0.0
2191.0,0.0
2201.0,0.0
2211.0,0.0
2221.0,0.0
2231.0,0.0
2241.0,0.0
2251.0,0.0
2261.0,0.0
2271.0,0.0
2281.0,0.0
2291.0,0.0
2301.0,0.0
2311.0,0.0
2321.0,0.0
2331.0,0.0
2341.0,0.0
2351.0,0.0
2361.0,0.0
2371.0,0.0
2381.0,0.0
2391.0,0.0
2401.0,0.0
2411.0,0.0
2421.0,0.0
2431.0,0.0
2441.0,0.0
2451.0,0.0
2461.0,0.0
2471.0,0.0
2481.0,0.0
2491.0,0.0
2501.0,0.0
2511.0,0.0
2521.0,0.0
2531.0,0.0
2541.0,0.0
2551.0,0.0
2561.0,0.0
2571.0,0.0
2581.0,0.0
2591.0,0.0
,
1.0,0.0
11.0,0.0
21.0,0.0
31.0,0.0
41.0,0.0
51.0,0.0
61.0,0.0
71.0,0.0
81.0,0.0
91.0,0.0
101.0,0.0
111.0,0.0
121.0,0.0
131.0,0.0
141.0,0.0
151.0,0.0
161.0,0.0
171.0,0.0
181.0,0.0
191.0,0.0
201.0,0.0
211.0,0.0
221.0,0.0
231.0,0.0
241.0,0.0
251.0,0.0
261.0,0.0
271.0,0.0
281.0,0.0
291.0,0.0
301.0,0.0
311.0,0.0
321.0,0.0
331.0,0.0
341.0,0.0
351.0,0.0
361.0,0.0
371.0,0.0
381.0,0.0
391.0,0.0
401.0,0.0
411.0,0.0
421.0,0.0
431.0,0.0
441.0,0.0
451.0,0.0
461.0,0.0
471.0,0.0
481.0,0.0
491.0,0.0
501.0,0.0
511.0,0.0
521.0,0.0
531.0,0.0
541.0,0.0
551.0,0.0
561.0,0.0
571.0,0.0
581.0,0.0
591.0,0.0
601.0,0.0
611.0,0.0
621.0,0.0
631.0,0.0
641.0,0.0
651.0,0.0
661.0,0.0
671.0,0.0
681.0,0.0
691.0,0.0
701.0,0.0
711.0,0.0
721.0,0.000558205064120491
731.0,0.0005429681935299484
741.0,0.0005276013566147777
751.0,0.0005120956226638923
761.0,0.0004964416871479849
771.0,0.0004806298413589252
781.0,0.00046464993974301705
791.0,0.00044849136470452583
801.0,2.4323445081462484e-06
811.0,2.339046745228954e-06
821.0,2.2444373827712704e-06
831.0,2.1484499945490408e-06
841.0,2.051013190903522e-06
851.0,1.9520503994833747e-06
861.0,1.85147960194565e-06
871.0,0.0
881.0,0.0
891.0,0.0
901.0,0.0
911.0,0.0
921.0,0.0
931.0,0.0
941.0,0.0
951.0,0.0
961.0,0.0
971.0,0.0
981.0,0.0
991.0,0.0
1001.0,0.0
1011.0,0.0
1021.0,0.0
1031.0,0.0
1041.0,0.0
1051.0,0.0
1061.0,0.0
1071.0,0.0
1081.0,0.0
1091.0,0.0
1101.0,0.0
1111.0,0.0
1121.0,0.0
1131.0,0.0
1141.0,0.0
1151.0,0.0
1161.0,0.0
1171.0,0.0
1181.0,0.0
1191.0,0.0
1201.0,0.0
1211.0,0.0
1221.0,0.0
1231.0,0.0
1241.0,0.0
1251.0,0.0
1261.0,0.0
1271.0,0.0
1281.0,0.0
1291.0,0.0
1301.0,5.5224875396342036e-05
1311.0,5.857724766943012e-05
1321.0,5.9992175997756724e-05
1331.0,5.996742192431808e-05
1341.0,5.888940834565331e-05
1351.0,5.705784770096087e-05
1361.0,5.470468652573652e-05
1371.0,0.00095879623227125
1381.0,0.0009409517146569113
1391.0,0.0009206270418596783
1401.0,0.0008983457337186099
1411.0,0.0008745622724273722
1421.0,0.0008496699978695018
1431.0,0.0008240081516227692
1441.0,0.0005718866134188763
1451.0,0.0005562682965652516
1461.0,0.0005407749922609419
1471.0,0.000525467658834506
1481.0,0.0005103992382985765
1491.0,0.000495615442814812
1501.0,0.00048115546892608783
1511.0,0.00046705264676583525
1521.0,0.00029760648672739614
1531.0,0.0003761923323928989
1541.0,0.00043032828884760713
1551.0,0.0004650857799847436
1561.0,0.00048459321494085576
1571.0,0.0004922073460353648
1581.0,0.0004913742362181331
1591.0,0.003883693012795369
1601.0,0.003943911605317127
1611.0,0.00398518506097617
1621.0,0.004008129744260867
1631.0,0.004013354693630042
1641.0,0.004001459741972888
1651.0,0.0039730337795550056
1661.0,0.0018487519827644948
1671.0,0.0018206753011198427
1681.0,0.0017856772656169612
1691.0,0.001744113399666506
1701.0,0.0016995546318115883
1711.0,0.0016539554861600106
1721.0,0.0016076707176157696
1731.0,0.0007308262239256018
1741.0,0.0007067391470015656
1751.0,0.0006826930138880591
1761.0,0.0006588222541486618
1771.0,0.0006352411206325353
1781.0,0.0006120459823986566
1791.0,0.0005893173794595864
1801.0,0.00032460803015085105
1811.0,0.00031325811461675566
1821.0,0.0003023020712761049
1831.0,0.0002917429750754844
1841.0,0.0002815821859593411
1851.0,0.0002718195366827549
1861.0,0.00026245350574362694
1871.0,0.0002534813766178367
1881.0,0.00010497074027394405
1891.0,0.00010147849968071544
1901.0,9.816329129252084e-05
1911.0,9.502047047950458e-05
1921.0,9.204538604204572e-05
1931.0,8.92333967815544e-05
1941.0,8.657988716374209e-05
1951.0,2.890269938790606e-05
1961.0,2.7414608746239156e-05
1971.0,2.5995953193417457e-05
1981.0,2.4648085679070957e-05
1991.0,2.337125656693684e-05
2001.0,2.216484043107159e-05
2011.0,2.1027525672403248e-05
2021.0,4.9273850246885316e-05
2031.0,4.7868724712739936e-05
2041.0,4.660073462824387e-05
2051.0,4.545980112513249e-05
2061.0,4.44367851400827e-05
2071.0,4.352339900022243e-05
2081.0,4.271212718208937e-05
2091.0,1.364456556419326e-05
2101.0,1.3445470974490542e-05
2111.0,1.3279799130450513e-05
2121.0,1.31450311667806e-05
2131.0,1.303890850259599e-05
2141.0,1.295940887205229e-05
2151.0,1.290472482049756e-05
2161.0,0.0
2171.0,0.0
2181.0,0.0
2191.0,0.0
2201.0,0.0
2211.0,0.0
2221.0,0.0
2231.0,0.0
2241.0,0.0
2251.0,0.0
2261.0,0.0
2271.0,0.0
2281.0,0.0
2291.0,0.0
2301.0,0.0
2311.0,0.0
2321.0,0.0
2331.0,0.0
2341.0,0.0
2351.0,0.0
2361.0,0.0
2371.0,0.0
2381.0,0.0
2391.0,0.0
2401.0,0.0
2411.0,0.0
2421.0,0.0
2431.0,0.0
2441.0,0.0
2451.0,0.0
2461.0,0.0
2471.0,0.0
2481.0,0.0
2491.0,0.0
2501.0,0.0
2511.0,0.0
2521.0,0.0
2531.0,0.0
2541.0,0.0
2551.0,0.0
2561.0,0.0
2571.0,0.0
2581.0,0.0
2591.0,0.0
,
1.0,0.0
11.0,0.0
21.0,0.0
31.0,0.0
41.0,0.0
51.0,0.0
61.0,0.0
71.0,0.0
81.0,0.0
91.0,0.0
101.0,0.0
111.0,0.0
121.0,0.0
131.0,0.0
141.0,0.0
151.0,0.0036744788215361374
161.0,0.003672841372229163
171.0,0.003671717903090621
181.0,0.003671122152202298
191.0,0.0036710687009281363
201.0,0.0036715730274114256
211.0,0.003672651564629449
221.0,0.0002504957025086144
231.0,0.000254123129333061
241.0,0.0002573909000608044
251.0,0.0002603340164026739
261.0,0.00026299111076152535
271.0,0.00026539592501327667
281.0,0.000267577969539918
291.0,0.0
301.0,0.0
311.0,0.0
321.0,0.0
331.0,0.0
341.0,0.0
351.0,0.0
361.0,0.0
371.0,0.0
381.0,0.0
391.0,0.0
401.0,0.0
411.0,0.0
421.0,0.0
431.0,0.0
441.0,0.0
451.0,0.0
461.0,0.0
471.0,0.0
481.0,0.0
491.0,0.0
501.0,0.0
511.0,0.0
521.0,0.0
531.0,0.0
541.0,0.0
551.0,0.0
561.0,0.0
571.0,0.0
581.0,0.0
591.0,0.0
601.0,0.0
611.0,0.0
621.0,0.0
631.0,0.0
641.0,0.0
651.0,0.0
661.0,0.0
671.0,0.0
681.0,0.0
691.0,0.0
701.0,0.0
711.0,0.0
721.0,0.0
731.0,0.0
741.0,0.0
751.0,0.0
761.0,0.0
771.0,0.0
781.0,0.0
791.0,0.0
801.0,0.00021755460220352106
811.0,0.00021623838268774786
821.0,0.0002149267613122445
831.0,0.0002136168957222479
841.0,0.00021230974626512008
851.0,0.00021100618205998392
861.0,0.00020970694818183303
871.0,0.0
881.0,0.0
891.0,0.0
901.0,0.0
911.0,0.0
921.0,0.0
931.0,0.0
941.0,0.0
951.0,0.0
961.0,0.0
971.0,0.0
981.0,0.0
991.0,0.0
1001.0,0.0
1011.0,0.0
1021.0,0.0
1031.0,0.0
1041.0,0.0
1051.0,0.0
1061.0,0.0
1071.0,0.0
1081.0,0.0
1091.0,0.0
1101.0,0.0
1111.0,0.0
1121.0,0.0
1131.0,0.0
1141.0,0.0
1151.0,0.0
1161.0,0.0
1171.0,0.0
1181.0,0.0
1191.0,0.0
1201.0,0.0
1211.0,0.0
1221.0,0.0
1231.0,0.0
1241.0,0.0
1251.0,0.0
1261.0,0.0
1271.0,0.0
1281.0,0.0
1291.0,0.0
1301.0,5.874078962909281e-05
1311.0,5.573929864766173e-05
1321.0,5.2783541095883024e-05
1331.0,4.987292576694494e-05
1341.0,4.7006863775296586e-05
1351.0,4.418476920070756e-05
1361.0,4.140605964717858e-05
1371.0,6.087111237243967e-05
1381.0,5.751996074752466e-05
1391.0,5.413060135934632e-05
1401.0,5.070048446175267e-05
1411.0,4.7287391208451074e-05
1421.0,4.413016314756203e-05
1431.0,4.123264060254563e-05
1441.0,0.0
1451.0,0.0
1461.0,0.0
1471.0,0.0
1481.0,0.0
1491.0,0.0
1501.0,0.0
1511.0,0.0
1521.0,0.0
1531.0,0.0
1541.0,0.0
1551.0,0.0
1561.0,0.0
1571.0,0.0
1581.0,0.0
1591.0,0.0
1601.0,0.0
1611.0,0.0
1621.0,0.0
1631.0,0.0
1641.0,0.0
1651.0,0.0
1661.0,2.1373157747532088e-05
1671.0,1.9916305686169086e-05
1681.0,1.857969106441075e-05
1691.0,1.7353682705449954e-05
1701.0,1.6229283097192908e-05
1711.0,1.5198113761967443e-05
1721.0,1.4252394505228452e-05
1731.0,6.306261755395146e-05
1741.0,6.107202184586232e-05
1751.0,5.9336087064666094e-05
1761.0,5.783121206646009e-05
1771.0,5.653621579780901e-05
1781.0,5.5432096393785004e-05
1791.0,5.4501815087428086e-05
1801.0,2.1051972911648382e-05
1811.0,1.953696956161055e-05
1821.0,1.811944638843389e-05
1831.0,1.679782812505238e-05
1841.0,1.5568933727166763e-05
1851.0,1.4428553623462527e-05
1861.0,1.3371858409405789e-05
1871.0,1.2393687965341584e-05
1881.0,0.0003077264699573828
1891.0,0.0002847326045045585
1901.0,0.0002632250906967388
1911.0,0.00024316278968732332
1921.0,0.00022448652464709883
1931.0,0.00020712518998773958
1941.0,0.00019100031513559813
1951.0,0.0034279623639478585
1961.0,0.0032991346652710704
1971.0,0.0031951731116397117
1981.0,0.003113274282583949
1991.0,0.0030509518411873907
2001.0,0.0030059999974961895
2011.0,0.002976461502855493
2021.0,0.0009690368178314445
2031.0,0.0009674019506062595
2041.0,0.0009688757333776457
2051.0,0.0009730970662199028
2061.0,0.0009797452077733146
2071.0,0.0009885354702573214
2081.0,0.0009992154058824974
2091.0,0.0004333973326528107
2101.0,0.00043937030780230634
2111.0,0.00044597757860295257
2121.0,0.00045314060446012295
2131.0,0.0004607900756220735
2141.0,0.00046886497788721797
2151.0,0.00047731175813684346
2161.0,0.00022296172589367032
2171.0,0.0002120366642168693
2181.0,0.00019996556742622024
2191.0,0.00018727087412646673
2201.0,0.00017432474396427133
2211.0,0.00016138819360836986
2221.0,0.00014863954810753614
2231.0,0.00013619532062171647
2241.0,0.011204965586432176
2251.0,0.010449350680802341
2261.0,0.009790772703484016
2271.0,0.0092158658347617
2281.0,0.00871308658426045
2291.0,0.008272466334438856
2301.0,0.00788539731883707
2311.0,0.012137339699420966
2321.0,0.01228641418427464
2331.0,0.012720501445425065
2341.0,0.013426464518406522
2351.0,0.014393517130816222
2361.0,0.015613170208751448
2371.0,0.01707931506133227
2381.0,0.00024274426195616342
2391.0,0.00026391221527361056
2401.0,0.000283833651188814
2411.0,0.00030263242678274114
2421.0,0.00032041999742513344
2431.0,0.0003372968193511825
2441.0,0.00035335359221194034
2451.0,0.00017102462172007436
2461.0,0.00017787805228870943
2471.0,0.0001845319099874034
2481.0,0.0001910040960024526
2491.0,0.0001973111610669761
2501.0,0.00020346846722763223
2511.0,0.00020949033069367245
2521.0,0.00010146241777706815
2531.0,0.00010421660875717353
2541.0,0.0001069790730887961
2551.0,0.00010974769351481469
2561.0,0.00011252091236075457
2571.0,0.00011529768031535255
2581.0,0.00011807741017971325
2591.0,0.00012085993511912717
,
1.0,0.0
11.0,0.0
21.0,0.0
31.0,0.0
41.0,0.0
51.0,0.0
61.0,0.0
71.0,0.0
81.0,0.0
91.0,0.0
101.0,0.0
111.0,0.0
121.0,0.0
131.0,0.0
141.0,0.0
151.0,0.0
161.0,0.0
171.0,0.0
181.0,0.0
191.0,0.0
201.0,0.0
211.0,0.0
221.0,0.0
231.0,0.0
241.0,0.0
251.0,0.0
261.0,0.0
271.0,0.0
281.0,0.0
291.0,0.3314413400902121
301.0,0.3294531003364523
311.0,0.32748360156634215
321.0,0.32553270719936367
331.0,0.32360028427082166
341.0,0.3216862035778916
351.0,0.31979033982051347
361.0,0.14301820548873126
371.0,0.14218182591140158
381.0,0.1413540757040803
391.0,0.14053490729454435
401.0,0.13972427539476454
411.0,0.1389221370705279
421.0,0.13812845181041256
431.0,0.13734318159449665
441.0,0.06386241623457699
451.0,0.06350325445056189
461.0,0.06314816352403474
471.0,0.06279712871172125
481.0,0.06245013674144677
491.0,0.06210717585283305
501.0,0.06176823583886792
511.0,0.027972491862189756
521.0,0.026455779081267734
531.0,0.02505860619215635
541.0,0.02376780231099466
551.0,0.022572054917771745
561.0,0.021461593135653458
571.0,0.020427933652642196
581.0,0.4571498453532641
591.0,0.4486926140969379
601.0,0.44034624614164686
611.0,0.43210935869545214
621.0,0.42398058664937843
631.0,0.4159585823140899
641.0,0.408042015162864
651.0,0.43346763687839623
661.0,0.4218947168728954
671.0,0.41061159609058917
681.0,0.39960987258821695
691.0,0.3888814303793445
701.0,0.3784184282937028
711.0,0.3682132892893744
721.0,0.8007916042311589
731.0,0.7923158066753555
741.0,0.7838484685128575
751.0,0.7753876858462501
761.0,0.7669314801632582
771.0,0.758477796897035
781.0,0.7500245037839861
791.0,0.741569388985311
801.0,0.2284638877786905
811.0,0.22583730762411827
821.0,0.22321709659888528
831.0,0.22060276397702125
841.0,0.21799380950995365
851.0,0.21538972319946875
861.0,0.2127899850268445
871.0,0.08926535096659796
881.0,0.08816563405510933
891.0,0.0870683002982779
901.0,0.08597313715699653
911.0,0.0848799286240957
921.0,0.08378845507665032
931.0,0.0826984931099786
941.0,0.037443234270537064
951.0,0.03694450727649542
961.0,0.03644647626297299
971.0,0.03594903387932031
981.0,0.035452070939752216
991.0,0.03495547631834767
1001.0,0.03445913683430558
1011.0,0.01596912487179454
1021.0,0.01573590772894489
1031.0,0.015502765255100725
1041.0,0.015269638863311138
1051.0,0.01503646884506151
1061.0,0.014803194294231737
1071.0,0.014569753025088828
1081.0,0.006726640588977101
1091.0,0.00661688812819918
1101.0,0.00650702390931159
1111.0,0.006397014585039985
1121.0,0.006286826089341475
1131.0,0.006176423581610118
1141.0,0.006065771386923922
1151.0,0.0059548329321436454
1161.0,0.0026617826845385896
1171.0,0.0026109769382306335
1181.0,0.002560018545397066
1191.0,0.0025088878852600424
1201.0,0.0024575648351781816
1211.0,0.0024060287272288255
1221.0,0.0023542583019049907
1231.0,0.0009271808260125244
1241.0,0.0008547470259052902
1251.0,0.0007888578327595878
1261.0,0.0007287005706881094
1271.0,0.0006735911095017787
1281.0,0.0006229493726452173
1291.0,0.0005762802452478484
1301.0,0.014135175680113087
1311.0,0.013661940064117481
1321.0,0.013187465554652453
1331.0,0.01271161428586445
1341.0,0.012234245262412699
1351.0,0.011755214206885483
1361.0,0.011274373393471777
1371.0,0.005067441933027016
1381.0,0.004839823780868841
1391.0,0.004611263937239217
1401.0,0.004381685304743247
1411.0,0.0041510088915829284
1421.0,0.003919153700752501
1431.0,0.0036860366107526908
1441.0,0.0016219097611074012
1451.0,0.0015110884304847297
1461.0,0.001399611381185319
1471.0,0.0012879047019079617
1481.0,0.0011839142116942588
1491.0,0.0010897102013738818
1501.0,0.0010043532895942819
1511.0,0.0009269976528707183
1521.0,0.00043117163904129736
1531.0,0.0004437355840530358
1541.0,0.0004523421948933032
1551.0,0.0004575307107823059
1561.0,0.00045978079281854174
1571.0,0.00045951862984156385
1581.0,0.0004571224294975358
1591.0,0.00019058132531352137
1601.0,0.00018512839121551073
1611.0,0.00017910789112330957
1621.0,0.00017268303479629047
1631.0,0.00016599040739079748
1641.0,0.00015914363579778103
1651.0,0.00015223658965493795
1661.0,0.00019006073562624731
1671.0,0.00018401656239209717
1681.0,0.0001780980180000084
1691.0,0.00017232260463660606
1701.0,0.0001667048651778636
1711.0,0.00016125671375340027
1721.0,0.0001559877345883469
1731.0,5.873716904272433e-05
1741.0,6.754828658874057e-05
1751.0,7.474426158902701e-05
1761.0,8.052976207655993e-05
1771.0,8.508705536110544e-05
1781.0,8.857830594102164e-05
1791.0,9.114764434928562e-05
1801.0,1.6687661199789088e-05
1811.0,1.6885163411129885e-05
1821.0,1.6980250829268712e-05
1831.0,1.698652160846052e-05
1841.0,1.69003047409696e-05
1851.0,1.673592405898979e-05
1861.0,1.6510224986478052e-05
1871.0,1.623733524449176e-05
1881.0,0.0
1891.0,0.0
1901.0,0.0
1911.0,0.0
1921.0,0.0
1931.0,0.0
1941.0,0.0
1951.0,3.477439990421747e-05
1961.0,3.364147038956134e-05
1971.0,3.2567969636100045e-05
1981.0,3.155275903987703e-05
1991.0,3.059461581592755e-05
2001.0,2.9692251614439587e-05
2011.0,2.884432928785648e-05
2021.0,0.0
2031.0,0.0
2041.0,0.0
2051.0,0.0
2061.0,0.0
2071.0,0.0
2081.0,0.0
2091.0,6.6311978029502376e-06
2101.0,6.473009125647867e-06
2111.0,6.33177344168033e-06
2121.0,6.206022877296142e-06
2131.0,6.089619776405957e-06
2141.0,5.980957578527248e-06
2151.0,5.880302686629061e-06
2161.0,0.0
2171.0,0.0
2181.0,0.0
2191.0,0.0
2201.0,0.0
2211.0,0.0
2221.0,0.0
2231.0,0.0
2241.0,0.0
2251.0,0.0
2261.0,0.0
2271.0,0.0
2281.0,0.0
2291.0,0.0
2301.0,0.0
2311.0,0.0
2321.0,0.0
2331.0,0.0
2341.0,0.0
2351.0,0.0
2361.0,0.0
2371.0,0.0
2381.0,0.0
2391.0,0.0
2401.0,0.0
2411.0,0.0
2421.0,0.0
2431.0,0.0
2441.0,0.0
2451.0,0.0
2461.0,0.0
2471.0,0.0
2481.0,0.0
2491.0,0.0
2501.0,0.0
2511.0,0.0
2521.0,0.0
2531.0,0.0
2541.0,0.0
2551.0,0.0
2561.0,0.0
2571.0,0.0
2581.0,0.0
2591.0,0.0
,
1.0,0.0
11.0,0.0
21.0,0.0
31.0,0.0
41.0,0.0
51.0,0.0
61.0,0.0
71.0,0.0
81.0,0.0
91.0,0.0
101.0,0.0
111.0,0.0
121.0,0.0
131.0,0.0
141.0,0.0
151.0,0.0
161.0,0.0
171.0,0.0
181.0,0.0
191.0,0.0
201.0,0.0
211.0,0.0
221.0,0.0
231.0,0.0
241.0,0.0
251.0,0.0
261.0,0.0
271.0,0.0
281.0,0.0
291.0,0.0
301.0,0.0
311.0,0.0
321.0,0.0
331.0,0.0
341.0,0.0
351.0,0.0
361.0,0.0
371.0,0.0
381.0,0.0
391.0,0.0
401.0,0.0
411.0,0.0
421.0,0.0
431.0,0.0
441.0,0.0
451.0,0.0
461.0,0.0
471.0,0.0
481.0,0.0
491.0,0.0
501.0,0.0
511.0,0.0
521.0,0.0
531.0,0.0
541.0,0.0
551.0,0.0
561.0,0.0
571.0,0.0
581.0,0.0
591.0,0.0
601.0,0.0
611.0,0.0
621.0,0.0
631.0,0.0
641.0,0.0
651.0,0.0
661.0,0.0
671.0,0.0
681.0,0.0
691.0,0.0
701.0,0.0
711.0,0.0
721.0,0.0
731.0,0.0
741.0,0.0
751.0,0.0
761.0,0.0
771.0,0.0
781.0,0.0
791.0,0.0
801.0,0.0
811.0,0.0
821.0,0.0
831.0,0.0
841.0,0.0
851.0,0.0
861.0,0.0
871.0,0.0
881.0,0.0
891.0,0.0
901.0,0.0
911.0,0.0
921.0,0.0
931.0,0.0
941.0,0.0
951.0,0.0
961.0,0.0
971.0,0.0
981.0,0.0
991.0,0.0
1001.0,0.0
1011.0,0.0
1021.0,0.0
1031.0,0.0
1041.0,0.0
1051.0,0.0
1061.0,0.0
1071.0,0.0
1081.0,0.0
1091.0,0.0
1101.0,0.0
1111.0,0.0
1121.0,0.0
1131.0,0.0
1141.0,0.0
1151.0,0.0
1161.0,0.0
1171.0,0.0
1181.0,0.0
1191.0,0.0
1201.0,0.0
1211.0,0.0
1221.0,0.0
1231.0,0.0
1241.0,0.0
1251.0,0.0
1261.0,0.0
1271.0,0.0
1281.0,0.0
1291.0,0.0
1301.0,0.0
1311.0,0.0
1321.0,0.0
1331.0,0.0
1341.0,0.0
1351.0,0.0
1361.0,0.0
1371.0,0.0
1381.0,0.0
1391.0,0.0
1401.0,0.0
1411.0,0.0
1421.0,0.0
1431.0,0.0
1441.0,0.0
1451.0,0.0
1461.0,0.0
1471.0,0.0
1481.0,0.0
1491.0,0.0
1501.0,0.0
1511.0,0.0
1521.0,0.0
1531.0,0.0
1541.0,0.0
1551.0,0.0
1561.0,0.0
1571.0,0.0
1581.0,0.0
1591.0,0.0
1601.0,0.0
1611.0,0.0
1621.0,0.0
1631.0,0.0
1641.0,0.0
1651.0,0.0
1661.0,0.0
1671.0,0.0
1681.0,0.0
1691.0,0.0
1701.0,0.0
1711.0,0.0
1721.0,0.0
1731.0,0.0
1741.0,0.0
1751.0,0.0
1761.0,0.0
1771.0,0.0
1781.0,0.0
1791.0,0.0
1801.0,0.0
1811.0,0.0
1821.0,0.0
1831.0,0.0
1841.0,0.0
1851.0,0.0
1861.0,0.0
1871.0,0.0
1881.0,0.0
1891.0,0.0
1901.0,0.0
1911.0,0.0
1921.0,0.0
1931.0,0.0
1941.0,0.0
1951.0,0.0
1961.0,0.0
1971.0,0.0
1981.0,0.0
1991.0,0.0
2001.0,0.0
2011.0,0.0
2021.0,0.0
2031.0,0.0
2041.0,0.0
2051.0,0.0
2061.0,0.0
2071.0,0.0
2081.0,0.0
2091.0,0.0
2101.0,0.0
2111.0,0.0
2121.0,0.0
2131.0,0.0
2141.0,0.0
2151.0,0.0
2161.0,0.0
2171.0,0.0
2181.0,0.0
2191.0,0.0
2201.0,0.0
2211.0,0.0
2221.0,0.0
2231.0,0.0
2241.0,0.0007090725786791818
2251.0,0.0007060270117147697
2261.0,0.0007047930481732602
2271.0,0.0007051700417055418
2281.0,0.0007069799162954635
2291.0,0.0007100647513837264
2301.0,0.0007142846384056962
2311.0,0.0003242669959340279
2321.0,0.00032711421992406083
2331.0,0.0003303949879535867
2341.0,0.000334061516386339
2351.0,0.0003380716253058273
2361.0,0.0003423881659900974
2371.0,0.0003469785103342852
2381.0,0.00016461150998729935
2391.0,0.0001670330518995332
2401.0,0.0001696063701077303
2411.0,0.00017231502894707112
2421.0,0.00017514465449872273
2431.0,0.00017808273142985267
2441.0,0.0001811184211859521
2451.0,8.620000065963648e-05
2461.0,8.534371208746535e-05
2471.0,8.424990513557448e-05
2481.0,8.296825797905036e-05
2491.0,8.154058635102841e-05
2501.0,8.000197913205811e-05
2511.0,7.838177506245006e-05
2521.0,0.00023601027804796512
2531.0,0.00023635663851172777
2541.0,0.0002372420960858093
2551.0,0.00023860822198177738
2561.0,0.00024040310921958336
2571.0,0.00024258070113017467
2581.0,0.0002451001923109256
2591.0,0.0002479254939616882
,
1.0,0.0
11.0,0.0
21.0,0.0
31.0,0.0
41.0,0.0
51.0,0.0
61.0,0.0
71.0,0.0
81.0,0.0
91.0,0.0
101.0,0.0
111.0,0.0
121.0,0.0
131.0,0.0
141.0,0.0
151.0,0.0
161.0,0.0
171.0,0.0
181.0,0.0
191.0,0.0
201.0,0.0
211.0,0.0
221.0,0.0
231.0,0.0
241.0,0.0
251.0,0.0
261.0,0.0
271.0,0.0
281.0,0.0
291.0,0.0
301.0,0.0
311.0,0.0
321.0,0.0
331.0,0.0
341.0,0.0
351.0,0.0
361.0,0.0
371.0,0.0
381.0,0.0
391.0,0.0
401.0,0.0
411.0,0.0
421.0,0.0
431.0,0.0
441.0,0.0
451.0,0.0
461.0,0.0
471.0,0.0
481.0,0.0
491.0,0.0
501.0,0.0
511.0,0.0
521.0,0.0
531.0,0.0
541.0,0.0
551.0,0.0
561.0,0.0
571.0,0.0
581.0,0.0
591.0,0.0
601.0,0.0
611.0,0.0
621.0,0.0
631.0,0.0
641.0,0.0
651.0,0.0
661.0,0.0
671.0,0.0
681.0,0.0
691.0,0.0
701.0,0.0
711.0,0.0
721.0,0.0
731.0,0.0
741.0,0.0
751.0,0.0
761.0,0.0
771.0,0.0
781.0,0.0
791.0,0.0
801.0,0.0
811.0,0.0
821.0,0.0
831.0,0.0
841.0,0.0
851.0,0.0
861.0,0.0
871.0,0.0
881.0,0.0
891.0,0.0
901.0,0.0
911.0,0.0
921.0,0.0
931.0,0.0
941.0,0.0
951.0,0.0
961.0,0.0
971.0,0.0
981.0,0.0
991.0,0.0
1001.0,0.0
1011.0,0.0
1021.0,0.0
1031.0,0.0
1041.0,0.0
1051.0,0.0
1061.0,0.0
1071.0,0.0
1081.0,0.0
1091.0,0.0
1101.0,0.0
1111.0,0.0
1121.0,0.0
1131.0,0.0
1141.0,0.0
1151.0,0.0
1161.0,0.0
1171.0,0.0
1181.0,0.0
1191.0,0.0
1201.0,0.0
1211.0,0.0
1221.0,0.0
1231.0,0.0
1241.0,0.0
1251.0,0.0
1261.0,0.0
1271.0,0.0
1281.0,0.0
1291.0,0.0
1301.0,1.3511221991196074e-05
1311.0,1.262308012537233e-05
1321.0,1.1811049014610934e-05
1331.0,1.1068539385527189e-05
1341.0,1.0389504189036007e-05
1351.0,9.76839835642311e-06
1361.0,9.20014088116793e-06
1371.0,2.898576905212969e-05
1381.0,2.534502128176043e-05
1391.0,2.2212148711465936e-05
1401.0,1.949961844627609e-05
1411.0,1.7139322660464637e-05
1421.0,1.5077014239688611e-05
1431.0,1.3268636427519972e-05
1441.0,0.003438982916148323
1451.0,0.0032268793457214937
1461.0,0.0030426667337079736
1471.0,0.0028832473362971015
1481.0,0.0027458726831837373
1491.0,0.0026281034995169444
1501.0,0.002527774399534282
1511.0,0.002442962769106213
1521.0,0.0009308465220900932
1531.0,0.000907748233646799
1541.0,0.0008889087279473928
1551.0,0.0008738606418982303
1561.0,0.0008621882221990048
1571.0,0.0008535217053863947
1581.0,0.0008475323343342255
1591.0,0.00037773988346033764
1601.0,0.0003771753569696579
1611.0,0.00037754088083546906
1621.0,0.00037873344391965117
1631.0,0.00038066161181199025
1641.0,0.00038324431612596214
1651.0,0.0003864097757980099
1661.0,0.00018213246760220812
1671.0,0.0001841342588609532
1681.0,0.00018639743931397423
1691.0,0.00018889250684744915
1701.0,0.0001915934778832843
1711.0,0.00019447753175686557
1721.0,0.0001975246925843981
1731.0,9.454290452763807e-05
1741.0,9.61422490495049e-05
1751.0,9.784395336379522e-05
1761.0,9.963637480269965e-05
1771.0,0.00010150936787488749
1781.0,0.0001034541357773318
1791.0,0.0001054630972385901
1801.0,4.985119618788126e-05
1811.0,5.0848596689691585e-05
1821.0,5.189872610079559e-05
1831.0,5.299565703352173e-05
1841.0,5.413426698020997e-05
1851.0,5.531015892654996e-05
1861.0,5.6519590110344465e-05
1871.0,5.775940810516539e-05
1881.0,2.5945772448699798e-05
1891.0,2.6538033013153618e-05
1901.0,2.7157135491602703e-05
1911.0,2.7800227189092857e-05
1921.0,2.84648753123438e-05
1931.0,2.914902579742901e-05
1941.0,2.985096639631998e-05
1951.0,1.1551623740008785e-05
1961.0,1.1839407625470795e-05
1971.0,1.21413784900232e-05
1981.0,1.2456076890935936e-05
1991.0,1.2782264664397895e-05
2001.0,1.3118903291165523e-05
2011.0,1.3465134528676097e-05
2021.0,2.60137369994449e-06
2031.0,2.48593802095492e-06
2041.0,2.3677698721617176e-06
2051.0,2.2493373736884e-06
2061.0,2.1323942115608637e-06
2071.0,2.018165574808826e-06
2081.0,1.907483865610931e-06
2091.0,0.00012504385360606444
2101.0,0.00012416144549212238
2111.0,0.00012360944243842444
2121.0,0.00012335424008325097
2131.0,0.00012336594291549057
2141.0,0.0001236179854942671
2151.0,0.0001240867936301016
2161.0,5.78914837323638e-05
2171.0,5.8297406014048284e-05
2181.0,5.880888288245669e-05
2191.0,5.941508290369127e-05
2201.0,6.0106459210888496e-05
2211.0,6.0874621372099174e-05
2221.0,6.171222051465887e-05
2231.0,6.261284633627383e-05
2241.0,2.801847627769025e-05
2251.0,2.8487983231181738e-05
2261.0,2.899533355908226e-05
2271.0,2.953669849185051e-05
2281.0,3.0108761520732073e-05
2291.0,3.070866814309642e-05
2301.0,3.1333980795550746e-05
2311.0,1.218470203027048e-05
2321.0,1.2450801294688912e-05
2331.0,1.2733482592835702e-05
2341.0,1.30310806966452e-05
2351.0,1.3342171272283513e-05
2361.0,1.3665547381485293e-05
2371.0,1.4000198435685083e-05
2381.0,2.9368133098252022e-06
2391.0,3.011641593416392e-06
2401.0,3.090623659901932e-06
2411.0,3.173149956876821e-06
2421.0,3.2542780399086584e-06
2431.0,3.332630615945376e-06
2441.0,3.408812910969207e-06
2451.0,0.0
2461.0,0.0
2471.0,0.0
2481.0,0.0
2491.0,0.0
2501.0,0.0
2511.0,0.0
2521.0,3.6914577842347877e-06
2531.0,3.756428619036812e-06
2541.0,3.826375705589157e-06
2551.0,3.900900170053401e-06
2561.0,3.978548815950755e-06
2571.0,4.053406735919397e-06
2581.0,4.125407339610862e-06
2591.0,4.195333079930795e-06
,
1.0,0.0
11.0,0.0
21.0,0.0
31.0,0.0
41.0,0.0
51.0,0.0
61.0,0.0
71.0,0.0
81.0,0.0
91.0,0.0
101.0,0.0
111.0,0.0
121.0,0.0
131.0,0.0
141.0,0.0
151.0,0.0
161.0,0.0
171.0,0.0
181.0,0.0
191.0,0.0
201.0,0.0
211.0,0.0
221.0,0.0
231.0,0.0
241.0,0.0
251.0,0.0
261.0,0.0
271.0,0.0
281.0,0.0
291.0,0.0
301.0,0.0
311.0,0.0
321.0,0.0
331.0,0.0
341.0,0.0
351.0,0.0
361.0,0.0
371.0,0.0
381.0,0.0
391.0,0.0
401.0,0.0
411.0,0.0
421.0,0.0
431.0,0.0
441.0,0.0
451.0,0.0
461.0,0.0
471.0,0.0
481.0,0.0
491.0,0.0
501.0,0.0
511.0,0.0
521.0,0.0
531.0,0.0
541.0,0.0
551.0,0.0
561.0,0.0
571.0,0.0
581.0,0.0
591.0,0.0
601.0,0.0
611.0,0.0
621.0,0.0
631.0,0.0
641.0,0.0
651.0,0.0
661.0,0.0
671.0,0.0
681.0,0.0
691.0,0.0
701.0,0.0
711.0,0.0
721.0,0.0
731.0,0.0
741.0,0.0
751.0,0.0
761.0,0.0
771.0,0.0
781.0,0.0
791.0,0.0
801.0,0.0
811.0,0.0
821.0,0.0
831.0,0.0
841.0,0.0
851.0,0.0
861.0,0.0
871.0,0.0
881.0,0.0
891.0,0.0
901.0,0.0
911.0,0.0
921.0,0.0
931.0,0.0
941.0,0.0
951.0,0.0
961.0,0.0
971.0,0.0
981.0,0.0
991.0,0.0
1001.0,0.0
1011.0,0.0
1021.0,0.0
1031.0,0.0
1041.0,0.0
1051.0,0.0
1061.0,0.0
1071.0,0.0
1081.0,0.0
1091.0,0.0
1101.0,0.0
1111.0,0.0
1121.0,0.0
1131.0,0.0
1141.0,0.0
1151.0,0.0
1161.0,0.0
1171.0,0.0
1181.0,0.0
1191.0,0.0
1201.0,0.0
1211.0,0.0
1221.0,0.0
1231.0,0.0
1241.0,0.0
1251.0,0.0
1261.0,0.0
1271.0,0.0
1281.0,0.0
1291.0,0.0
1301.0,0.0
1311.0,0.0
1321.0,0.0
1331.0,0.0
1341.0,0.0
1351.0,0.0
1361.0,0.0
1371.0,0.0
1381.0,0.0
1391.0,0.0
1401.0,0.0
1411.0,0.0
1421.0,0.0
1431.0,0.0
1441.0,0.0
1451.0,0.0
1461.0,0.0
1471.0,0.0
1481.0,0.0
1491.0,0.0
1501.0,0.0
1511.0,0.0
1521.0,0.0
1531.0,0.0
1541.0,0.0
1551.0,0.0
1561.0,0.0
1571.0,0.0
1581.0,0.0
1591.0,0.0
1601.0,0.0
1611.0,0.0
1621.0,0.0
1631.0,0.0
1641.0,0.0
1651.0,0.0
1661.0,0.0
1671.0,0.0
1681.0,0.0
1691.0,0.0
1701.0,0.0
1711.0,0.0
1721.0,0.0
1731.0,0.0
1741.0,0.0
1751.0,0.0
1761.0,0.0
1771.0,0.0
1781.0,0.0
1791.0,0.0
1801.0,0.0
1811.0,0.0
1821.0,0.0
1831.0,0.0
1841.0,0.0
1851.0,0.0
1861.0,0.0
1871.0,0.0
1881.0,0.0
1891.0,0.0
1901.0,0.0
1911.0,0.0
1921.0,0.0
1931.0,0.0
1941.0,0.0
1951.0,0.0
1961.0,0.0
1971.0,0.0
1981.0,0.0
1991.0,0.0
2001.0,0.0
2011.0,0.0
2021.0,0.0
2031.0,0.0
2041.0,0.0
2051.0,0.0
2061.0,0.0
2071.0,0.0
2081.0,0.0
2091.0,0.0
2101.0,0.0
2111.0,0.0
2121.0,0.0
2131.0,0.0
2141.0,0.0
2151.0,0.0
2161.0,0.0
2171.0,0.0
2181.0,0.0
2191.0,0.0
2201.0,0.0
2211.0,0.0
2221.0,0.0
2231.0,0.0
2241.0,0.010439702278843745
2251.0,0.009937197634360276
2261.0,0.009543810139482621
2271.0,0.00924705983510203
2281.0,0.009035967286445663
2291.0,0.008900862342566752
2301.0,0.008833219886084617
2311.0,0.001561217049259639
2321.0,0.001571606625888067
2331.0,0.0015865364454731416
2341.0,0.001605485376107122
2351.0,0.0016279900673498752
2361.0,0.0016536387639227567
2371.0,0.0016820658614640754
2381.0,0.0006469058398395531
2391.0,0.0006563896807394088
2401.0,0.0006658507127910743
2411.0,0.0006752786249680184
2421.0,0.0006846648733789148
2431.0,0.0006940024993471429
2441.0,0.0007032859662070757
2451.0,0.00043629268982215905
2461.0,0.0004438320980715194
2471.0,0.0004517794664663426
2481.0,0.00046008535109627504
2491.0,0.0004687062048852259
2501.0,0.0004776037980615014
2511.0,0.00048674470151388436
2521.0,0.00022765220126598747
2531.0,0.000232066214857391
2541.0,0.00023662919660757614
2551.0,0.00024132334512882674
2561.0,0.0002461331560607503
2571.0,0.0002510452027545778
2581.0,0.00025604793994515884
2591.0,0.00026113152788141914
,
1.0,0.0
11.0,0.0
21.0,0.0
31.0,0.0
41.0,0.0
51.0,0.0
61.0,0.0
71.0,0.0
81.0,0.0
91.0,0.0
101.0,0.0
111.0,0.0
121.0,0.0
131.0,0.0
141.0,0.0
151.0,0.0
161.0,0.0
171.0,0.0
181.0,0.0
191.0,0.0
201.0,0.0
211.0,0.0
221.0,0.0
231.0,0.0
241.0,0.0
251.0,0.0
261.0,0.0
271.0,0.0
281.0,0.0
291.0,0.0
301.0,0.0
311.0,0.0
321.0,0.0
331.0,0.0
341.0,0.0
351.0,0.0
361.0,0.0
371.0,0.0
381.0,0.0
391.0,0.0
401.0,0.0
411.0,0.0
421.0,0.0
431.0,0.0
441.0,0.0
451.0,0.0
461.0,0.0
471.0,0.0
481.0,0.0
491.0,0.0
501.0,0.0
511.0,0.0
521.0,0.0
531.0,0.0
541.0,0.0
551.0,0.0
561.0,0.0
571.0,0.0
581.0,0.0
591.0,0.0
601.0,0.0
611.0,0.0
621.0,0.0
631.0,0.0
641.0,0.0
651.0,0.007412825449141878
661.0,0.006560289374582431
671.0,0.005849968168090282
681.0,0.0052493332410994105
691.0,0.004735068322717317
701.0,0.00429002140439431
711.0,0.0039012919202580324
721.0,4.237965327971058
731.0,4.125715106819219
741.0,4.008883032844748
751.0,3.8869014926959706
761.0,3.7590903535165605
771.0,3.6246290376638512
781.0,3.4825193230399414
791.0,3.3315347549856074
801.0,0.009815114705434851
811.0,0.009324557896911037
821.0,0.008831392766835014
831.0,0.008335462110444789
841.0,0.007836603929192117
851.0,0.007334651170569719
861.0,0.006829431451616997
871.0,0.0029740422232209427
881.0,0.002733088239991961
891.0,0.0025009876658302005
901.0,0.0022906112853398734
911.0,0.002099925048754253
921.0,0.0019270310595419645
931.0,0.0017702209856923922
941.0,0.0007497405452637595
951.0,0.0006903086269260469
961.0,0.0006363889801657754
971.0,0.0005874598068358901
981.0,0.0005430506550349934
991.0,0.0005027372304593012
1001.0,0.00046613674671484314
1011.0,0.0001868058296220979
1021.0,0.00017379595652671452
1031.0,0.00016199985925192305
1041.0,0.00015130544767600135
1051.0,0.00014161149145218476
1061.0,0.00013282654651350985
1071.0,0.00012486799087198564
1081.0,4.1988014646610766e-05
1091.0,6.806175773684266e-05
1101.0,8.984368509338903e-05
1111.0,0.00010786053701443073
1121.0,0.00012258181374688246
1131.0,0.0001344256366907235
1141.0,0.00014376402493729735
1151.0,0.0001509276456325645
1161.0,1.8374393520378932e-05
1171.0,1.880420147549519e-05
1181.0,1.90456189636134e-05
1191.0,1.9123733349473625e-05
1201.0,1.90690413807494e-05
1211.0,1.8907304735972124e-05
1221.0,1.8660252209004726e-05
1231.0,0.0
1241.0,0.0
1251.0,0.0
1261.0,0.0
1271.0,0.0
1281.0,0.0
1291.0,0.0
1301.0,0.0
1311.0,0.0
1321.0,0.0
1331.0,0.0
1341.0,0.0
1351.0,0.0
1361.0,0.0
1371.0,0.0
1381.0,0.0
1391.0,0.0
1401.0,0.0
1411.0,0.0
1421.0,0.0
1431.0,0.0
1441.0,0.0
1451.0,0.0
1461.0,0.0
1471.0,0.0
1481.0,0.0
1491.0,0.0
1501.0,0.0
1511.0,0.0
1521.0,0.0
1531.0,0.0
1541.0,0.0
1551.0,0.0
1561.0,0.0
1571.0,0.0
1581.0,0.0
1591.0,0.0
1601.0,0.0
1611.0,0.0
1621.0,0.0
1631.0,0.0
1641.0,0.0
1651.0,0.0
1661.0,0.0
1671.0,0.0
1681.0,0.0
1691.0,0.0
1701.0,0.0
1711.0,0.0
1721.0,0.0
1731.0,0.0
1741.0,0.0
1751.0,0.0
1761.0,0.0
1771.0,0.0
1781.0,0.0
1791.0,0.0
1801.0,0.0
1811.0,0.0
1821.0,0.0
1831.0,0.0
1841.0,0.0
1851.0,0.0
1861.0,0.0
1871.0,0.0
1881.0,0.0
1891.0,0.0
1901.0,0.0
1911.0,0.0
1921.0,0.0
1931.0,0.0
1941.0,0.0
1951.0,0.0
1961.0,0.0
1971.0,0.0
1981.0,0.0
1991.0,0.0
2001.0,0.0
2011.0,0.0
2021.0,0.0
2031.0,0.0
2041.0,0.0
2051.0,0.0
2061.0,0.0
2071.0,0.0
2081.0,0.0
2091.0,0.0
2101.0,0.0
2111.0,0.0
2121.0,0.0
2131.0,0.0
2141.0,0.0
2151.0,0.0
2161.0,0.0
2171.0,0.0
2181.0,0.0
2191.0,0.0
2201.0,0.0
2211.0,0.0
2221.0,0.0
2231.0,0.0
2241.0,0.0
2251.0,0.0
2261.0,0.0
2271.0,0.0
2281.0,0.0
2291.0,0.0
2301.0,0.0
2311.0,0.0
2321.0,0.0
2331.0,0.0
2341.0,0.0
2351.0,0.0
2361.0,0.0
2371.0,0.0
2381.0,0.0
2391.0,0.0
2401.0,0.0
2411.0,0.0
2421.0,0.0
2431.0,0.0
2441.0,0.0
2451.0,0.0
2461.0,0.0
2471.0,0.0
2481.0,0.0
2491.0,0.0
2501.0,0.0
2511.0,0.0
2521.0,0.0
2531.0,0.0
2541.0,0.0
2551.0,0.0
2561.0,0.0
2571.0,0.0
2581.0,0.0
2591.0,0.0
,
1.0,0.0
11.0,0.0
21.0,0.0
31.0,0.0
41.0,0.0
51.0,0.0
61.0,0.0
71.0,0.0
81.0,0.0
91.0,0.0
101.0,0.0
111.0,0.0
121.0,0.0
131.0,0.0
141.0,0.0
151.0,0.0
161.0,0.0
171.0,0.0
181.0,0.0
191.0,0.0
201.0,0.0
211.0,0.0
221.0,0.0
231.0,0.0
241.0,0.0
251.0,0.0
261.0,0.0
271.0,0.0
281.0,0.0
291.0,0.0
301.0,0.0
311.0,0.0
321.0,0.0
331.0,0.0
341.0,0.0
351.0,0.0
361.0,0.0
371.0,0.0
381.0,0.0
391.0,0.0
401.0,0.0
411.0,0.0
421.0,0.0
431.0,0.0
441.0,0.0
451.0,0.0
461.0,0.0
471.0,0.0
481.0,0.0
491.0,0.0
501.0,0.0
511.0,0.0
521.0,0.0
531.0,0.0
541.0,0.0
551.0,0.0
561.0,0.0
571.0,0.0
581.0,0.0
591.0,0.0
601.0,0.0
611.0,0.0
621.0,0.0
631.0,0.0
641.0,0.0
651.0,0.0
661.0,0.0
671.0,0.0
681.0,0.0
691.0,0.0
701.0,0.0
711.0,0.0
721.0,0.0
731.0,0.0
741.0,0.0
751.0,0.0
761.0,0.0
771.0,0.0
781.0,0.0
791.0,0.0
801.0,0.0
811.0,0.0
821.0,0.0
831.0,0.0
841.0,0.0
851.0,0.0
861.0,0.0
871.0,0.0
881.0,0.0
891.0,0.0
901.0,0.0
911.0,0.0
921.0,0.0
931.0,0.0
941.0,0.0
951.0,0.0
961.0,0.0
971.0,0.0
981.0,0.0
991.0,0.0
1001.0,0.0
1011.0,0.0
1021.0,0.0
1031.0,0.0
1041.0,0.0
1051.0,0.0
1061.0,0.0
1071.0,0.0
1081.0,0.0
1091.0,0.0
1101.0,0.0
1111.0,0.0
1121.0,0.0
1131.0,0.0
1141.0,0.0
1151.0,0.0
1161.0,0.0
1171.0,0.0
1181.0,0.0
1191.0,0.0
1201.0,0.0
1211.0,0.0
1221.0,0.0
1231.0,0.0
1241.0,0.0
1251.0,0.0
1261.0,0.0
1271.0,0.0
1281.0,0.0
1291.0,0.0
1301.0,0.0
1311.0,0.0
1321.0,0.0
1331.0,0.0
1341.0,0.0
1351.0,0.0
1361.0,0.0
1371.0,0.0
1381.0,0.0
1391.0,0.0
1401.0,0.0
1411.0,0.0
1421.0,0.0
1431.0,0.0
1441.0,0.0
1451.0,0.0
1461.0,0.0
1471.0,0.0
1481.0,0.0
1491.0,0.0
1501.0,0.0
1511.0,0.0
1521.0,0.0
1531.0,0.0
1541.0,0.0
1551.0,0.0
1561.0,0.0
1571.0,0.0
1581.0,0.0
1591.0,0.0
1601.0,0.0
1611.0,0.0
1621.0,0.0
1631.0,0.0
1641.0,0.0
1651.0,0.0
1661.0,0.0
1671.0,0.0
1681.0,0.0
1691.0,0.0
1701.0,0.0
1711.0,0.0
1721.0,0.0
1731.0,0.0
1741.0,0.0
1751.0,0.0
1761.0,0.0
1771.0,0.0
1781.0,0.0
1791.0,0.0
1801.0,0.0
1811.0,0.0
1821.0,0.0
1831.0,0.0
1841.0,0.0
1851.0,0.0
1861.0,0.0
1871.0,0.0
1881.0,6.441948543388147e-05
1891.0,6.582642704294508e-05
1901.0,6.723734434568243e-05
1911.0,6.865277847211544e-05
1921.0,7.007338965537767e-05
1931.0,7.149994885933724e-05
1941.0,7.293333032713504e-05
1951.0,3.3431130902625625e-05
1961.0,3.4105009797402e-05
1971.0,3.480178684343947e-05
1981.0,3.5519570429284825e-05
1991.0,3.625677571778462e-05
2001.0,3.701209614916269e-05
2011.0,3.778447792738991e-05
2021.0,1.5475240047197872e-05
2031.0,1.559025339981452e-05
2041.0,1.569198558088796e-05
2051.0,1.5781831056518406e-05
2061.0,1.586104079020977e-05
2071.0,1.593073678950134e-05
2081.0,1.5991925195586528e-05
2091.0,1.661765358569278e-05
2101.0,1.6891665862139516e-05
2111.0,1.7188888913935165e-05
2121.0,1.750719705585868e-05
2131.0,1.7844748687118013e-05
2141.0,1.8199959411574552e-05
2151.0,1.8571477937325457e-05
2161.0,5.377518196265762e-06
2171.0,5.493437422295745e-06
2181.0,5.617651458598819e-06
2191.0,5.749399520581997e-06
2201.0,5.888029058938406e-06
2211.0,6.032985645339719e-06
2221.0,6.1811513195756854e-06
2231.0,6.323349653664963e-06
2241.0,0.0
2251.0,0.0
2261.0,0.0
2271.0,0.0
2281.0,0.0
2291.0,0.0
2301.0,0.0
2311.0,0.0
2321.0,0.0
2331.0,0.0
2341.0,0.0
2351.0,0.0
2361.0,0.0
2371.0,0.0
2381.0,0.0
2391.0,0.0
2401.0,0.0
2411.0,0.0
2421.0,0.0
2431.0,0.0
2441.0,0.0
2451.0,0.0
2461.0,0.0
2471.0,0.0
2481.0,0.0
2491.0,0.0
2501.0,0.0
2511.0,0.0
2521.0,0.0
2531.0,0.0
2541.0,0.0
2551.0,0.0
2561.0,0.0
2571.0,0.0
2581.0,0.0
2591.0,0.0
,
1.0,0.0
11.0,0.0
21.0,0.0
31.0,0.0
41.0,0.0
51.0,0.0
61.0,0.0
71.0,0.0
81.0,0.0
91.0,0.0
101.0,0.0
111.0,0.0
121.0,0.0
131.0,0.0
141.0,0.0
151.0,0.0
161.0,0.0
171.0,0.0
181.0,0.0
191.0,0.0
201.0,0.0
211.0,0.0
221.0,0.0
231.0,0.0
241.0,0.0
251.0,0.0
261.0,0.0
271.0,0.0
281.0,0.0
291.0,0.0
301.0,0.0
311.0,0.0
321.0,0.0
331.0,0.0
341.0,0.0
351.0,0.0
361.0,0.0
371.0,0.0
381.0,0.0
391.0,0.0
401.0,0.0
411.0,0.0
421.0,0.0
431.0,0.0
441.0,0.0
451.0,0.0
461.0,0.0
471.0,0.0
481.0,0.0
491.0,0.0
501.0,0.0
511.0,0.0
521.0,0.0
531.0,0.0
541.0,0.0
551.0,0.0
561.0,0.0
571.0,0.0
581.0,0.0
591.0,0.0
601.0,0.0
611.0,0.0
621.0,0.0
631.0,0.0
641.0,0.0
651.0,0.0
661.0,0.0
671.0,0.0
681.0,0.0
691.0,0.0
701.0,0.0
711.0,0.0
721.0,0.0
731.0,0.0
741.0,0.0
751.0,0.0
761.0,0.0
771.0,0.0
781.0,0.0
791.0,0.0
801.0,0.0
811.0,0.0
821.0,0.0
831.0,0.0
841.0,0.0
851.0,0.0
861.0,0.0
871.0,0.0
881.0,0.0
891.0,0.0
901.0,0.0
911.0,0.0
921.0,0.0
931.0,0.0
941.0,0.0
951.0,0.0
961.0,0.0
971.0,0.0
981.0,0.0
991.0,0.0
1001.0,0.0
1011.0,0.0008243049570605004
1021.0,0.0007620737817083655
1031.0,0.000705958424217782
1041.0,0.0006553587493928
1051.0,0.0006097357648690768
1061.0,0.0005686052507553454
1071.0,0.0005315320703358024
1081.0,0.0002315818970107629
1091.0,0.0003753420239175889
1101.0,0.0004839037356126811
1111.0,0.0005634947157549164
1121.0,0.0006193557180689338
1131.0,0.0006558904301918918
1141.0,0.0006767927369401509
1151.0,0.0006851548517278556
1161.0,0.0024813987975252872
1171.0,0.002520075919393413
1181.0,0.002542089647322216
1191.0,0.00254964428583931
1201.0,0.002544708886782056
1211.0,0.0025290411820467094
1221.0,0.0025042090249061794
1231.0,0.001162020606744567
1241.0,0.001141934359048007
1251.0,0.0011192367797083224
1261.0,0.0010944288582183954
1271.0,0.001067951926949301
1281.0,0.0010401939033462865
1291.0,0.0010114948981950558
1301.0,0.00047624788794164204
1311.0,0.00040863745504091044
1321.0,0.00035028699022167907
1331.0,0.000299794583943392
1341.0,0.0002560232868201731
1351.0,0.00021802822572126407
1361.0,0.0001850100784049199
1371.0,0.428406942519183
1381.0,0.39258399815056066
1391.0,0.3690022356117346
1401.0,0.35699824013133924
1411.0,0.3563347634240443
1421.0,0.3673317584462903
1431.0,0.3911557912430932
1441.0,0.0
1451.0,0.0
1461.0,0.0
1471.0,0.0
1481.0,0.0
1491.0,0.0
1501.0,0.0
1511.0,0.0
1521.0,0.0
1531.0,0.0
1541.0,0.0
1551.0,0.0
1561.0,0.0
1571.0,0.0
1581.0,0.0
1591.0,0.0
1601.0,0.0
1611.0,0.0
1621.0,0.0
1631.0,0.0
1641.0,0.0
1651.0,0.0
1661.0,0.0
1671.0,0.0
1681.0,0.0
1691.0,0.0
1701.0,0.0
1711.0,0.0
1721.0,0.0
1731.0,0.0
1741.0,0.0
1751.0,0.0
1761.0,0.0
1771.0,0.0
1781.0,0.0
1791.0,0.0
1801.0,0.0
1811.0,0.0
1821.0,0.0
1831.0,0.0
1841.0,0.0
1851.0,0.0
1861.0,0.0
1871.0,0.0
1881.0,0.0
1891.0,0.0
1901.0,0.0
1911.0,0.0
1921.0,0.0
1931.0,0.0
1941.0,0.0
1951.0,0.0010179339146115674
1961.0,0.0009684434644828558
1971.0,0.0009231225988985888
1981.0,0.0008815889529339439
1991.0,0.0008435001685946893
2001.0,0.0008085495408634794
2011.0,0.0007764621467291181
2021.0,0.0003518877470544363
2031.0,0.00033917889610885496
2041.0,0.00032755235825861537
2051.0,0.000316917772049591
2061.0,0.00030719389657037966
2071.0,0.0002983076462867383
2081.0,0.0002901932316754995
2091.0,0.00013194356531119036
2101.0,0.00012882139083299468
2111.0,0.00012601714017102217
2121.0,0.00012350607332648592
2131.0,0.0001212659157130132
2141.0,0.00011927660818808563
2151.0,0.00011752008402000189
2161.0,5.1903216854554524e-05
2171.0,5.1314609437586026e-05
2181.0,5.08312138087755e-05
2191.0,5.044487020739404e-05
2201.0,5.014827465718141e-05
2211.0,4.9934895780322884e-05
2221.0,4.979890036828367e-05
2231.0,4.973508679932432e-05
2241.0,1.915207769902574e-05
2251.0,1.836736218556671e-05
2261.0,1.7592564310901817e-05
2271.0,1.6834259728214567e-05
2281.0,1.609722989744318e-05
2291.0,1.5384831529533913e-05
2301.0,1.4699294166564477e-05
2311.0,9.913883796160756e-05
2321.0,9.816918649635426e-05
2331.0,9.745609660604202e-05
2341.0,9.697485981137895e-05
2351.0,9.670346212882644e-05
2361.0,9.662231117323888e-05
2371.0,9.671399191648014e-05
2381.0,4.360586056250283e-05
2391.0,4.266019568132267e-05
2401.0,4.170100442462832e-05
2411.0,4.073773663430796e-05
2421.0,3.9778002264760256e-05
2431.0,3.8827864403152775e-05
2441.0,3.7892088880936745e-05
2451.0,9.413385473325916e-05
2461.0,9.403359112101368e-05
2471.0,9.414852811255143e-05
2481.0,9.445667318673967e-05
2491.0,9.493851407514675e-05
2501.0,9.557676789646024e-05
2511.0,9.635615653871753e-05
2521.0,4.455671386719707e-05
2531.0,4.411379370591318e-05
2541.0,4.363059704595442e-05
2551.0,4.311633753482207e-05
2561.0,4.25788030665263e-05
2571.0,4.20245525665212e-05
2581.0,4.145908699697443e-05
2591.0,4.0886997875337395e-05
,
1.0,0.0
11.0,0.0
21.0,0.0
31.0,0.0
41.0,0.0
51.0,0.0
61.0,0.0
71.0,0.0
81.0,0.0
91.0,0.0
101.0,0.0
111.0,0.0
121.0,0.0
131.0,0.0
141.0,0.0
151.0,0.0
161.0,0.0
171.0,0.0
181.0,0.0
191.0,0.0
201.0,0.0
211.0,0.0
221.0,0.0
231.0,0.0
241.0,0.0
251.0,0.0
261.0,0.0
271.0,0.0
281.0,0.0
291.0,0.0
301.0,0.0
311.0,0.0
321.0,0.0
331.0,0.0
341.0,0.0
351.0,0.0
361.0,0.0
371.0,0.0
381.0,0.0
391.0,0.0
401.0,0.0
411.0,0.0
421.0,0.0
431.0,0.0
441.0,0.0
451.0,0.0
461.0,0.0
471.0,0.0
481.0,0.0
491.0,0.0
501.0,0.0
511.0,0.004705875611612118
521.0,0.004641454121042369
531.0,0.004576911109990786
541.0,0.004512225220721695
551.0,0.0044473744164373104
561.0,0.004382335929832796
571.0,0.00431708620815764
581.0,0.0016407891040134122
591.0,0.0016154272040259099
601.0,0.001589966940434052
611.0,0.001564397240313956
621.0,0.0015387066459597633
631.0,0.0015128832815719463
641.0,0.0014869148176105793
651.0,0.0003234750116850661
661.0,0.00031765421566428206
671.0,0.00031179613261951485
681.0,0.0003058973634698953
691.0,0.0002999525324162671
701.0,0.0002939519566498635
711.0,0.00028789176430261325
721.0,0.0
731.0,0.0
741.0,0.0
751.0,0.0
761.0,0.0
771.0,0.0
781.0,0.0
791.0,0.0
801.0,0.0
811.0,0.0
821.0,0.0
831.0,0.0
841.0,0.0
851.0,0.0
861.0,0.0
871.0,0.0
881.0,0.0
891.0,0.0
901.0,0.0
911.0,0.0
921.0,0.0
931.0,0.0
941.0,0.0
951.0,0.0
961.0,0.0
971.0,0.0
981.0,0.0
991.0,0.0
1001.0,0.0
1011.0,0.0
1021.0,0.0
1031.0,0.0
1041.0,0.0
1051.0,0.0
1061.0,0.0
1071.0,0.0
1081.0,0.0
1091.0,0.0
1101.0,0.0
1111.0,0.0
1121.0,0.0
1131.0,0.0
1141.0,0.0
1151.0,0.0
1161.0,0.0
1171.0,0.0
1181.0,0.0
1191.0,0.0
1201.0,0.0
1211.0,0.0
1221.0,0.0
1231.0,0.0
1241.0,0.0
1251.0,0.0
1261.0,0.0
1271.0,0.0
1281.0,0.0
1291.0,0.0
1301.0,0.0
1311.0,0.0
1321.0,0.0
1331.0,0.0
1341.0,0.0
1351.0,0.0
1361.0,0.0
1371.0,0.0
1381.0,0.0
1391.0,0.0
1401.0,0.0
1411.0,0.0
1421.0,0.0
1431.0,0.0
1441.0,0.0
1451.0,0.0
1461.0,0.0
1471.0,0.0
1481.0,0.0
1491.0,0.0
1501.0,0.0
1511.0,0.0
1521.0,0.0
1531.0,0.0
1541.0,0.0
1551.0,0.0
1561.0,0.0
1571.0,0.0
1581.0,0.0
1591.0,0.0
1601.0,0.0
1611.0,0.0
1621.0,0.0
1631.0,0.0
1641.0,0.0
1651.0,0.0
1661.0,0.0
1671.0,0.0
1681.0,0.0
1691.0,0.0
1701.0,0.0
1711.0,0.0
1721.0,0.0
1731.0,0.0
1741.0,0.0
1751.0,0.0
1761.0,0.0
1771.0,0.0
1781.0,0.0
1791.0,0.0
1801.0,0.0
1811.0,0.0
1821.0,0.0
1831.0,0.0
1841.0,0.0
1851.0,0.0
1861.0,0.0
1871.0,0.0
1881.0,0.0
1891.0,0.0
1901.0,0.0
1911.0,0.0
1921.0,0.0
1931.0,0.0
1941.0,0.0
1951.0,0.0
1961.0,0.0
1971.0,0.0
1981.0,0.0
1991.0,0.0
2001.0,0.0
2011.0,0.0
2021.0,0.0
2031.0,0.0
2041.0,0.0
2051.0,0.0
2061.0,0.0
2071.0,0.0
2081.0,0.0
2091.0,0.0
2101.0,0.0
2111.0,0.0
2121.0,0.0
2131.0,0.0
2141.0,0.0
2151.0,0.0
2161.0,0.0
2171.0,0.0
2181.0,0.0
2191.0,0.0
2201.0,0.0
2211.0,0.0
2221.0,0.0
2231.0,0.0
2241.0,0.0
2251.0,0.0
2261.0,0.0
2271.0,0.0
2281.0,0.0
2291.0,0.0
2301.0,0.0
2311.0,0.0
2321.0,0.0
2331.0,0.0
2341.0,0.0
2351.0,0.0
2361.0,0.0
2371.0,0.0
2381.0,0.0
2391.0,0.0
2401.0,0.0
2411.0,0.0
2421.0,0.0
2431.0,0.0
2441.0,0.0
2451.0,0.0
2461.0,0.0
2471.0,0.0
2481.0,0.0
2491.0,0.0
2501.0,0.0
2511.0,0.0
2521.0,0.0
2531.0,0.0
2541.0,0.0
2551.0,0.0
2561.0,0.0
2571.0,0.0
2581.0,0.0
2591.0,0.0
,
1.0,0.0
11.0,0.0
21.0,0.0
31.0,0.0
41.0,0.0
51.0,0.0
61.0,0.0
71.0,0.0
81.0,0.0
91.0,0.0
101.0,0.0
111.0,0.0
121.0,0.0
131.0,0.0
141.0,0.0
151.0,0.0
161.0,0.0
171.0,0.0
181.0,0.0
191.0,0.0
201.0,0.0
211.0,0.0
221.0,2.9679436101976693
231.0,2.9497246977105114
241.0,2.9315480378010013
251.0,2.913396062620969
261.0,2.895251369025285
271.0,2.8770967672316927
281.0,2.8589153217604544
291.0,0.6175317313208585
301.0,0.6135673656825519
311.0,0.6096041079280367
321.0,0.6056413050904469
331.0,0.6016783792372551
341.0,0.597714822973217
351.0,0.593750194780747
361.0,0.24181170294891197
371.0,0.24018566087708174
381.0,0.23856049965606957
391.0,0.23693626146841956
401.0,0.2353129999620823
411.0,0.23369077853943823
421.0,0.23206966869355194
431.0,0.2304497483959353
441.0,0.103796455862582
451.0,0.1030634307622988
461.0,0.10233152445536361
471.0,0.10160079210044819
481.0,0.10087128794033508
491.0,0.10014306482658612
501.0,0.09941617377344683
511.0,0.04626489957533957
521.0,0.04592562919032213
531.0,0.04558720816342402
541.0,0.04524965553610249
551.0,0.044912988684011335
561.0,0.04457722320240495
571.0,0.04424237280140907
581.0,0.020656325152145615
591.0,0.020499736732777402
601.0,0.02034366367891401
611.0,0.020188107109451358
621.0,0.020033067180012368
631.0,0.019878543058120056
641.0,0.019724532900345728
651.0,0.009006311783629019
661.0,0.008935932049136336
671.0,0.008865820591255121
681.0,0.008795973375769721
691.0,0.008726385952821271
701.0,0.008657053447935303
711.0,0.008587970552777727
721.0,0.0036684446934787183
731.0,0.0036389134851213534
741.0,0.0036095019982948728
751.0,0.003580206314653638
761.0,0.0035510223726821838
771.0,0.0035219459601569573
781.0,0.0034929727060603877
791.0,0.0034640980718880663
801.0,0.0012175658360032348
811.0,0.0012074089192208482
821.0,0.001197290958737813
831.0,0.0011872096594210486
841.0,0.0011771626854853569
851.0,0.0011671476543111438
861.0,0.001157162129900246
871.0,0.0001241078504782462
881.0,0.00012303359989834016
891.0,0.0001219600944396259
901.0,0.00012088632405511484
911.0,0.0001198121383135123
921.0,0.00011873734927465268
931.0,0.0001176617331929565
941.0,0.0
951.0,0.0
961.0,0.0
971.0,0.0
981.0,0.0
991.0,0.0
1001.0,0.0
1011.0,0.0
1021.0,0.0
1031.0,0.0
1041.0,0.0
1051.0,0.0
1061.0,0.0
1071.0,0.0
1081.0,0.0
1091.0,0.0
1101.0,0.0
1111.0,0.0
1121.0,0.0
1131.0,0.0
1141.0,0.0
1151.0,0.0
1161.0,0.0021843444689734538
1171.0,0.002127901757471418
1181.0,0.0020711444711888046
1191.0,0.002014051030307256
1201.0,0.0019565990446136204
1211.0,0.0018987652616920816
1221.0,0.0018405255116484634
1231.0,0.0007388600886334109
1241.0,0.0007012246511282754
1251.0,0.0006644408063590935
1261.0,0.0006284900593376509
1271.0,0.0005933541896911116
1281.0,0.0005590152698246899
1291.0,0.0005254556792893621
1301.0,0.000845006544785626
1311.0,0.0008429277884529388
1321.0,0.0008319948078271783
1331.0,0.0008144886937837937
1341.0,0.0007921640873125508
1351.0,0.0007663734704578686
1361.0,0.0007381604707370157
1371.0,0.015890428540129984
1381.0,0.015694177297714836
1391.0,0.015463308636938513
1401.0,0.015201318790509248
1411.0,0.014911411327464411
1421.0,0.014596521546101233
1431.0,0.01425933878805071
1441.0,0.016956477150205256
1451.0,0.016613029448492207
1461.0,0.016249309402023418
1471.0,0.015866446678025815
1481.0,0.015465522464798324
1491.0,0.015047570661248918
1501.0,0.014613579089705604
1511.0,0.01416449072720751
1521.0,0.009255156865909529
1531.0,0.008975545887799924
1541.0,0.008686326783617351
1551.0,0.00838767397551233
1561.0,0.008079758733886742
1571.0,0.007762748076707446
1581.0,0.007436803726727367
1591.0,0.0033229628414862
1601.0,0.0031624390303301307
1611.0,0.0029980627845822474
1621.0,0.002829898525838258
1631.0,0.0026580060282857046
1641.0,0.002483479129558094
1651.0,0.002319578329811916
1661.0,0.0010201697960797642
1671.0,0.0009528431333233157
1681.0,0.0008909767137620376
1691.0,0.0008340992424497768
1701.0,0.0007817838009206524
1711.0,0.0007336433952699975
1721.0,0.0006893269701756652
1731.0,0.0003632009485825297
1741.0,0.000343085485214611
1751.0,0.00032461670829772154
1761.0,0.00030765537693662617
1771.0,0.00029207553445151417
1781.0,0.0002777631599392975
1791.0,0.00026461496323807197
1801.0,0.00011220880008250868
1811.0,0.00010729048475406119
1821.0,0.00010279639406760159
1831.0,9.86925248981363e-05
1841.0,9.494803674655414e-05
1851.0,9.153494321308299e-05
1861.0,8.842783559823019e-05
1871.0,8.560363522000671e-05
1881.0,3.209361688507983e-05
1891.0,3.080946868968017e-05
1901.0,2.961821992632507e-05
1911.0,2.8513805632930674e-05
1921.0,2.74904839984889e-05
1931.0,2.6542828863783382e-05
1941.0,2.5665720807904676e-05
1951.0,2.3893016908885167e-05
1961.0,2.3474051246663477e-05
1971.0,2.3121929952681106e-05
1981.0,2.2831146900829302e-05
1991.0,2.259676679688621e-05
2001.0,2.2414370751533084e-05
2011.0,2.228000743146941e-05
2021.0,4.966221873369074e-06
2031.0,4.958431491952571e-06
2041.0,4.962432821322176e-06
2051.0,4.977223485475187e-06
2061.0,4.99919782434887e-06
2071.0,5.022641752564115e-06
2081.0,5.0478740631248595e-06
2091.0,0.0
2101.0,0.0
2111.0,0.0
2121.0,0.0
2131.0,0.0
2141.0,0.0
2151.0,0.0
2161.0,5.4986238970049144e-05
2171.0,5.3562739530105116e-05
2181.0,5.220690379209936e-05
2191.0,5.091740459913588e-05
2201.0,4.969250854585255e-05
2211.0,4.8530172085552654e-05
2221.0,4.742812224297548e-05
2231.0,4.638392408298225e-05
2241.0,6.61915471667189e-05
2251.0,6.597263098360258e-05
2261.0,6.590142527166668e-05
2271.0,6.596373568358022e-05
2281.0,6.614697041265945e-05
2291.0,6.643997931162218e-05
2301.0,6.683290975477198e-05
2311.0,2.9498068803834813e-05
2321.0,2.97674672944482e-05
2331.0,3.008753259982431e-05
2341.0,3.04533008851746e-05
2351.0,3.0860429297727425e-05
2361.0,3.130513434056349e-05
2371.0,3.178413662356948e-05
2381.0,1.2092015705688253e-05
2391.0,1.2302751658794684e-05
2401.0,1.2532614633083152e-05
2411.0,1.2779686627289969e-05
2421.0,1.3042315449051015e-05
2431.0,1.3319088357369763e-05
2441.0,1.3608808462109856e-05
2451.0,2.534756301261954e-06
2461.0,2.59298698489501e-06
2471.0,2.6548196717784346e-06
2481.0,2.719088728370456e-06
2491.0,2.7815056532754763e-06
2501.0,2.8419790077551322e-06
2511.0,2.900996605453492e-06
2521.0,0.0
2531.0,0.0
2541.0,0.0
2551.0,0.0
2561.0,0.0
2571.0,0.0
2581.0,0.0
2591.0,0.0
,
1.0,0.0
11.0,0.0
21.0,0.0
31.0,0.0
41.0,0.0
51.0,0.0
61.0,0.0
71.0,0.0
81.0,0.0
91.0,0.0
101.0,0.0
111.0,0.0
121.0,0.0
131.0,0.0
141.0,0.0
151.0,0.0
161.0,0.0
171.0,0.0
181.0,0.0
191.0,0.0
201.0,0.0
211.0,0.0
221.0,0.005351868436076502
231.0,0.005268755017126652
241.0,0.005186708054471116
251.0,0.005105713767154657
261.0,0.005025758587720022
271.0,0.004946829155484314
281.0,0.004868912310314863
291.0,0.005361581090072891
301.0,0.005347300420128078
311.0,0.0053335884588964775
321.0,0.005320454211273076
331.0,0.005307907417949593
341.0,0.0052959585903328815
351.0,0.005284619048576437
361.0,0.0014745604336061963
371.0,0.0014717437949174758
381.0,0.0014691142577080171
391.0,0.0014666757241269918
401.0,0.0014644324182860693
411.0,0.0014623889030496839
421.0,0.0014605459473642699
431.0,0.001458900011186332
441.0,0.0
451.0,0.0
461.0,0.0
471.0,0.0
481.0,0.0
491.0,0.0
501.0,0.0
511.0,0.0
521.0,0.0
531.0,0.0
541.0,0.0
551.0,0.0
561.0,0.0
571.0,0.0
581.0,0.0
591.0,0.0
601.0,0.0
611.0,0.0
621.0,0.0
631.0,0.0
641.0,0.0
651.0,0.0
661.0,0.0
671.0,0.0
681.0,0.0
691.0,0.0
701.0,0.0
711.0,0.0
721.0,0.0
731.0,0.0
741.0,0.0
751.0,0.0
761.0,0.0
771.0,0.0
781.0,0.0
791.0,0.0
801.0,0.0
811.0,0.0
821.0,0.0
831.0,0.0
841.0,0.0
851.0,0.0
861.0,0.0
871.0,0.0
881.0,0.0
891.0,0.0
901.0,0.0
911.0,0.0
921.0,0.0
931.0,0.0
941.0,0.0
951.0,0.0
961.0,0.0
971.0,0.0
981.0,0.0
991.0,0.0
1001.0,0.0
1011.0,0.0
1021.0,0.0
1031.0,0.0
1041.0,0.0
1051.0,0.0
1061.0,0.0
1071.0,0.0
1081.0,0.0
1091.0,0.0
1101.0,0.0
1111.0,0.0
1121.0,0.0
1131.0,0.0
1141.0,0.0
1151.0,0.0
1161.0,0.0
1171.0,0.0
1181.0,0.0
1191.0,0.0
1201.0,0.0
1211.0,0.0
1221.0,0.0
1231.0,0.0
1241.0,0.0
1251.0,0.0
1261.0,0.0
1271.0,0.0
1281.0,0.0
1291.0,0.0
1301.0,0.0
1311.0,0.0
1321.0,0.0
1331.0,0.0
1341.0,0.0
1351.0,0.0
1361.0,0.0
1371.0,0.0
1381.0,0.0
1391.0,0.0
1401.0,0.0
1411.0,0.0
1421.0,0.0
1431.0,0.0
1441.0,0.0
1451.0,0.0
1461.0,0.0
1471.0,0.0
1481.0,0.0
1491.0,0.0
1501.0,0.0
1511.0,0.0
1521.0,0.0
1531.0,0.0
1541.0,0.0
1551.0,0.0
1561.0,0.0
1571.0,0.0
1581.0,0.0
1591.0,0.0
1601.0,0.0
1611.0,0.0
1621.0,0.0
1631.0,0.0
1641.0,0.0
1651.0,0.0
1661.0,0.0
1671.0,0.0
1681.0,0.0
1691.0,0.0
1701.0,0.0
1711.0,0.0
1721.0,0.0
1731.0,0.0
1741.0,0.0
1751.0,0.0
1761.0,0.0
1771.0,0.0
1781.0,0.0
1791.0,0.0
1801.0,0.0
1811.0,0.0
1821.0,0.0
1831.0,0.0
1841.0,0.0
1851.0,0.0
1861.0,0.0
1871.0,0.0
1881.0,0.0
1891.0,0.0
1901.0,0.0
1911.0,0.0
1921.0,0.0
1931.0,0.0
1941.0,0.0
1951.0,0.0
1961.0,0.0
1971.0,0.0
1981.0,0.0
1991.0,0.0
2001.0,0.0
2011.0,0.0
2021.0,0.0
2031.0,0.0
2041.0,0.0
2051.0,0.0
2061.0,0.0
2071.0,0.0
2081.0,0.0
2091.0,0.0
2101.0,0.0
2111.0,0.0
2121.0,0.0
2131.0,0.0
2141.0,0.0
2151.0,0.0
2161.0,0.0
2171.0,0.0
2181.0,0.0
2191.0,0.0
2201.0,0.0
2211.0,0.0
2221.0,0.0
2231.0,0.0
2241.0,0.0
2251.0,0.0
2261.0,0.0
2271.0,0.0
2281.0,0.0
2291.0,0.0
2301.0,0.0
2311.0,1.7414740644452493e-05
2321.0,1.6034755008862378e-05
2331.0,1.473494348312784e-05
2341.0,1.3518362454129586e-05
2351.0,1.2384857380646076e-05
2361.0,1.1332195826932614e-05
2371.0,1.0356827976849269e-05
2381.0,0.000958922268995293
2391.0,0.0009285028105563213
2401.0,0.0009029925167832757
2411.0,0.0008818563171105696
2421.0,0.0008646180191880981
2431.0,0.0008508538703805129
2441.0,0.0008401868494680639
2451.0,0.0003707245206489288
2461.0,0.0003551084341076727
2471.0,0.00033945111930531953
2481.0,0.00032392544427946725
2491.0,0.00030866155111293817
2501.0,0.0002937550225708206
2511.0,0.000279273576830484
2521.0,0.002002430793290311
2531.0,0.001960700325666931
2541.0,0.0019302176826704988
2551.0,0.0019097184840526995
2561.0,0.0018980792252058511
2571.0,0.0018943014495452525
2581.0,0.001897497837231342
2591.0,0.0019068799705181333
,
1.0,0.0
11.0,0.0
21.0,0.0
31.0,0.0
41.0,0.0
51.0,0.0
61.0,0.0
71.0,0.0
81.0,0.030946686335921163
91.0,0.030875670596219325
101.0,0.030807710232341703
111.0,0.030742845416377226
121.0,0.030681119246722014
131.0,0.030622577877467517
141.0,0.03056727065650047
151.0,0.013382720935951019
161.0,0.01319596291673074
171.0,0.013011539452085972
181.0,0.01282942066226867
191.0,0.012649577155647882
201.0,0.012471980010967307
211.0,0.012296600760978292
221.0,0.013949232102974574
231.0,0.014090668286906548
241.0,0.014223425277463488
251.0,0.014348272825315879
261.0,0.014465943686145363
271.0,0.014577135101265692
281.0,0.014682510319753008
291.0,0.005809165208455966
301.0,0.005846745294011203
311.0,0.005882260949032672
321.0,0.00591522018570973
331.0,0.0059458134236203405
341.0,0.005974223420088525
351.0,0.006000621239280106
361.0,0.001472149788096548
371.0,0.001477733375636058
381.0,0.001482939819791159
391.0,0.0014878004721148193
401.0,0.0014923445515002283
411.0,0.0014965714509516345
421.0,0.0015004710237672368
431.0,0.001504083563546807
441.0,0.0
451.0,0.0
461.0,0.0
471.0,0.0
481.0,0.0
491.0,0.0
501.0,0.0
511.0,0.0
521.0,0.0
531.0,0.0
541.0,0.0
551.0,0.0
561.0,0.0
571.0,0.0
581.0,0.0
591.0,0.0
601.0,0.0
611.0,0.0
621.0,0.0
631.0,0.0
641.0,0.0
651.0,0.0
661.0,0.0
671.0,0.0
681.0,0.0
691.0,0.0
701.0,0.0
711.0,0.0
721.0,0.0
731.0,0.0
741.0,0.0
751.0,0.0
761.0,0.0
771.0,0.0
781.0,0.0
791.0,0.0
801.0,0.0
811.0,0.0
821.0,0.0
831.0,0.0
841.0,0.0
851.0,0.0
861.0,0.0
871.0,0.0
881.0,0.0
891.0,0.0
901.0,0.0
911.0,0.0
921.0,0.0
931.0,0.0
941.0,0.0
951.0,0.0
961.0,0.0
971.0,0.0
981.0,0.0
991.0,0.0
1001.0,0.0
1011.0,0.0
1021.0,0.0
1031.0,0.0
1041.0,0.0
1051.0,0.0
1061.0,0.0
1071.0,0.0
1081.0,0.0
1091.0,0.0
1101.0,0.0
1111.0,0.0
1121.0,0.0
1131.0,0.0
1141.0,0.0
1151.0,0.0
1161.0,0.0
1171.0,0.0
1181.0,0.0
1191.0,0.0
1201.0,0.0
1211.0,0.0
1221.0,0.0
1231.0,0.002665630162996564
1241.0,0.0026288940972214515
1251.0,0.0025920932719922327
1261.0,0.002555218044182815
1271.0,0.002518258366680062
1281.0,0.002481203765210582
1291.0,0.002444043313641228
1301.0,0.000989744312829273
1311.0,0.000974374836988075
1321.0,0.0009589623524629868
1331.0,0.00094350086037383
1341.0,0.0009279841684628905
1351.0,0.0009124058743408854
1361.0,0.0008967593476019547
1371.0,0.00026441367774926705
1381.0,0.00025967492036413445
1391.0,0.00025491552449032924
1401.0,0.0002501328720686382
1411.0,0.00024532427070273936
1421.0,0.00024048694456790354
1431.0,0.00023561759055267266
1441.0,0.0
1451.0,0.0
1461.0,0.0
1471.0,0.0
1481.0,0.0
1491.0,0.0
1501.0,0.0
1511.0,0.0
1521.0,0.0
1531.0,0.0
1541.0,0.0
1551.0,0.0
1561.0,0.0
1571.0,0.0
1581.0,0.0
1591.0,0.0
1601.0,0.0
1611.0,0.0
1621.0,0.0
1631.0,0.0
1641.0,0.0
1651.0,0.0
1661.0,0.0
1671.0,0.0
1681.0,0.0
1691.0,0.0
1701.0,0.0
1711.0,0.0
1721.0,0.0
1731.0,0.0
1741.0,0.0
1751.0,0.0
1761.0,0.0
1771.0,0.0
1781.0,0.0
1791.0,0.0
1801.0,0.0
1811.0,0.0
1821.0,0.0
1831.0,0.0
1841.0,0.0
1851.0,0.0
1861.0,0.0
1871.0,0.0
1881.0,0.0
1891.0,0.0
1901.0,0.0
1911.0,0.0
1921.0,0.0
1931.0,0.0
1941.0,0.0
1951.0,0.0
1961.0,0.0
1971.0,0.0
1981.0,0.0
1991.0,0.0
2001.0,0.0
2011.0,0.0
2021.0,0.0
2031.0,0.0
2041.0,0.0
2051.0,0.0
2061.0,0.0
2071.0,0.0
2081.0,0.0
2091.0,0.0
2101.0,0.0
2111.0,0.0
2121.0,0.0
2131.0,0.0
2141.0,0.0
2151.0,0.0
2161.0,0.0
2171.0,0.0
2181.0,0.0
2191.0,0.0
2201.0,0.0
2211.0,0.0
2221.0,0.0
2231.0,0.0
2241.0,0.0
2251.0,0.0
2261.0,0.0
2271.0,0.0
2281.0,0.0
2291.0,0.0
2301.0,0.0
2311.0,0.0
2321.0,0.0
2331.0,0.0
2341.0,0.0
2351.0,0.0
2361.0,0.0
2371.0,0.0
2381.0,0.0
2391.0,0.0
2401.0,0.0
2411.0,0.0
2421.0,0.0
2431.0,0.0
2441.0,0.0
2451.0,0.0
2461.0,0.0
2471.0,0.0
2481.0,0.0
2491.0,0.0
2501.0,0.0
2511.0,0.0
2521.0,0.0
2531.0,0.0
2541.0,0.0
2551.0,0.0
2561.0,0.0
2571.0,0.0
2581.0,0.0
2591.0,0.0
,
1.0,0.0
11.0,0.0
21.0,0.0
31.0,0.0
41.0,0.0
51.0,0.0
61.0,0.0
71.0,0.0
81.0,0.0
91.0,0.0
101.0,0.0
111.0,0.0
121.0,0.0
131.0,0.0
141.0,0.0
151.0,0.0
161.0,0.0
171.0,0.0
181.0,0.0
191.0,0.0
201.0,0.0
211.0,0.0
221.0,0.0
231.0,0.0
241.0,0.0
251.0,0.0
261.0,0.0
271.0,0.0
281.0,0.0
291.0,0.0
301.0,0.0
311.0,0.0
321.0,0.0
331.0,0.0
341.0,0.0
351.0,0.0
361.0,0.0
371.0,0.0
381.0,0.0
391.0,0.0
401.0,0.0
411.0,0.0
421.0,0.0
431.0,0.0
441.0,0.0
451.0,0.0
461.0,0.0
471.0,0.0
481.0,0.0
491.0,0.0
501.0,0.0
511.0,0.0
521.0,0.0
531.0,0.0
541.0,0.0
551.0,0.0
561.0,0.0
571.0,0.0
581.0,0.0
591.0,0.0
601.0,0.0
611.0,0.0
621.0,0.0
631.0,0.0
641.0,0.0
651.0,0.0
661.0,0.0
671.0,0.0
681.0,0.0
691.0,0.0
701.0,0.0
711.0,0.0
721.0,0.0
731.0,0.0
741.0,0.0
751.0,0.0
761.0,0.0
771.0,0.0
781.0,0.0
791.0,0.0
801.0,0.0
811.0,0.0
821.0,0.0
831.0,0.0
841.0,0.0
851.0,0.0
861.0,0.0
871.0,0.0
881.0,0.0
891.0,0.0
901.0,0.0
911.0,0.0
921.0,0.0
931.0,0.0
941.0,0.0
951.0,0.0
961.0,0.0
971.0,0.0
981.0,0.0
991.0,0.0
1001.0,0.0
1011.0,0.0
1021.0,0.0
1031.0,0.0
1041.0,0.0
1051.0,0.0
1061.0,0.0
1071.0,0.0
1081.0,0.0
1091.0,0.0
1101.0,0.0
1111.0,0.0
1121.0,0.0
1131.0,0.0
1141.0,0.0
1151.0,0.0
1161.0,0.0
1171.0,0.0
1181.0,0.0
1191.0,0.0
1201.0,0.0
1211.0,0.0
1221.0,0.0
1231.0,0.00014773240075698982
1241.0,0.00013160053962551205
1251.0,0.00011727789853450964
1261.0,0.00010455845396031573
1271.0,9.326046886939513e-05
1281.0,8.322341644325535e-05
1291.0,7.430533943197385e-05
1301.0,0.0005372254454789928
1311.0,0.0005604830946245975
1321.0,0.000577883200189486
1331.0,0.0005901835616852315
1341.0,0.0005980602933965134
1351.0,0.0006021161357638542
1361.0,0.0006028879224233754
1371.0,0.00026645777997190754
1381.0,0.0002577702403102026
1391.0,0.00024805152286594217
1401.0,0.00023763205176254324
1411.0,0.00022678111113040746
1421.0,0.00021571653378167312
1431.0,0.00020461294785952683
1441.0,0.0004985800783831467
1451.0,0.00048177498453825694
1461.0,0.0004655009760638618
1471.0,0.00044976523360433014
1481.0,0.0004345725607740257
1491.0,0.0004199256106971815
1501.0,0.00040582509690473663
1511.0,0.00039226998975101194
1521.0,0.00018119865603391218
1531.0,0.0001812147490792692
1541.0,0.00017550682786085853
1551.0,0.00016623319998123983
1561.0,0.00015486702821830098
1571.0,0.00014241518894034095
1581.0,0.0001295622774963946
1591.0,0.040262407934328046
1601.0,0.03875871228200989
1611.0,0.037472139411993795
1621.0,0.03637146056851933
1631.0,0.03542933961417245
1641.0,0.034621877166125685
1651.0,0.03392821188022961
1661.0,0.007402907100441859
1671.0,0.007276296961713951
1681.0,0.007153396681881654
1691.0,0.007033616292556616
1701.0,0.0069164731275162695
1711.0,0.006801578304449744
1721.0,0.0066886246914604165
1731.0,0.002998045137371248
1741.0,0.004321241591715601
1751.0,0.005452325828680743
1761.0,0.006412452673773375
1771.0,0.007220562885872388
1781.0,0.007893622131483997
1791.0,0.008476919639721017
1801.0,0.00408015969272794
1811.0,0.00414618093034168
1821.0,0.004163790002199174
1831.0,0.004141332716213167
1841.0,0.004085815491749016
1851.0,0.004003125708693494
1861.0,0.0038982138562394827
1871.0,0.003775244475968858
1881.0,0.028069569928673082
1891.0,0.027814242442513702
1901.0,0.027522024619598497
1911.0,0.0271914173681331
1921.0,0.026821062882226503
1931.0,0.026409740211088925
1941.0,0.0259563602472557
1951.0,0.009743021417480372
1961.0,0.009535368269063597
1971.0,0.00931012873221074
1981.0,0.009067338792191616
1991.0,0.0088070599406313
2001.0,0.008529376612606932
2011.0,0.008234393636004988
2021.0,0.0035204666434849336
2031.0,0.0033809691048636748
2041.0,0.0032494516369384174
2051.0,0.0031252982017398404
2061.0,0.0030079174797566386
2071.0,0.0028967851969860137
2081.0,0.0027914361520076964
2091.0,0.0012536796492636487
2101.0,0.0012094616300256926
2111.0,0.0011674554152324372
2121.0,0.0011275238662277632
2131.0,0.001089544101033064
2141.0,0.001053405774867103
2151.0,0.0010190095635978103
2161.0,0.00046322961239244535
2171.0,0.0004212133974052405
2181.0,0.000381865568749347
2191.0,0.0003452921093462708
2201.0,0.000311497723663298
2211.0,0.0002804180730724701
2221.0,0.00025194291588434244
2231.0,0.0002259327624557007
2241.0,0.00991575599867452
2251.0,0.009338216849418008
2261.0,0.00883314125107277
2271.0,0.008392021584137429
2281.0,0.008007355404341209
2291.0,0.007672526383809099
2301.0,0.007381699871296964
2311.0,0.0022480973926583404
2321.0,0.0021497944880817087
2331.0,0.0020582319901412643
2341.0,0.001972919837915654
2351.0,0.0018934047246748783
2361.0,0.0018192672746824886
2371.0,0.001750119440666681
2381.0,0.0020076597182899303
2391.0,0.0019608411450190723
2401.0,0.0019212805664791449
2411.0,0.0018881558476704949
2421.0,0.0018607399241760258
2431.0,0.0018383900984839747
2441.0,0.0018205385790190198
2451.0,0.0007507976715034349
2461.0,0.0007465055959672104
2471.0,0.0007435239859559205
2481.0,0.0007417124083845593
2491.0,0.0007409469362867948
2501.0,0.000741118350208014
2511.0,0.0007421305409608787
2521.0,0.00033888790849828155
2531.0,0.00034003971591258197
2541.0,0.0003415477642970657
2551.0,0.00034337680065945817
2561.0,0.00034549587953109625
2571.0,0.0003478779106206917
2581.0,0.0003504992558116867
2591.0,0.0003533393700263396
,
1.0,0.0
11.0,0.0
21.0,0.0
31.0,0.0
41.0,0.0
51.0,0.0
61.0,0.0
71.0,0.0
81.0,0.0
91.0,0.0
101.0,0.0
111.0,0.0
121.0,0.0
131.0,0.0
141.0,0.0
151.0,0.0
161.0,0.0
171.0,0.0
181.0,0.0
191.0,0.0
201.0,0.0
211.0,0.0
221.0,0.0
231.0,0.0
241.0,0.0
251.0,0.0
261.0,0.0
271.0,0.0
281.0,0.0
291.0,0.0
301.0,0.0
311.0,0.0
321.0,0.0
331.0,0.0
341.0,0.0
351.0,0.0
361.0,0.0
371.0,0.0
381.0,0.0
391.0,0.0
401.0,0.0
411.0,0.0
421.0,0.0
431.0,0.0
441.0,0.0
451.0,0.0
461.0,0.0
471.0,0.0
481.0,0.0
491.0,0.0
501.0,0.0
511.0,0.0
521.0,0.0
531.0,0.0
541.0,0.0
551.0,0.0
561.0,0.0
571.0,0.0
581.0,0.0
591.0,0.0
601.0,0.0
611.0,0.0
621.0,0.0
631.0,0.0
641.0,0.0
651.0,0.0
661.0,0.0
671.0,0.0
681.0,0.0
691.0,0.0
701.0,0.0
711.0,0.0
721.0,0.0
731.0,0.0
741.0,0.0
751.0,0.0
761.0,0.0
771.0,0.0
781.0,0.0
791.0,0.0
801.0,0.0
811.0,0.0
821.0,0.0
831.0,0.0
841.0,0.0
851.0,0.0
861.0,0.0
871.0,0.0
881.0,0.0
891.0,0.0
901.0,0.0
911.0,0.0
921.0,0.0
931.0,0.0
941.0,0.0
951.0,0.0
961.0,0.0
971.0,0.0
981.0,0.0
991.0,0.0
1001.0,0.0
1011.0,0.0
1021.0,0.0
1031.0,0.0
1041.0,0.0
1051.0,0.0
1061.0,0.0
1071.0,0.0
1081.0,0.0
1091.0,0.0
1101.0,0.0
1111.0,0.0
1121.0,0.0
1131.0,0.0
1141.0,0.0
1151.0,0.0
1161.0,0.0
1171.0,0.0
1181.0,0.0
1191.0,0.0
1201.0,0.0
1211.0,0.0
1221.0,0.0
1231.0,0.0
1241.0,0.0
1251.0,0.0
1261.0,0.0
1271.0,0.0
1281.0,0.0
1291.0,0.0
1301.0,0.0
1311.0,0.0
1321.0,0.0
1331.0,0.0
1341.0,0.0
1351.0,0.0
1361.0,0.0
1371.0,0.0
1381.0,0.0
1391.0,0.0
1401.0,0.0
1411.0,0.0
1421.0,0.0
1431.0,0.0
1441.0,0.0
1451.0,0.0
1461.0,0.0
1471.0,0.0
1481.0,0.0
1491.0,0.0
1501.0,0.0
1511.0,0.0
1521.0,0.0
1531.0,0.0
1541.0,0.0
1551.0,0.0
1561.0,0.0
1571.0,0.0
1581.0,0.0
1591.0,0.0
1601.0,0.0
1611.0,0.0
1621.0,0.0
1631.0,0.0
1641.0,0.0
1651.0,0.0
1661.0,0.0
1671.0,0.0
1681.0,0.0
1691.0,0.0
1701.0,0.0
1711.0,0.0
1721.0,0.0
1731.0,0.0
1741.0,0.0
1751.0,0.0
1761.0,0.0
1771.0,0.0
1781.0,0.0
1791.0,0.0
1801.0,0.0
1811.0,0.0
1821.0,0.0
1831.0,0.0
1841.0,0.0
1851.0,0.0
1861.0,0.0
1871.0,0.0
1881.0,0.0
1891.0,0.0
1901.0,0.0
1911.0,0.0
1921.0,0.0
1931.0,0.0
1941.0,0.0
1951.0,0.0
1961.0,0.0
1971.0,0.0
1981.0,0.0
1991.0,0.0
2001.0,0.0
2011.0,0.0
2021.0,0.0
2031.0,0.0
2041.0,0.0
2051.0,0.0
2061.0,0.0
2071.0,0.0
2081.0,0.0
2091.0,0.0
2101.0,0.0
2111.0,0.0
2121.0,0.0
2131.0,0.0
2141.0,0.0
2151.0,0.0
2161.0,0.0
2171.0,0.0
2181.0,0.0
2191.0,0.0
2201.0,0.0
2211.0,0.0
2221.0,0.0
2231.0,0.0
2241.0,0.0
2251.0,0.0
2261.0,0.0
2271.0,0.0
2281.0,0.0
2291.0,0.0
2301.0,0.0
2311.0,0.0
2321.0,0.0
2331.0,0.0
2341.0,0.0
2351.0,0.0
2361.0,0.0
2371.0,0.0
2381.0,0.0
2391.0,0.0
2401.0,0.0
2411.0,0.0
2421.0,0.0
2431.0,0.0
2441.0,0.0
2451.0,0.0
2461.0,0.0
2471.0,0.0
2481.0,0.0
2491.0,0.0
2501.0,0.0
2511.0,0.0
2521.0,0.0
2531.0,0.0
2541.0,0.0
2551.0,0.0
2561.0,0.0
2571.0,0.0
2581.0,0.0
2591.0,0.0
,
1.0,0.0
11.0,0.0
21.0,0.0
31.0,0.0
41.0,0.0
51.0,0.0
61.0,0.0
71.0,0.0
81.0,0.0
91.0,0.0
101.0,0.0
111.0,0.0
121.0,0.0
131.0,0.0
141.0,0.0
151.0,0.0
161.0,0.0
171.0,0.0
181.0,0.0
191.0,0.0
201.0,0.0
211.0,0.0
221.0,0.0
231.0,0.0
241.0,0.0
251.0,0.0
261.0,0.0
271.0,0.0
281.0,0.0
291.0,0.0
301.0,0.0
311.0,0.0
321.0,0.0
331.0,0.0
341.0,0.0
351.0,0.0
361.0,0.0
371.0,0.0
381.0,0.0
391.0,0.0
401.0,0.0
411.0,0.0
421.0,0.0
431.0,0.0
441.0,0.0
451.0,0.0
461.0,0.0
471.0,0.0
481.0,0.0
491.0,0.0
501.0,0.0
511.0,0.0
521.0,0.0
531.0,0.0
541.0,0.0
551.0,0.0
561.0,0.0
571.0,0.0
581.0,0.0
591.0,0.0
601.0,0.0
611.0,0.0
621.0,0.0
631.0,0.0
641.0,0.0
651.0,0.0
661.0,0.0
671.0,0.0
681.0,0.0
691.0,0.0
701.0,0.0
711.0,0.0
721.0,0.0
731.0,0.0
741.0,0.0
751.0,0.0
761.0,0.0
771.0,0.0
781.0,0.0
791.0,0.0
801.0,0.0
811.0,0.0
821.0,0.0
831.0,0.0
841.0,0.0
851.0,0.0
861.0,0.0
871.0,0.0
881.0,0.0
891.0,0.0
901.0,0.0
911.0,0.0
921.0,0.0
931.0,0.0
941.0,0.0
951.0,0.0
961.0,0.0
971.0,0.0
981.0,0.0
991.0,0.0
1001.0,0.0
1011.0,0.0
1021.0,0.0
1031.0,0.0
1041.0,0.0
1051.0,0.0
1061.0,0.0
1071.0,0.0
1081.0,0.0
1091.0,0.0
1101.0,0.0
1111.0,0.0
1121.0,0.0
1131.0,0.0
1141.0,0.0
1151.0,0.0
1161.0,0.0
1171.0,0.0
1181.0,0.0
1191.0,0.0
1201.0,0.0
1211.0,0.0
1221.0,0.0
1231.0,0.0
1241.0,0.0
1251.0,0.0
1261.0,0.0
1271.0,0.0
1281.0,0.0
1291.0,0.0
1301.0,0.0001109903643792963
1311.0,0.00010422670315754292
1321.0,9.738529114699385e-05
1331.0,9.059630148641664e-05
1341.0,8.434110800078667e-05
1351.0,7.861832946345764e-05
1361.0,7.337699971826733e-05
1371.0,0.0
1381.0,0.0
1391.0,0.0
1401.0,0.0
1411.0,0.0
1421.0,0.0
1431.0,0.0
1441.0,0.0
1451.0,0.0
1461.0,0.0
1471.0,0.0
1481.0,0.0
1491.0,0.0
1501.0,0.0
1511.0,0.0
1521.0,0.0
1531.0,0.0
1541.0,0.0
1551.0,0.0
1561.0,0.0
1571.0,0.0
1581.0,0.0
1591.0,0.0
1601.0,0.0
1611.0,0.0
1621.0,0.0
1631.0,0.0
1641.0,0.0
1651.0,0.0
1661.0,0.0
1671.0,0.0
1681.0,0.0
1691.0,0.0
1701.0,0.0
1711.0,0.0
1721.0,0.0
1731.0,0.0
1741.0,0.0
1751.0,0.0
1761.0,0.0
1771.0,0.0
1781.0,0.0
1791.0,0.0
1801.0,0.0
1811.0,0.0
1821.0,0.0
1831.0,0.0
1841.0,0.0
1851.0,0.0
1861.0,0.0
1871.0,0.0
1881.0,0.0
1891.0,0.0
1901.0,0.0
1911.0,0.0
1921.0,0.0
1931.0,0.0
1941.0,0.0
1951.0,0.0
1961.0,0.0
1971.0,0.0
1981.0,0.0
1991.0,0.0
2001.0,0.0
2011.0,0.0
2021.0,0.0
2031.0,0.0
2041.0,0.0
2051.0,0.0
2061.0,0.0
2071.0,0.0
2081.0,0.0
2091.0,0.0
2101.0,0.0
2111.0,0.0
2121.0,0.0
2131.0,0.0
2141.0,0.0
2151.0,0.0
2161.0,0.0
2171.0,0.0
2181.0,0.0
2191.0,0.0
2201.0,0.0
2211.0,0.0
2221.0,0.0
2231.0,0.0
2241.0,0.0
2251.0,0.0
2261.0,0.0
2271.0,0.0
2281.0,0.0
2291.0,0.0
2301.0,0.0
2311.0,0.0
2321.0,0.0
2331.0,0.0
2341.0,0.0
2351.0,0.0
2361.0,0.0
2371.0,0.0
2381.0,0.0
2391.0,0.0
2401.0,0.0
2411.0,0.0
2421.0,0.0
2431.0,0.0
2441.0,0.0
2451.0,0.0
2461.0,0.0
2471.0,0.0
2481.0,0.0
2491.0,0.0
2501.0,0.0
2511.0,0.0
2521.0,0.0
2531.0,0.0
2541.0,0.0
2551.0,0.0
2561.0,0.0
2571.0,0.0
2581.0,0.0
2591.0,0.0
,
1.0,0.0
11.0,0.0
21.0,0.0
31.0,0.0
41.0,0.0
51.0,0.0
61.0,0.0
71.0,0.0
81.0,0.0
91.0,0.0
101.0,0.0
111.0,0.0
121.0,0.0
131.0,0.0
141.0,0.0
151.0,0.0
161.0,0.0
171.0,0.0
181.0,0.0
191.0,0.0
201.0,0.0
211.0,0.0
221.0,0.0
231.0,0.0
241.0,0.0
251.0,0.0
261.0,0.0
271.0,0.0
281.0,0.0
291.0,0.0
301.0,0.0
311.0,0.0
321.0,0.0
331.0,0.0
341.0,0.0
351.0,0.0
361.0,0.0
371.0,0.0
381.0,0.0
391.0,0.0
401.0,0.0
411.0,0.0
421.0,0.0
431.0,0.0
441.0,0.0
451.0,0.0
461.0,0.0
471.0,0.0
481.0,0.0
491.0,0.0
501.0,0.0
511.0,0.0
521.0,0.0
531.0,0.0
541.0,0.0
551.0,0.0
561.0,0.0
571.0,0.0
581.0,0.0
591.0,0.0
601.0,0.0
611.0,0.0
621.0,0.0
631.0,0.0
641.0,0.0
651.0,0.0
661.0,0.0
671.0,0.0
681.0,0.0
691.0,0.0
701.0,0.0
711.0,0.0
721.0,0.0
731.0,0.0
741.0,0.0
751.0,0.0
761.0,0.0
771.0,0.0
781.0,0.0
791.0,0.0
801.0,0.0
811.0,0.0
821.0,0.0
831.0,0.0
841.0,0.0
851.0,0.0
861.0,0.0
871.0,0.0
881.0,0.0
891.0,0.0
901.0,0.0
911.0,0.0
921.0,0.0
931.0,0.0
941.0,0.0
951.0,0.0
961.0,0.0
971.0,0.0
981.0,0.0
991.0,0.0
1001.0,0.0
1011.0,0.0
1021.0,0.0
1031.0,0.0
1041.0,0.0
1051.0,0.0
1061.0,0.0
1071.0,0.0
1081.0,0.0
1091.0,0.0
1101.0,0.0
1111.0,0.0
1121.0,0.0
1131.0,0.0
1141.0,0.0
1151.0,0.0
1161.0,0.0
1171.0,0.0
1181.0,0.0
1191.0,0.0
1201.0,0.0
1211.0,0.0
1221.0,0.0
1231.0,0.0
1241.0,0.0
1251.0,0.0
1261.0,0.0
1271.0,0.0
1281.0,0.0
1291.0,0.0
1301.0,0.0
1311.0,0.0
1321.0,0.0
1331.0,0.0
1341.0,0.0
1351.0,0.0
1361.0,0.0
1371.0,0.0
1381.0,0.0
1391.0,0.0
1401.0,0.0
1411.0,0.0
1421.0,0.0
1431.0,0.0
1441.0,0.0005789711983212565
1451.0,0.0005595892628791221
1461.0,0.0005426459617690219
1471.0,0.0005278919615196316
1481.0,0.0005151049155171129
1491.0,0.0005040865546614407
1501.0,0.0004946600997565621
1511.0,0.0004866679593043714
1521.0,0.0002250546199891121
1531.0,0.000222546335603641
1541.0,0.0002205916990669066
1551.0,0.00021913633401692893
1561.0,0.00021813183261077188
1571.0,0.00021753513387291388
1581.0,0.00021730796896063284
1591.0,0.00010228112786933944
1601.0,0.00010252396253259677
1611.0,0.00010293783533171429
1621.0,0.00010350621472984486
1631.0,0.00010421448454442255
1641.0,0.000105049750901441
1651.0,0.00010600066948947078
1661.0,4.925120223501847e-05
1671.0,4.9806789316036126e-05
1681.0,5.0429356047677975e-05
1691.0,5.111235693198245e-05
1701.0,5.185006964471246e-05
1711.0,5.2637513920248e-05
1721.0,5.347037883675503e-05
1731.0,2.332927797085458e-05
1741.0,2.3509002791346064e-05
1751.0,2.368677711163786e-05
1761.0,2.3862401913938362e-05
1771.0,2.4035732845561917e-05
1781.0,2.4206672284591446e-05
1791.0,2.4375162372378207e-05
1801.0,1.9390142963900184e-05
1811.0,1.9627906729763223e-05
1821.0,1.9882082028922253e-05
1831.0,2.0150579579586627e-05
1841.0,2.0431585207250055e-05
1851.0,2.0723530086704347e-05
1861.0,2.102506408265933e-05
1871.0,2.1335031876187008e-05
1881.0,1.0439885314497049e-05
1891.0,1.0652202193749127e-05
1901.0,1.0879084300900945e-05
1911.0,1.1119143144773592e-05
1921.0,1.1371190929456839e-05
1931.0,1.1634221161599457e-05
1941.0,1.1907391291648867e-05
1951.0,1.5911099094921547e-06
1961.0,1.6298937445292533e-06
1971.0,1.66902923307652e-06
1981.0,1.7065989616861986e-06
1991.0,1.7429288842438384e-06
2001.0,1.778324693675926e-06
2011.0,1.813054439171903e-06
2021.0,0.0
2031.0,0.0
2041.0,0.0
2051.0,0.0
2061.0,0.0
2071.0,0.0
2081.0,0.0
2091.0,0.0
2101.0,0.0
2111.0,0.0
2121.0,0.0
2131.0,0.0
2141.0,0.0
2151.0,0.0
2161.0,0.0
2171.0,0.0
2181.0,0.0
2191.0,0.0
2201.0,0.0
2211.0,0.0
2221.0,0.0
2231.0,0.0
2241.0,0.0
2251.0,0.0
2261.0,0.0
2271.0,0.0
2281.0,0.0
2291.0,0.0
2301.0,0.0
2311.0,0.0
2321.0,0.0
2331.0,0.0
2341.0,0.0
2351.0,0.0
2361.0,0.0
2371.0,0.0
2381.0,0.0
2391.0,0.0
2401.0,0.0
2411.0,0.0
2421.0,0.0
2431.0,0.0
2441.0,0.0
2451.0,0.0
2461.0,0.0
2471.0,0.0
2481.0,0.0
2491.0,0.0
2501.0,0.0
2511.0,0.0
2521.0,0.0
2531.0,0.0
2541.0,0.0
2551.0,0.0
2561.0,0.0
2571.0,0.0
2581.0,0.0
2591.0,0.0
,
1.0,0.0
11.0,0.0
21.0,0.0
31.0,0.0
41.0,0.0
51.0,0.0
61.0,0.0
71.0,0.0
81.0,0.0
91.0,0.0
101.0,0.0
111.0,0.0
121.0,0.0
131.0,0.0
141.0,0.0
151.0,0.0
161.0,0.0
171.0,0.0
181.0,0.0
191.0,0.0
201.0,0.0
211.0,0.0
221.0,0.0
231.0,0.0
241.0,0.0
251.0,0.0
261.0,0.0
271.0,0.0
281.0,0.0
291.0,0.0
301.0,0.0
311.0,0.0
321.0,0.0
331.0,0.0
341.0,0.0
351.0,0.0
361.0,0.0
371.0,0.0
381.0,0.0
391.0,0.0
401.0,0.0
411.0,0.0
421.0,0.0
431.0,0.0
441.0,0.0
451.0,0.0
461.0,0.0
471.0,0.0
481.0,0.0
491.0,0.0
501.0,0.0
511.0,0.0
521.0,0.0
531.0,0.0
541.0,0.0
551.0,0.0
561.0,0.0
571.0,0.0
581.0,0.0
591.0,0.0
601.0,0.0
611.0,0.0
621.0,0.0
631.0,0.0
641.0,0.0
651.0,0.0
661.0,0.0
671.0,0.0
681.0,0.0
691.0,0.0
701.0,0.0
711.0,0.0
721.0,0.0
731.0,0.0
741.0,0.0
751.0,0.0
761.0,0.0
771.0,0.0
781.0,0.0
791.0,0.0
801.0,0.0
811.0,0.0
821.0,0.0
831.0,0.0
841.0,0.0
851.0,0.0
861.0,0.0
871.0,0.0
881.0,0.0
891.0,0.0
901.0,0.0
911.0,0.0
921.0,0.0
931.0,0.0
941.0,0.0
951.0,0.0
961.0,0.0
971.0,0.0
981.0,0.0
991.0,0.0
1001.0,0.0
1011.0,0.0
1021.0,0.0
1031.0,0.0
1041.0,0.0
1051.0,0.0
1061.0,0.0
1071.0,0.0
1081.0,0.0
1091.0,0.0
1101.0,0.0
1111.0,0.0
1121.0,0.0
1131.0,0.0
1141.0,0.0
1151.0,0.0
1161.0,0.0
1171.0,0.0
1181.0,0.0
1191.0,0.0
1201.0,0.0
1211.0,0.0
1221.0,0.0
1231.0,0.0
1241.0,0.0
1251.0,0.0
1261.0,0.0
1271.0,0.0
1281.0,0.0
1291.0,0.0
1301.0,0.0
1311.0,0.0
1321.0,0.0
1331.0,0.0
1341.0,0.0
1351.0,0.0
1361.0,0.0
1371.0,0.0
1381.0,0.0
1391.0,0.0
1401.0,0.0
1411.0,0.0
1421.0,0.0
1431.0,0.0
1441.0,0.0
1451.0,0.0
1461.0,0.0
1471.0,0.0
1481.0,0.0
1491.0,0.0
1501.0,0.0
1511.0,0.0
1521.0,0.0
1531.0,0.0
1541.0,0.0
1551.0,0.0
1561.0,0.0
1571.0,0.0
1581.0,0.0
1591.0,0.0
1601.0,0.0
1611.0,0.0
1621.0,0.0
1631.0,0.0
1641.0,0.0
1651.0,0.0
1661.0,0.0
1671.0,0.0
1681.0,0.0
1691.0,0.0
1701.0,0.0
1711.0,0.0
1721.0,0.0
1731.0,0.0020468053937882373
1741.0,0.0019318643135841532
1751.0,0.00183153909846507
1761.0,0.0017442413625516464
1771.0,0.0016685586681505322
1781.0,0.001603234772098199
1791.0,0.0015471521610686996
1801.0,0.0006467536831216129
1811.0,0.0006293203728793697
1821.0,0.0006147806177969774
1831.0,0.0006028249504030116
1841.0,0.0005931776733363979
1851.0,0.0005855932098839187
1861.0,0.0005798528630874184
1871.0,0.0005757619364275827
1881.0,0.00026436115055090677
1891.0,0.00026385888901094847
1901.0,0.0002639683506861496
1911.0,0.00026462480526475606
1921.0,0.0002657707283780167
1931.0,0.00026735505555234375
1941.0,0.00026933251683306013
1951.0,0.0001278789993496017
1961.0,0.00012918295202368746
1971.0,0.00013066969476271476
1981.0,0.00013232002148783162
1991.0,0.000134116993252458
2001.0,0.00013604571225178807
2011.0,0.00013809311958829372
2021.0,6.567187991186637e-05
2031.0,6.67570829183502e-05
2041.0,6.791593894152078e-05
2051.0,6.914081441923772e-05
2061.0,7.042504815237846e-05
2071.0,7.176285698719052e-05
2081.0,7.314925123480866e-05
2091.0,3.3739836889322765e-05
2101.0,3.442016763862931e-05
2111.0,3.513788373847265e-05
2121.0,3.5889191712557736e-05
2131.0,3.6670810673411293e-05
2141.0,3.747992332679915e-05
2151.0,3.831413200561867e-05
2161.0,1.6095595941273364e-05
2171.0,1.6462441433711375e-05
2181.0,1.6849316435346764e-05
2191.0,1.7254240346617677e-05
2201.0,1.7675510912227634e-05
2211.0,1.8111677871379078e-05
2221.0,1.8561519321891457e-05
2231.0,1.9024020537796666e-05
2241.0,5.435471546455053e-06
2251.0,5.109030647831297e-06
2261.0,4.787323918571035e-06
2271.0,4.474634719905608e-06
2281.0,4.173689821511136e-06
2291.0,3.886117406459095e-06
2301.0,3.6127663651422247e-06
2311.0,0.00033252998494952805
2321.0,0.00031255161751478176
2331.0,0.00029333328615289663
2341.0,0.0002749411027218495
2351.0,0.000257410103030985
2361.0,0.00024075151001735516
2371.0,0.00022495847710362577
2381.0,0.002878748112677301
2391.0,0.0027934191165139236
2401.0,0.0027275871304984775
2411.0,0.0026790945271799533
2421.0,0.00264602671159456
2431.0,0.0026266840296331846
2441.0,0.0026195571804037403
2451.0,0.0008577764794353707
2461.0,0.0008618307497190977
2471.0,0.0008682646964496968
2481.0,0.0008768078295857814
2491.0,0.0008872195069074607
2501.0,0.0008992857697450267
2511.0,0.0009128165433377961
2521.0,0.00039736455279998915
2531.0,0.00040423145459283566
2541.0,0.000411591296256979
2551.0,0.000419385026401226
2561.0,0.00042756040755967243
2571.0,0.00043607133992914896
2581.0,0.0004448772588192694
2591.0,0.00045394259731530625
,
1.0,0.0
11.0,0.0
21.0,0.0
31.0,0.0
41.0,0.0
51.0,0.0
61.0,0.0
71.0,0.0
81.0,0.0
91.0,0.0
101.0,0.0
111.0,0.0
121.0,0.0
131.0,0.0
141.0,0.0
151.0,0.0
161.0,0.0
171.0,0.0
181.0,0.0
191.0,0.0
201.0,0.0
211.0,0.0
221.0,0.0
231.0,0.0
241.0,0.0
251.0,0.0
261.0,0.0
271.0,0.0
281.0,0.0
291.0,0.0
301.0,0.0
311.0,0.0
321.0,0.0
331.0,0.0
341.0,0.0
351.0,0.0
361.0,0.0
371.0,0.0
381.0,0.0
391.0,0.0
401.0,0.0
411.0,0.0
421.0,0.0
431.0,0.0
441.0,0.0
451.0,0.0
461.0,0.0
471.0,0.0
481.0,0.0
491.0,0.0
501.0,0.0
511.0,0.0
521.0,0.0
531.0,0.0
541.0,0.0
551.0,0.0
561.0,0.0
571.0,0.0
581.0,0.0
591.0,0.0
601.0,0.0
611.0,0.0
621.0,0.0
631.0,0.0
641.0,0.0
651.0,0.0
661.0,0.0
671.0,0.0
681.0,0.0
691.0,0.0
701.0,0.0
711.0,0.0
721.0,0.0
731.0,0.0
741.0,0.0
751.0,0.0
761.0,0.0
771.0,0.0
781.0,0.0
791.0,0.0
801.0,0.0
811.0,0.0
821.0,0.0
831.0,0.0
841.0,0.0
851.0,0.0
861.0,0.0
871.0,0.0
881.0,0.0
891.0,0.0
901.0,0.0
911.0,0.0
921.0,0.0
931.0,0.0
941.0,0.0
951.0,0.0
961.0,0.0
971.0,0.0
981.0,0.0
991.0,0.0
1001.0,0.0
1011.0,0.0
1021.0,0.0
1031.0,0.0
1041.0,0.0
1051.0,0.0
1061.0,0.0
1071.0,0.0
1081.0,0.0
1091.0,0.0
1101.0,0.0
1111.0,0.0
1121.0,0.0
1131.0,0.0
1141.0,0.0
1151.0,0.0
1161.0,0.0
1171.0,0.0
1181.0,0.0
1191.0,0.0
1201.0,0.0
1211.0,0.0
1221.0,0.0
1231.0,0.0
1241.0,0.0
1251.0,0.0
1261.0,0.0
1271.0,0.0
1281.0,0.0
1291.0,0.0
1301.0,0.0
1311.0,0.0
1321.0,0.0
1331.0,0.0
1341.0,0.0
1351.0,0.0
1361.0,0.0
1371.0,0.0
1381.0,0.0
1391.0,0.0
1401.0,0.0
1411.0,0.0
1421.0,0.0
1431.0,0.0
1441.0,0.0
1451.0,0.0
1461.0,0.0
1471.0,0.0
1481.0,0.0
1491.0,0.0
1501.0,0.0
1511.0,0.0
1521.0,0.0
1531.0,0.0
1541.0,0.0
1551.0,0.0
1561.0,0.0
1571.0,0.0
1581.0,0.0
1591.0,0.0
1601.0,0.0
1611.0,0.0
1621.0,0.0
1631.0,0.0
1641.0,0.0
1651.0,0.0
1661.0,0.0
1671.0,0.0
1681.0,0.0
1691.0,0.0
1701.0,0.0
1711.0,0.0
1721.0,0.0
1731.0,0.0
1741.0,0.0
1751.0,0.0
1761.0,0.0
1771.0,0.0
1781.0,0.0
1791.0,0.0
1801.0,0.0
1811.0,0.0
1821.0,0.0
1831.0,0.0
1841.0,0.0
1851.0,0.0
1861.0,0.0
1871.0,0.0
1881.0,0.0
1891.0,0.0
1901.0,0.0
1911.0,0.0
1921.0,0.0
1931.0,0.0
1941.0,0.0
1951.0,0.0
1961.0,0.0
1971.0,0.0
1981.0,0.0
1991.0,0.0
2001.0,0.0
2011.0,0.0
2021.0,0.0
2031.0,0.0
2041.0,0.0
2051.0,0.0
2061.0,0.0
2071.0,0.0
2081.0,0.0
2091.0,0.0
2101.0,0.0
2111.0,0.0
2121.0,0.0
2131.0,0.0
2141.0,0.0
2151.0,0.0
2161.0,0.0
2171.0,0.0
2181.0,0.0
2191.0,0.0
2201.0,0.0
2211.0,0.0
2221.0,0.0
2231.0,0.0
2241.0,0.0
2251.0,0.0
2261.0,0.0
2271.0,0.0
2281.0,0.0
2291.0,0.0
2301.0,0.0
2311.0,0.0
2321.0,0.0
2331.0,0.0
2341.0,0.0
2351.0,0.0
2361.0,0.0
2371.0,0.0
2381.0,0.0
2391.0,0.0
2401.0,0.0
2411.0,0.0
2421.0,0.0
2431.0,0.0
2441.0,0.0
2451.0,0.0
2461.0,0.0
2471.0,0.0
2481.0,0.0
2491.0,0.0
2501.0,0.0
2511.0,0.0
2521.0,0.0
2531.0,0.0
2541.0,0.0
2551.0,0.0
2561.0,0.0
2571.0,0.0
2581.0,0.0
2591.0,0.0
,
1.0,0.0
11.0,0.0
21.0,0.0
31.0,0.0
41.0,0.0
51.0,0.0
61.0,0.0
71.0,0.0
81.0,0.0
91.0,0.0
101.0,0.0
111.0,0.0
121.0,0.0
131.0,0.0
141.0,0.0
151.0,0.0
161.0,0.0
171.0,0.0
181.0,0.0
191.0,0.0
201.0,0.0
211.0,0.0
221.0,0.0031742232472144406
231.0,0.00321419014485502
241.0,0.0032517097032721026
251.0,0.0032870289228465683
261.0,0.003320380837757671
271.0,0.003351496071767528
281.0,0.0033801735255074203
291.0,0.000125374291588139
301.0,0.0001262659663830137
311.0,0.00012707371643219583
321.0,0.00012780723319174428
331.0,0.0001284753524538386
341.0,0.00012908580481684354
351.0,0.00012964536344834259
361.0,0.0
371.0,0.0
381.0,0.0
391.0,0.0
401.0,0.0
411.0,0.0
421.0,0.0
431.0,0.0
441.0,0.0
451.0,0.0
461.0,0.0
471.0,0.0
481.0,0.0
491.0,0.0
501.0,0.0
511.0,0.0
521.0,0.0
531.0,0.0
541.0,0.0
551.0,0.0
561.0,0.0
571.0,0.0
581.0,0.0
591.0,0.0
601.0,0.0
611.0,0.0
621.0,0.0
631.0,0.0
641.0,0.0
651.0,0.0
661.0,0.0
671.0,0.0
681.0,0.0
691.0,0.0
701.0,0.0
711.0,0.0
721.0,0.0
731.0,0.0
741.0,0.0
751.0,0.0
761.0,0.0
771.0,0.0
781.0,0.0
791.0,0.0
801.0,0.0
811.0,0.0
821.0,0.0
831.0,0.0
841.0,0.0
851.0,0.0
861.0,0.0
871.0,0.0
881.0,0.0
891.0,0.0
901.0,0.0
911.0,0.0
921.0,0.0
931.0,0.0
941.0,0.0
951.0,0.0
961.0,0.0
971.0,0.0
981.0,0.0
991.0,0.0
1001.0,0.0
1011.0,0.0
1021.0,0.0
1031.0,0.0
1041.0,0.0
1051.0,0.0
1061.0,0.0
1071.0,0.0
1081.0,0.0
1091.0,0.0
1101.0,0.0
1111.0,0.0
1121.0,0.0
1131.0,0.0
1141.0,0.0
1151.0,0.0
1161.0,0.0
1171.0,0.0
1181.0,0.0
1191.0,0.0
1201.0,0.0
1211.0,0.0
1221.0,0.0
1231.0,0.0
1241.0,0.0
1251.0,0.0
1261.0,0.0
1271.0,0.0
1281.0,0.0
1291.0,0.0
1301.0,0.0
1311.0,0.0
1321.0,0.0
1331.0,0.0
1341.0,0.0
1351.0,0.0
1361.0,0.0
1371.0,0.0
1381.0,0.0
1391.0,0.0
1401.0,0.0
1411.0,0.0
1421.0,0.0
1431.0,0.0
1441.0,0.0
1451.0,0.0
1461.0,0.0
1471.0,0.0
1481.0,0.0
1491.0,0.0
1501.0,0.0
1511.0,0.0
1521.0,0.0
1531.0,0.0
1541.0,0.0
1551.0,0.0
1561.0,0.0
1571.0,0.0
1581.0,0.0
1591.0,0.0
1601.0,0.0
1611.0,0.0
1621.0,0.0
1631.0,0.0
1641.0,0.0
1651.0,0.0
1661.0,0.0
1671.0,0.0
1681.0,0.0
1691.0,0.0
1701.0,0.0
1711.0,0.0
1721.0,0.0
1731.0,0.0
1741.0,0.0
1751.0,0.0
1761.0,0.0
1771.0,0.0
1781.0,0.0
1791.0,0.0
1801.0,0.0
1811.0,0.0
1821.0,0.0
1831.0,0.0
1841.0,0.0
1851.0,0.0
1861.0,0.0
1871.0,0.0
1881.0,0.0
1891.0,0.0
1901.0,0.0
1911.0,0.0
1921.0,0.0
1931.0,0.0
1941.0,0.0
1951.0,0.0
1961.0,0.0
1971.0,0.0
1981.0,0.0
1991.0,0.0
2001.0,0.0
2011.0,0.0
2021.0,0.0
2031.0,0.0
2041.0,0.0
2051.0,0.0
2061.0,0.0
2071.0,0.0
2081.0,0.0
2091.0,0.0
2101.0,0.0
2111.0,0.0
2121.0,0.0
2131.0,0.0
2141.0,0.0
2151.0,0.0
2161.0,0.0
2171.0,0.0
2181.0,0.0
2191.0,0.0
2201.0,0.0
2211.0,0.0
2221.0,0.0
2231.0,0.0
2241.0,0.0
2251.0,0.0
2261.0,0.0
2271.0,0.0
2281.0,0.0
2291.0,0.0
2301.0,0.0
2311.0,0.0
2321.0,0.0
2331.0,0.0
2341.0,0.0
2351.0,0.0
2361.0,0.0
2371.0,0.0
2381.0,0.0
2391.0,0.0
2401.0,0.0
2411.0,0.0
2421.0,0.0
2431.0,0.0
2441.0,0.0
2451.0,0.0
2461.0,0.0
2471.0,0.0
2481.0,0.0
2491.0,0.0
2501.0,0.0
2511.0,0.0
2521.0,0.0
2531.0,0.0
2541.0,0.0
2551.0,0.0
2561.0,0.0
2571.0,0.0
2581.0,0.0
2591.0,0.0
,
1.0,0.0
11.0,0.0
21.0,0.0
31.0,0.0
41.0,0.0
51.0,0.0
61.0,0.0
71.0,0.0
81.0,0.0
91.0,0.0
101.0,0.0
111.0,0.0
121.0,0.0
131.0,0.0
141.0,0.0
151.0,0.0
161.0,0.0
171.0,0.0
181.0,0.0
191.0,0.0
201.0,0.0
211.0,0.0
221.0,0.0
231.0,0.0
241.0,0.0
251.0,0.0
261.0,0.0
271.0,0.0
281.0,0.0
291.0,0.0
301.0,0.0
311.0,0.0
321.0,0.0
331.0,0.0
341.0,0.0
351.0,0.0
361.0,0.0
371.0,0.0
381.0,0.0
391.0,0.0
401.0,0.0
411.0,0.0
421.0,0.0
431.0,0.0
441.0,0.0
451.0,0.0
461.0,0.0
471.0,0.0
481.0,0.0
491.0,0.0
501.0,0.0
511.0,0.0
521.0,0.0
531.0,0.0
541.0,0.0
551.0,0.0
561.0,0.0
571.0,0.0
581.0,0.0
591.0,0.0
601.0,0.0
611.0,0.0
621.0,0.0
631.0,0.0
641.0,0.0
651.0,0.0
661.0,0.0
671.0,0.0
681.0,0.0
691.0,0.0
701.0,0.0
711.0,0.0
721.0,0.0
731.0,0.0
741.0,0.0
751.0,0.0
761.0,0.0
771.0,0.0
781.0,0.0
791.0,0.0
801.0,0.0
811.0,0.0
821.0,0.0
831.0,0.0
841.0,0.0
851.0,0.0
861.0,0.0
871.0,0.0
881.0,0.0
891.0,0.0
901.0,0.0
911.0,0.0
921.0,0.0
931.0,0.0
941.0,0.0
951.0,0.0
961.0,0.0
971.0,0.0
981.0,0.0
991.0,0.0
1001.0,0.0
1011.0,0.0
1021.0,0.0
1031.0,0.0
1041.0,0.0
1051.0,0.0
1061.0,0.0
1071.0,0.0
1081.0,0.0
1091.0,0.0
1101.0,0.0
1111.0,0.0
1121.0,0.0
1131.0,0.0
1141.0,0.0
1151.0,0.0
1161.0,0.0
1171.0,0.0
1181.0,0.0
1191.0,0.0
1201.0,0.0
1211.0,0.0
1221.0,0.0
1231.0,0.0
1241.0,0.0
1251.0,0.0
1261.0,0.0
1271.0,0.0
1281.0,0.0
1291.0,0.0
1301.0,0.011066149096301228
1311.0,0.00987151121423391
1321.0,0.008815976445973808
1331.0,0.007883100721435646
1341.0,0.007058346359616646
1351.0,0.006328864631473984
1361.0,0.005683302671346925
1371.0,0.020682522366954226
1381.0,0.019134815499015922
1391.0,0.0178455699485172
1401.0,0.01678539854506765
1411.0,0.015928613189268817
1421.0,0.01525273696827816
1431.0,0.01473808892310052
1441.0,0.0013872742834168028
1451.0,0.0013613073127707745
1461.0,0.001341394932486736
1471.0,0.001326856984253692
1481.0,0.0013170893997983154
1491.0,0.0013115557868646683
1501.0,0.0013097799954868588
1511.0,0.0013113395464928982
1521.0,0.0005467367616255545
1531.0,0.0005450114321078012
1541.0,0.0005435902968616084
1551.0,0.0005424430822202422
1561.0,0.0005415426872368415
1571.0,0.000540864846646644
1581.0,0.0005403878300056382
1591.0,0.00045135382668810386
1601.0,0.00045511907141787804
1611.0,0.0004596453858914201
1621.0,0.0004648453492930787
1631.0,0.0004706415832418546
1641.0,0.0004769657173247441
1651.0,0.0004837574678798433
1661.0,0.00022631573518235381
1671.0,0.00022987717719389955
1681.0,0.0002336632892023258
1691.0,0.00023764786373680998
1701.0,0.00024180792300796137
1711.0,0.00024612339888137834
1721.0,0.0002505768465910739
1731.0,0.00012008792472702052
1741.0,0.0001223321148321775
1751.0,0.0001246765663647265
1761.0,0.0001271097926968534
1771.0,0.00012962181664362041
1781.0,0.0001322040233590065
1791.0,0.0001348490284326551
1801.0,6.44232079919081e-05
1811.0,6.573006892152163e-05
1821.0,6.709472462972964e-05
1831.0,6.85107741569581e-05
1841.0,6.997268678764169e-05
1851.0,7.147571758799894e-05
1861.0,7.301583161024104e-05
1871.0,7.458963587925783e-05
1881.0,3.4505020859912094e-05
1891.0,3.527331404370088e-05
1901.0,3.607346326347328e-05
1911.0,3.690216627387744e-05
1921.0,3.775660055848425e-05
1931.0,3.86343771496265e-05
1941.0,3.9533499200856625e-05
1951.0,1.6661889550393793e-05
1961.0,1.7061707669816035e-05
1971.0,1.7480130538908657e-05
1981.0,1.7915292367933117e-05
1991.0,1.836560409208133e-05
2001.0,1.8829726841525832e-05
2011.0,1.930654816288138e-05
2021.0,5.892374611085844e-06
2031.0,5.844348997025663e-06
2041.0,5.783306398586167e-06
2051.0,5.711821424442172e-06
2061.0,5.632067125317915e-06
2071.0,5.545874617622677e-06
2081.0,5.454783821512205e-06
2091.0,2.5354123914772172e-05
2101.0,2.4859530225160484e-05
2111.0,2.433780197401627e-05
2121.0,2.3797760475182432e-05
2131.0,2.3246635778241056e-05
2141.0,2.269031842458658e-05
2151.0,2.2133572886233738e-05
2161.0,7.059448735623067e-05
2171.0,7.064097463531011e-05
2181.0,7.084060707263062e-05
2191.0,7.117810683755725e-05
2201.0,7.163992334295744e-05
2211.0,7.221406070162965e-05
2221.0,7.288992313358636e-05
2231.0,7.365817644042586e-05
2241.0,3.3377897325672475e-05
2251.0,3.3820166599978514e-05
2261.0,3.4311929802762986e-05
2271.0,3.4848349127424754e-05
2281.0,3.5425198486137886e-05
2291.0,3.6038804076210484e-05
2301.0,3.66859910662557e-05
2311.0,1.492753456038956e-05
2321.0,1.5221928280335712e-05
2331.0,1.5536992795121403e-05
2341.0,1.5870725355874942e-05
2351.0,1.6221400792052906e-05
2361.0,1.658754490347491e-05
2371.0,1.6967910607472654e-05
2381.0,4.59654417231056e-06
2391.0,4.7076750193589674e-06
2401.0,4.825712044583011e-06
2411.0,4.950000641864569e-06
2421.0,5.079983274536256e-06
2431.0,5.212761803190284e-06
2441.0,5.340528240589634e-06
2451.0,0.0
2461.0,0.0
2471.0,0.0
2481.0,0.0
2491.0,0.0
2501.0,0.0
2511.0,0.0
2521.0,0.0
2531.0,0.0
2541.0,0.0
2551.0,0.0
2561.0,0.0
2571.0,0.0
2581.0,0.0
2591.0,0.0
,
1.0,0.0
11.0,0.0
21.0,0.0
31.0,0.0
41.0,0.0
51.0,0.0
61.0,0.0
71.0,0.0
81.0,0.0
91.0,0.0
101.0,0.0
111.0,0.0
121.0,0.0
131.0,0.0
141.0,0.0
151.0,0.0
161.0,0.0
171.0,0.0
181.0,0.0
191.0,0.0
201.0,0.0
211.0,0.0
221.0,0.0
231.0,0.0
241.0,0.0
251.0,0.0
261.0,0.0
271.0,0.0
281.0,0.0
291.0,0.0
301.0,0.0
311.0,0.0
321.0,0.0
331.0,0.0
341.0,0.0
351.0,0.0
361.0,0.0
371.0,0.0
381.0,0.0
391.0,0.0
401.0,0.0
411.0,0.0
421.0,0.0
431.0,0.0
441.0,0.0
451.0,0.0
461.0,0.0
471.0,0.0
481.0,0.0
491.0,0.0
501.0,0.0
511.0,0.0
521.0,0.0
531.0,0.0
541.0,0.0
551.0,0.0
561.0,0.0
571.0,0.0
581.0,0.0
591.0,0.0
601.0,0.0
611.0,0.0
621.0,0.0
631.0,0.0
641.0,0.0
651.0,0.00029722006511997474
661.0,0.0002877475637518783
671.0,0.000278337092090791
681.0,0.0002689877556119156
691.0,0.00025969867935192497
701.0,0.00025046900650427354
711.0,0.00024129789713430453
721.0,0.0001175444402236174
731.0,0.00011416597439883263
741.0,0.00011075247538812043
751.0,0.00010729942129880809
761.0,0.00010380234676860073
771.0,0.00010025893839990206
781.0,9.666671520781761e-05
791.0,9.302302110524486e-05
801.0,0.0
811.0,0.0
821.0,0.0
831.0,0.0
841.0,0.0
851.0,0.0
861.0,0.0
871.0,0.0
881.0,0.0
891.0,0.0
901.0,0.0
911.0,0.0
921.0,0.0
931.0,0.0
941.0,0.0
951.0,0.0
961.0,0.0
971.0,0.0
981.0,0.0
991.0,0.0
1001.0,0.0
1011.0,0.0
1021.0,0.0
1031.0,0.0
1041.0,0.0
1051.0,0.0
1061.0,0.0
1071.0,0.0
1081.0,0.0
1091.0,0.0
1101.0,0.0
1111.0,0.0
1121.0,0.0
1131.0,0.0
1141.0,0.0
1151.0,0.0
1161.0,0.0
1171.0,0.0
1181.0,0.0
1191.0,0.0
1201.0,0.0
1211.0,0.0
1221.0,0.0
1231.0,0.0
1241.0,0.0
1251.0,0.0
1261.0,0.0
1271.0,0.0
1281.0,0.0
1291.0,0.0
1301.0,0.0
1311.0,0.0
1321.0,0.0
1331.0,0.0
1341.0,0.0
1351.0,0.0
1361.0,0.0
1371.0,0.0
1381.0,0.0
1391.0,0.0
1401.0,0.0
1411.0,0.0
1421.0,0.0
1431.0,0.0
1441.0,0.0
1451.0,0.0
1461.0,0.0
1471.0,0.0
1481.0,0.0
1491.0,0.0
1501.0,0.0
1511.0,0.0
1521.0,0.0
1531.0,0.0
1541.0,0.0
1551.0,0.0
1561.0,0.0
1571.0,0.0
1581.0,0.0
1591.0,0.0
1601.0,0.0
1611.0,0.0
1621.0,0.0
1631.0,0.0
1641.0,0.0
1651.0,0.0
1661.0,0.0
1671.0,0.0
1681.0,0.0
1691.0,0.0
1701.0,0.0
1711.0,0.0
1721.0,0.0
1731.0,0.0
1741.0,0.0
1751.0,0.0
1761.0,0.0
1771.0,0.0
1781.0,0.0
1791.0,0.0
1801.0,0.004708556611381051
1811.0,0.004467647198494631
1821.0,0.004246000871062113
1831.0,0.004041703071361387
1841.0,0.0038530538101055837
1851.0,0.003678543256270292
1861.0,0.0035168301019949835
1871.0,0.0033667223845605023
1881.0,0.0014803043873645265
1891.0,0.0014207161313965653
1901.0,0.001365171426326257
1911.0,0.0013133299418828235
1921.0,0.0012648879391117028
1931.0,0.001219574128330326
1941.0,0.0011771459955990636
1951.0,0.0005347703187134498
1961.0,0.000517295083561297
1971.0,0.0005009477316027565
1981.0,0.00048564911089983386
1991.0,0.00047132801996680823
2001.0,0.00045792032431896714
2011.0,0.00044536817350575417
2021.0,0.00020347678262982015
2031.0,0.00019835196121024702
2041.0,0.00019359675922175416
2051.0,0.0001891882945688929
2061.0,0.00018510584142990034
2071.0,0.0001813306040427844
2081.0,0.00017784551613411376
2091.0,7.956851470495595e-05
2101.0,7.824098871414428e-05
2111.0,7.704915819220062e-05
2121.0,7.598460480280801e-05
2131.0,7.50397197798941e-05
2141.0,7.420762538496911e-05
2151.0,7.348210498968929e-05
2161.0,3.0437399590297645e-05
2171.0,2.836576871807808e-05
2181.0,2.6381702740839523e-05
2191.0,2.449700411733473e-05
2201.0,2.2717873481742085e-05
2211.0,2.104650475331799e-05
2221.0,1.948224971796384e-05
2231.0,1.8022472848185965e-05
2241.0,0.00047586282837604063
2251.0,0.00046258439872292934
2261.0,0.00045123451893668953
2271.0,0.0004416140194004578
2281.0,0.00043354527176270286
2291.0,0.0004268698885492785
2301.0,0.0004214466757995422
2311.0,0.00019568235375062005
2321.0,0.00019420981531213975
2331.0,0.00019322227885242146
2341.0,0.0001926706449760134
2351.0,0.00019251122625398246
2361.0,0.000192705187956222
2371.0,0.00019321804869737962
2381.0,9.111392299145712e-05
2391.0,9.132135057840335e-05
2401.0,9.163245959571838e-05
2411.0,9.203614580150036e-05
2421.0,9.252256348231249e-05
2431.0,9.308299443485449e-05
2441.0,9.370973055106281e-05
2451.0,5.567073132405164e-05
2461.0,5.632682799573675e-05
2471.0,5.706279042516704e-05
2481.0,5.787053989059207e-05
2491.0,5.8742990499833284e-05
2501.0,5.967395152872132e-05
2511.0,6.0658039854929125e-05
2521.0,2.7243028535619248e-05
2531.0,2.772743971498533e-05
2541.0,2.8247855814858002e-05
2551.0,2.8800631388132104e-05
2561.0,2.9382603812163322e-05
2571.0,2.999104648105203e-05
2581.0,3.0623626810257826e-05
2591.0,3.127836857801719e-05
,
1.0,0.0
11.0,0.0
21.0,0.0
31.0,0.0
41.0,0.0
51.0,0.0
61.0,0.0
71.0,0.0
81.0,0.0
91.0,0.0
101.0,0.0
111.0,0.0
121.0,0.0
131.0,0.0
141.0,0.0
151.0,0.0
161.0,0.0
171.0,0.0
181.0,0.0
191.0,0.0
201.0,0.0
211.0,0.0
221.0,0.0
231.0,0.0
241.0,0.0
251.0,0.0
261.0,0.0
271.0,0.0
281.0,0.0
291.0,0.0
301.0,0.0
311.0,0.0
321.0,0.0
331.0,0.0
341.0,0.0
351.0,0.0
361.0,0.0
371.0,0.0
381.0,0.0
391.0,0.0
401.0,0.0
411.0,0.0
421.0,0.0
431.0,0.0
441.0,0.0
451.0,0.0
461.0,0.0
471.0,0.0
481.0,0.0
491.0,0.0
501.0,0.0
511.0,0.0
521.0,0.0
531.0,0.0
541.0,0.0
551.0,0.0
561.0,0.0
571.0,0.0
581.0,0.0
591.0,0.0
601.0,0.0
611.0,0.0
621.0,0.0
631.0,0.0
641.0,0.0
651.0,0.0
661.0,0.0
671.0,0.0
681.0,0.0
691.0,0.0
701.0,0.0
711.0,0.0
721.0,0.0
731.0,0.0
741.0,0.0
751.0,0.0
761.0,0.0
771.0,0.0
781.0,0.0
791.0,0.0
801.0,0.0
811.0,0.0
821.0,0.0
831.0,0.0
841.0,0.0
851.0,0.0
861.0,0.0
871.0,0.0
881.0,0.0
891.0,0.0
901.0,0.0
911.0,0.0
921.0,0.0
931.0,0.0
941.0,0.0
951.0,0.0
961.0,0.0
971.0,0.0
981.0,0.0
991.0,0.0
1001.0,0.0
1011.0,0.0
1021.0,0.0
1031.0,0.0
1041.0,0.0
1051.0,0.0
1061.0,0.0
1071.0,0.0
1081.0,0.0
1091.0,0.0
1101.0,0.0
1111.0,0.0
1121.0,0.0
1131.0,0.0
1141.0,0.0
1151.0,0.0
1161.0,0.0
1171.0,0.0
1181.0,0.0
1191.0,0.0
1201.0,0.0
1211.0,0.0
1221.0,0.0
1231.0,0.0
1241.0,0.0
1251.0,0.0
1261.0,0.0
1271.0,0.0
1281.0,0.0
1291.0,0.0
1301.0,0.0
1311.0,0.0
1321.0,0.0
1331.0,0.0
1341.0,0.0
1351.0,0.0
1361.0,0.0
1371.0,0.0
1381.0,0.0
1391.0,0.0
1401.0,0.0
1411.0,0.0
1421.0,0.0
1431.0,0.0
1441.0,0.0
1451.0,0.0
1461.0,0.0
1471.0,0.0
1481.0,0.0
1491.0,0.0
1501.0,0.0
1511.0,0.0
1521.0,0.0
1531.0,0.0
1541.0,0.0
1551.0,0.0
1561.0,0.0
1571.0,0.0
1581.0,0.0
1591.0,0.0
1601.0,0.0
1611.0,0.0
1621.0,0.0
1631.0,0.0
1641.0,0.0
1651.0,0.0
1661.0,0.0
1671.0,0.0
1681.0,0.0
1691.0,0.0
1701.0,0.0
1711.0,0.0
1721.0,0.0
1731.0,0.0
1741.0,0.0
1751.0,0.0
1761.0,0.0
1771.0,0.0
1781.0,0.0
1791.0,0.0
1801.0,0.0
1811.0,0.0
1821.0,0.0
1831.0,0.0
1841.0,0.0
1851.0,0.0
1861.0,0.0
1871.0,0.0
1881.0,0.0
1891.0,0.0
1901.0,0.0
1911.0,0.0
1921.0,0.0
1931.0,0.0
1941.0,0.0
1951.0,0.0
1961.0,0.0
1971.0,0.0
1981.0,0.0
1991.0,0.0
2001.0,0.0
2011.0,0.0
2021.0,0.0
2031.0,0.0
2041.0,0.0
2051.0,0.0
2061.0,0.0
2071.0,0.0
2081.0,0.0
2091.0,0.0
2101.0,0.0
2111.0,0.0
2121.0,0.0
2131.0,0.0
2141.0,0.0
2151.0,0.0
2161.0,0.0
2171.0,0.0
2181.0,0.0
2191.0,0.0
2201.0,0.0
2211.0,0.0
2221.0,0.0
2231.0,0.0
2241.0,0.0
2251.0,0.0
2261.0,0.0
2271.0,0.0
2281.0,0.0
2291.0,0.0
2301.0,0.0
2311.0,0.0
2321.0,0.0
2331.0,0.0
2341.0,0.0
2351.0,0.0
2361.0,0.0
2371.0,0.0
2381.0,0.0
2391.0,0.0
2401.0,0.0
2411.0,0.0
2421.0,0.0
2431.0,0.0
2441.0,0.0
2451.0,0.0
2461.0,0.0
2471.0,0.0
2481.0,0.0
2491.0,0.0
2501.0,0.0
2511.0,0.0
2521.0,0.0
2531.0,0.0
2541.0,0.0
2551.0,0.0
2561.0,0.0
2571.0,0.0
2581.0,0.0
2591.0,0.0
,
1.0,0.0
11.0,0.0
21.0,0.0
31.0,0.0
41.0,0.0
51.0,0.0
61.0,0.0
71.0,0.0
81.0,0.0
91.0,0.0
101.0,0.0
111.0,0.0
121.0,0.0
131.0,0.0
141.0,0.0
151.0,0.0
161.0,0.0
171.0,0.0
181.0,0.0
191.0,0.0
201.0,0.0
211.0,0.0
221.0,0.0
231.0,0.0
241.0,0.0
251.0,0.0
261.0,0.0
271.0,0.0
281.0,0.0
291.0,0.0
301.0,0.0
311.0,0.0
321.0,0.0
331.0,0.0
341.0,0.0
351.0,0.0
361.0,0.0
371.0,0.0
381.0,0.0
391.0,0.0
401.0,0.0
411.0,0.0
421.0,0.0
431.0,0.0
441.0,0.0
451.0,0.0
461.0,0.0
471.0,0.0
481.0,0.0
491.0,0.0
501.0,0.0
511.0,0.0
521.0,0.0
531.0,0.0
541.0,0.0
551.0,0.0
561.0,0.0
571.0,0.0
581.0,0.0
591.0,0.0
601.0,0.0
611.0,0.0
621.0,0.0
631.0,0.0
641.0,0.0
651.0,0.0
661.0,0.0
671.0,0.0
681.0,0.0
691.0,0.0
701.0,0.0
711.0,0.0
721.0,0.0
731.0,0.0
741.0,0.0
751.0,0.0
761.0,0.0
771.0,0.0
781.0,0.0
791.0,0.0
801.0,0.0
811.0,0.0
821.0,0.0
831.0,0.0
841.0,0.0
851.0,0.0
861.0,0.0
871.0,0.0
881.0,0.0
891.0,0.0
901.0,0.0
911.0,0.0
921.0,0.0
931.0,0.0
941.0,0.0
951.0,0.0
961.0,0.0
971.0,0.0
981.0,0.0
991.0,0.0
1001.0,0.0
1011.0,0.0
1021.0,0.0
1031.0,0.0
1041.0,0.0
1051.0,0.0
1061.0,0.0
1071.0,0.0
1081.0,0.0
1091.0,0.0
1101.0,0.0
1111.0,0.0
1121.0,0.0
1131.0,0.0
1141.0,0.0
1151.0,0.0
1161.0,0.0
1171.0,0.0
1181.0,0.0
1191.0,0.0
1201.0,0.0
1211.0,0.0
1221.0,0.0
1231.0,0.0
1241.0,0.0
1251.0,0.0
1261.0,0.0
1271.0,0.0
1281.0,0.0
1291.0,0.0
1301.0,0.0
1311.0,0.0
1321.0,0.0
1331.0,0.0
1341.0,0.0
1351.0,0.0
1361.0,0.0
1371.0,0.0
1381.0,0.0
1391.0,0.0
1401.0,0.0
1411.0,0.0
1421.0,0.0
1431.0,0.0
1441.0,0.0
1451.0,0.0
1461.0,0.0
1471.0,0.0
1481.0,0.0
1491.0,0.0
1501.0,0.0
1511.0,0.0
1521.0,0.0
1531.0,0.0
1541.0,0.0
1551.0,0.0
1561.0,0.0
1571.0,0.0
1581.0,0.0
1591.0,0.0
1601.0,0.0
1611.0,0.0
1621.0,0.0
1631.0,0.0
1641.0,0.0
1651.0,0.0
1661.0,0.0
1671.0,0.0
1681.0,0.0
1691.0,0.0
1701.0,0.0
1711.0,0.0
1721.0,0.0
1731.0,0.0
1741.0,0.0
1751.0,0.0
1761.0,0.0
1771.0,0.0
1781.0,0.0
1791.0,0.0
1801.0,0.0
1811.0,0.0
1821.0,0.0
1831.0,0.0
1841.0,0.0
1851.0,0.0
1861.0,0.0
1871.0,0.0
1881.0,0.0
1891.0,0.0
1901.0,0.0
1911.0,0.0
1921.0,0.0
1931.0,0.0
1941.0,0.0
1951.0,0.0
1961.0,0.0
1971.0,0.0
1981.0,0.0
1991.0,0.0
2001.0,0.0
2011.0,0.0
2021.0,0.0
2031.0,0.0
2041.0,0.0
2051.0,0.0
2061.0,0.0
2071.0,0.0
2081.0,0.0
2091.0,0.0
2101.0,0.0
2111.0,0.0
2121.0,0.0
2131.0,0.0
2141.0,0.0
2151.0,0.0
2161.0,0.0
2171.0,0.0
2181.0,0.0
2191.0,0.0
2201.0,0.0
2211.0,0.0
2221.0,0.0
2231.0,0.0
2241.0,0.0
2251.0,0.0
2261.0,0.0
2271.0,0.0
2281.0,0.0
2291.0,0.0
2301.0,0.0
2311.0,0.0
2321.0,0.0
2331.0,0.0
2341.0,0.0
2351.0,0.0
2361.0,0.0
2371.0,0.0
2381.0,0.0
2391.0,0.0
2401.0,0.0
2411.0,0.0
2421.0,0.0
2431.0,0.0
2441.0,0.0
2451.0,0.0
2461.0,0.0
2471.0,0.0
2481.0,0.0
2491.0,0.0
2501.0,0.0
2511.0,0.0
2521.0,0.0
2531.0,0.0
2541.0,0.0
2551.0,0.0
2561.0,0.0
2571.0,0.0
2581.0,0.0
2591.0,0.0
,
1.0,0.0
11.0,0.0
21.0,0.0
31.0,0.0
41.0,0.0
51.0,0.0
61.0,0.0
71.0,0.0
81.0,0.0
91.0,0.0
101.0,0.0
111.0,0.0
121.0,0.0
131.0,0.0
141.0,0.0
151.0,0.0
161.0,0.0
171.0,0.0
181.0,0.0
191.0,0.0
201.0,0.0
211.0,0.0
221.0,0.0
231.0,0.0
241.0,0.0
251.0,0.0
261.0,0.0
271.0,0.0
281.0,0.0
291.0,0.0
301.0,0.0
311.0,0.0
321.0,0.0
331.0,0.0
341.0,0.0
351.0,0.0
361.0,0.0
371.0,0.0
381.0,0.0
391.0,0.0
401.0,0.0
411.0,0.0
421.0,0.0
431.0,0.0
441.0,0.0
451.0,0.0
461.0,0.0
471.0,0.0
481.0,0.0
491.0,0.0
501.0,0.0
511.0,0.0
521.0,0.0
531.0,0.0
541.0,0.0
551.0,0.0
561.0,0.0
571.0,0.0
581.0,0.0
591.0,0.0
601.0,0.0
611.0,0.0
621.0,0.0
631.0,0.0
641.0,0.0
651.0,0.0
661.0,0.0
671.0,0.0
681.0,0.0
691.0,0.0
701.0,0.0
711.0,0.0
721.0,0.0
731.0,0.0
741.0,0.0
751.0,0.0
761.0,0.0
771.0,0.0
781.0,0.0
791.0,0.0
801.0,0.0
811.0,0.0
821.0,0.0
831.0,0.0
841.0,0.0
851.0,0.0
861.0,0.0
871.0,0.0
881.0,0.0
891.0,0.0
901.0,0.0
911.0,0.0
921.0,0.0
931.0,0.0
941.0,0.0
951.0,0.0
961.0,0.0
971.0,0.0
981.0,0.0
991.0,0.0
1001.0,0.0
1011.0,0.0
1021.0,0.0
1031.0,0.0
1041.0,0.0
1051.0,0.0
1061.0,0.0
1071.0,0.0
1081.0,0.0
1091.0,0.0
1101.0,0.0
1111.0,0.0
1121.0,0.0
1131.0,0.0
1141.0,0.0
1151.0,0.0
1161.0,0.0
1171.0,0.0
1181.0,0.0
1191.0,0.0
1201.0,0.0
1211.0,0.0
1221.0,0.0
1231.0,0.0
1241.0,0.0
1251.0,0.0
1261.0,0.0
1271.0,0.0
1281.0,0.0
1291.0,0.0
1301.0,0.0
1311.0,0.0
1321.0,0.0
1331.0,0.0
1341.0,0.0
1351.0,0.0
1361.0,0.0
1371.0,0.0
1381.0,0.0
1391.0,0.0
1401.0,0.0
1411.0,0.0
1421.0,0.0
1431.0,0.0
1441.0,0.0
1451.0,0.0
1461.0,0.0
1471.0,0.0
1481.0,0.0
1491.0,0.0
1501.0,0.0
1511.0,0.0
1521.0,0.0
1531.0,0.0
1541.0,0.0
1551.0,0.0
1561.0,0.0
1571.0,0.0
1581.0,0.0
1591.0,0.0
1601.0,0.0
1611.0,0.0
1621.0,0.0
1631.0,0.0
1641.0,0.0
1651.0,0.0
1661.0,0.0
1671.0,0.0
1681.0,0.0
1691.0,0.0
1701.0,0.0
1711.0,0.0
1721.0,0.0
1731.0,0.0
1741.0,0.0
1751.0,0.0
1761.0,0.0
1771.0,0.0
1781.0,0.0
1791.0,0.0
1801.0,0.0
1811.0,0.0
1821.0,0.0
1831.0,0.0
1841.0,0.0
1851.0,0.0
1861.0,0.0
1871.0,0.0
1881.0,0.0
1891.0,0.0
1901.0,0.0
1911.0,0.0
1921.0,0.0
1931.0,0.0
1941.0,0.0
1951.0,0.0
1961.0,0.0
1971.0,0.0
1981.0,0.0
1991.0,0.0
2001.0,0.0
2011.0,0.0
2021.0,0.0
2031.0,0.0
2041.0,0.0
2051.0,0.0
2061.0,0.0
2071.0,0.0
2081.0,0.0
2091.0,0.0
2101.0,0.0
2111.0,0.0
2121.0,0.0
2131.0,0.0
2141.0,0.0
2151.0,0.0
2161.0,0.0
2171.0,0.0
2181.0,0.0
2191.0,0.0
2201.0,0.0
2211.0,0.0
2221.0,0.0
2231.0,0.0
2241.0,0.0
2251.0,0.0
2261.0,0.0
2271.0,0.0
2281.0,0.0
2291.0,0.0
2301.0,0.0
2311.0,0.0
2321.0,0.0
2331.0,0.0
2341.0,0.0
2351.0,0.0
2361.0,0.0
2371.0,0.0
2381.0,0.0
2391.0,0.0
2401.0,0.0
2411.0,0.0
2421.0,0.0
2431.0,0.0
2441.0,0.0
2451.0,0.0
2461.0,0.0
2471.0,0.0
2481.0,0.0
2491.0,0.0
2501.0,0.0
2511.0,0.0
2521.0,0.0
2531.0,0.0
2541.0,0.0
2551.0,0.0
2561.0,0.0
2571.0,0.0
2581.0,0.0
2591.0,0.0
,
1.0,0.0
11.0,0.0
21.0,0.0
31.0,0.0
41.0,0.0
51.0,0.0
61.0,0.0
71.0,0.0
81.0,0.0
91.0,0.0
101.0,0.0
111.0,0.0
121.0,0.0
131.0,0.0
141.0,0.0
151.0,0.0
161.0,0.0
171.0,0.0
181.0,0.0
191.0,0.0
201.0,0.0
211.0,0.0
221.0,0.0
231.0,0.0
241.0,0.0
251.0,0.0
261.0,0.0
271.0,0.0
281.0,0.0
291.0,0.0
301.0,0.0
311.0,0.0
321.0,0.0
331.0,0.0
341.0,0.0
351.0,0.0
361.0,0.0
371.0,0.0
381.0,0.0
391.0,0.0
401.0,0.0
411.0,0.0
421.0,0.0
431.0,0.0
441.0,0.0
451.0,0.0
461.0,0.0
471.0,0.0
481.0,0.0
491.0,0.0
501.0,0.0
511.0,0.0
521.0,0.0
531.0,0.0
541.0,0.0
551.0,0.0
561.0,0.0
571.0,0.0
581.0,0.0
591.0,0.0
601.0,0.0
611.0,0.0
621.0,0.0
631.0,0.0
641.0,0.0
651.0,0.0
661.0,0.0
671.0,0.0
681.0,0.0
691.0,0.0
701.0,0.0
711.0,0.0
721.0,0.0
731.0,0.0
741.0,0.0
751.0,0.0
761.0,0.0
771.0,0.0
781.0,0.0
791.0,0.0
801.0,0.0
811.0,0.0
821.0,0.0
831.0,0.0
841.0,0.0
851.0,0.0
861.0,0.0
871.0,0.0
881.0,0.0
891.0,0.0
901.0,0.0
911.0,0.0
921.0,0.0
931.0,0.0
941.0,0.0
951.0,0.0
961.0,0.0
971.0,0.0
981.0,0.0
991.0,0.0
1001.0,0.0
1011.0,0.0
1021.0,0.0
1031.0,0.0
1041.0,0.0
1051.0,0.0
1061.0,0.0
1071.0,0.0
1081.0,0.0
1091.0,0.0
1101.0,0.0
1111.0,0.0
1121.0,0.0
1131.0,0.0
1141.0,0.0
1151.0,0.0
1161.0,0.0
1171.0,0.0
1181.0,0.0
1191.0,0.0
1201.0,0.0
1211.0,0.0
1221.0,0.0
1231.0,0.0
1241.0,0.0
1251.0,0.0
1261.0,0.0
1271.0,0.0
1281.0,0.0
1291.0,0.0
1301.0,0.0
1311.0,0.0
1321.0,0.0
1331.0,0.0
1341.0,0.0
1351.0,0.0
1361.0,0.0
1371.0,0.0
1381.0,0.0
1391.0,0.0
1401.0,0.0
1411.0,0.0
1421.0,0.0
1431.0,0.0
1441.0,0.0
1451.0,0.0
1461.0,0.0
1471.0,0.0
1481.0,0.0
1491.0,0.0
1501.0,0.0
1511.0,0.0
1521.0,0.0
1531.0,0.0
1541.0,0.0
1551.0,0.0
1561.0,0.0
1571.0,0.0
1581.0,0.0
1591.0,0.0
1601.0,0.0
1611.0,0.0
1621.0,0.0
1631.0,0.0
1641.0,0.0
1651.0,0.0
1661.0,0.0
1671.0,0.0
1681.0,0.0
1691.0,0.0
1701.0,0.0
1711.0,0.0
1721.0,0.0
1731.0,0.0
1741.0,0.0
1751.0,0.0
1761.0,0.0
1771.0,0.0
1781.0,0.0
1791.0,0.0
1801.0,0.0
1811.0,0.0
1821.0,0.0
1831.0,0.0
1841.0,0.0
1851.0,0.0
1861.0,0.0
1871.0,0.0
1881.0,0.0
1891.0,0.0
1901.0,0.0
1911.0,0.0
1921.0,0.0
1931.0,0.0
1941.0,0.0
1951.0,0.0
1961.0,0.0
1971.0,0.0
1981.0,0.0
1991.0,0.0
2001.0,0.0
2011.0,0.0
2021.0,0.0
2031.0,0.0
2041.0,0.0
2051.0,0.0
2061.0,0.0
2071.0,0.0
2081.0,0.0
2091.0,0.0
2101.0,0.0
2111.0,0.0
2121.0,0.0
2131.0,0.0
2141.0,0.0
2151.0,0.0
2161.0,0.0
2171.0,0.0
2181.0,0.0
2191.0,0.0
2201.0,0.0
2211.0,0.0
2221.0,0.0
2231.0,0.0
2241.0,0.0
2251.0,0.0
2261.0,0.0
2271.0,0.0
2281.0,0.0
2291.0,0.0
2301.0,0.0
2311.0,0.0
2321.0,0.0
2331.0,0.0
2341.0,0.0
2351.0,0.0
2361.0,0.0
2371.0,0.0
2381.0,0.0
2391.0,0.0
2401.0,0.0
2411.0,0.0
2421.0,0.0
2431.0,0.0
2441.0,0.0
2451.0,0.0
2461.0,0.0
2471.0,0.0
2481.0,0.0
2491.0,0.0
2501.0,0.0
2511.0,0.0
2521.0,0.0
2531.0,0.0
2541.0,0.0
2551.0,0.0
2561.0,0.0
2571.0,0.0
2581.0,0.0
2591.0,0.0
,
1.0,0.0
11.0,0.0
21.0,0.0
31.0,0.0
41.0,0.0
51.0,0.0
61.0,0.0
71.0,0.0
81.0,0.0
91.0,0.0
101.0,0.0
111.0,0.0
121.0,0.0
131.0,0.0
141.0,0.0
151.0,0.0
161.0,0.0
171.0,0.0
181.0,0.0
191.0,0.0
201.0,0.0
211.0,0.0
221.0,0.0
231.0,0.0
241.0,0.0
251.0,0.0
261.0,0.0
271.0,0.0
281.0,0.0
291.0,0.0
301.0,0.0
311.0,0.0
321.0,0.0
331.0,0.0
341.0,0.0
351.0,0.0
361.0,0.0
371.0,0.0
381.0,0.0
391.0,0.0
401.0,0.0
411.0,0.0
421.0,0.0
431.0,0.0
441.0,0.0
451.0,0.0
461.0,0.0
471.0,0.0
481.0,0.0
491.0,0.0
501.0,0.0
511.0,0.0
521.0,0.0
531.0,0.0
541.0,0.0
551.0,0.0
561.0,0.0
571.0,0.0
581.0,0.0
591.0,0.0
601.0,0.0
611.0,0.0
621.0,0.0
631.0,0.0
641.0,0.0
651.0,0.0
661.0,0.0
671.0,0.0
681.0,0.0
691.0,0.0
701.0,0.0
711.0,0.0
721.0,0.0
731.0,0.0
741.0,0.0
751.0,0.0
761.0,0.0
771.0,0.0
781.0,0.0
791.0,0.0
801.0,0.03612291194415484
811.0,0.034980074441085404
821.0,0.03383355852918505
831.0,0.03268306726551695
841.0,0.03152829587336947
851.0,0.03036893133111789
861.0,0.02920465193588773
871.0,0.013051646397985782
881.0,0.012504858898554001
891.0,0.011955564501089177
901.0,0.011403599471100407
911.0,0.010848795280966248
921.0,0.010290978354199053
931.0,0.009729969793803915
941.0,0.004318141459935445
951.0,0.004050652581689076
961.0,0.0037814889913819812
971.0,0.0035105549527154976
981.0,0.003237751650335436
991.0,0.0029671334059548243
1001.0,0.0027190626154904355
1011.0,0.0011602327254808386
1021.0,0.001065368679969594
1031.0,0.0009793390904315714
1041.0,0.000901300302757676
1051.0,0.0008304922576043227
1061.0,0.0007662299776115293
1071.0,0.0007078959452848105
1081.0,0.00029004154627256467
1091.0,0.0003382878239646012
1101.0,0.0003705344985191757
1111.0,0.00039006475801861464
1121.0,0.0003995679472910721
1131.0,0.00040124348945985987
1141.0,0.0003968863792477729
1151.0,0.00038795765247011095
1161.0,0.0022723207285484837
1171.0,0.002223886630941914
1181.0,0.002164939415473466
1191.0,0.0020979582929074843
1201.0,0.0020250393355053633
1211.0,0.001947946687243862
1221.0,0.001868157418370194
1231.0,0.0026628743912115137
1241.0,0.002568530244105744
1251.0,0.002474646687283258
1261.0,0.0023816846098393485
1271.0,0.002290032998116921
1281.0,0.0022000173590093937
1291.0,0.002111907237404782
1301.0,0.0015069703595602258
1311.0,0.0017365948720303509
1321.0,0.0019257852512614205
1331.0,0.002079317200162214
1341.0,0.002201465187806448
1351.0,0.00229605384152621
1361.0,0.0023665039513268986
1371.0,0.0011309303909570409
1381.0,0.0011454689507336233
1391.0,0.0011525843485709424
1401.0,0.0011532929570788981
1411.0,0.0011485008486195772
1421.0,0.001139014972253326
1431.0,0.0011255531973157445
1441.0,0.0005012042975240766
1451.0,0.0004923677798762657
1461.0,0.0004825265888687928
1471.0,0.00047187798022433567
1481.0,0.00046059602758804027
1491.0,0.0004488339955251947
1501.0,0.0004367264785974328
1511.0,0.00042439133019441053
1521.0,0.00015502108536659805
1531.0,0.0001359198020936111
1541.0,0.00011905909212340865
1551.0,0.00010417886308260837
1561.0,9.105056159514082e-05
1571.0,7.947231010562575e-05
1581.0,6.926514568286866e-05
1591.0,0.018919658767850255
1601.0,0.01752650101140568
1611.0,0.016280508004177404
1621.0,0.015165038607465348
1631.0,0.01416538327563426
1641.0,0.013268537893613831
1651.0,0.012463004501139746
1661.0,0.005106579834232848
1671.0,0.004662696678019024
1681.0,0.004253229263941084
1691.0,0.003876338880229382
1701.0,0.0035300805724509023
1711.0,0.0032124625300126307
1721.0,0.0029214911979267687
1731.0,0.023778768411911066
1741.0,0.022319761601483305
1751.0,0.021093651284605663
1761.0,0.020071586958638945
1771.0,0.019228251381896082
1781.0,0.018541419032863087
1791.0,0.017991575393668788
1801.0,0.0026181377770757215
1811.0,0.0025439249174518167
1821.0,0.0024737549175419754
1831.0,0.002407390069488337
1841.0,0.0023446096846627923
1851.0,0.0022852085895091303
1861.0,0.0022289957745853513
1871.0,0.002175793180128716
1881.0,0.0018538299251469744
1891.0,0.0018306397368144703
1901.0,0.0018116644228868932
1911.0,0.001796416591872203
1921.0,0.0017844672912620937
1931.0,0.0017754394574046603
1941.0,0.0017690021169810383
1951.0,0.0007402209451089388
1961.0,0.0007393365182652886
1971.0,0.0007392195626680852
1981.0,0.0007397908579631428
1991.0,0.0007409812045514231
2001.0,0.0007427303246093994
2011.0,0.0007449858854008033
2021.0,0.0003416503265869441
2031.0,0.0003431512013221261
2041.0,0.0003449008375007936
2051.0,0.0003468771358987972
2061.0,0.00034906092188282403
2071.0,0.00035143563639833733
2081.0,0.00035398706075474173
2091.0,0.00016755284678929508
2101.0,0.00016894203441157382
2111.0,0.00017045676278172042
2121.0,0.00017208620600023201
2131.0,0.0001738209698142612
2141.0,0.00017565294718229434
2151.0,0.00017757518931435338
2161.0,8.436125932163438e-05
2171.0,8.536026648442121e-05
2181.0,8.643358678167296e-05
2191.0,8.757449466046477e-05
2201.0,8.877715168988169e-05
2211.0,9.003651956549159e-05
2221.0,9.134828224345766e-05
2231.0,9.270877625860315e-05
2241.0,4.306082223557297e-05
2251.0,4.375553184561052e-05
2261.0,4.449076766027596e-05
2271.0,4.52628390027741e-05
2281.0,4.606856938868514e-05
2291.0,4.690524709875435e-05
2301.0,4.7770580889171744e-05
2311.0,2.061940389355818e-05
2321.0,2.1023680665371812e-05
2331.0,2.1451058481129226e-05
2341.0,2.1899371423426678e-05
2351.0,2.2366763777226532e-05
2361.0,2.285166038331708e-05
2371.0,2.335274007156459e-05
2381.0,8.008335803516362e-06
2391.0,8.192249681045137e-06
2401.0,8.386904831851759e-06
2411.0,8.591290544743754e-06
2421.0,8.804545808672282e-06
2431.0,9.025945092558367e-06
2441.0,9.254885617188296e-06
2451.0,2.83546489837979e-07
2461.0,2.866811218593192e-07
2471.0,2.896569058968651e-07
2481.0,2.9247719456200066e-07
2491.0,2.9514608447826887e-07
2501.0,2.9766824944299357e-07
2511.0,3.000487981387871e-07
2521.0,1.9408918014572792e-07
2531.0,1.9810470118221514e-07
2541.0,2.0190207690318614e-07
2551.0,2.055222394752414e-07
2561.0,2.090089360434486e-07
2571.0,2.1240011685349943e-07
2581.0,2.157287686312442e-07
2591.0,2.190236327181219e-07
,
1.0,0.0
11.0,0.0
21.0,0.0
31.0,0.0
41.0,0.0
51.0,0.0
61.0,0.0
71.0,0.0
81.0,0.0
91.0,0.0
101.0,0.0
111.0,0.0
121.0,0.0
131.0,0.0
141.0,0.0
151.0,0.0
161.0,0.0
171.0,0.0
181.0,0.0
191.0,0.0
201.0,0.0
211.0,0.0
221.0,0.0
231.0,0.0
241.0,0.0
251.0,0.0
261.0,0.0
271.0,0.0
281.0,0.0
291.0,0.011736875165735785
301.0,0.011596590943974595
311.0,0.011457346928439768
321.0,0.011319135936876784
331.0,0.011181950537330001
341.0,0.01104578307444097
351.0,0.010910625693639313
361.0,0.008404091610880205
371.0,0.008367147558704829
381.0,0.008330865596300573
391.0,0.00829525089076104
401.0,0.008260309143404122
411.0,0.008226046613399806
421.0,0.008192470143313974
431.0,0.008159587186744267
441.0,0.0030931446869953442
451.0,0.003081182720635098
461.0,0.003069506326543325
471.0,0.0030581188592190647
481.0,0.00304702401956981
491.0,0.0030362258703399
501.0,0.0030257288530685777
511.0,0.0006137722771723141
521.0,0.0006117644745266597
531.0,0.0006098239809304393
541.0,0.0006079510543106268
551.0,0.0006061414769070323
561.0,0.0006043960020270122
571.0,0.0006027164808128111
581.0,0.0
591.0,0.0
601.0,0.0
611.0,0.0
621.0,0.0
631.0,0.0
641.0,0.0
651.0,0.0
661.0,0.0
671.0,0.0
681.0,0.0
691.0,0.0
701.0,0.0
711.0,0.0
721.0,0.0
731.0,0.0
741.0,0.0
751.0,0.0
761.0,0.0
771.0,0.0
781.0,0.0
791.0,0.0
801.0,0.0
811.0,0.0
821.0,0.0
831.0,0.0
841.0,0.0
851.0,0.0
861.0,0.0
871.0,0.0
881.0,0.0
891.0,0.0
901.0,0.0
911.0,0.0
921.0,0.0
931.0,0.0
941.0,0.0
951.0,0.0
961.0,0.0
971.0,0.0
981.0,0.0
991.0,0.0
1001.0,0.0
1011.0,0.0
1021.0,0.0
1031.0,0.0
1041.0,0.0
1051.0,0.0
1061.0,0.0
1071.0,0.0
1081.0,0.0
1091.0,0.0
1101.0,0.0
1111.0,0.0
1121.0,0.0
1131.0,0.0
1141.0,0.0
1151.0,0.0
1161.0,0.0
1171.0,0.0
1181.0,0.0
1191.0,0.0
1201.0,0.0
1211.0,0.0
1221.0,0.0
1231.0,0.0
1241.0,0.0
1251.0,0.0
1261.0,0.0
1271.0,0.0
1281.0,0.0
1291.0,0.0
1301.0,0.0
1311.0,0.0
1321.0,0.0
1331.0,0.0
1341.0,0.0
1351.0,0.0
1361.0,0.0
1371.0,1.895235112822022e-05
1381.0,1.841433792007367e-05
1391.0,1.7831433303400456e-05
1401.0,1.72023723423242e-05
1411.0,1.65310393925576e-05
1421.0,1.5821466503263244e-05
1431.0,1.5077164280341551e-05
1441.0,0.0
1451.0,0.0
1461.0,0.0
1471.0,0.0
1481.0,0.0
1491.0,0.0
1501.0,0.0
1511.0,0.0
1521.0,0.0
1531.0,0.0
1541.0,0.0
1551.0,0.0
1561.0,0.0
1571.0,0.0
1581.0,0.0
1591.0,0.00013207517730534483
1601.0,0.00012478889582263653
1611.0,0.00011811191944257929
1621.0,0.00011199405484570918
1631.0,0.00010638971302935844
1641.0,0.00010125746554566626
1651.0,9.6559646084793e-05
1661.0,3.104403724607889e-05
1671.0,2.8182325927025093e-05
1681.0,2.5596632523830727e-05
1691.0,2.3261103351426494e-05
1701.0,2.1152050819120237e-05
1711.0,1.9247824916133212e-05
1721.0,1.752867768592085e-05
1731.0,0.0002587647122233746
1741.0,0.0002461551535337336
1751.0,0.00023487007197904304
1761.0,0.00022478313909276944
1771.0,0.00021578092220988156
1781.0,0.00020776155263866342
1791.0,0.00020063353546314458
1801.0,8.9504857537482e-05
1811.0,8.69474127705378e-05
1821.0,8.472734389267282e-05
1831.0,8.281314293425025e-05
1841.0,8.117655981232266e-05
1851.0,7.979227413358349e-05
1861.0,7.86376012038149e-05
1871.0,7.769222863388677e-05
1881.0,3.2758117696569484e-05
1891.0,3.194848236522059e-05
1901.0,3.118805811028126e-05
1911.0,3.047395206744293e-05
1921.0,2.980336214850577e-05
1931.0,2.9173588338933405e-05
1941.0,2.858204075140254e-05
1951.0,3.940329059408569e-05
1961.0,3.933951185745637e-05
1971.0,3.936594840078621e-05
1981.0,3.947396433859976e-05
1991.0,3.9655915123344296e-05
2001.0,3.9905048942257214e-05
2011.0,4.0215418297892316e-05
2021.0,1.6005532078040112e-05
2031.0,1.618081574442539e-05
2041.0,1.63856556266593e-05
2051.0,1.6617152045686432e-05
2061.0,1.68727786274287e-05
2071.0,1.7150345324699595e-05
2081.0,1.744796527777298e-05
2091.0,4.420161960392941e-06
2101.0,4.505881492728369e-06
2111.0,4.599447966250837e-06
2121.0,4.700077532256684e-06
2131.0,4.807098349172634e-06
2141.0,4.9155754714395555e-06
2151.0,5.0202835510913535e-06
2161.0,0.0
2171.0,0.0
2181.0,0.0
2191.0,0.0
2201.0,0.0
2211.0,0.0
2221.0,0.0
2231.0,0.0
2241.0,0.0
2251.0,0.0
2261.0,0.0
2271.0,0.0
2281.0,0.0
2291.0,0.0
2301.0,0.0
2311.0,0.0
2321.0,0.0
2331.0,0.0
2341.0,0.0
2351.0,0.0
2361.0,0.0
2371.0,0.0
2381.0,0.0
2391.0,0.0
2401.0,0.0
2411.0,0.0
2421.0,0.0
2431.0,0.0
2441.0,0.0
2451.0,0.0
2461.0,0.0
2471.0,0.0
2481.0,0.0
2491.0,0.0
2501.0,0.0
2511.0,0.0
2521.0,0.0
2531.0,0.0
2541.0,0.0
2551.0,0.0
2561.0,0.0
2571.0,0.0
2581.0,0.0
2591.0,0.0
,
1.0,0.0
11.0,0.0
21.0,0.0
31.0,0.0
41.0,0.0
51.0,0.0
61.0,0.0
71.0,0.0
81.0,0.0
91.0,0.0
101.0,0.0
111.0,0.0
121.0,0.0
131.0,0.0
141.0,0.0
151.0,0.0
161.0,0.0
171.0,0.0
181.0,0.0
191.0,0.0
201.0,0.0
211.0,0.0
221.0,0.0
231.0,0.0
241.0,0.0
251.0,0.0
261.0,0.0
271.0,0.0
281.0,0.0
291.0,0.0
301.0,0.0
311.0,0.0
321.0,0.0
331.0,0.0
341.0,0.0
351.0,0.0
361.0,0.0
371.0,0.0
381.0,0.0
391.0,0.0
401.0,0.0
411.0,0.0
421.0,0.0
431.0,0.0
441.0,0.03449796740063038
451.0,0.034151984029648315
461.0,0.03380690288825647
471.0,0.033462663519117815
481.0,0.03311920424343921
491.0,0.032776462075972464
501.0,0.0324343726350241
511.0,0.014337301672542675
521.0,0.013230355605007507
531.0,0.012246577467460171
541.0,0.011366879493294386
551.0,0.010575917272866471
561.0,0.00986121430091957
571.0,0.009212521275823756
581.0,0.8460416229599037
591.0,0.8327146378859661
601.0,0.8193552722997922
611.0,0.8059595919309065
621.0,0.7925234918039109
631.0,0.779042689912281
641.0,0.7655127203154745
651.0,0.21339948178507498
661.0,0.19714408043276913
671.0,0.18251639680976245
681.0,0.1692905724976509
691.0,0.15728041720105707
701.0,0.14633105562580687
711.0,0.1363125965685716
721.0,9.250423707163097
731.0,8.90050145035226
741.0,8.527362995687554
751.0,8.12664075295681
761.0,7.692530141923572
771.0,7.21711768531739
781.0,6.689258195256538
791.0,6.092572618218853
801.0,0.0002878560351900197
811.0,0.0002662218749027109
821.0,0.00024645664325010085
831.0,0.00022839347682994027
841.0,0.00021188112101709828
851.0,0.00019678242407554416
861.0,0.00018297298124896465
871.0,7.372037901326746e-05
881.0,7.035106521371013e-05
891.0,6.693891653279694e-05
901.0,6.347800432681213e-05
911.0,5.9965400072447345e-05
921.0,5.63985136734577e-05
931.0,5.2774568043614364e-05
941.0,0.0
951.0,0.0
961.0,0.0
971.0,0.0
981.0,0.0
991.0,0.0
1001.0,0.0
1011.0,0.0
1021.0,0.0
1031.0,0.0
1041.0,0.0
1051.0,0.0
1061.0,0.0
1071.0,0.0
1081.0,0.0001783204581644789
1091.0,0.00018979625031126835
1101.0,0.00019862926515604084
1111.0,0.00020517006131824848
1121.0,0.0002097302777491453
1131.0,0.00021258664751255617
1141.0,0.000213984609017628
1151.0,0.00021414155545503152
1161.0,7.279737775877809e-05
1171.0,7.220338652703527e-05
1181.0,7.136743820489423e-05
1191.0,7.033340180628846e-05
1201.0,6.913980126553533e-05
1211.0,6.782038828143417e-05
1221.0,6.640465780532837e-05
1231.0,3.354427368333863e-06
1241.0,2.9667273491632215e-06
1251.0,2.6228238921595107e-06
1261.0,2.3177859125476405e-06
1271.0,2.0472595295034212e-06
1281.0,1.8073877354256916e-06
1291.0,1.5947451223273098e-06
1301.0,0.00236594334784101
1311.0,0.003060828717260711
1321.0,0.0036447551279524407
1331.0,0.004130491534791073
1341.0,0.004529464739752929
1351.0,0.004851900275570497
1361.0,0.005106947950718297
1371.0,0.0024838863630779607
1381.0,0.002551272857251689
1391.0,0.002597375209214388
1401.0,0.002624951884196393
1411.0,0.0026364663833580546
1421.0,0.0026341174158517507
1431.0,0.0026198659167803165
1441.0,0.0012214657360923734
1451.0,0.0012059467110908492
1461.0,0.0011870620831922814
1471.0,0.0011653868347797148
1481.0,0.0011414306901589646
1491.0,0.0011156447447555028
1501.0,0.001088427428509109
1511.0,0.0010601298734329676
1521.0,0.0004307637631157218
1531.0,0.000372594739753914
1541.0,0.00032172978181034827
1551.0,0.00027724718390224125
1561.0,0.00023834720932223102
1571.0,0.00020433050887198908
1581.0,0.00017458212349014053
1591.0,0.220266331303786
1601.0,0.20290183115683227
1611.0,0.18941177181084182
1621.0,0.17933956742545687
1631.0,0.1722970071283016
1641.0,0.16795664062151128
1651.0,0.16604669120328766
1661.0,0.0005927419558562672
1671.0,0.0005931469864350915
1681.0,0.000592007134338616
1691.0,0.0005895520122415303
1701.0,0.0005859868547154369
1711.0,0.0005814949733013642
1721.0,0.0005762399583960514
1731.0,0.00032322862101010006
1741.0,0.0005498780990585922
1751.0,0.0007110754872274435
1761.0,0.000820573529480076
1771.0,0.0008894718873956828
1781.0,0.0009281172987993129
1791.0,0.0009489875722031987
1801.0,0.011220555012133556
1811.0,0.011599061431793168
1821.0,0.011933937541588611
1831.0,0.012225641001503692
1841.0,0.012474701266993857
1851.0,0.012681712651813984
1861.0,0.012847327482203102
1871.0,0.012972249370356532
1881.0,0.00578824464366874
1891.0,0.005808330488326087
1901.0,0.005811341599187705
1911.0,0.005797722914172218
1921.0,0.0057679229176673535
1931.0,0.005722391496349554
1941.0,0.00566157790968193
1951.0,0.0025998706772537876
1961.0,0.002558040042474113
1971.0,0.0025097974888140485
1981.0,0.0024553504685538912
1991.0,0.0023949015387711475
2001.0,0.002328647804456358
2011.0,0.0022567804095586985
2021.0,0.001026816049478748
2031.0,0.0009879799054432882
2041.0,0.0009468304030899492
2051.0,0.0009060652661999986
2061.0,0.0008674921396600098
2071.0,0.0008309870162472367
2081.0,0.0007964360811353872
2091.0,0.00035536297245347144
2101.0,0.0003409849831734638
2111.0,0.0003274117113825985
2121.0,0.00031460042596897185
2131.0,0.0003025115666696525
2141.0,0.0002911084251365601
2151.0,0.00028035686373308933
2161.0,0.00011997576890385339
2171.0,0.00011574920823744589
2181.0,0.00011179215616146203
2191.0,0.00010809028660005013
2201.0,0.00010463029974415951
2211.0,0.00010139983097058594
2221.0,9.838737004216282e-05
2231.0,9.558218941721959e-05
2241.0,3.621877845609729e-05
2251.0,3.529012461115607e-05
2261.0,3.444076646043942e-05
2271.0,3.3666173149253744e-05
2281.0,3.29621805153332e-05
2291.0,3.232496068795813e-05
2301.0,3.1750994892400315e-05
2311.0,7.286000229243784e-06
2321.0,7.183323481195703e-06
2331.0,7.0965116070439195e-06
2341.0,7.024530817508902e-06
2351.0,6.963568307417308e-06
2361.0,6.906771571089723e-06
2371.0,6.854630929468229e-06
2381.0,0.0
2391.0,0.0
2401.0,0.0
2411.0,0.0
2421.0,0.0
2431.0,0.0
2441.0,0.0
2451.0,0.0004637629093457104
2461.0,0.00044152400394716204
2471.0,0.00042129169972103243
2481.0,0.000402877983258301
2491.0,0.0003861126299482272
2501.0,0.00037084151171049153
2511.0,0.0003569250661462678
2521.0,0.00039899630778227535
2531.0,0.00038542834645556085
2541.0,0.00037300022852578024
2551.0,0.0003616095610408315
2561.0,0.00035116326091260043
2571.0,0.0003415767035765982
2581.0,0.00033277294966063535
2591.0,0.00032468204252208705
,
1.0,0.0
11.0,0.0
21.0,0.0
31.0,0.0
41.0,0.0
51.0,0.0
61.0,0.0
71.0,0.0
81.0,0.0
91.0,0.0
101.0,0.0
111.0,0.0
121.0,0.0
131.0,0.0
141.0,0.0
151.0,0.0
161.0,0.0
171.0,0.0
181.0,0.0
191.0,0.0
201.0,0.0
211.0,0.0
221.0,0.0
231.0,0.0
241.0,0.0
251.0,0.0
261.0,0.0
271.0,0.0
281.0,0.0
291.0,0.0
301.0,0.0
311.0,0.0
321.0,0.0
331.0,0.0
341.0,0.0
351.0,0.0
361.0,0.0
371.0,0.0
381.0,0.0
391.0,0.0
401.0,0.0
411.0,0.0
421.0,0.0
431.0,0.0
441.0,0.0
451.0,0.0
461.0,0.0
471.0,0.0
481.0,0.0
491.0,0.0
501.0,0.0
511.0,0.0
521.0,0.0
531.0,0.0
541.0,0.0
551.0,0.0
561.0,0.0
571.0,0.0
581.0,0.0
591.0,0.0
601.0,0.0
611.0,0.0
621.0,0.0
631.0,0.0
641.0,0.0
651.0,0.0
661.0,0.0
671.0,0.0
681.0,0.0
691.0,0.0
701.0,0.0
711.0,0.0
721.0,0.0
731.0,0.0
741.0,0.0
751.0,0.0
761.0,0.0
771.0,0.0
781.0,0.0
791.0,0.0
801.0,0.0
811.0,0.0
821.0,0.0
831.0,0.0
841.0,0.0
851.0,0.0
861.0,0.0
871.0,0.0
881.0,0.0
891.0,0.0
901.0,0.0
911.0,0.0
921.0,0.0
931.0,0.0
941.0,0.0
951.0,0.0
961.0,0.0
971.0,0.0
981.0,0.0
991.0,0.0
1001.0,0.0
1011.0,0.0
1021.0,0.0
1031.0,0.0
1041.0,0.0
1051.0,0.0
1061.0,0.0
1071.0,0.0
1081.0,0.0
1091.0,0.0
1101.0,0.0
1111.0,0.0
1121.0,0.0
1131.0,0.0
1141.0,0.0
1151.0,0.0
1161.0,0.0
1171.0,0.0
1181.0,0.0
1191.0,0.0
1201.0,0.0
1211.0,0.0
1221.0,0.0
1231.0,0.0
1241.0,0.0
1251.0,0.0
1261.0,0.0
1271.0,0.0
1281.0,0.0
1291.0,0.0
1301.0,0.0
1311.0,0.0
1321.0,0.0
1331.0,0.0
1341.0,0.0
1351.0,0.0
1361.0,0.0
1371.0,0.0
1381.0,0.0
1391.0,0.0
1401.0,0.0
1411.0,0.0
1421.0,0.0
1431.0,0.0
1441.0,0.00011671632372449159
1451.0,0.00011095212665635476
1461.0,0.00010579594321703281
1471.0,0.00010119108923273616
1481.0,9.708653607801988e-05
1491.0,9.343634419672329e-05
1501.0,9.019915524081118e-05
1511.0,8.733773664417892e-05
1521.0,3.535926633343898e-05
1531.0,3.445678217644209e-05
1541.0,3.368503528456871e-05
1551.0,3.303221160012585e-05
1561.0,3.248771108150084e-05
1571.0,3.204202960609034e-05
1581.0,3.1686652889824806e-05
1591.0,9.93663693464179e-06
1601.0,9.88093980502369e-06
1611.0,9.852735943857718e-06
1621.0,9.849575033741967e-06
1631.0,9.869282901119338e-06
1641.0,9.909935227298476e-06
1651.0,9.969833940853828e-06
1661.0,0.0
1671.0,0.0
1681.0,0.0
1691.0,0.0
1701.0,0.0
1711.0,0.0
1721.0,0.0
1731.0,0.0
1741.0,0.0
1751.0,0.0
1761.0,0.0
1771.0,0.0
1781.0,0.0
1791.0,0.0
1801.0,0.0
1811.0,0.0
1821.0,0.0
1831.0,0.0
1841.0,0.0
1851.0,0.0
1861.0,0.0
1871.0,0.0
1881.0,0.0
1891.0,0.0
1901.0,0.0
1911.0,0.0
1921.0,0.0
1931.0,0.0
1941.0,0.0
1951.0,0.0
1961.0,0.0
1971.0,0.0
1981.0,0.0
1991.0,0.0
2001.0,0.0
2011.0,0.0
2021.0,0.0
2031.0,0.0
2041.0,0.0
2051.0,0.0
2061.0,0.0
2071.0,0.0
2081.0,0.0
2091.0,0.0
2101.0,0.0
2111.0,0.0
2121.0,0.0
2131.0,0.0
2141.0,0.0
2151.0,0.0
2161.0,0.0
2171.0,0.0
2181.0,0.0
2191.0,0.0
2201.0,0.0
2211.0,0.0
2221.0,0.0
2231.0,0.0
2241.0,0.0
2251.0,0.0
2261.0,0.0
2271.0,0.0
2281.0,0.0
2291.0,0.0
2301.0,0.0
2311.0,0.0
2321.0,0.0
2331.0,0.0
2341.0,0.0
2351.0,0.0
2361.0,0.0
2371.0,0.0
2381.0,0.0
2391.0,0.0
2401.0,0.0
2411.0,0.0
2421.0,0.0
2431.0,0.0
2441.0,0.0
2451.0,0.0
2461.0,0.0
2471.0,0.0
2481.0,0.0
2491.0,0.0
2501.0,0.0
2511.0,0.0
2521.0,0.0
2531.0,0.0
2541.0,0.0
2551.0,0.0
2561.0,0.0
2571.0,0.0
2581.0,0.0
2591.0,0.0
,
1.0,0.0
11.0,0.0
21.0,0.0
31.0,0.0
41.0,0.0
51.0,0.0
61.0,0.0
71.0,0.0
81.0,0.0
91.0,0.0
101.0,0.0
111.0,0.0
121.0,0.0
131.0,0.0
141.0,0.0
151.0,0.0
161.0,0.0
171.0,0.0
181.0,0.0
191.0,0.0
201.0,0.0
211.0,0.0
221.0,0.0
231.0,0.0
241.0,0.0
251.0,0.0
261.0,0.0
271.0,0.0
281.0,0.0
291.0,0.0
301.0,0.0
311.0,0.0
321.0,0.0
331.0,0.0
341.0,0.0
351.0,0.0
361.0,0.0
371.0,0.0
381.0,0.0
391.0,0.0
401.0,0.0
411.0,0.0
421.0,0.0
431.0,0.0
441.0,0.0
451.0,0.0
461.0,0.0
471.0,0.0
481.0,0.0
491.0,0.0
501.0,0.0
511.0,0.0
521.0,0.0
531.0,0.0
541.0,0.0
551.0,0.0
561.0,0.0
571.0,0.0
581.0,0.0
591.0,0.0
601.0,0.0
611.0,0.0
621.0,0.0
631.0,0.0
641.0,0.0
651.0,0.0
661.0,0.0
671.0,0.0
681.0,0.0
691.0,0.0
701.0,0.0
711.0,0.0
721.0,0.0
731.0,0.0
741.0,0.0
751.0,0.0
761.0,0.0
771.0,0.0
781.0,0.0
791.0,0.0
801.0,0.0
811.0,0.0
821.0,0.0
831.0,0.0
841.0,0.0
851.0,0.0
861.0,0.0
871.0,0.0
881.0,0.0
891.0,0.0
901.0,0.0
911.0,0.0
921.0,0.0
931.0,0.0
941.0,0.0
951.0,0.0
961.0,0.0
971.0,0.0
981.0,0.0
991.0,0.0
1001.0,0.0
1011.0,0.0
1021.0,0.0
1031.0,0.0
1041.0,0.0
1051.0,0.0
1061.0,0.0
1071.0,0.0
1081.0,0.0
1091.0,0.0
1101.0,0.0
1111.0,0.0
1121.0,0.0
1131.0,0.0
1141.0,0.0
1151.0,0.0
1161.0,0.0
1171.0,0.0
1181.0,0.0
1191.0,0.0
1201.0,0.0
1211.0,0.0
1221.0,0.0
1231.0,0.0
1241.0,0.0
1251.0,0.0
1261.0,0.0
1271.0,0.0
1281.0,0.0
1291.0,0.0
1301.0,0.0
1311.0,0.0
1321.0,0.0
1331.0,0.0
1341.0,0.0
1351.0,0.0
1361.0,0.0
1371.0,0.0
1381.0,0.0
1391.0,0.0
1401.0,0.0
1411.0,0.0
1421.0,0.0
1431.0,0.0
1441.0,0.0
1451.0,0.0
1461.0,0.0
1471.0,0.0
1481.0,0.0
1491.0,0.0
1501.0,0.0
1511.0,0.0
1521.0,0.0
1531.0,0.0
1541.0,0.0
1551.0,0.0
1561.0,0.0
1571.0,0.0
1581.0,0.0
1591.0,0.0
1601.0,0.0
1611.0,0.0
1621.0,0.0
1631.0,0.0
1641.0,0.0
1651.0,0.0
1661.0,0.0
1671.0,0.0
1681.0,0.0
1691.0,0.0
1701.0,0.0
1711.0,0.0
1721.0,0.0
1731.0,0.0
1741.0,0.0
1751.0,0.0
1761.0,0.0
1771.0,0.0
1781.0,0.0
1791.0,0.0
1801.0,0.0
1811.0,0.0
1821.0,0.0
1831.0,0.0
1841.0,0.0
1851.0,0.0
1861.0,0.0
1871.0,0.0
1881.0,0.0
1891.0,0.0
1901.0,0.0
1911.0,0.0
1921.0,0.0
1931.0,0.0
1941.0,0.0
1951.0,0.0
1961.0,0.0
1971.0,0.0
1981.0,0.0
1991.0,0.0
2001.0,0.0
2011.0,0.0
2021.0,0.0
2031.0,0.0
2041.0,0.0
2051.0,0.0
2061.0,0.0
2071.0,0.0
2081.0,0.0
2091.0,0.0
2101.0,0.0
2111.0,0.0
2121.0,0.0
2131.0,0.0
2141.0,0.0
2151.0,0.0
2161.0,0.0
2171.0,0.0
2181.0,0.0
2191.0,0.0
2201.0,0.0
2211.0,0.0
2221.0,0.0
2231.0,0.0
2241.0,0.0
2251.0,0.0
2261.0,0.0
2271.0,0.0
2281.0,0.0
2291.0,0.0
2301.0,0.0
2311.0,0.0
2321.0,0.0
2331.0,0.0
2341.0,0.0
2351.0,0.0
2361.0,0.0
2371.0,0.0
2381.0,0.0
2391.0,0.0
2401.0,0.0
2411.0,0.0
2421.0,0.0
2431.0,0.0
2441.0,0.0
2451.0,0.0
2461.0,0.0
2471.0,0.0
2481.0,0.0
2491.0,0.0
2501.0,0.0
2511.0,0.0
2521.0,0.0
2531.0,0.0
2541.0,0.0
2551.0,0.0
2561.0,0.0
2571.0,0.0
2581.0,0.0
2591.0,0.0
,
1.0,0.0
11.0,0.0
21.0,0.0
31.0,0.0
41.0,0.0
51.0,0.0
61.0,0.0
71.0,0.0
81.0,0.0
91.0,0.0
101.0,0.0
111.0,0.0
121.0,0.0
131.0,0.0
141.0,0.0
151.0,0.0
161.0,0.0
171.0,0.0
181.0,0.0
191.0,0.0
201.0,0.0
211.0,0.0
221.0,0.0
231.0,0.0
241.0,0.0
251.0,0.0
261.0,0.0
271.0,0.0
281.0,0.0
291.0,0.050190758983005325
301.0,0.04999887458072856
311.0,0.049810806865112724
321.0,0.04962658568320667
331.0,0.04944624310858201
341.0,0.0492698135346375
351.0,0.04909733377421764
361.0,0.022804426321252534
371.0,0.022727797401938147
381.0,0.02265311489147715
391.0,0.022580399273463312
401.0,0.022509672528781745
411.0,0.022440958203415188
421.0,0.022374281480843538
431.0,0.022309669259431616
441.0,0.011297501689889572
451.0,0.011377054081249685
461.0,0.01145215188870543
471.0,0.011523230940453476
481.0,0.01159070776000136
491.0,0.011654980357009532
501.0,0.011716429046336373
511.0,0.004567727479091395
521.0,0.004463923778555405
531.0,0.004361825105804984
541.0,0.004261574988493828
551.0,0.004163281802873253
561.0,0.004067024644627606
571.0,0.003972858266117609
581.0,0.012810330889859396
591.0,0.012829797795302769
601.0,0.012849092367900623
611.0,0.012868361712997907
621.0,0.012887749123915344
631.0,0.012907394331107064
641.0,0.01292743376691304
651.0,0.005371941666134406
661.0,0.0053350944045612225
671.0,0.005293931488424614
681.0,0.005249072262338897
691.0,0.0052010639757092015
701.0,0.005150390092682311
711.0,0.005097477627396112
721.0,0.007899720912633353
731.0,0.00783148871723371
741.0,0.007760800201614066
751.0,0.007688036583182631
761.0,0.007613538177491464
771.0,0.007537608668971403
781.0,0.007460518931324543
791.0,0.0073825104457669495
801.0,0.009265335785664708
811.0,0.009294688356510053
821.0,0.009322440165642576
831.0,0.00934870296626486
841.0,0.009373582752578814
851.0,0.009397179949204092
861.0,0.009419589605881774
871.0,0.003798179129888904
881.0,0.003845173072408611
891.0,0.0038887163983415277
901.0,0.003929060086970527
911.0,0.00396644000776733
921.0,0.004001077588607767
931.0,0.004033180477783746
941.0,0.0010782113673122324
951.0,0.001085541914230172
961.0,0.0010923502195751833
971.0,0.00109867800445779
981.0,0.0011045642169525297
991.0,0.0011100239531846602
1001.0,0.00111502725863798
1011.0,0.0
1021.0,0.0
1031.0,0.0
1041.0,0.0
1051.0,0.0
1061.0,0.0
1071.0,0.0
1081.0,0.0
1091.0,0.0
1101.0,0.0
1111.0,0.0
1121.0,0.0
1131.0,0.0
1141.0,0.0
1151.0,0.0
1161.0,0.0
1171.0,0.0
1181.0,0.0
1191.0,0.0
1201.0,0.0
1211.0,0.0
1221.0,0.0
1231.0,0.0
1241.0,0.0
1251.0,0.0
1261.0,0.0
1271.0,0.0
1281.0,0.0
1291.0,0.0
1301.0,0.0
1311.0,0.0
1321.0,0.0
1331.0,0.0
1341.0,0.0
1351.0,0.0
1361.0,0.0
1371.0,0.0
1381.0,0.0
1391.0,0.0
1401.0,0.0
1411.0,0.0
1421.0,0.0
1431.0,0.0
1441.0,0.0
1451.0,0.0
1461.0,0.0
1471.0,0.0
1481.0,0.0
1491.0,0.0
1501.0,0.0
1511.0,0.0
1521.0,0.0
1531.0,0.0
1541.0,0.0
1551.0,0.0
1561.0,0.0
1571.0,0.0
1581.0,0.0
1591.0,0.0
1601.0,0.0
1611.0,0.0
1621.0,0.0
1631.0,0.0
1641.0,0.0
1651.0,0.0
1661.0,0.0
1671.0,0.0
1681.0,0.0
1691.0,0.0
1701.0,0.0
1711.0,0.0
1721.0,0.0
1731.0,0.0
1741.0,0.0
1751.0,0.0
1761.0,0.0
1771.0,0.0
1781.0,0.0
1791.0,0.0
1801.0,0.0
1811.0,0.0
1821.0,0.0
1831.0,0.0
1841.0,0.0
1851.0,0.0
1861.0,0.0
1871.0,0.0
1881.0,0.0
1891.0,0.0
1901.0,0.0
1911.0,0.0
1921.0,0.0
1931.0,0.0
1941.0,0.0
1951.0,0.0
1961.0,0.0
1971.0,0.0
1981.0,0.0
1991.0,0.0
2001.0,0.0
2011.0,0.0
2021.0,0.0
2031.0,0.0
2041.0,0.0
2051.0,0.0
2061.0,0.0
2071.0,0.0
2081.0,0.0
2091.0,0.0
2101.0,0.0
2111.0,0.0
2121.0,0.0
2131.0,0.0
2141.0,0.0
2151.0,0.0
2161.0,0.0
2171.0,0.0
2181.0,0.0
2191.0,0.0
2201.0,0.0
2211.0,0.0
2221.0,0.0
2231.0,0.0
2241.0,0.0
2251.0,0.0
2261.0,0.0
2271.0,0.0
2281.0,0.0
2291.0,0.0
2301.0,0.0
2311.0,0.0
2321.0,0.0
2331.0,0.0
2341.0,0.0
2351.0,0.0
2361.0,0.0
2371.0,0.0
2381.0,0.0014571431592314767
2391.0,0.0012691243913013055
2401.0,0.001105637529755449
2411.0,0.0009632924376035731
2421.0,0.0008392067107688054
2431.0,0.0007309157420373648
2441.0,0.0006363021200562366
2451.0,0.040527078911313706
2461.0,0.0370052120552509
2471.0,0.03404303443906293
2481.0,0.0315753551835888
2491.0,0.029545690490828835
2501.0,0.02790506798263049
2511.0,0.026611021555454473
2521.0,0.001256639837762678
2531.0,0.001177543482831543
2541.0,0.0011024757079007772
2551.0,0.00103144588991014
2561.0,0.0009643958470478484
2571.0,0.0009012167911237324
2581.0,0.000841762894137826
2591.0,0.000785862097048414
,
1.0,0.0
11.0,0.0
21.0,0.0
31.0,0.0
41.0,0.0
51.0,0.0
61.0,0.0
71.0,0.0
81.0,0.0
91.0,0.0
101.0,0.0
111.0,0.0
121.0,0.0
131.0,0.0
141.0,0.0
151.0,0.0
161.0,0.0
171.0,0.0
181.0,0.0
191.0,0.0
201.0,0.0
211.0,0.0
221.0,0.0
231.0,0.0
241.0,0.0
251.0,0.0
261.0,0.0
271.0,0.0
281.0,0.0
291.0,0.0
301.0,0.0
311.0,0.0
321.0,0.0
331.0,0.0
341.0,0.0
351.0,0.0
361.0,0.0
371.0,0.0
381.0,0.0
391.0,0.0
401.0,0.0
411.0,0.0
421.0,0.0
431.0,0.0
441.0,0.0
451.0,0.0
461.0,0.0
471.0,0.0
481.0,0.0
491.0,0.0
501.0,0.0
511.0,0.0
521.0,0.0
531.0,0.0
541.0,0.0
551.0,0.0
561.0,0.0
571.0,0.0
581.0,0.0
591.0,0.0
601.0,0.0
611.0,0.0
621.0,0.0
631.0,0.0
641.0,0.0
651.0,0.0
661.0,0.0
671.0,0.0
681.0,0.0
691.0,0.0
701.0,0.0
711.0,0.0
721.0,0.0
731.0,0.0
741.0,0.0
751.0,0.0
761.0,0.0
771.0,0.0
781.0,0.0
791.0,0.0
801.0,0.0
811.0,0.0
821.0,0.0
831.0,0.0
841.0,0.0
851.0,0.0
861.0,0.0
871.0,0.0
881.0,0.0
891.0,0.0
901.0,0.0
911.0,0.0
921.0,0.0
931.0,0.0
941.0,0.0
951.0,0.0
961.0,0.0
971.0,0.0
981.0,0.0
991.0,0.0
1001.0,0.0
1011.0,0.0
1021.0,0.0
1031.0,0.0
1041.0,0.0
1051.0,0.0
1061.0,0.0
1071.0,0.0
1081.0,0.0
1091.0,0.0
1101.0,0.0
1111.0,0.0
1121.0,0.0
1131.0,0.0
1141.0,0.0
1151.0,0.0
1161.0,0.0
1171.0,0.0
1181.0,0.0
1191.0,0.0
1201.0,0.0
1211.0,0.0
1221.0,0.0
1231.0,0.0
1241.0,0.0
1251.0,0.0
1261.0,0.0
1271.0,0.0
1281.0,0.0
1291.0,0.0
1301.0,0.0
1311.0,0.0
1321.0,0.0
1331.0,0.0
1341.0,0.0
1351.0,0.0
1361.0,0.0
1371.0,0.0
1381.0,0.0
1391.0,0.0
1401.0,0.0
1411.0,0.0
1421.0,0.0
1431.0,0.0
1441.0,0.0
1451.0,0.0
1461.0,0.0
1471.0,0.0
1481.0,0.0
1491.0,0.0
1501.0,0.0
1511.0,0.0
1521.0,0.0
1531.0,0.0
1541.0,0.0
1551.0,0.0
1561.0,0.0
1571.0,0.0
1581.0,0.0
1591.0,0.0
1601.0,0.0
1611.0,0.0
1621.0,0.0
1631.0,0.0
1641.0,0.0
1651.0,0.0
1661.0,0.0
1671.0,0.0
1681.0,0.0
1691.0,0.0
1701.0,0.0
1711.0,0.0
1721.0,0.0
1731.0,0.0
1741.0,0.0
1751.0,0.0
1761.0,0.0
1771.0,0.0
1781.0,0.0
1791.0,0.0
1801.0,0.0
1811.0,0.0
1821.0,0.0
1831.0,0.0
1841.0,0.0
1851.0,0.0
1861.0,0.0
1871.0,0.0
1881.0,0.0
1891.0,0.0
1901.0,0.0
1911.0,0.0
1921.0,0.0
1931.0,0.0
1941.0,0.0
1951.0,0.0
1961.0,0.0
1971.0,0.0
1981.0,0.0
1991.0,0.0
2001.0,0.0
2011.0,0.0
2021.0,0.0
2031.0,0.0
2041.0,0.0
2051.0,0.0
2061.0,0.0
2071.0,0.0
2081.0,0.0
2091.0,4.843096949216666e-05
2101.0,4.9165457000478084e-05
2111.0,4.9924823496137605e-05
2121.0,5.070763649803064e-05
2131.0,5.1512732017743836e-05
2141.0,5.2339189901176715e-05
2151.0,5.318631183348882e-05
2161.0,2.3136517429418986e-05
2171.0,2.352359982815296e-05
2181.0,2.3934078841606595e-05
2191.0,2.4365960285185843e-05
2201.0,2.4817537281840586e-05
2211.0,2.528736303360741e-05
2221.0,2.577422644234767e-05
2231.0,2.627713030436982e-05
2241.0,9.312002293578345e-06
2251.0,9.506482153003128e-06
2261.0,9.712294325215463e-06
2271.0,9.928455442617373e-06
2281.0,1.015413079925695e-05
2291.0,1.0388620388144244e-05
2301.0,1.0631346415540886e-05
2311.0,8.740255622594288e-07
2321.0,8.945612842098697e-07
2331.0,9.142027787656085e-07
2341.0,9.330368298769321e-07
2351.0,9.512507518200306e-07
2361.0,9.69008158051361e-07
2371.0,9.864523148456682e-07
2381.0,0.0
2391.0,0.0
2401.0,0.0
2411.0,0.0
2421.0,0.0
2431.0,0.0
2441.0,0.0
2451.0,0.0
2461.0,0.0
2471.0,0.0
2481.0,0.0
2491.0,0.0
2501.0,0.0
2511.0,0.0
2521.0,0.0
2531.0,0.0
2541.0,0.0
2551.0,0.0
2561.0,0.0
2571.0,0.0
2581.0,0.0
2591.0,0.0
,
1.0,0.0
11.0,0.0
21.0,0.0
31.0,0.0
41.0,0.0
51.0,0.0
61.0,0.0
71.0,0.0
81.0,0.0
91.0,0.0
101.0,0.0
111.0,0.0
121.0,0.0
131.0,0.0
141.0,0.0
151.0,0.0
161.0,0.0
171.0,0.0
181.0,0.0
191.0,0.0
201.0,0.0
211.0,0.0
221.0,0.0
231.0,0.0
241.0,0.0
251.0,0.0
261.0,0.0
271.0,0.0
281.0,0.0
291.0,0.0
301.0,0.0
311.0,0.0
321.0,0.0
331.0,0.0
341.0,0.0
351.0,0.0
361.0,0.0
371.0,0.0
381.0,0.0
391.0,0.0
401.0,0.0
411.0,0.0
421.0,0.0
431.0,0.0
441.0,0.0
451.0,0.0
461.0,0.0
471.0,0.0
481.0,0.0
491.0,0.0
501.0,0.0
511.0,0.0
521.0,0.0
531.0,0.0
541.0,0.0
551.0,0.0
561.0,0.0
571.0,0.0
581.0,0.0
591.0,0.0
601.0,0.0
611.0,0.0
621.0,0.0
631.0,0.0
641.0,0.0
651.0,0.0
661.0,0.0
671.0,0.0
681.0,0.0
691.0,0.0
701.0,0.0
711.0,0.0
721.0,0.0
731.0,0.0
741.0,0.0
751.0,0.0
761.0,0.0
771.0,0.0
781.0,0.0
791.0,0.0
801.0,0.0
811.0,0.0
821.0,0.0
831.0,0.0
841.0,0.0
851.0,0.0
861.0,0.0
871.0,0.0
881.0,0.0
891.0,0.0
901.0,0.0
911.0,0.0
921.0,0.0
931.0,0.0
941.0,0.0
951.0,0.0
961.0,0.0
971.0,0.0
981.0,0.0
991.0,0.0
1001.0,0.0
1011.0,0.0
1021.0,0.0
1031.0,0.0
1041.0,0.0
1051.0,0.0
1061.0,0.0
1071.0,0.0
1081.0,0.0
1091.0,0.0
1101.0,0.0
1111.0,0.0
1121.0,0.0
1131.0,0.0
1141.0,0.0
1151.0,0.0
1161.0,0.0
1171.0,0.0
1181.0,0.0
1191.0,0.0
1201.0,0.0
1211.0,0.0
1221.0,0.0
1231.0,0.0
1241.0,0.0
1251.0,0.0
1261.0,0.0
1271.0,0.0
1281.0,0.0
1291.0,0.0
1301.0,0.0
1311.0,0.0
1321.0,0.0
1331.0,0.0
1341.0,0.0
1351.0,0.0
1361.0,0.0
1371.0,0.0
1381.0,0.0
1391.0,0.0
1401.0,0.0
1411.0,0.0
1421.0,0.0
1431.0,0.0
1441.0,0.0
1451.0,0.0
1461.0,0.0
1471.0,0.0
1481.0,0.0
1491.0,0.0
1501.0,0.0
1511.0,0.0
1521.0,0.0
1531.0,0.0
1541.0,0.0
1551.0,0.0
1561.0,0.0
1571.0,0.0
1581.0,0.0
1591.0,0.0
1601.0,0.0
1611.0,0.0
1621.0,0.0
1631.0,0.0
1641.0,0.0
1651.0,0.0
1661.0,0.0
1671.0,0.0
1681.0,0.0
1691.0,0.0
1701.0,0.0
1711.0,0.0
1721.0,0.0
1731.0,0.0
1741.0,0.0
1751.0,0.0
1761.0,0.0
1771.0,0.0
1781.0,0.0
1791.0,0.0
1801.0,0.0
1811.0,0.0
1821.0,0.0
1831.0,0.0
1841.0,0.0
1851.0,0.0
1861.0,0.0
1871.0,0.0
1881.0,0.0
1891.0,0.0
1901.0,0.0
1911.0,0.0
1921.0,0.0
1931.0,0.0
1941.0,0.0
1951.0,0.0
1961.0,0.0
1971.0,0.0
1981.0,0.0
1991.0,0.0
2001.0,0.0
2011.0,0.0
2021.0,0.0
2031.0,0.0
2041.0,0.0
2051.0,0.0
2061.0,0.0
2071.0,0.0
2081.0,0.0
2091.0,0.0
2101.0,0.0
2111.0,0.0
2121.0,0.0
2131.0,0.0
2141.0,0.0
2151.0,0.0
2161.0,0.0
2171.0,0.0
2181.0,0.0
2191.0,0.0
2201.0,0.0
2211.0,0.0
2221.0,0.0
2231.0,0.0
2241.0,0.0
2251.0,0.0
2261.0,0.0
2271.0,0.0
2281.0,0.0
2291.0,0.0
2301.0,0.0
2311.0,0.0
2321.0,0.0
2331.0,0.0
2341.0,0.0
2351.0,0.0
2361.0,0.0
2371.0,0.0
2381.0,0.0
2391.0,0.0
2401.0,0.0
2411.0,0.0
2421.0,0.0
2431.0,0.0
2441.0,0.0
2451.0,0.0
2461.0,0.0
2471.0,0.0
2481.0,0.0
2491.0,0.0
2501.0,0.0
2511.0,0.0
2521.0,0.0
2531.0,0.0
2541.0,0.0
2551.0,0.0
2561.0,0.0
2571.0,0.0
2581.0,0.0
2591.0,0.0
,
1.0,0.0
11.0,0.0
21.0,0.0
31.0,0.0
41.0,0.0
51.0,0.0
61.0,0.0
71.0,0.0
81.0,0.0
91.0,0.0
101.0,0.0
111.0,0.0
121.0,0.0
131.0,0.0
141.0,0.0
151.0,0.0
161.0,0.0
171.0,0.0
181.0,0.0
191.0,0.0
201.0,0.0
211.0,0.0
221.0,0.0
231.0,0.0
241.0,0.0
251.0,0.0
261.0,0.0
271.0,0.0
281.0,0.0
291.0,0.0
301.0,0.0
311.0,0.0
321.0,0.0
331.0,0.0
341.0,0.0
351.0,0.0
361.0,0.0
371.0,0.0
381.0,0.0
391.0,0.0
401.0,0.0
411.0,0.0
421.0,0.0
431.0,0.0
441.0,0.0
451.0,0.0
461.0,0.0
471.0,0.0
481.0,0.0
491.0,0.0
501.0,0.0
511.0,0.0
521.0,0.0
531.0,0.0
541.0,0.0
551.0,0.0
561.0,0.0
571.0,0.0
581.0,0.0
591.0,0.0
601.0,0.0
611.0,0.0
621.0,0.0
631.0,0.0
641.0,0.0
651.0,0.0
661.0,0.0
671.0,0.0
681.0,0.0
691.0,0.0
701.0,0.0
711.0,0.0
721.0,0.0
731.0,0.0
741.0,0.0
751.0,0.0
761.0,0.0
771.0,0.0
781.0,0.0
791.0,0.0
801.0,0.0
811.0,0.0
821.0,0.0
831.0,0.0
841.0,0.0
851.0,0.0
861.0,0.0
871.0,0.0
881.0,0.0
891.0,0.0
901.0,0.0
911.0,0.0
921.0,0.0
931.0,0.0
941.0,0.0031030298814332916
951.0,0.0028881077192561577
961.0,0.002687501347768438
971.0,0.0024999337870156885
981.0,0.0023242734810405784
991.0,0.002159514184527065
1001.0,0.0020047580984072113
1011.0,0.019445500066261903
1021.0,0.01865283636644034
1031.0,0.0178573860399696
1041.0,0.017058925366759112
1051.0,0.016257224852856786
1061.0,0.015452048953725615
1071.0,0.014643155776943001
1081.0,0.0064733925908412975
1091.0,0.006091039584549209
1101.0,0.005706767304094514
1111.0,0.005320450677817622
1121.0,0.004931961130950898
1131.0,0.004541166398573011
1141.0,0.004154052795424884
1151.0,0.0038000511961108537
1161.0,0.0016381427382135437
1171.0,0.0015018056004843605
1181.0,0.0013784518064032425
1191.0,0.0012668178594457717
1201.0,0.001165767550788855
1211.0,0.0010742787978578999
1221.0,0.0009914318795631592
1231.0,0.0004231260424132611
1241.0,0.0003917773046008994
1251.0,0.00036340855403040723
1261.0,0.0003377369062952396
1271.0,0.0003145074464582647
1281.0,0.0002934904010295096
1291.0,0.0002744786039061949
1301.0,0.0001394242073634746
1311.0,0.00019045262119510637
1321.0,0.0002278117116903592
1331.0,0.00025404986679474216
1341.0,0.00027129077793490414
1351.0,0.0002813016747361865
1361.0,0.0002855505676758492
1371.0,0.0012262831993100005
1381.0,0.0012469822790684077
1391.0,0.001258869326696301
1401.0,0.0012631379889180667
1411.0,0.0012608524189694295
1421.0,0.0012529604403733311
1431.0,0.0012403053686280466
1441.0,0.0005605080149853769
1451.0,0.0005513510553542058
1461.0,0.0005409550272461589
1471.0,0.0005295552563128553
1481.0,0.0005173595087230018
1491.0,0.000504550816498123
1501.0,0.0004912900231184541
1511.0,0.00047771807788165433
1521.0,0.00019729114389968245
1531.0,0.0001914259996821161
1541.0,0.00018557968284980508
1551.0,0.00017978426389528916
1561.0,0.00017406721514159432
1571.0,0.00016845190984615018
1581.0,0.0001629580727245632
1591.0,5.355043592400068e-05
1601.0,5.1790317378430805e-05
1611.0,5.009215571003577e-05
1621.0,4.845798630424532e-05
1631.0,4.688929090800201e-05
1641.0,4.5387067639806805e-05
1651.0,4.3951894134685285e-05
1661.0,2.061800186762149e-06
1671.0,1.9981714781520626e-06
1681.0,1.9361753963815946e-06
1691.0,1.8761624446320923e-06
1701.0,1.81841339080386e-06
1711.0,1.7631342816581008e-06
1721.0,1.7104698856051818e-06
1731.0,0.0
1741.0,0.0
1751.0,0.0
1761.0,0.0
1771.0,0.0
1781.0,0.0
1791.0,0.0
1801.0,0.0
1811.0,0.0
1821.0,0.0
1831.0,0.0
1841.0,0.0
1851.0,0.0
1861.0,0.0
1871.0,0.0
1881.0,0.0
1891.0,0.0
1901.0,0.0
1911.0,0.0
1921.0,0.0
1931.0,0.0
1941.0,0.0
1951.0,0.0
1961.0,0.0
1971.0,0.0
1981.0,0.0
1991.0,0.0
2001.0,0.0
2011.0,0.0
2021.0,0.0
2031.0,0.0
2041.0,0.0
2051.0,0.0
2061.0,0.0
2071.0,0.0
2081.0,0.0
2091.0,0.0
2101.0,0.0
2111.0,0.0
2121.0,0.0
2131.0,0.0
2141.0,0.0
2151.0,0.0
2161.0,0.0
2171.0,0.0
2181.0,0.0
2191.0,0.0
2201.0,0.0
2211.0,0.0
2221.0,0.0
2231.0,0.0
2241.0,0.0
2251.0,0.0
2261.0,0.0
2271.0,0.0
2281.0,0.0
2291.0,0.0
2301.0,0.0
2311.0,0.0
2321.0,0.0
2331.0,0.0
2341.0,0.0
2351.0,0.0
2361.0,0.0
2371.0,0.0
2381.0,0.0
2391.0,0.0
2401.0,0.0
2411.0,0.0
2421.0,0.0
2431.0,0.0
2441.0,0.0
2451.0,0.0
2461.0,0.0
2471.0,0.0
2481.0,0.0
2491.0,0.0
2501.0,0.0
2511.0,0.0
2521.0,0.0
2531.0,0.0
2541.0,0.0
2551.0,0.0
2561.0,0.0
2571.0,0.0
2581.0,0.0
2591.0,0.0
,
1.0,0.0
11.0,0.0
21.0,0.0
31.0,0.0
41.0,0.0
51.0,0.0
61.0,0.0
71.0,0.0
81.0,0.0
91.0,0.0
101.0,0.0
111.0,0.0
121.0,0.0
131.0,0.0
141.0,0.0
151.0,0.0
161.0,0.0
171.0,0.0
181.0,0.0
191.0,0.0
201.0,0.0
211.0,0.0
221.0,0.0
231.0,0.0
241.0,0.0
251.0,0.0
261.0,0.0
271.0,0.0
281.0,0.0
291.0,0.0
301.0,0.0
311.0,0.0
321.0,0.0
331.0,0.0
341.0,0.0
351.0,0.0
361.0,0.0
371.0,0.0
381.0,0.0
391.0,0.0
401.0,0.0
411.0,0.0
421.0,0.0
431.0,0.0
441.0,0.0
451.0,0.0
461.0,0.0
471.0,0.0
481.0,0.0
491.0,0.0
501.0,0.0
511.0,0.0
521.0,0.0
531.0,0.0
541.0,0.0
551.0,0.0
561.0,0.0
571.0,0.0
581.0,0.0
591.0,0.0
601.0,0.0
611.0,0.0
621.0,0.0
631.0,0.0
641.0,0.0
651.0,0.0
661.0,0.0
671.0,0.0
681.0,0.0
691.0,0.0
701.0,0.0
711.0,0.0
721.0,0.0
731.0,0.0
741.0,0.0
751.0,0.0
761.0,0.0
771.0,0.0
781.0,0.0
791.0,0.0
801.0,0.0
811.0,0.0
821.0,0.0
831.0,0.0
841.0,0.0
851.0,0.0
861.0,0.0
871.0,0.0
881.0,0.0
891.0,0.0
901.0,0.0
911.0,0.0
921.0,0.0
931.0,0.0
941.0,0.0
951.0,0.0
961.0,0.0
971.0,0.0
981.0,0.0
991.0,0.0
1001.0,0.0
1011.0,0.0
1021.0,0.0
1031.0,0.0
1041.0,0.0
1051.0,0.0
1061.0,0.0
1071.0,0.0
1081.0,0.0
1091.0,0.0
1101.0,0.0
1111.0,0.0
1121.0,0.0
1131.0,0.0
1141.0,0.0
1151.0,0.0
1161.0,0.0
1171.0,0.0
1181.0,0.0
1191.0,0.0
1201.0,0.0
1211.0,0.0
1221.0,0.0
1231.0,0.0
1241.0,0.0
1251.0,0.0
1261.0,0.0
1271.0,0.0
1281.0,0.0
1291.0,0.0
1301.0,7.284079609567204e-05
1311.0,6.932716903635007e-05
1321.0,6.618013993020541e-05
1331.0,6.336633228403346e-05
1341.0,6.085565582877536e-05
1351.0,5.8620983331536495e-05
1361.0,5.6637860354424714e-05
1371.0,1.9428041988847977e-05
1381.0,1.8887045106608357e-05
1391.0,1.8421562385308612e-05
1401.0,1.802484872042396e-05
1411.0,1.769084882078178e-05
1421.0,1.7414130891587783e-05
1431.0,1.7189827007420517e-05
1441.0,1.810943007568461e-06
1451.0,1.7970758158939727e-06
1461.0,1.7873295129202872e-06
1471.0,1.7795310482031922e-06
1481.0,1.7735494240560746e-06
1491.0,1.7693994010999376e-06
1501.0,1.767084455794955e-06
1511.0,1.7665995144671369e-06
1521.0,0.0
1531.0,0.0
1541.0,0.0
1551.0,0.0
1561.0,0.0
1571.0,0.0
1581.0,0.0
1591.0,0.0
1601.0,0.0
1611.0,0.0
1621.0,0.0
1631.0,0.0
1641.0,0.0
1651.0,0.0
1661.0,0.0
1671.0,0.0
1681.0,0.0
1691.0,0.0
1701.0,0.0
1711.0,0.0
1721.0,0.0
1731.0,7.16111712636782e-06
1741.0,6.9007578002809975e-06
1751.0,6.633094377852049e-06
1761.0,6.363033819084334e-06
1771.0,6.094282233249246e-06
1781.0,5.829602509139321e-06
1791.0,5.571016467043386e-06
1801.0,7.826238782592001e-05
1811.0,7.775486908179769e-05
1821.0,7.743547585843127e-05
1831.0,7.728617568335894e-05
1841.0,7.729092166963242e-05
1851.0,7.743545297059619e-05
1861.0,7.770711609134744e-05
1871.0,7.809470485987425e-05
1881.0,3.474696064281871e-05
1891.0,3.4605472859028895e-05
1901.0,3.447607952911897e-05
1911.0,3.4357980785253295e-05
1921.0,3.4250423730690915e-05
1931.0,3.4152700413107004e-05
1941.0,3.4064145786451404e-05
1951.0,3.253623049768709e-05
1961.0,3.286389698964527e-05
1971.0,3.324492046199715e-05
1981.0,3.3674143518837314e-05
1991.0,3.414704702076615e-05
2001.0,3.465968765375572e-05
2011.0,3.5208641934623065e-05
2021.0,1.3973023716828379e-05
2031.0,1.4221864679225573e-05
2041.0,1.449173359771941e-05
2051.0,1.4780584021587858e-05
2061.0,1.508664850131185e-05
2071.0,1.5408411580733317e-05
2081.0,1.574458558934635e-05
2091.0,3.786255833106927e-06
2101.0,3.818806736968789e-06
2111.0,3.849697190077348e-06
2121.0,3.878962154598362e-06
2131.0,3.906644486238574e-06
2141.0,3.932793160184666e-06
2151.0,3.9574617590899275e-06
2161.0,3.873995231871227e-06
2171.0,3.950044424643938e-06
2181.0,4.032407479349467e-06
2191.0,4.12050190429976e-06
2201.0,4.213695634460702e-06
2211.0,4.3060204394500355e-06
2221.0,4.395121331840374e-06
2231.0,4.481790953433582e-06
2241.0,0.0
2251.0,0.0
2261.0,0.0
2271.0,0.0
2281.0,0.0
2291.0,0.0
2301.0,0.0
2311.0,0.0
2321.0,0.0
2331.0,0.0
2341.0,0.0
2351.0,0.0
2361.0,0.0
2371.0,0.0
2381.0,0.0
2391.0,0.0
2401.0,0.0
2411.0,0.0
2421.0,0.0
2431.0,0.0
2441.0,0.0
2451.0,0.0
2461.0,0.0
2471.0,0.0
2481.0,0.0
2491.0,0.0
2501.0,0.0
2511.0,0.0
2521.0,0.0
2531.0,0.0
2541.0,0.0
2551.0,0.0
2561.0,0.0
2571.0,0.0
2581.0,0.0
2591.0,0.0
,
1.0,0.0
11.0,0.0
21.0,0.0
31.0,0.0
41.0,0.0
51.0,0.0
61.0,0.0
71.0,0.0
81.0,0.0
91.0,0.0
101.0,0.0
111.0,0.0
121.0,0.0
131.0,0.0
141.0,0.0
151.0,0.0
161.0,0.0
171.0,0.0
181.0,0.0
191.0,0.0
201.0,0.0
211.0,0.0
221.0,0.0
231.0,0.0
241.0,0.0
251.0,0.0
261.0,0.0
271.0,0.0
281.0,0.0
291.0,0.0
301.0,0.0
311.0,0.0
321.0,0.0
331.0,0.0
341.0,0.0
351.0,0.0
361.0,0.0
371.0,0.0
381.0,0.0
391.0,0.0
401.0,0.0
411.0,0.0
421.0,0.0
431.0,0.0
441.0,0.0
451.0,0.0
461.0,0.0
471.0,0.0
481.0,0.0
491.0,0.0
501.0,0.0
511.0,0.0
521.0,0.0
531.0,0.0
541.0,0.0
551.0,0.0
561.0,0.0
571.0,0.0
581.0,0.0
591.0,0.0
601.0,0.0
611.0,0.0
621.0,0.0
631.0,0.0
641.0,0.0
651.0,0.0
661.0,0.0
671.0,0.0
681.0,0.0
691.0,0.0
701.0,0.0
711.0,0.0
721.0,8.916415315823202e-05
731.0,8.895776888307237e-05
741.0,8.876211021103085e-05
751.0,8.857725352511411e-05
761.0,8.840351593605846e-05
771.0,8.824123106328554e-05
781.0,8.809075084626914e-05
791.0,8.795244743683335e-05
801.0,0.0
811.0,0.0
821.0,0.0
831.0,0.0
841.0,0.0
851.0,0.0
861.0,0.0
871.0,0.0
881.0,0.0
891.0,0.0
901.0,0.0
911.0,0.0
921.0,0.0
931.0,0.0
941.0,0.0
951.0,0.0
961.0,0.0
971.0,0.0
981.0,0.0
991.0,0.0
1001.0,0.0
1011.0,0.0
1021.0,0.0
1031.0,0.0
1041.0,0.0
1051.0,0.0
1061.0,0.0
1071.0,0.0
1081.0,0.0
1091.0,0.0
1101.0,0.0
1111.0,0.0
1121.0,0.0
1131.0,0.0
1141.0,0.0
1151.0,0.0
1161.0,0.0
1171.0,0.0
1181.0,0.0
1191.0,0.0
1201.0,0.0
1211.0,0.0
1221.0,0.0
1231.0,0.0
1241.0,0.0
1251.0,0.0
1261.0,0.0
1271.0,0.0
1281.0,0.0
1291.0,0.0
1301.0,0.0
1311.0,0.0
1321.0,0.0
1331.0,0.0
1341.0,0.0
1351.0,0.0
1361.0,0.0
1371.0,0.0
1381.0,0.0
1391.0,0.0
1401.0,0.0
1411.0,0.0
1421.0,0.0
1431.0,0.0
1441.0,0.0
1451.0,0.0
1461.0,0.0
1471.0,0.0
1481.0,0.0
1491.0,0.0
1501.0,0.0
1511.0,0.0
1521.0,0.0
1531.0,0.0
1541.0,0.0
1551.0,0.0
1561.0,0.0
1571.0,0.0
1581.0,0.0
1591.0,0.006650161872248521
1601.0,0.006618593934677459
1611.0,0.006587531643671695
1621.0,0.006556978902035388
1631.0,0.00652693991704973
1641.0,0.006497419211120934
1651.0,0.0064684216335069745
1661.0,0.0029376529689700745
1671.0,0.002924934389561287
1681.0,0.0029124898561060917
1691.0,0.0029003212277501985
1701.0,0.0028884306131957424
1711.0,0.0028768203792240085
1721.0,0.0028654931598988973
1731.0,0.0012000172913390512
1741.0,0.001195507608058481
1751.0,0.0011911366554483286
1761.0,0.0011869053982426433
1771.0,0.001182814985919186
1781.0,0.0011788667580638343
1791.0,0.0011750622502830661
1801.0,0.0003823215905820841
1811.0,0.0003811787544383372
1821.0,0.0003800918347862226
1831.0,0.0003790613022199065
1841.0,0.00037808773078446196
1851.0,0.0003771718007284112
1861.0,0.0003763143016441691
1871.0,0.00037551613603751757
1881.0,0.0
1891.0,0.0
1901.0,0.0
1911.0,0.0
1921.0,0.0
1931.0,0.0
1941.0,0.0
1951.0,4.5768333255976864e-05
1961.0,4.565306194995386e-05
1971.0,4.554314262592088e-05
1981.0,4.5438068591124745e-05
1991.0,4.533812822086245e-05
2001.0,4.524360222663885e-05
2011.0,4.515476659031963e-05
2021.0,0.0
2031.0,0.0
2041.0,0.0
2051.0,0.0
2061.0,0.0
2071.0,0.0
2081.0,0.0
2091.0,0.0
2101.0,0.0
2111.0,0.0
2121.0,0.0
2131.0,0.0
2141.0,0.0
2151.0,0.0
2161.0,0.04556593888543378
2171.0,0.04500745670240583
2181.0,0.04445245345906183
2191.0,0.04390079195593841
2201.0,0.0433523329046168
2211.0,0.04280693512203532
2221.0,0.04226445570812327
2231.0,0.04172475020579876
2241.0,0.017464531990075662
2251.0,0.017238316545066884
2261.0,0.01701345759133915
2271.0,0.016789896443461835
2281.0,0.016567574301621313
2291.0,0.016346432285606144
2301.0,0.016126411461260766
2311.0,0.007178981983721709
2321.0,0.006908805183416325
2331.0,0.006648171645747518
2341.0,0.006396678396981992
2351.0,0.006153941024104523
2361.0,0.005919592889004779
2371.0,0.005693284341763992
2381.0,0.019279682216749323
2391.0,0.01751680348327641
2401.0,0.01597386569569732
2411.0,0.014612024443465101
2421.0,0.01340095717356109
2431.0,0.012316619200284954
2441.0,0.011339670517533202
2451.0,1.3078340145003897
2461.0,1.2712501294571268
2471.0,1.2329469923756897
2481.0,1.1924639361269092
2491.0,1.1490155122372703
2501.0,1.101278522670047
2511.0,1.0469642064611397
2521.0,0.0
2531.0,0.0
2541.0,0.0
2551.0,0.0
2561.0,0.0
2571.0,0.0
2581.0,0.0
2591.0,0.0
,
1.0,0.0
11.0,0.0
21.0,0.0
31.0,0.0
41.0,0.0
51.0,0.0
61.0,0.0
71.0,0.0
81.0,0.0
91.0,0.0
101.0,0.0
111.0,0.0
121.0,0.0
131.0,0.0
141.0,0.0
151.0,0.0
161.0,0.0
171.0,0.0
181.0,0.0
191.0,0.0
201.0,0.0
211.0,0.0
221.0,0.0
231.0,0.0
241.0,0.0
251.0,0.0
261.0,0.0
271.0,0.0
281.0,0.0
291.0,0.06551815096488776
301.0,0.06513007682148807
311.0,0.06474599567933763
321.0,0.06436588613865737
331.0,0.06398972802238813
341.0,0.06361750240585513
351.0,0.06324919164676458
361.0,0.029576651211524786
371.0,0.029407116905551398
381.0,0.029239475352253547
391.0,0.029073719048012606
401.0,0.0289098412819975
411.0,0.028747836154635206
421.0,0.028587698596836374
431.0,0.028429424390156725
441.0,0.012165961486409084
451.0,0.011236819699990137
461.0,0.010416514559637364
471.0,0.009687247129465826
481.0,0.009034894219748431
491.0,0.00844810566627933
501.0,0.007917655215460197
511.0,0.8820307529494072
521.0,0.8733054336362007
531.0,0.8645958904020294
541.0,0.8559003978501657
551.0,0.8472171726731679
561.0,0.8385443724221011
571.0,0.8298800941054733
581.0,0.27669551487529603
591.0,0.2737872079162189
601.0,0.2708878487213689
611.0,0.2679969421981629
621.0,0.26511398424862126
631.0,0.26223846154708635
641.0,0.25936985127755663
651.0,0.1108136181261252
661.0,0.11095005819022882
671.0,0.11103625456183173
681.0,0.11107366559396396
691.0,0.1110637862142636
701.0,0.11100814011303804
711.0,0.11090827230070059
721.0,0.051068117900495015
731.0,0.050983438203934764
741.0,0.05088055135199821
751.0,0.05076021953925504
761.0,0.05062319659520847
771.0,0.050470225909781334
781.0,0.05030203853722847
791.0,0.0501193514744343
801.0,0.023496992849909217
811.0,0.023398435656527116
821.0,0.023294099889608937
831.0,0.023184293194369175
841.0,0.02306931333638254
851.0,0.022949447872848344
861.0,0.022824973882999415
871.0,0.010736194924073211
881.0,0.01084458546928282
891.0,0.010941622918409617
901.0,0.011027996749676874
911.0,0.011104369170374752
921.0,0.011171375293032504
931.0,0.011229623404882197
941.0,0.005048278241469734
951.0,0.004941335152464933
961.0,0.004833031242161322
971.0,0.004723969271177091
981.0,0.004614657300657393
991.0,0.004505522325839063
1001.0,0.004396921931891023
1011.0,0.011871865214091823
1021.0,0.011843233023693082
1031.0,0.011811402381724576
1041.0,0.01177657494394825
1051.0,0.011738944916209621
1061.0,0.01169869901759168
1071.0,0.01165601647522766
1081.0,0.005328545326659084
1091.0,0.00542360237772615
1101.0,0.005510858793596055
1111.0,0.005590831248275914
1121.0,0.005664013463727621
1131.0,0.005730876683988241
1141.0,0.005791870201304877
1151.0,0.005847421927942633
1161.0,0.0025207041425452125
1171.0,0.002540332999358111
1181.0,0.0025581511664541463
1191.0,0.0025743066296764266
1201.0,0.0025889397800676504
1211.0,0.002602183719095768
1221.0,0.0026141645689636275
1231.0,0.0009074428995331565
1241.0,0.0009108427558069778
1251.0,0.0009139321141432195
1261.0,0.0009167455162823911
1271.0,0.0009193156901563833
1281.0,0.0009216736551741646
1291.0,0.0009238488269155484
1301.0,6.64109932751481e-05
1311.0,6.370977328807268e-05
1321.0,6.114499157937965e-05
1331.0,5.8708665984645064e-05
1341.0,5.6393219349148376e-05
1351.0,5.419148983605628e-05
1361.0,5.209673037658412e-05
1371.0,0.002372391051784593
1381.0,0.0023659070467629472
1391.0,0.002359392875812589
1401.0,0.002352867552633762
1411.0,0.0023463494137653637
1421.0,0.002339856157186982
1431.0,0.00233340488244426
1441.0,0.0008569608699259398
1451.0,0.0008546388567768471
1461.0,0.0008523602868590616
1471.0,0.0008501302480788429
1481.0,0.0008479537305127429
1491.0,0.0008458356423442331
1501.0,0.0008437808262684968
1511.0,0.0008417940763852416
1521.0,0.00013464178633121183
1531.0,0.00013434911512077505
1541.0,0.0001340699562163915
1551.0,0.00013380064806573636
1561.0,0.00013354189421934735
1571.0,0.00013329491914496213
1581.0,0.00013306087798403942
1591.0,0.0
1601.0,0.0
1611.0,0.0
1621.0,0.0
1631.0,0.0
1641.0,0.0
1651.0,0.0
1661.0,0.0
1671.0,0.0
1681.0,0.0
1691.0,0.0
1701.0,0.0
1711.0,0.0
1721.0,0.0
1731.0,0.0006521775806219053
1741.0,0.0006482382433719644
1751.0,0.0006443565530682476
1761.0,0.0006405322949384485
1771.0,0.000636765321764927
1781.0,0.0006330555542630262
1791.0,0.0006294029816417547
1801.0,0.0001418452240848245
1811.0,0.00014104507019772842
1821.0,0.0001402617353135628
1831.0,0.00013949509902741694
1841.0,0.00013874459863645472
1851.0,0.00013800387693265216
1861.0,0.00013727138072523252
1871.0,0.00013654758903537776
1881.0,0.0
1891.0,0.0
1901.0,0.0
1911.0,0.0
1921.0,0.0
1931.0,0.0
1941.0,0.0
1951.0,0.0
1961.0,0.0
1971.0,0.0
1981.0,0.0
1991.0,0.0
2001.0,0.0
2011.0,0.0
2021.0,0.0
2031.0,0.0
2041.0,0.0
2051.0,0.0
2061.0,0.0
2071.0,0.0
2081.0,0.0
2091.0,0.0
2101.0,0.0
2111.0,0.0
2121.0,0.0
2131.0,0.0
2141.0,0.0
2151.0,0.0
2161.0,0.0
2171.0,0.0
2181.0,0.0
2191.0,0.0
2201.0,0.0
2211.0,0.0
2221.0,0.0
2231.0,0.0
2241.0,0.0
2251.0,0.0
2261.0,0.0
2271.0,0.0
2281.0,0.0
2291.0,0.0
2301.0,0.0
2311.0,0.00040978079246700646
2321.0,0.00039893904855931836
2331.0,0.00038807975746175553
2341.0,0.0003771980692508178
2351.0,0.00036628907344088586
2361.0,0.0003553477877532642
2371.0,0.0003443691462411033
2381.0,0.00013328488469847779
2391.0,0.00012887058272259753
2401.0,0.00012444793076116632
2411.0,0.00012001415003908345
2421.0,0.00011556644740893854
2431.0,0.00011110200739102714
2441.0,0.00010661798383798074
2451.0,2.7148927874227124e-05
2461.0,2.5947246986484857e-05
2471.0,2.4742804129229795e-05
2481.0,2.353456027624295e-05
2491.0,2.2322019304926494e-05
2501.0,2.1174952587099784e-05
2511.0,2.0128140955204476e-05
2521.0,0.0
2531.0,0.0
2541.0,0.0
2551.0,0.0
2561.0,0.0
2571.0,0.0
2581.0,0.0
2591.0,0.0
,
1.0,0.0
11.0,0.0
21.0,0.0
31.0,0.0
41.0,0.0
51.0,0.0
61.0,0.0
71.0,0.0
81.0,0.0
91.0,0.0
101.0,0.0
111.0,0.0
121.0,0.0
131.0,0.0
141.0,0.0
151.0,0.0
161.0,0.0
171.0,0.0
181.0,0.0
191.0,0.0
201.0,0.0
211.0,0.0
221.0,0.0
231.0,0.0
241.0,0.0
251.0,0.0
261.0,0.0
271.0,0.0
281.0,0.0
291.0,0.0
301.0,0.0
311.0,0.0
321.0,0.0
331.0,0.0
341.0,0.0
351.0,0.0
361.0,0.0
371.0,0.0
381.0,0.0
391.0,0.0
401.0,0.0
411.0,0.0
421.0,0.0
431.0,0.0
441.0,0.0
451.0,0.0
461.0,0.0
471.0,0.0
481.0,0.0
491.0,0.0
501.0,0.0
511.0,0.0
521.0,0.0
531.0,0.0
541.0,0.0
551.0,0.0
561.0,0.0
571.0,0.0
581.0,0.0
591.0,0.0
601.0,0.0
611.0,0.0
621.0,0.0
631.0,0.0
641.0,0.0
651.0,0.0
661.0,0.0
671.0,0.0
681.0,0.0
691.0,0.0
701.0,0.0
711.0,0.0
721.0,0.0
731.0,0.0
741.0,0.0
751.0,0.0
761.0,0.0
771.0,0.0
781.0,0.0
791.0,0.0
801.0,0.0
811.0,0.0
821.0,0.0
831.0,0.0
841.0,0.0
851.0,0.0
861.0,0.0
871.0,0.0
881.0,0.0
891.0,0.0
901.0,0.0
911.0,0.0
921.0,0.0
931.0,0.0
941.0,0.0
951.0,0.0
961.0,0.0
971.0,0.0
981.0,0.0
991.0,0.0
1001.0,0.0
1011.0,0.0
1021.0,0.0
1031.0,0.0
1041.0,0.0
1051.0,0.0
1061.0,0.0
1071.0,0.0
1081.0,0.0
1091.0,0.0
1101.0,0.0
1111.0,0.0
1121.0,0.0
1131.0,0.0
1141.0,0.0
1151.0,0.0
1161.0,0.0
1171.0,0.0
1181.0,0.0
1191.0,0.0
1201.0,0.0
1211.0,0.0
1221.0,0.0
1231.0,0.0
1241.0,0.0
1251.0,0.0
1261.0,0.0
1271.0,0.0
1281.0,0.0
1291.0,0.0
1301.0,1.945096314641103e-05
1311.0,1.8661319519596487e-05
1321.0,1.7958735504231585e-05
1331.0,1.733559409900693e-05
1341.0,1.678502485497035e-05
1351.0,1.630083275848073e-05
1361.0,1.5877434222720464e-05
1371.0,0.0
1381.0,0.0
1391.0,0.0
1401.0,0.0
1411.0,0.0
1421.0,0.0
1431.0,0.0
1441.0,0.0
1451.0,0.0
1461.0,0.0
1471.0,0.0
1481.0,0.0
1491.0,0.0
1501.0,0.0
1511.0,0.0
1521.0,0.0
1531.0,0.0
1541.0,0.0
1551.0,0.0
1561.0,0.0
1571.0,0.0
1581.0,0.0
1591.0,0.0
1601.0,0.0
1611.0,0.0
1621.0,0.0
1631.0,0.0
1641.0,0.0
1651.0,0.0
1661.0,0.0
1671.0,0.0
1681.0,0.0
1691.0,0.0
1701.0,0.0
1711.0,0.0
1721.0,0.0
1731.0,0.0
1741.0,0.0
1751.0,0.0
1761.0,0.0
1771.0,0.0
1781.0,0.0
1791.0,0.0
1801.0,0.0
1811.0,0.0
1821.0,0.0
1831.0,0.0
1841.0,0.0
1851.0,0.0
1861.0,0.0
1871.0,0.0
1881.0,0.0
1891.0,0.0
1901.0,0.0
1911.0,0.0
1921.0,0.0
1931.0,0.0
1941.0,0.0
1951.0,0.0
1961.0,0.0
1971.0,0.0
1981.0,0.0
1991.0,0.0
2001.0,0.0
2011.0,0.0
2021.0,0.0
2031.0,0.0
2041.0,0.0
2051.0,0.0
2061.0,0.0
2071.0,0.0
2081.0,0.0
2091.0,0.0
2101.0,0.0
2111.0,0.0
2121.0,0.0
2131.0,0.0
2141.0,0.0
2151.0,0.0
2161.0,0.0
2171.0,0.0
2181.0,0.0
2191.0,0.0
2201.0,0.0
2211.0,0.0
2221.0,0.0
2231.0,0.0
2241.0,0.0
2251.0,0.0
2261.0,0.0
2271.0,0.0
2281.0,0.0
2291.0,0.0
2301.0,0.0
2311.0,0.0
2321.0,0.0
2331.0,0.0
2341.0,0.0
2351.0,0.0
2361.0,0.0
2371.0,0.0
2381.0,0.0
2391.0,0.0
2401.0,0.0
2411.0,0.0
2421.0,0.0
2431.0,0.0
2441.0,0.0
2451.0,0.0
2461.0,0.0
2471.0,0.0
2481.0,0.0
2491.0,0.0
2501.0,0.0
2511.0,0.0
2521.0,0.0
2531.0,0.0
2541.0,0.0
2551.0,0.0
2561.0,0.0
2571.0,0.0
2581.0,0.0
2591.0,0.0
,
1.0,0.0
11.0,0.0
21.0,0.0
31.0,0.0
41.0,0.0
51.0,0.0
61.0,0.0
71.0,0.0
81.0,0.0
91.0,0.0
101.0,0.0
111.0,0.0
121.0,0.0
131.0,0.0
141.0,0.0
151.0,0.0
161.0,0.0
171.0,0.0
181.0,0.0
191.0,0.0
201.0,0.0
211.0,0.0
221.0,0.0
231.0,0.0
241.0,0.0
251.0,0.0
261.0,0.0
271.0,0.0
281.0,0.0
291.0,0.0
301.0,0.0
311.0,0.0
321.0,0.0
331.0,0.0
341.0,0.0
351.0,0.0
361.0,0.0
371.0,0.0
381.0,0.0
391.0,0.0
401.0,0.0
411.0,0.0
421.0,0.0
431.0,0.0
441.0,0.0
451.0,0.0
461.0,0.0
471.0,0.0
481.0,0.0
491.0,0.0
501.0,0.0
511.0,0.0
521.0,0.0
531.0,0.0
541.0,0.0
551.0,0.0
561.0,0.0
571.0,0.0
581.0,0.0
591.0,0.0
601.0,0.0
611.0,0.0
621.0,0.0
631.0,0.0
641.0,0.0
651.0,0.0
661.0,0.0
671.0,0.0
681.0,0.0
691.0,0.0
701.0,0.0
711.0,0.0
721.0,0.0
731.0,0.0
741.0,0.0
751.0,0.0
761.0,0.0
771.0,0.0
781.0,0.0
791.0,0.0
801.0,0.0
811.0,0.0
821.0,0.0
831.0,0.0
841.0,0.0
851.0,0.0
861.0,0.0
871.0,0.0
881.0,0.0
891.0,0.0
901.0,0.0
911.0,0.0
921.0,0.0
931.0,0.0
941.0,0.0
951.0,0.0
961.0,0.0
971.0,0.0
981.0,0.0
991.0,0.0
1001.0,0.0
1011.0,0.0
1021.0,0.0
1031.0,0.0
1041.0,0.0
1051.0,0.0
1061.0,0.0
1071.0,0.0
1081.0,0.0
1091.0,0.0
1101.0,0.0
1111.0,0.0
1121.0,0.0
1131.0,0.0
1141.0,0.0
1151.0,0.0
1161.0,0.0
1171.0,0.0
1181.0,0.0
1191.0,0.0
1201.0,0.0
1211.0,0.0
1221.0,0.0
1231.0,0.0
1241.0,0.0
1251.0,0.0
1261.0,0.0
1271.0,0.0
1281.0,0.0
1291.0,0.0
1301.0,0.0
1311.0,0.0
1321.0,0.0
1331.0,0.0
1341.0,0.0
1351.0,0.0
1361.0,0.0
1371.0,0.0
1381.0,0.0
1391.0,0.0
1401.0,0.0
1411.0,0.0
1421.0,0.0
1431.0,0.0
1441.0,0.0
1451.0,0.0
1461.0,0.0
1471.0,0.0
1481.0,0.0
1491.0,0.0
1501.0,0.0
1511.0,0.0
1521.0,0.0
1531.0,0.0
1541.0,0.0
1551.0,0.0
1561.0,0.0
1571.0,0.0
1581.0,0.0
1591.0,1.1514479313323283e-05
1601.0,1.0607201378461367e-05
1611.0,9.781880486595516e-06
1621.0,9.030854260089997e-06
1631.0,8.34716545864204e-06
1641.0,7.724498094379848e-06
1651.0,7.157119216597717e-06
1661.0,9.920047665623439e-05
1671.0,9.168094666224786e-05
1681.0,8.476429948035237e-05
1691.0,7.84068696848126e-05
1701.0,7.256650231979078e-05
1711.0,6.72028976535854e-05
1721.0,6.227782756846884e-05
1731.0,0.0005625882604825514
1741.0,0.0005417579481031901
1751.0,0.0005238600000957459
1761.0,0.000508586396700801
1771.0,0.0004956622649398613
1781.0,0.0004848423214322297
1791.0,0.00047590770917193507
1801.0,0.00021898998108207645
1811.0,0.0002163443760146982
1821.0,0.00021439876352720883
1831.0,0.00021308020769807083
1841.0,0.00021232369279795805
1851.0,0.00021207130136739798
1861.0,0.0002122714807999352
1871.0,0.00021287838864666493
1881.0,0.00010072790349462667
1891.0,0.00010139794367874683
1901.0,0.0001022471867447313
1911.0,0.00010325717307111707
1921.0,0.0001044115734062225
1931.0,0.00010569597630608609
1941.0,0.00010709769780763846
1951.0,5.029473096234234e-05
1961.0,5.10681985269025e-05
1971.0,5.1907822013390796e-05
1981.0,5.280685715654581e-05
1991.0,5.37594077334646e-05
2001.0,5.476034325526441e-05
2011.0,5.580522513292632e-05
2021.0,2.491989866766681e-05
2031.0,2.5426297081156682e-05
2041.0,2.596327551927356e-05
2051.0,2.6527778396172336e-05
2061.0,2.7117164982118473e-05
2071.0,2.7729169798379335e-05
2081.0,2.8361867080581392e-05
2091.0,1.0735920450300289e-05
2101.0,1.0493917904075235e-05
2111.0,1.0224904969626448e-05
2121.0,9.937015876361725e-06
2131.0,9.636756826641009e-06
2141.0,9.329309905667636e-06
2151.0,9.018779072372372e-06
2161.0,7.776329904935923e-05
2171.0,7.783089884976229e-05
2181.0,7.806911975134645e-05
2191.0,7.84608581785125e-05
2201.0,7.899093032452824e-05
2211.0,7.96458804783924e-05
2221.0,8.041380934443602e-05
2231.0,8.128422024192657e-05
2241.0,3.727544249316587e-05
2251.0,3.777836977552225e-05
2261.0,3.833570539048042e-05
2271.0,3.89421432180348e-05
2281.0,3.959303967128008e-05
2291.0,4.028434972027073e-05
2301.0,4.101256949874918e-05
2311.0,1.679212336093012e-05
2321.0,1.6380685577706136e-05
2331.0,1.5937533817427175e-05
2341.0,1.5473100125821133e-05
2351.0,1.4995743966191779e-05
2361.0,1.4512126407902826e-05
2371.0,1.4027516483139598e-05
2381.0,9.626210827962521e-05
2391.0,9.628705683343345e-05
2401.0,9.652741055673411e-05
2411.0,9.696134570552465e-05
2421.0,9.756947788786123e-05
2431.0,9.833461714247216e-05
2441.0,9.924154868690808e-05
2451.0,4.617542013897706e-05
2461.0,4.672343762703748e-05
2471.0,4.734478810834195e-05
2481.0,4.8032090451009404e-05
2491.0,4.877885612898966e-05
2501.0,4.957940220231926e-05
2511.0,5.042877326032932e-05
2521.0,2.213835696268132e-05
2531.0,2.2548832708666582e-05
2541.0,2.299037999982591e-05
2551.0,2.3459908055918148e-05
2561.0,2.395473201270529e-05
2571.0,2.44725341052412e-05
2581.0,2.5011328832934364e-05
2591.0,2.5569431715481555e-05
,
1.0,0.0
11.0,0.0
21.0,0.0
31.0,0.0
41.0,0.0
51.0,0.0
61.0,0.0
71.0,0.0
81.0,0.0
91.0,0.0
101.0,0.0
111.0,0.0
121.0,0.0
131.0,0.0
141.0,0.0
151.0,0.0
161.0,0.0
171.0,0.0
181.0,0.0
191.0,0.0
201.0,0.0
211.0,0.0
221.0,0.0
231.0,0.0
241.0,0.0
251.0,0.0
261.0,0.0
271.0,0.0
281.0,0.0
291.0,0.013868832883256112
301.0,0.013830843204014365
311.0,0.013794164516009193
321.0,0.013758816971810786
331.0,0.013724821963381496
341.0,0.013692202187414446
351.0,0.013660981715444423
361.0,0.005587393406200933
371.0,0.005575782716339323
381.0,0.005564794832362292
391.0,0.005554441437653266
401.0,0.005544735016888007
411.0,0.005535688898414326
421.0,0.005527317300146763
431.0,0.005519635379301072
441.0,0.0017539409421203525
451.0,0.0017827013241294028
461.0,0.0018096232216414502
471.0,0.0018348776876098555
481.0,0.0018582409529825316
491.0,0.0018797004790912285
501.0,0.0018992262726958281
511.0,0.0
521.0,0.0
531.0,0.0
541.0,0.0
551.0,0.0
561.0,0.0
571.0,0.0
581.0,0.0
591.0,0.0
601.0,0.0
611.0,0.0
621.0,0.0
631.0,0.0
641.0,0.0
651.0,0.0
661.0,0.0
671.0,0.0
681.0,0.0
691.0,0.0
701.0,0.0
711.0,0.0
721.0,0.0
731.0,0.0
741.0,0.0
751.0,0.0
761.0,0.0
771.0,0.0
781.0,0.0
791.0,0.0
801.0,0.0
811.0,0.0
821.0,0.0
831.0,0.0
841.0,0.0
851.0,0.0
861.0,0.0
871.0,0.0
881.0,0.0
891.0,0.0
901.0,0.0
911.0,0.0
921.0,0.0
931.0,0.0
941.0,4.829674875023154e-06
951.0,4.839541758255398e-06
961.0,4.848912927448714e-06
971.0,4.857856223725271e-06
981.0,4.866431083207272e-06
991.0,4.874689688605967e-06
1001.0,4.882677957428208e-06
1011.0,0.0
1021.0,0.0
1031.0,0.0
1041.0,0.0
1051.0,0.0
1061.0,0.0
1071.0,0.0
1081.0,0.0
1091.0,0.0
1101.0,0.0
1111.0,0.0
1121.0,0.0
1131.0,0.0
1141.0,0.0
1151.0,0.0
1161.0,0.0
1171.0,0.0
1181.0,0.0
1191.0,0.0
1201.0,0.0
1211.0,0.0
1221.0,0.0
1231.0,0.0
1241.0,0.0
1251.0,0.0
1261.0,0.0
1271.0,0.0
1281.0,0.0
1291.0,0.0
1301.0,0.0009681198966809253
1311.0,0.0009548034311131416
1321.0,0.0009416416114912831
1331.0,0.0009286335268522821
1341.0,0.000915778187381969
1351.0,0.0009030745345918992
1361.0,0.0008905214504140621
1371.0,0.0009176122042696003
1381.0,0.0009053313074395224
1391.0,0.0008931895115140736
1401.0,0.000881185720129161
1411.0,0.0008693188077978626
1421.0,0.0008575876244017386
1431.0,0.0008459909992081827
1441.0,0.0008221226812931371
1451.0,0.000821153949681853
1461.0,0.000820308031168571
1471.0,0.0008195871712186884
1481.0,0.0008189938369330053
1491.0,0.0008185307258408715
1501.0,0.0008182007756927261
1511.0,0.0008180071753468615
1521.0,6.88340945202318e-05
1531.0,6.884132026174265e-05
1541.0,6.885921452486483e-05
1551.0,6.888821167532476e-05
1561.0,6.892880361964384e-05
1571.0,6.898149368996565e-05
1581.0,6.904680027558675e-05
1591.0,0.0
1601.0,0.0
1611.0,0.0
1621.0,0.0
1631.0,0.0
1641.0,0.0
1651.0,0.0
1661.0,0.0
1671.0,0.0
1681.0,0.0
1691.0,0.0
1701.0,0.0
1711.0,0.0
1721.0,0.0
1731.0,0.0
1741.0,0.0
1751.0,0.0
1761.0,0.0
1771.0,0.0
1781.0,0.0
1791.0,0.0
1801.0,0.0
1811.0,0.0
1821.0,0.0
1831.0,0.0
1841.0,0.0
1851.0,0.0
1861.0,0.0
1871.0,0.0
1881.0,0.0
1891.0,0.0
1901.0,0.0
1911.0,0.0
1921.0,0.0
1931.0,0.0
1941.0,0.0
1951.0,0.0
1961.0,0.0
1971.0,0.0
1981.0,0.0
1991.0,0.0
2001.0,0.0
2011.0,0.0
2021.0,0.0
2031.0,0.0
2041.0,0.0
2051.0,0.0
2061.0,0.0
2071.0,0.0
2081.0,0.0
2091.0,0.0
2101.0,0.0
2111.0,0.0
2121.0,0.0
2131.0,0.0
2141.0,0.0
2151.0,0.0
2161.0,0.0
2171.0,0.0
2181.0,0.0
2191.0,0.0
2201.0,0.0
2211.0,0.0
2221.0,0.0
2231.0,0.0
2241.0,0.0
2251.0,0.0
2261.0,0.0
2271.0,0.0
2281.0,0.0
2291.0,0.0
2301.0,0.0
2311.0,0.0
2321.0,0.0
2331.0,0.0
2341.0,0.0
2351.0,0.0
2361.0,0.0
2371.0,0.0
2381.0,9.113038399325913e-07
2391.0,7.970526002415732e-07
2401.0,7.007276945880048e-07
2411.0,6.184421735118206e-07
2421.0,5.473587420747383e-07
2431.0,4.853558598253977e-07
2441.0,4.308139587892207e-07
2451.0,0.004391563928579786
2461.0,0.004154394311800303
2471.0,0.003917369623636259
2481.0,0.0036804074283693666
2491.0,0.0034434243157125868
2501.0,0.003206335902595483
2511.0,0.002969056824328083
2521.0,0.0012597379080691857
2531.0,0.0011661871649460305
2541.0,0.001082480444042533
2551.0,0.0010076092984606239
2561.0,0.0009406716505073436
2571.0,0.0008808603680644719
2581.0,0.0008274530983232175
2591.0,0.0007798032173670136
,
1.0,0.0
11.0,0.0
21.0,0.0
31.0,0.0
41.0,0.0
51.0,0.0
61.0,0.0
71.0,0.0
81.0,0.0
91.0,0.0
101.0,0.0
111.0,0.0
121.0,0.0
131.0,0.0
141.0,0.0
151.0,0.0
161.0,0.0
171.0,0.0
181.0,0.0
191.0,0.0
201.0,0.0
211.0,0.0
221.0,0.0
231.0,0.0
241.0,0.0
251.0,0.0
261.0,0.0
271.0,0.0
281.0,0.0
291.0,0.0
301.0,0.0
311.0,0.0
321.0,0.0
331.0,0.0
341.0,0.0
351.0,0.0
361.0,0.0
371.0,0.0
381.0,0.0
391.0,0.0
401.0,0.0
411.0,0.0
421.0,0.0
431.0,0.0
441.0,0.0
451.0,0.0
461.0,0.0
471.0,0.0
481.0,0.0
491.0,0.0
501.0,0.0
511.0,0.0
521.0,0.0
531.0,0.0
541.0,0.0
551.0,0.0
561.0,0.0
571.0,0.0
581.0,0.0
591.0,0.0
601.0,0.0
611.0,0.0
621.0,0.0
631.0,0.0
641.0,0.0
651.0,0.0
661.0,0.0
671.0,0.0
681.0,0.0
691.0,0.0
701.0,0.0
711.0,0.0
721.0,0.0
731.0,0.0
741.0,0.0
751.0,0.0
761.0,0.0
771.0,0.0
781.0,0.0
791.0,0.0
801.0,0.0
811.0,0.0
821.0,0.0
831.0,0.0
841.0,0.0
851.0,0.0
861.0,0.0
871.0,0.0
881.0,0.0
891.0,0.0
901.0,0.0
911.0,0.0
921.0,0.0
931.0,0.0
941.0,0.0
951.0,0.0
961.0,0.0
971.0,0.0
981.0,0.0
991.0,0.0
1001.0,0.0
1011.0,0.0
1021.0,0.0
1031.0,0.0
1041.0,0.0
1051.0,0.0
1061.0,0.0
1071.0,0.0
1081.0,0.0
1091.0,0.0
1101.0,0.0
1111.0,0.0
1121.0,0.0
1131.0,0.0
1141.0,0.0
1151.0,0.0
1161.0,0.0
1171.0,0.0
1181.0,0.0
1191.0,0.0
1201.0,0.0
1211.0,0.0
1221.0,0.0
1231.0,0.0
1241.0,0.0
1251.0,0.0
1261.0,0.0
1271.0,0.0
1281.0,0.0
1291.0,0.0
1301.0,0.0
1311.0,0.0
1321.0,0.0
1331.0,0.0
1341.0,0.0
1351.0,0.0
1361.0,0.0
1371.0,0.0
1381.0,0.0
1391.0,0.0
1401.0,0.0
1411.0,0.0
1421.0,0.0
1431.0,0.0
1441.0,0.0
1451.0,0.0
1461.0,0.0
1471.0,0.0
1481.0,0.0
1491.0,0.0
1501.0,0.0
1511.0,0.0
1521.0,0.0
1531.0,0.0
1541.0,0.0
1551.0,0.0
1561.0,0.0
1571.0,0.0
1581.0,0.0
1591.0,0.0
1601.0,0.0
1611.0,0.0
1621.0,0.0
1631.0,0.0
1641.0,0.0
1651.0,0.0
1661.0,0.0
1671.0,0.0
1681.0,0.0
1691.0,0.0
1701.0,0.0
1711.0,0.0
1721.0,0.0
1731.0,0.0
1741.0,0.0
1751.0,0.0
1761.0,0.0
1771.0,0.0
1781.0,0.0
1791.0,0.0
1801.0,0.0
1811.0,0.0
1821.0,0.0
1831.0,0.0
1841.0,0.0
1851.0,0.0
1861.0,0.0
1871.0,0.0
1881.0,0.0
1891.0,0.0
1901.0,0.0
1911.0,0.0
1921.0,0.0
1931.0,0.0
1941.0,0.0
1951.0,0.0
1961.0,0.0
1971.0,0.0
1981.0,0.0
1991.0,0.0
2001.0,0.0
2011.0,0.0
2021.0,0.0
2031.0,0.0
2041.0,0.0
2051.0,0.0
2061.0,0.0
2071.0,0.0
2081.0,0.0
2091.0,0.0
2101.0,0.0
2111.0,0.0
2121.0,0.0
2131.0,0.0
2141.0,0.0
2151.0,0.0
2161.0,0.0
2171.0,0.0
2181.0,0.0
2191.0,0.0
2201.0,0.0
2211.0,0.0
2221.0,0.0
2231.0,0.0
2241.0,0.0
2251.0,0.0
2261.0,0.0
2271.0,0.0
2281.0,0.0
2291.0,0.0
2301.0,0.0
2311.0,0.0
2321.0,0.0
2331.0,0.0
2341.0,0.0
2351.0,0.0
2361.0,0.0
2371.0,0.0
2381.0,0.0
2391.0,0.0
2401.0,0.0
2411.0,0.0
2421.0,0.0
2431.0,0.0
2441.0,0.0
2451.0,0.0
2461.0,0.0
2471.0,0.0
2481.0,0.0
2491.0,0.0
2501.0,0.0
2511.0,0.0
2521.0,0.0
2531.0,0.0
2541.0,0.0
2551.0,0.0
2561.0,0.0
2571.0,0.0
2581.0,0.0
2591.0,0.0
,
1.0,0.0
11.0,0.0
21.0,0.0
31.0,0.0
41.0,0.0
51.0,0.0
61.0,0.0
71.0,0.0
81.0,0.0
91.0,0.0
101.0,0.0
111.0,0.0
121.0,0.0
131.0,0.0
141.0,0.0
151.0,0.0
161.0,0.0
171.0,0.0
181.0,0.0
191.0,0.0
201.0,0.0
211.0,0.0
221.0,0.0
231.0,0.0
241.0,0.0
251.0,0.0
261.0,0.0
271.0,0.0
281.0,0.0
291.0,0.015776390254286125
301.0,0.015662407896675657
311.0,0.015549207556883625
321.0,0.015436774250372012
331.0,0.0153250930778939
341.0,0.01521414921017087
351.0,0.015103927871613056
361.0,0.006547970395293659
371.0,0.006500459800209163
381.0,0.0064532683937396215
391.0,0.006406388821273918
401.0,0.006359813782881129
411.0,0.006313536022023307
421.0,0.006267548313776026
431.0,0.006221843452545306
441.0,0.0022889324051736655
451.0,0.0022722103209665582
461.0,0.002255595767696431
471.0,0.002239085578530434
481.0,0.002222676611410703
491.0,0.0022063657417588068
501.0,0.002190149854953102
511.0,0.0003667350243604314
521.0,0.0003640318211563716
531.0,0.00036134455067343403
541.0,0.0003586690706835679
551.0,0.0003560033366813051
561.0,0.00035334701651883345
571.0,0.0003506997339821619
581.0,0.0
591.0,0.0
601.0,0.0
611.0,0.0
621.0,0.0
631.0,0.0
641.0,0.0
651.0,0.02814777987746857
661.0,0.027703564679045604
671.0,0.027259107085381127
681.0,0.026814298857076736
691.0,0.026369029257557134
701.0,0.025923184904748566
711.0,0.02547664961239448
721.0,0.011776354849212396
731.0,0.011496086009701485
741.0,0.011217331475564557
751.0,0.010940067028138989
761.0,0.010664268634110905
771.0,0.010389912435732632
781.0,0.010116974741401913
791.0,0.009845432016581905
801.0,0.007117757474745298
811.0,0.00696148343523672
821.0,0.006804651692798697
831.0,0.0066472089909617735
841.0,0.006489100546094555
851.0,0.006330269944882689
861.0,0.006170659034959093
871.0,0.002691702532223054
881.0,0.002573077585709121
891.0,0.002457158337989078
901.0,0.002343880584713577
911.0,0.0022331817051449428
921.0,0.0021250006359918748
931.0,0.0020192778432375188
941.0,0.0031905390004923024
951.0,0.0030742299911263715
961.0,0.0029572314127697995
971.0,0.0028394961532958833
981.0,0.002720975630073793
991.0,0.0026016196906295014
1001.0,0.002481376506657244
1011.0,0.0010376137048058501
1021.0,0.0009622444116807331
1031.0,0.0008891894914680203
1041.0,0.0008183701639193742
1051.0,0.0007497107220393576
1061.0,0.0006831384086643928
1071.0,0.0006185832961738688
1081.0,0.0012355895926813329
1091.0,0.0011531041786671066
1101.0,0.0010722585080451385
1111.0,0.0009939716286274242
1121.0,0.0009188915497763163
1131.0,0.0008474528621697639
1141.0,0.0007799231073352602
1151.0,0.0007164400775987195
1161.0,0.004053130260486871
1171.0,0.0038365974963748923
1181.0,0.0036346773361049505
1191.0,0.0034461551632012644
1201.0,0.0032699413926262065
1211.0,0.0031050574432463876
1221.0,0.0029506233037427092
1231.0,0.001320769865517118
1241.0,0.0012568764834593983
1251.0,0.0011969284251723891
1261.0,0.0011406468705375246
1271.0,0.0010877789748909308
1281.0,0.0010380950349556995
1291.0,0.0009913859784641656
1301.0,0.00047099705802701886
1311.0,0.0005127806987767743
1321.0,0.0005461120661924336
1331.0,0.0005720561483099904
1341.0,0.0005915629298405947
1351.0,0.0006054791809276772
1361.0,0.0006145590397898613
1371.0,0.0002801277978382004
1381.0,0.00028075312816615565
1391.0,0.0002800271023812822
1401.0,0.0002781586594182184
1411.0,0.0002753328120839106
1421.0,0.00027171312571905385
1431.0,0.00026744394856562673
1441.0,0.00010775878741018139
1451.0,0.00010485507120152713
1461.0,0.0001018115351577872
1471.0,9.867575473865108e-05
1481.0,9.548809407002001e-05
1491.0,9.228260073647575e-05
1501.0,8.908779940859039e-05
1511.0,8.59273951644239e-05
1521.0,6.403214317812132e-05
1531.0,7.267449533838773e-05
1541.0,7.968587521489813e-05
1551.0,8.527609019352149e-05
1561.0,8.963174737383695e-05
1571.0,9.291864994269344e-05
1581.0,9.528395394011577e-05
1591.0,1.8986225424384157e-05
1601.0,1.9164953242552992e-05
1611.0,1.9233364217649933e-05
1621.0,1.9202568626590167e-05
1631.0,1.9070185553246964e-05
1641.0,1.885588451015838e-05
1651.0,1.857789581625391e-05
1661.0,0.0
1671.0,0.0
1681.0,0.0
1691.0,0.0
1701.0,0.0
1711.0,0.0
1721.0,0.0
1731.0,0.0
1741.0,0.0
1751.0,0.0
1761.0,0.0
1771.0,0.0
1781.0,0.0
1791.0,0.0
1801.0,0.0
1811.0,0.0
1821.0,0.0
1831.0,0.0
1841.0,0.0
1851.0,0.0
1861.0,0.0
1871.0,0.0
1881.0,0.0
1891.0,0.0
1901.0,0.0
1911.0,0.0
1921.0,0.0
1931.0,0.0
1941.0,0.0
1951.0,0.0
1961.0,0.0
1971.0,0.0
1981.0,0.0
1991.0,0.0
2001.0,0.0
2011.0,0.0
2021.0,0.0
2031.0,0.0
2041.0,0.0
2051.0,0.0
2061.0,0.0
2071.0,0.0
2081.0,0.0
2091.0,0.0
2101.0,0.0
2111.0,0.0
2121.0,0.0
2131.0,0.0
2141.0,0.0
2151.0,0.0
2161.0,0.0
2171.0,0.0
2181.0,0.0
2191.0,0.0
2201.0,0.0
2211.0,0.0
2221.0,0.0
2231.0,0.0
2241.0,0.0
2251.0,0.0
2261.0,0.0
2271.0,0.0
2281.0,0.0
2291.0,0.0
2301.0,0.0
2311.0,0.0
2321.0,0.0
2331.0,0.0
2341.0,0.0
2351.0,0.0
2361.0,0.0
2371.0,0.0
2381.0,0.0
2391.0,0.0
2401.0,0.0
2411.0,0.0
2421.0,0.0
2431.0,0.0
2441.0,0.0
2451.0,0.0
2461.0,0.0
2471.0,0.0
2481.0,0.0
2491.0,0.0
2501.0,0.0
2511.0,0.0
2521.0,0.0
2531.0,0.0
2541.0,0.0
2551.0,0.0
2561.0,0.0
2571.0,0.0
2581.0,0.0
2591.0,0.0
,
1.0,0.0
11.0,0.0
21.0,0.0
31.0,0.0
41.0,0.0
51.0,0.0
61.0,0.0
71.0,0.0
81.0,0.0
91.0,0.0
101.0,0.0
111.0,0.0
121.0,0.0
131.0,0.0
141.0,0.0
151.0,0.0
161.0,0.0
171.0,0.0
181.0,0.0
191.0,0.0
201.0,0.0
211.0,0.0
221.0,0.0
231.0,0.0
241.0,0.0
251.0,0.0
261.0,0.0
271.0,0.0
281.0,0.0
291.0,0.0
301.0,0.0
311.0,0.0
321.0,0.0
331.0,0.0
341.0,0.0
351.0,0.0
361.0,0.0
371.0,0.0
381.0,0.0
391.0,0.0
401.0,0.0
411.0,0.0
421.0,0.0
431.0,0.0
441.0,0.0
451.0,0.0
461.0,0.0
471.0,0.0
481.0,0.0
491.0,0.0
501.0,0.0
511.0,0.0
521.0,0.0
531.0,0.0
541.0,0.0
551.0,0.0
561.0,0.0
571.0,0.0
581.0,0.0
591.0,0.0
601.0,0.0
611.0,0.0
621.0,0.0
631.0,0.0
641.0,0.0
651.0,0.0
661.0,0.0
671.0,0.0
681.0,0.0
691.0,0.0
701.0,0.0
711.0,0.0
721.0,0.0
731.0,0.0
741.0,0.0
751.0,0.0
761.0,0.0
771.0,0.0
781.0,0.0
791.0,0.0
801.0,0.0
811.0,0.0
821.0,0.0
831.0,0.0
841.0,0.0
851.0,0.0
861.0,0.0
871.0,0.0
881.0,0.0
891.0,0.0
901.0,0.0
911.0,0.0
921.0,0.0
931.0,0.0
941.0,0.0
951.0,0.0
961.0,0.0
971.0,0.0
981.0,0.0
991.0,0.0
1001.0,0.0
1011.0,0.0
1021.0,0.0
1031.0,0.0
1041.0,0.0
1051.0,0.0
1061.0,0.0
1071.0,0.0
1081.0,0.0
1091.0,0.0
1101.0,0.0
1111.0,0.0
1121.0,0.0
1131.0,0.0
1141.0,0.0
1151.0,0.0
1161.0,0.0
1171.0,0.0
1181.0,0.0
1191.0,0.0
1201.0,0.0
1211.0,0.0
1221.0,0.0
1231.0,0.0
1241.0,0.0
1251.0,0.0
1261.0,0.0
1271.0,0.0
1281.0,0.0
1291.0,0.0
1301.0,0.0
1311.0,0.0
1321.0,0.0
1331.0,0.0
1341.0,0.0
1351.0,0.0
1361.0,0.0
1371.0,0.0
1381.0,0.0
1391.0,0.0
1401.0,0.0
1411.0,0.0
1421.0,0.0
1431.0,0.0
1441.0,0.0
1451.0,0.0
1461.0,0.0
1471.0,0.0
1481.0,0.0
1491.0,0.0
1501.0,0.0
1511.0,0.0
1521.0,0.0
1531.0,0.0
1541.0,0.0
1551.0,0.0
1561.0,0.0
1571.0,0.0
1581.0,0.0
1591.0,0.0
1601.0,0.0
1611.0,0.0
1621.0,0.0
1631.0,0.0
1641.0,0.0
1651.0,0.0
1661.0,0.0
1671.0,0.0
1681.0,0.0
1691.0,0.0
1701.0,0.0
1711.0,0.0
1721.0,0.0
1731.0,0.0
1741.0,0.0
1751.0,0.0
1761.0,0.0
1771.0,0.0
1781.0,0.0
1791.0,0.0
1801.0,0.0
1811.0,0.0
1821.0,0.0
1831.0,0.0
1841.0,0.0
1851.0,0.0
1861.0,0.0
1871.0,0.0
1881.0,0.0
1891.0,0.0
1901.0,0.0
1911.0,0.0
1921.0,0.0
1931.0,0.0
1941.0,0.0
1951.0,0.0
1961.0,0.0
1971.0,0.0
1981.0,0.0
1991.0,0.0
2001.0,0.0
2011.0,0.0
2021.0,7.309931366888264e-06
2031.0,7.66202845510518e-06
2041.0,8.011824556290205e-06
2051.0,8.359583769067028e-06
2061.0,8.705598244441326e-06
2071.0,9.050186092985924e-06
2081.0,9.393689577290256e-06
2091.0,8.488321104096696e-07
2101.0,8.788197671282038e-07
2111.0,9.077504498245489e-07
2121.0,9.351117866930496e-07
2131.0,9.61169661627312e-07
2141.0,9.861583461286618e-07
2151.0,1.0102846837186203e-06
2161.0,0.0
2171.0,0.0
2181.0,0.0
2191.0,0.0
2201.0,0.0
2211.0,0.0
2221.0,0.0
2231.0,0.0
2241.0,0.0
2251.0,0.0
2261.0,0.0
2271.0,0.0
2281.0,0.0
2291.0,0.0
2301.0,0.0
2311.0,0.0
2321.0,0.0
2331.0,0.0
2341.0,0.0
2351.0,0.0
2361.0,0.0
2371.0,0.0
2381.0,0.0
2391.0,0.0
2401.0,0.0
2411.0,0.0
2421.0,0.0
2431.0,0.0
2441.0,0.0
2451.0,7.548032970636716e-05
2461.0,7.468426344091302e-05
2471.0,7.4012922048966e-05
2481.0,7.34549040942973e-05
2491.0,7.299994677772035e-05
2501.0,7.263881246076004e-05
2511.0,7.236318669843914e-05
2521.0,4.567229707970362e-05
2531.0,4.512502905404559e-05
2541.0,4.4583390662558106e-05
2551.0,4.4049714199805e-05
2561.0,4.352585173794998e-05
2571.0,4.3013244994445985e-05
2581.0,4.2512986275193984e-05
2591.0,4.202587155737602e-05
,
1.0,0.0
11.0,0.0
21.0,0.0
31.0,0.0
41.0,0.0
51.0,0.0
61.0,0.0
71.0,0.0
81.0,0.0
91.0,0.0
101.0,0.0
111.0,0.0
121.0,0.0
131.0,0.0
141.0,0.0
151.0,0.0
161.0,0.0
171.0,0.0
181.0,0.0
191.0,0.0
201.0,0.0
211.0,0.0
221.0,0.0
231.0,0.0
241.0,0.0
251.0,0.0
261.0,0.0
271.0,0.0
281.0,0.0
291.0,0.0
301.0,0.0
311.0,0.0
321.0,0.0
331.0,0.0
341.0,0.0
351.0,0.0
361.0,0.0
371.0,0.0
381.0,0.0
391.0,0.0
401.0,0.0
411.0,0.0
421.0,0.0
431.0,0.0
441.0,0.0
451.0,0.0
461.0,0.0
471.0,0.0
481.0,0.0
491.0,0.0
501.0,0.0
511.0,0.0
521.0,0.0
531.0,0.0
541.0,0.0
551.0,0.0
561.0,0.0
571.0,0.0
581.0,0.0
591.0,0.0
601.0,0.0
611.0,0.0
621.0,0.0
631.0,0.0
641.0,0.0
651.0,0.0
661.0,0.0
671.0,0.0
681.0,0.0
691.0,0.0
701.0,0.0
711.0,0.0
721.0,0.0
731.0,0.0
741.0,0.0
751.0,0.0
761.0,0.0
771.0,0.0
781.0,0.0
791.0,0.0
801.0,0.0
811.0,0.0
821.0,0.0
831.0,0.0
841.0,0.0
851.0,0.0
861.0,0.0
871.0,0.0
881.0,0.0
891.0,0.0
901.0,0.0
911.0,0.0
921.0,0.0
931.0,0.0
941.0,0.0
951.0,0.0
961.0,0.0
971.0,0.0
981.0,0.0
991.0,0.0
1001.0,0.0
1011.0,0.0
1021.0,0.0
1031.0,0.0
1041.0,0.0
1051.0,0.0
1061.0,0.0
1071.0,0.0
1081.0,0.0
1091.0,0.0
1101.0,0.0
1111.0,0.0
1121.0,0.0
1131.0,0.0
1141.0,0.0
1151.0,0.0
1161.0,0.0
1171.0,0.0
1181.0,0.0
1191.0,0.0
1201.0,0.0
1211.0,0.0
1221.0,0.0
1231.0,0.0
1241.0,0.0
1251.0,0.0
1261.0,0.0
1271.0,0.0
1281.0,0.0
1291.0,0.0
1301.0,0.0
1311.0,0.0
1321.0,0.0
1331.0,0.0
1341.0,0.0
1351.0,0.0
1361.0,0.0
1371.0,0.0
1381.0,0.0
1391.0,0.0
1401.0,0.0
1411.0,0.0
1421.0,0.0
1431.0,0.0
1441.0,0.0
1451.0,0.0
1461.0,0.0
1471.0,0.0
1481.0,0.0
1491.0,0.0
1501.0,0.0
1511.0,0.0
1521.0,0.0
1531.0,0.0
1541.0,0.0
1551.0,0.0
1561.0,0.0
1571.0,0.0
1581.0,0.0
1591.0,0.0
1601.0,0.0
1611.0,0.0
1621.0,0.0
1631.0,0.0
1641.0,0.0
1651.0,0.0
1661.0,0.0
1671.0,0.0
1681.0,0.0
1691.0,0.0
1701.0,0.0
1711.0,0.0
1721.0,0.0
1731.0,0.0
1741.0,0.0
1751.0,0.0
1761.0,0.0
1771.0,0.0
1781.0,0.0
1791.0,0.0
1801.0,0.0
1811.0,0.0
1821.0,0.0
1831.0,0.0
1841.0,0.0
1851.0,0.0
1861.0,0.0
1871.0,0.0
1881.0,0.0
1891.0,0.0
1901.0,0.0
1911.0,0.0
1921.0,0.0
1931.0,0.0
1941.0,0.0
1951.0,0.0
1961.0,0.0
1971.0,0.0
1981.0,0.0
1991.0,0.0
2001.0,0.0
2011.0,0.0
2021.0,0.0
2031.0,0.0
2041.0,0.0
2051.0,0.0
2061.0,0.0
2071.0,0.0
2081.0,0.0
2091.0,0.0
2101.0,0.0
2111.0,0.0
2121.0,0.0
2131.0,0.0
2141.0,0.0
2151.0,0.0
2161.0,0.0
2171.0,0.0
2181.0,0.0
2191.0,0.0
2201.0,0.0
2211.0,0.0
2221.0,0.0
2231.0,0.0
2241.0,0.0
2251.0,0.0
2261.0,0.0
2271.0,0.0
2281.0,0.0
2291.0,0.0
2301.0,0.0
2311.0,0.0
2321.0,0.0
2331.0,0.0
2341.0,0.0
2351.0,0.0
2361.0,0.0
2371.0,0.0
2381.0,0.0
2391.0,0.0
2401.0,0.0
2411.0,0.0
2421.0,0.0
2431.0,0.0
2441.0,0.0
2451.0,0.0
2461.0,0.0
2471.0,0.0
2481.0,0.0
2491.0,0.0
2501.0,0.0
2511.0,0.0
2521.0,0.0
2531.0,0.0
2541.0,0.0
2551.0,0.0
2561.0,0.0
2571.0,0.0
2581.0,0.0
2591.0,0.0
,
1.0,0.0
11.0,0.0
21.0,0.0
31.0,0.0
41.0,0.0
51.0,0.0
61.0,0.0
71.0,0.0
81.0,0.0
91.0,0.0
101.0,0.0
111.0,0.0
121.0,0.0
131.0,0.0
141.0,0.0
151.0,0.0
161.0,0.0
171.0,0.0
181.0,0.0
191.0,0.0
201.0,0.0
211.0,0.0
221.0,0.0
231.0,0.0
241.0,0.0
251.0,0.0
261.0,0.0
271.0,0.0
281.0,0.0
291.0,0.0
301.0,0.0
311.0,0.0
321.0,0.0
331.0,0.0
341.0,0.0
351.0,0.0
361.0,0.0
371.0,0.0
381.0,0.0
391.0,0.0
401.0,0.0
411.0,0.0
421.0,0.0
431.0,0.0
441.0,0.19132970196946
451.0,0.1895900920899834
461.0,0.18785821912789605
471.0,0.1861338264280406
481.0,0.18441665448558212
491.0,0.1827064408157036
501.0,0.18100291980414301
511.0,0.08174469297571305
521.0,0.08097431520633287
531.0,0.08020709465692302
541.0,0.07944290850981299
551.0,0.0786816325704784
561.0,0.07792314117463103
571.0,0.0771673070857515
581.0,0.03587232958277403
591.0,0.03551995673205097
601.0,0.035168805050650134
611.0,0.03481881061134253
621.0,0.034469908656933675
631.0,0.03412203353272097
641.0,0.033775118613371125
651.0,0.01571204350410575
661.0,0.015549842806763643
671.0,0.015388065343525676
681.0,0.015226676180024577
691.0,0.015065639846566848
701.0,0.014904920288365134
711.0,0.014744480812200516
721.0,0.006684566991095441
731.0,0.006597696042700926
741.0,0.006510990032673669
751.0,0.006424431290734249
761.0,0.006338001986508709
771.0,0.006251684104455594
781.0,0.006165459418018916
791.0,0.006079309462963531
801.0,0.003037401268346995
811.0,0.003000491446814627
821.0,0.0029635737167733205
831.0,0.0029266356620426853
841.0,0.0028896645857464714
851.0,0.002852647480043218
861.0,0.0028155709939555328
871.0,0.0010147412155644205
881.0,0.0010011527390386252
891.0,0.0009875372525193701
901.0,0.0009738887932971682
911.0,0.0009602012437772737
921.0,0.0009464683129340874
931.0,0.0009326835166020383
941.0,0.00013707121407142406
951.0,0.00013499731995837716
961.0,0.00013291341566411645
971.0,0.00013081513485294449
981.0,0.00012870060953450684
991.0,0.00012656880355818868
1001.0,0.00012441859504060083
1011.0,0.0
1021.0,0.0
1031.0,0.0
1041.0,0.0
1051.0,0.0
1061.0,0.0
1071.0,0.0
1081.0,0.0
1091.0,0.0
1101.0,0.0
1111.0,0.0
1121.0,0.0
1131.0,0.0
1141.0,0.0
1151.0,0.0
1161.0,0.0
1171.0,0.0
1181.0,0.0
1191.0,0.0
1201.0,0.0
1211.0,0.0
1221.0,0.0
1231.0,0.0
1241.0,0.0
1251.0,0.0
1261.0,0.0
1271.0,0.0
1281.0,0.0
1291.0,0.0
1301.0,0.0
1311.0,0.0
1321.0,0.0
1331.0,0.0
1341.0,0.0
1351.0,0.0
1361.0,0.0
1371.0,0.0
1381.0,0.0
1391.0,0.0
1401.0,0.0
1411.0,0.0
1421.0,0.0
1431.0,0.0
1441.0,0.0
1451.0,0.0
1461.0,0.0
1471.0,0.0
1481.0,0.0
1491.0,0.0
1501.0,0.0
1511.0,0.0
1521.0,0.0
1531.0,0.0
1541.0,0.0
1551.0,0.0
1561.0,0.0
1571.0,0.0
1581.0,0.0
1591.0,0.0
1601.0,0.0
1611.0,0.0
1621.0,0.0
1631.0,0.0
1641.0,0.0
1651.0,0.0
1661.0,0.0
1671.0,0.0
1681.0,0.0
1691.0,0.0
1701.0,0.0
1711.0,0.0
1721.0,0.0
1731.0,0.0
1741.0,0.0
1751.0,0.0
1761.0,0.0
1771.0,0.0
1781.0,0.0
1791.0,0.0
1801.0,0.0
1811.0,0.0
1821.0,0.0
1831.0,0.0
1841.0,0.0
1851.0,0.0
1861.0,0.0
1871.0,0.0
1881.0,0.0
1891.0,0.0
1901.0,0.0
1911.0,0.0
1921.0,0.0
1931.0,0.0
1941.0,0.0
1951.0,0.0
1961.0,0.0
1971.0,0.0
1981.0,0.0
1991.0,0.0
2001.0,0.0
2011.0,0.0
2021.0,0.0
2031.0,0.0
2041.0,0.0
2051.0,0.0
2061.0,0.0
2071.0,0.0
2081.0,0.0
2091.0,0.0
2101.0,0.0
2111.0,0.0
2121.0,0.0
2131.0,0.0
2141.0,0.0
2151.0,0.0
2161.0,0.0
2171.0,0.0
2181.0,0.0
2191.0,0.0
2201.0,0.0
2211.0,0.0
2221.0,0.0
2231.0,0.0
2241.0,0.0
2251.0,0.0
2261.0,0.0
2271.0,0.0
2281.0,0.0
2291.0,0.0
2301.0,0.0
2311.0,0.0
2321.0,0.0
2331.0,0.0
2341.0,0.0
2351.0,0.0
2361.0,0.0
2371.0,0.0
2381.0,0.0
2391.0,0.0
2401.0,0.0
2411.0,0.0
2421.0,0.0
2431.0,0.0
2441.0,0.0
2451.0,0.0
2461.0,0.0
2471.0,0.0
2481.0,0.0
2491.0,0.0
2501.0,0.0
2511.0,0.0
2521.0,0.0
2531.0,0.0
2541.0,0.0
2551.0,0.0
2561.0,0.0
2571.0,0.0
2581.0,0.0
2591.0,0.0
,
1.0,0.0
11.0,0.0
21.0,0.0
31.0,0.0
41.0,0.0
51.0,0.0
61.0,0.0
71.0,0.0
81.0,0.0
91.0,0.0
101.0,0.0
111.0,0.0
121.0,0.0
131.0,0.0
141.0,0.0
151.0,0.0
161.0,0.0
171.0,0.0
181.0,0.0
191.0,0.0
201.0,0.0
211.0,0.0
221.0,0.0
231.0,0.0
241.0,0.0
251.0,0.0
261.0,0.0
271.0,0.0
281.0,0.0
291.0,0.0
301.0,0.0
311.0,0.0
321.0,0.0
331.0,0.0
341.0,0.0
351.0,0.0
361.0,0.0
371.0,0.0
381.0,0.0
391.0,0.0
401.0,0.0
411.0,0.0
421.0,0.0
431.0,0.0
441.0,0.0
451.0,0.0
461.0,0.0
471.0,0.0
481.0,0.0
491.0,0.0
501.0,0.0
511.0,0.0036656044602389514
521.0,0.003637773582862522
531.0,0.0036100964898690686
541.0,0.003582568569277834
551.0,0.0035551851748900224
561.0,0.0035279416173745978
571.0,0.0035008331548738825
581.0,0.0010798356604574393
591.0,0.0010714946345227485
601.0,0.0010631978743925591
611.0,0.001054943498569358
621.0,0.0010467296206345563
631.0,0.0010385543441821235
641.0,0.0010304157575313456
651.0,0.0
661.0,0.0
671.0,0.0
681.0,0.0
691.0,0.0
701.0,0.0
711.0,0.0
721.0,0.0
731.0,0.0
741.0,0.0
751.0,0.0
761.0,0.0
771.0,0.0
781.0,0.0
791.0,0.0
801.0,0.0
811.0,0.0
821.0,0.0
831.0,0.0
841.0,0.0
851.0,0.0
861.0,0.0
871.0,0.0
881.0,0.0
891.0,0.0
901.0,0.0
911.0,0.0
921.0,0.0
931.0,0.0
941.0,0.0
951.0,0.0
961.0,0.0
971.0,0.0
981.0,0.0
991.0,0.0
1001.0,0.0
1011.0,0.0
1021.0,0.0
1031.0,0.0
1041.0,0.0
1051.0,0.0
1061.0,0.0
1071.0,0.0
1081.0,0.0
1091.0,0.0
1101.0,0.0
1111.0,0.0
1121.0,0.0
1131.0,0.0
1141.0,0.0
1151.0,0.0
1161.0,0.0
1171.0,0.0
1181.0,0.0
1191.0,0.0
1201.0,0.0
1211.0,0.0
1221.0,0.0
1231.0,0.0
1241.0,0.0
1251.0,0.0
1261.0,0.0
1271.0,0.0
1281.0,0.0
1291.0,0.0
1301.0,0.0
1311.0,0.0
1321.0,0.0
1331.0,0.0
1341.0,0.0
1351.0,0.0
1361.0,0.0
1371.0,0.0
1381.0,0.0
1391.0,0.0
1401.0,0.0
1411.0,0.0
1421.0,0.0
1431.0,0.0
1441.0,0.0
1451.0,0.0
1461.0,0.0
1471.0,0.0
1481.0,0.0
1491.0,0.0
1501.0,0.0
1511.0,0.0
1521.0,0.0
1531.0,0.0
1541.0,0.0
1551.0,0.0
1561.0,0.0
1571.0,0.0
1581.0,0.0
1591.0,0.0
1601.0,0.0
1611.0,0.0
1621.0,0.0
1631.0,0.0
1641.0,0.0
1651.0,0.0
1661.0,0.0
1671.0,0.0
1681.0,0.0
1691.0,0.0
1701.0,0.0
1711.0,0.0
1721.0,0.0
1731.0,0.0
1741.0,0.0
1751.0,0.0
1761.0,0.0
1771.0,0.0
1781.0,0.0
1791.0,0.0
1801.0,0.0
1811.0,0.0
1821.0,0.0
1831.0,0.0
1841.0,0.0
1851.0,0.0
1861.0,0.0
1871.0,0.0
1881.0,0.0
1891.0,0.0
1901.0,0.0
1911.0,0.0
1921.0,0.0
1931.0,0.0
1941.0,0.0
1951.0,0.0
1961.0,0.0
1971.0,0.0
1981.0,0.0
1991.0,0.0
2001.0,0.0
2011.0,0.0
2021.0,0.0
2031.0,0.0
2041.0,0.0
2051.0,0.0
2061.0,0.0
2071.0,0.0
2081.0,0.0
2091.0,0.0
2101.0,0.0
2111.0,0.0
2121.0,0.0
2131.0,0.0
2141.0,0.0
2151.0,0.0
2161.0,0.0
2171.0,0.0
2181.0,0.0
2191.0,0.0
2201.0,0.0
2211.0,0.0
2221.0,0.0
2231.0,0.0
2241.0,0.0
2251.0,0.0
2261.0,0.0
2271.0,0.0
2281.0,0.0
2291.0,0.0
2301.0,0.0
2311.0,0.06450528619676454
2321.0,0.05958563653020677
2331.0,0.05798077834503446
2341.0,0.05991983068224297
2351.0,0.06584237622619357
2361.0,0.07653581147282781
2371.0,0.09344187282509801
2381.0,0.0
2391.0,0.0
2401.0,0.0
2411.0,0.0
2421.0,0.0
2431.0,0.0
2441.0,0.0
2451.0,0.0
2461.0,0.0
2471.0,0.0
2481.0,0.0
2491.0,0.0
2501.0,0.0
2511.0,0.0
2521.0,0.0
2531.0,0.0
2541.0,0.0
2551.0,0.0
2561.0,0.0
2571.0,0.0
2581.0,0.0
2591.0,0.0
,
1.0,0.0
11.0,0.0
21.0,0.0
31.0,0.0
41.0,0.0
51.0,0.0
61.0,0.0
71.0,0.0
81.0,0.0
91.0,0.0
101.0,0.0
111.0,0.0
121.0,0.0
131.0,0.0
141.0,0.0
151.0,0.01352140228017934
161.0,0.013504574522515956
171.0,0.013489210534129001
181.0,0.01347534697919472
191.0,0.013463022048846815
201.0,0.013452275572579319
211.0,0.013443149137368954
221.0,0.005173025112567173
231.0,0.005235168212397439
241.0,0.005293530576350785
251.0,0.005348487280210032
261.0,0.005400392569744904
271.0,0.005448916484882824
281.0,0.005493663455883959
291.0,0.001171885215211395
301.0,0.0011799483177811691
311.0,0.0011873928722285934
321.0,0.0011942696875582356
331.0,0.0012005781434923678
341.0,0.0012063104205884945
351.0,0.001211536006982696
361.0,0.0
371.0,0.0
381.0,0.0
391.0,0.0
401.0,0.0
411.0,0.0
421.0,0.0
431.0,0.0
441.0,0.0
451.0,0.0
461.0,0.0
471.0,0.0
481.0,0.0
491.0,0.0
501.0,0.0
511.0,0.0
521.0,0.0
531.0,0.0
541.0,0.0
551.0,0.0
561.0,0.0
571.0,0.0
581.0,0.0
591.0,0.0
601.0,0.0
611.0,0.0
621.0,0.0
631.0,0.0
641.0,0.0
651.0,0.0
661.0,0.0
671.0,0.0
681.0,0.0
691.0,0.0
701.0,0.0
711.0,0.0
721.0,0.015491414283859875
731.0,0.015433388585975684
741.0,0.015376444602518843
751.0,0.01532060357882294
761.0,0.01526588718045579
771.0,0.015212317537298962
781.0,0.015159917291557816
791.0,0.015108709649783128
801.0,0.006696497987689044
811.0,0.00660628058192936
821.0,0.006516924612792303
831.0,0.006428427661139075
841.0,0.006340786757937591
851.0,0.00625399844178491
861.0,0.006168058811186016
871.0,0.0057223496856138225
881.0,0.0057019006321318245
891.0,0.005681967371527922
901.0,0.005662556342583948
911.0,0.0056436744630608444
921.0,0.005625329152939387
931.0,0.005607528359492418
941.0,0.002208684128058576
951.0,0.002202103508649838
961.0,0.002195762074534267
971.0,0.002189663281890262
981.0,0.0021838109106616555
991.0,0.0021782090784888907
1001.0,0.0021728622560049267
1011.0,0.0005442709414787853
1021.0,0.0005430634353009471
1031.0,0.0005419285407132002
1041.0,0.0005408675452618681
1051.0,0.0005398818728718983
1061.0,0.0005389689643541844
1071.0,0.0005381242030795365
1081.0,0.0
1091.0,0.0
1101.0,0.0
1111.0,0.0
1121.0,0.0
1131.0,0.0
1141.0,0.0
1151.0,0.0
1161.0,0.0
1171.0,0.0
1181.0,0.0
1191.0,0.0
1201.0,0.0
1211.0,0.0
1221.0,0.0
1231.0,0.0
1241.0,0.0
1251.0,0.0
1261.0,0.0
1271.0,0.0
1281.0,0.0
1291.0,0.0
1301.0,0.0
1311.0,0.0
1321.0,0.0
1331.0,0.0
1341.0,0.0
1351.0,0.0
1361.0,0.0
1371.0,0.0
1381.0,0.0
1391.0,0.0
1401.0,0.0
1411.0,0.0
1421.0,0.0
1431.0,0.0
1441.0,0.0
1451.0,0.0
1461.0,0.0
1471.0,0.0
1481.0,0.0
1491.0,0.0
1501.0,0.0
1511.0,0.0
1521.0,0.0
1531.0,0.0
1541.0,0.0
1551.0,0.0
1561.0,0.0
1571.0,0.0
1581.0,0.0
1591.0,0.0
1601.0,0.0
1611.0,0.0
1621.0,0.0
1631.0,0.0
1641.0,0.0
1651.0,0.0
1661.0,0.0
1671.0,0.0
1681.0,0.0
1691.0,0.0
1701.0,0.0
1711.0,0.0
1721.0,0.0
1731.0,0.0
1741.0,0.0
1751.0,0.0
1761.0,0.0
1771.0,0.0
1781.0,0.0
1791.0,0.0
1801.0,0.0
1811.0,0.0
1821.0,0.0
1831.0,0.0
1841.0,0.0
1851.0,0.0
1861.0,0.0
1871.0,0.0
1881.0,0.0
1891.0,0.0
1901.0,0.0
1911.0,0.0
1921.0,0.0
1931.0,0.0
1941.0,0.0
1951.0,0.0
1961.0,0.0
1971.0,0.0
1981.0,0.0
1991.0,0.0
2001.0,0.0
2011.0,0.0
2021.0,0.0
2031.0,0.0
2041.0,0.0
2051.0,0.0
2061.0,0.0
2071.0,0.0
2081.0,0.0
2091.0,0.0
2101.0,0.0
2111.0,0.0
2121.0,0.0
2131.0,0.0
2141.0,0.0
2151.0,0.0
2161.0,0.0
2171.0,0.0
2181.0,0.0
2191.0,0.0
2201.0,0.0
2211.0,0.0
2221.0,0.0
2231.0,0.0
2241.0,2.0272303065219213e-05
2251.0,1.9702833449201586e-05
2261.0,1.920925975833014e-05
2271.0,1.8784926329482618e-05
2281.0,1.8423856410071785e-05
2291.0,1.812068687687196e-05
2301.0,1.7870609559656026e-05
2311.0,1.8537021077662144e-06
2321.0,1.8376191582188335e-06
2331.0,1.8243100013845566e-06
2341.0,1.8130678831794104e-06
2351.0,1.8039066475671316e-06
2361.0,1.7968256363188072e-06
2371.0,1.791813211780256e-06
2381.0,0.0
2391.0,0.0
2401.0,0.0
2411.0,0.0
2421.0,0.0
2431.0,0.0
2441.0,0.0
2451.0,0.0
2461.0,0.0
2471.0,0.0
2481.0,0.0
2491.0,0.0
2501.0,0.0
2511.0,0.0
2521.0,0.0
2531.0,0.0
2541.0,0.0
2551.0,0.0
2561.0,0.0
2571.0,0.0
2581.0,0.0
2591.0,0.0
,
1.0,0.0
11.0,0.0
21.0,0.0
31.0,0.0
41.0,0.0
51.0,0.0
61.0,0.0
71.0,0.0
81.0,0.0
91.0,0.0
101.0,0.0
111.0,0.0
121.0,0.0
131.0,0.0
141.0,0.0
151.0,0.0
161.0,0.0
171.0,0.0
181.0,0.0
191.0,0.0
201.0,0.0
211.0,0.0
221.0,0.013199799718714494
231.0,0.013127476795490043
241.0,0.01305599731564887
251.0,0.012985362091754035
261.0,0.012915572333093707
271.0,0.012846629661357595
281.0,0.012778536127592624
291.0,0.005262531052671526
301.0,0.0052350577191454676
311.0,0.0052079563979761665
321.0,0.005181227991841227
331.0,0.00515487368613944
341.0,0.00512889495850097
351.0,0.005103293589282749
361.0,0.001564894871376468
371.0,0.0015572432506040738
381.0,0.0015497171821834328
391.0,0.001542317284845091
401.0,0.001535044323442868
411.0,0.0015278992135540704
421.0,0.0015208830267118816
431.0,0.0015139925138271226
441.0,0.0
451.0,0.0
461.0,0.0
471.0,0.0
481.0,0.0
491.0,0.0
501.0,0.0
511.0,0.0
521.0,0.0
531.0,0.0
541.0,0.0
551.0,0.0
561.0,0.0
571.0,0.0
581.0,0.0
591.0,0.0
601.0,0.0
611.0,0.0
621.0,0.0
631.0,0.0
641.0,0.0
651.0,0.0
661.0,0.0
671.0,0.0
681.0,0.0
691.0,0.0
701.0,0.0
711.0,0.0
721.0,0.0
731.0,0.0
741.0,0.0
751.0,0.0
761.0,0.0
771.0,0.0
781.0,0.0
791.0,0.0
801.0,0.0
811.0,0.0
821.0,0.0
831.0,0.0
841.0,0.0
851.0,0.0
861.0,0.0
871.0,0.0
881.0,0.0
891.0,0.0
901.0,0.0
911.0,0.0
921.0,0.0
931.0,0.0
941.0,0.0
951.0,0.0
961.0,0.0
971.0,0.0
981.0,0.0
991.0,0.0
1001.0,0.0
1011.0,0.0
1021.0,0.0
1031.0,0.0
1041.0,0.0
1051.0,0.0
1061.0,0.0
1071.0,0.0
1081.0,0.0
1091.0,0.0
1101.0,0.0
1111.0,0.0
1121.0,0.0
1131.0,0.0
1141.0,0.0
1151.0,0.0
1161.0,0.003373560488403747
1171.0,0.0032758209082824545
1181.0,0.0031767268312939386
1191.0,0.0030762838864464106
1201.0,0.0029744945656115227
1211.0,0.0028713581581388974
1221.0,0.0027668706860710284
1231.0,0.0011930650595615283
1241.0,0.0011317265776565597
1251.0,0.0010708651425686215
1261.0,0.0010105021577872754
1271.0,0.00095065630158045
1281.0,0.0008913437874262216
1291.0,0.0008325786001826843
1301.0,0.0008263885518669988
1311.0,0.0008148591605138882
1321.0,0.0008003496300754804
1331.0,0.0007830069288526206
1341.0,0.0007629689703915028
1351.0,0.0007403647773134714
1361.0,0.0007153146544465116
1371.0,0.0002835943696571574
1381.0,0.0002718729834519182
1391.0,0.0002605300567138364
1401.0,0.00024958460938796453
1411.0,0.00023904204339208587
1421.0,0.00022890511004983711
1431.0,0.00021917424914752757
1441.0,6.359637435338346e-05
1451.0,6.0894469047992656e-05
1461.0,5.831861613041249e-05
1471.0,5.586612816797678e-05
1481.0,5.3534104642226815e-05
1491.0,5.131947494493733e-05
1501.0,4.9219036926498586e-05
1511.0,4.721448490205275e-05
1521.0,0.0
1531.0,0.0
1541.0,0.0
1551.0,0.0
1561.0,0.0
1571.0,0.0
1581.0,0.0
1591.0,0.0
1601.0,0.0
1611.0,0.0
1621.0,0.0
1631.0,0.0
1641.0,0.0
1651.0,0.0
1661.0,3.4567835703528585e-05
1671.0,3.315437367932193e-05
1681.0,3.185715518115818e-05
1691.0,3.066763817406949e-05
1701.0,2.957796040554176e-05
1711.0,2.858088291648254e-05
1721.0,2.7669738610212734e-05
1731.0,1.0027444539113513e-05
1741.0,9.791769685619527e-06
1751.0,9.586447078816247e-06
1761.0,9.409107157631141e-06
1771.0,9.2576162138414e-06
1781.0,9.127801384058788e-06
1791.0,9.009708589712555e-06
1801.0,0.0
1811.0,0.0
1821.0,0.0
1831.0,0.0
1841.0,0.0
1851.0,0.0
1861.0,0.0
1871.0,0.0
1881.0,0.0
1891.0,0.0
1901.0,0.0
1911.0,0.0
1921.0,0.0
1931.0,0.0
1941.0,0.0
1951.0,0.0
1961.0,0.0
1971.0,0.0
1981.0,0.0
1991.0,0.0
2001.0,0.0
2011.0,0.0
2021.0,0.0
2031.0,0.0
2041.0,0.0
2051.0,0.0
2061.0,0.0
2071.0,0.0
2081.0,0.0
2091.0,0.0
2101.0,0.0
2111.0,0.0
2121.0,0.0
2131.0,0.0
2141.0,0.0
2151.0,0.0
2161.0,1.3786996750034344e-05
2171.0,1.3971542582677395e-05
2181.0,1.4172001981764915e-05
2191.0,1.4387139838884322e-05
2201.0,1.4615901108158809e-05
2211.0,1.4857393610688683e-05
2221.0,1.5110872680406182e-05
2231.0,1.5375727476420115e-05
2241.0,2.9871633980811686e-06
2251.0,3.044434244502153e-06
2261.0,3.1054542053681527e-06
2271.0,3.1670480662658654e-06
2281.0,3.226164772583443e-06
2291.0,3.2834541940966495e-06
2301.0,3.3394781904542886e-06
2311.0,0.0
2321.0,0.0
2331.0,0.0
2341.0,0.0
2351.0,0.0
2361.0,0.0
2371.0,0.0
2381.0,0.0
2391.0,0.0
2401.0,0.0
2411.0,0.0
2421.0,0.0
2431.0,0.0
2441.0,0.0
2451.0,0.0
2461.0,0.0
2471.0,0.0
2481.0,0.0
2491.0,0.0
2501.0,0.0
2511.0,0.0
2521.0,0.0
2531.0,0.0
2541.0,0.0
2551.0,0.0
2561.0,0.0
2571.0,0.0
2581.0,0.0
2591.0,0.0
,
1.0,0.0
11.0,0.0
21.0,0.0
31.0,0.0
41.0,0.0
51.0,0.0
61.0,0.0
71.0,0.0
81.0,0.0
91.0,0.0
101.0,0.0
111.0,0.0
121.0,0.0
131.0,0.0
141.0,0.0
151.0,0.0
161.0,0.0
171.0,0.0
181.0,0.0
191.0,0.0
201.0,0.0
211.0,0.0
221.0,0.0
231.0,0.0
241.0,0.0
251.0,0.0
261.0,0.0
271.0,0.0
281.0,0.0
291.0,0.0
301.0,0.0
311.0,0.0
321.0,0.0
331.0,0.0
341.0,0.0
351.0,0.0
361.0,0.0
371.0,0.0
381.0,0.0
391.0,0.0
401.0,0.0
411.0,0.0
421.0,0.0
431.0,0.0
441.0,0.03665988567434168
451.0,0.03646252205878648
461.0,0.03626750080903443
471.0,0.03607482221967944
481.0,0.035884487507000205
491.0,0.03569649883768131
501.0,0.035510859359725394
511.0,0.016282552356858725
521.0,0.015954359011420845
531.0,0.01563198671453411
541.0,0.015315330641807887
551.0,0.015004287497394058
561.0,0.014698755552053386
571.0,0.01439863467216909
581.0,0.020214790779541372
591.0,0.020093008943727775
601.0,0.01997249293739353
611.0,0.019853235270015618
621.0,0.019735228974653195
631.0,0.01961846761530721
641.0,0.0195029452946197
651.0,0.008853121568540213
661.0,0.00880151926574153
671.0,0.008750509385620801
681.0,0.008700088989726218
691.0,0.008650255498057004
701.0,0.00860100669322453
711.0,0.008552340725114538
721.0,0.0035849365710173566
731.0,0.0035649197012412896
741.0,0.003545165258394147
751.0,0.0035256722936595278
761.0,0.0035064400918689113
771.0,0.0034874681737428526
781.0,0.00346875629867418
791.0,0.003450304468119522
801.0,0.001131167071944101
811.0,0.0011252676561369752
821.0,0.0011194621945261574
831.0,0.0011137506552331541
841.0,0.0011081331298476351
851.0,0.0011026098349924795
861.0,0.0010971811143449907
871.0,4.066624843769496e-06
881.0,4.047033586797058e-06
891.0,4.027729009995588e-06
901.0,4.008718651814099e-06
911.0,3.99000989031793e-06
921.0,3.971610031798979e-06
931.0,3.953526392106461e-06
941.0,0.0
951.0,0.0
961.0,0.0
971.0,0.0
981.0,0.0
991.0,0.0
1001.0,0.0
1011.0,0.0
1021.0,0.0
1031.0,0.0
1041.0,0.0
1051.0,0.0
1061.0,0.0
1071.0,0.0
1081.0,0.0
1091.0,0.0
1101.0,0.0
1111.0,0.0
1121.0,0.0
1131.0,0.0
1141.0,0.0
1151.0,0.0
1161.0,0.0
1171.0,0.0
1181.0,0.0
1191.0,0.0
1201.0,0.0
1211.0,0.0
1221.0,0.0
1231.0,0.0
1241.0,0.0
1251.0,0.0
1261.0,0.0
1271.0,0.0
1281.0,0.0
1291.0,0.0
1301.0,0.0
1311.0,0.0
1321.0,0.0
1331.0,0.0
1341.0,0.0
1351.0,0.0
1361.0,0.0
1371.0,0.0
1381.0,0.0
1391.0,0.0
1401.0,0.0
1411.0,0.0
1421.0,0.0
1431.0,0.0
1441.0,0.0
1451.0,0.0
1461.0,0.0
1471.0,0.0
1481.0,0.0
1491.0,0.0
1501.0,0.0
1511.0,0.0
1521.0,0.0
1531.0,0.0
1541.0,0.0
1551.0,0.0
1561.0,0.0
1571.0,0.0
1581.0,0.0
1591.0,0.0
1601.0,0.0
1611.0,0.0
1621.0,0.0
1631.0,0.0
1641.0,0.0
1651.0,0.0
1661.0,0.0
1671.0,0.0
1681.0,0.0
1691.0,0.0
1701.0,0.0
1711.0,0.0
1721.0,0.0
1731.0,0.0
1741.0,0.0
1751.0,0.0
1761.0,0.0
1771.0,0.0
1781.0,0.0
1791.0,0.0
1801.0,0.1362556599531346
1811.0,0.13024560204946867
1821.0,0.12422225451558959
1831.0,0.11818328317232898
1841.0,0.1121262567243857
1851.0,0.10604864749158972
1861.0,0.09994783183316037
1871.0,0.09382109020172093
1881.0,0.023253756320437503
1891.0,0.021262176671326752
1901.0,0.019324632185797334
1911.0,0.017439755616066973
1921.0,0.015606197664959527
1931.0,0.01387733872813249
1941.0,0.012345130117164642
1951.0,0.02615164295078576
1961.0,0.023748175333682776
1971.0,0.02162242009366193
1981.0,0.019742561973881766
1991.0,0.018080535595024875
2001.0,0.01661157189375675
2011.0,0.015313801134563449
2021.0,0.004236911767421372
2031.0,0.003933267445986929
2041.0,0.0036641218274776443
2051.0,0.0034257146411340576
2061.0,0.003214705894614312
2071.0,0.003028128113715176
2081.0,0.0028633441520511667
2091.0,0.0011467757959738552
2101.0,0.001092798499015823
2111.0,0.0010453915487125748
2121.0,0.0010038590264200339
2131.0,0.0009675810664466667
2141.0,0.0009360055025428434
2151.0,0.0009086404562751054
2161.0,0.0004051911019843312
2171.0,0.0003959776284301351
2181.0,0.00038823508565227825
2191.0,0.0003818110376615761
2201.0,0.0003765696481814912
2211.0,0.0003723899124081834
2221.0,0.0003691640826633126
2231.0,0.00036679626616961805
2241.0,0.0001633497085625859
2251.0,0.00015291667382428317
2261.0,0.00014267075440174747
2271.0,0.00013272748193464385
2281.0,0.0001231620934082348
2291.0,0.00011401978053252699
2301.0,0.00010532338669963723
2311.0,0.0036215285194975055
2321.0,0.003507370603057093
2331.0,0.0034190501014842553
2341.0,0.0033536735051427563
2351.0,0.003308674744513706
2361.0,0.0032817772299919066
2371.0,0.0032709606975061577
2381.0,0.0009869262513802891
2391.0,0.0009911258486527386
2401.0,0.000998046174296413
2411.0,0.0010073701246598953
2421.0,0.0010188159669281178
2431.0,0.0010321335983699003
2441.0,0.0010471012352789497
2451.0,0.0004492525375416854
2461.0,0.00045676862142488873
2471.0,0.0004648205051593279
2481.0,0.00047334119431238655
2491.0,0.0004822716062198895
2501.0,0.0004915597821239614
2511.0,0.0005011601843687504
2521.0,0.00023405216535621028
2531.0,0.00023872272705599158
2541.0,0.0002435717573637789
2551.0,0.000248576268507624
2561.0,0.0002537162259728821
2571.0,0.00025897426133987447
2581.0,0.00026433541496588656
2591.0,0.0002697869052447615
,
1.0,0.0
11.0,0.0
21.0,0.0
31.0,0.0
41.0,0.0
51.0,0.0
61.0,0.0
71.0,0.0
81.0,0.0
91.0,0.0
101.0,0.0
111.0,0.0
121.0,0.0
131.0,0.0
141.0,0.0
151.0,0.0
161.0,0.0
171.0,0.0
181.0,0.0
191.0,0.0
201.0,0.0
211.0,0.0
221.0,0.0
231.0,0.0
241.0,0.0
251.0,0.0
261.0,0.0
271.0,0.0
281.0,0.0
291.0,0.0
301.0,0.0
311.0,0.0
321.0,0.0
331.0,0.0
341.0,0.0
351.0,0.0
361.0,0.0
371.0,0.0
381.0,0.0
391.0,0.0
401.0,0.0
411.0,0.0
421.0,0.0
431.0,0.0
441.0,0.0
451.0,0.0
461.0,0.0
471.0,0.0
481.0,0.0
491.0,0.0
501.0,0.0
511.0,0.0
521.0,0.0
531.0,0.0
541.0,0.0
551.0,0.0
561.0,0.0
571.0,0.0
581.0,0.0
591.0,0.0
601.0,0.0
611.0,0.0
621.0,0.0
631.0,0.0
641.0,0.0
651.0,0.0
661.0,0.0
671.0,0.0
681.0,0.0
691.0,0.0
701.0,0.0
711.0,0.0
721.0,0.0
731.0,0.0
741.0,0.0
751.0,0.0
761.0,0.0
771.0,0.0
781.0,0.0
791.0,0.0
801.0,0.0
811.0,0.0
821.0,0.0
831.0,0.0
841.0,0.0
851.0,0.0
861.0,0.0
871.0,0.0
881.0,0.0
891.0,0.0
901.0,0.0
911.0,0.0
921.0,0.0
931.0,0.0
941.0,0.0
951.0,0.0
961.0,0.0
971.0,0.0
981.0,0.0
991.0,0.0
1001.0,0.0
1011.0,0.0
1021.0,0.0
1031.0,0.0
1041.0,0.0
1051.0,0.0
1061.0,0.0
1071.0,0.0
1081.0,0.0
1091.0,0.0
1101.0,0.0
1111.0,0.0
1121.0,0.0
1131.0,0.0
1141.0,0.0
1151.0,0.0
1161.0,0.0
1171.0,0.0
1181.0,0.0
1191.0,0.0
1201.0,0.0
1211.0,0.0
1221.0,0.0
1231.0,0.005124707902199785
1241.0,0.0050066683565656266
1251.0,0.004888252384006793
1261.0,0.004769421648386082
1271.0,0.004650136741373227
1281.0,0.004530357114452925
1291.0,0.004410041006271436
1301.0,0.0019540979231578164
1311.0,0.0018664513686109812
1321.0,0.0017807327427880417
1331.0,0.0016969002421088994
1341.0,0.0016149128398431343
1351.0,0.0015347302968410606
1361.0,0.0014563131682341214
1371.0,0.0022119152726315172
1381.0,0.0021262272847288773
1391.0,0.002040090825911471
1401.0,0.0019534722119050546
1411.0,0.0018663367788652057
1421.0,0.0017786488193476167
1431.0,0.0016903715137501312
1441.0,0.0007168059231982877
1451.0,0.0006158502576727139
1461.0,0.0005300147233841571
1471.0,0.00045620095993170365
1481.0,0.00039210205107629474
1491.0,0.0003359642862017606
1501.0,0.00028643015134435703
1511.0,0.0002425147257389656
1521.0,0.07350051319887928
1531.0,0.06967569593306837
1541.0,0.06633284507638633
1551.0,0.06340738276459226
1561.0,0.06084271336496075
1571.0,0.05858926656145367
1581.0,0.05660366097066885
1591.0,0.012723955975369017
1601.0,0.012342571011986051
1611.0,0.011985196723499403
1621.0,0.01164890646094397
1631.0,0.011331162333455122
1641.0,0.011029768846823523
1651.0,0.010742831834036827
1661.0,0.004305846305097902
1671.0,0.004197019924549695
1681.0,0.004091677567722224
1691.0,0.003989561706324452
1701.0,0.003890456297247215
1711.0,0.0037941812066883637
1721.0,0.0037005872770953115
1731.0,0.0017824093688858901
1741.0,0.002379155820422877
1751.0,0.0028478027508449266
1761.0,0.0032075941776655843
1771.0,0.003475232985245641
1781.0,0.003674125483351022
1791.0,0.0038322642132860487
1801.0,0.00709856797938587
1811.0,0.007380754298959086
1821.0,0.007633717956724169
1831.0,0.007857930956813818
1841.0,0.008053896598866702
1851.0,0.00822214562108151
1861.0,0.008363232441586457
1871.0,0.008477731508332394
1881.0,0.003936350586103074
1891.0,0.00396532656359755
1901.0,0.0039829329909663305
1911.0,0.003989479493376743
1921.0,0.003985275515596557
1931.0,0.003970629134850527
1941.0,0.0039458459412841694
1951.0,0.0018396729935081565
1961.0,0.0018189656797511686
1971.0,0.001793971202377389
1981.0,0.0017648261983411024
1991.0,0.001731663773465098
2001.0,0.001694613184568272
2011.0,0.001653799548356964
2021.0,0.0007266368256364091
2031.0,0.0006485950278563256
2041.0,0.0005775595315740195
2051.0,0.0005126877899285317
2061.0,0.0004532561810679648
2071.0,0.0003986394298233787
2081.0,0.00034829413388881336
2091.0,0.06569023318188676
2101.0,0.060308225034734535
2111.0,0.055643590517629696
2121.0,0.051606672149566955
2131.0,0.04811903152572321
2141.0,0.04511200800019044
2151.0,0.04252547463471702
2161.0,0.005585464291623437
2171.0,0.005316843075647332
2181.0,0.0050760909711369895
2191.0,0.004860065610550989
2201.0,0.004665990605178476
2211.0,0.004491413355026326
2221.0,0.00433416778867723
2231.0,0.004192341442970405
2241.0,0.0016585310573350052
2251.0,0.0015974989952510965
2261.0,0.0015400486819337072
2271.0,0.0014859548303064374
2281.0,0.0014350087348545
2291.0,0.0013870168278745378
2301.0,0.0013417993778294382
2311.0,0.0011016203056684636
2321.0,0.0010765271746953319
2331.0,0.0010540612569294534
2341.0,0.0010339571876260918
2351.0,0.001015980186892013
2361.0,0.0009999226327433296
2371.0,0.000985601020516874
2381.0,0.00044575112058331545
2391.0,0.0004399181097538769
2401.0,0.0004346646775657417
2411.0,0.0004299443366724216
2421.0,0.00042571570689406836
2431.0,0.00042194195254735903
2441.0,0.00041859028242994894
2451.0,0.00021892154421421106
2461.0,0.00021523683163283245
2471.0,0.0002115327111921345
2481.0,0.00020783855864005567
2491.0,0.00020417866256623892
2501.0,0.00020057290373095416
2511.0,0.00019703735289822814
2521.0,0.00022436213031294195
2531.0,0.00022312665137774211
2541.0,0.00022231104181156516
2551.0,0.00022187472853381717
2561.0,0.00022178168254028278
2571.0,0.00022199994508695123
2581.0,0.00022250120518178763
2591.0,0.00022326042273890757
,
1.0,0.0
11.0,0.0
21.0,0.0
31.0,0.0
41.0,0.0
51.0,0.0
61.0,0.0
71.0,0.0
81.0,0.0
91.0,0.0
101.0,0.0
111.0,0.0
121.0,0.0
131.0,0.0
141.0,0.0
151.0,0.0
161.0,0.0
171.0,0.0
181.0,0.0
191.0,0.0
201.0,0.0
211.0,0.0
221.0,0.0
231.0,0.0
241.0,0.0
251.0,0.0
261.0,0.0
271.0,0.0
281.0,0.0
291.0,0.0023755171568745313
301.0,0.002371717403064981
311.0,0.0023682137594600123
321.0,0.0023650133087444324
331.0,0.002362123596603742
341.0,0.0023595526605015237
351.0,0.0023573090609697893
361.0,0.0
371.0,0.0
381.0,0.0
391.0,0.0
401.0,0.0
411.0,0.0
421.0,0.0
431.0,0.0
441.0,0.0
451.0,0.0
461.0,0.0
471.0,0.0
481.0,0.0
491.0,0.0
501.0,0.0
511.0,0.0
521.0,0.0
531.0,0.0
541.0,0.0
551.0,0.0
561.0,0.0
571.0,0.0
581.0,0.0
591.0,0.0
601.0,0.0
611.0,0.0
621.0,0.0
631.0,0.0
641.0,0.0
651.0,0.0
661.0,0.0
671.0,0.0
681.0,0.0
691.0,0.0
701.0,0.0
711.0,0.0
721.0,0.0
731.0,0.0
741.0,0.0
751.0,0.0
761.0,0.0
771.0,0.0
781.0,0.0
791.0,0.0
801.0,0.0019399417900843523
811.0,0.0019433951049197052
821.0,0.0019462434128418372
831.0,0.0019485511453658422
841.0,0.0019503791368030022
851.0,0.0019517848239685508
861.0,0.0019528224441021497
871.0,0.00036401018702650274
881.0,0.0003528710951007828
891.0,0.00034205543509920375
901.0,0.0003315607848094868
911.0,0.00032138307062253864
921.0,0.0003115169383145774
931.0,0.0003019560562389045
941.0,0.0022194728930423004
951.0,0.002211946124698937
961.0,0.0022043750655932927
971.0,0.002196777994172182
981.0,0.002189172351961174
991.0,0.002181574795807543
1001.0,0.002174001250532567
1011.0,0.0006053231333594686
1021.0,0.0006032368742461317
1031.0,0.0006011752126067653
1041.0,0.0005991416413082886
1051.0,0.000597139550703126
1061.0,0.0005951722424076009
1071.0,0.0005932331100345471
1081.0,0.0
1091.0,0.0
1101.0,0.0
1111.0,0.0
1121.0,0.0
1131.0,0.0
1141.0,0.0
1151.0,0.0
1161.0,0.00014695974605668266
1171.0,0.00014313332977283652
1181.0,0.0001393911738211903
1191.0,0.00013573157188875442
1201.0,0.00013215281333140647
1211.0,0.0001286531901233655
1221.0,0.00012523100268355464
1231.0,0.00047485551708563206
1241.0,0.00047157062456396173
1251.0,0.0004683132248073569
1261.0,0.000465082965363281
1271.0,0.00046187950752817097
1281.0,0.00045870252573318687
1291.0,0.00045554763504495466
1301.0,0.0
1311.0,0.0
1321.0,0.0
1331.0,0.0
1341.0,0.0
1351.0,0.0
1361.0,0.0
1371.0,0.0
1381.0,0.0
1391.0,0.0
1401.0,0.0
1411.0,0.0
1421.0,0.0
1431.0,0.0
1441.0,0.0
1451.0,0.0
1461.0,0.0
1471.0,0.0
1481.0,0.0
1491.0,0.0
1501.0,0.0
1511.0,0.0
1521.0,0.0
1531.0,0.0
1541.0,0.0
1551.0,0.0
1561.0,0.0
1571.0,0.0
1581.0,0.0
1591.0,8.570281662081824e-05
1601.0,8.412610853197625e-05
1611.0,8.254215805609364e-05
1621.0,8.09484907731025e-05
1631.0,7.933928088932616e-05
1641.0,7.771351957225393e-05
1651.0,7.607050448287843e-05
1661.0,0.0
1671.0,0.0
1681.0,0.0
1691.0,0.0
1701.0,0.0
1711.0,0.0
1721.0,0.0
1731.0,0.0010011647192990501
1741.0,0.0009357501971624351
1751.0,0.0008732750665511332
1761.0,0.000813579190706918
1771.0,0.0007565127542319684
1781.0,0.0007019355304071283
1791.0,0.0006497161984108184
1801.0,0.00253475975453131
1811.0,0.002396026040405319
1821.0,0.0022567660813085123
1831.0,0.0021169305699983015
1841.0,0.0019764691919338783
1851.0,0.0018353305566869776
1861.0,0.001693523064873052
1871.0,0.0015595373119988137
1881.0,0.0006758025894703281
1891.0,0.00062443603899901
1901.0,0.0005780443252374143
1911.0,0.0005361454616689416
1921.0,0.0004983059472674797
1931.0,0.00046413577945595916
1941.0,0.0004332839936050407
1951.0,0.0001855327009873695
1961.0,0.00017406287789257786
1971.0,0.00016374451003502724
1981.0,0.0001544684551609166
1991.0,0.00014613643645716503
2001.0,0.0001386599488159717
2011.0,0.00013195927826944429
2021.0,5.341530597895152e-05
2031.0,5.115806313758512e-05
2041.0,4.916218547882616e-05
2051.0,4.7403269152697634e-05
2061.0,4.585937426375065e-05
2071.0,4.4510781310047576e-05
2081.0,4.33397724258555e-05
2091.0,1.4217322304358086e-05
2101.0,1.3815297559368896e-05
2111.0,1.3459762255930726e-05
2121.0,1.3146122257445491e-05
2131.0,1.2870245284930414e-05
2141.0,1.2628414671775689e-05
2151.0,1.2417287739911379e-05
2161.0,6.79428130047712e-06
2171.0,6.7654826697684295e-06
2181.0,6.756275005513879e-06
2191.0,6.764813713761919e-06
2201.0,6.789470596731005e-06
2211.0,6.828724446890003e-06
2221.0,6.8741702063057415e-06
2231.0,6.921470252092559e-06
2241.0,0.0
2251.0,0.0
2261.0,0.0
2271.0,0.0
2281.0,0.0
2291.0,0.0
2301.0,0.0
2311.0,0.0
2321.0,0.0
2331.0,0.0
2341.0,0.0
2351.0,0.0
2361.0,0.0
2371.0,0.0
2381.0,0.0
2391.0,0.0
2401.0,0.0
2411.0,0.0
2421.0,0.0
2431.0,0.0
2441.0,0.0
2451.0,0.0
2461.0,0.0
2471.0,0.0
2481.0,0.0
2491.0,0.0
2501.0,0.0
2511.0,0.0
2521.0,0.0
2531.0,0.0
2541.0,0.0
2551.0,0.0
2561.0,0.0
2571.0,0.0
2581.0,0.0
2591.0,0.0
,
1.0,0.0
11.0,0.0
21.0,0.0
31.0,0.0
41.0,0.0
51.0,0.0
61.0,0.0
71.0,0.0
81.0,0.0
91.0,0.0
101.0,0.0
111.0,0.0
121.0,0.0
131.0,0.0
141.0,0.0
151.0,0.0
161.0,0.0
171.0,0.0
181.0,0.0
191.0,0.0
201.0,0.0
211.0,0.0
221.0,0.0
231.0,0.0
241.0,0.0
251.0,0.0
261.0,0.0
271.0,0.0
281.0,0.0
291.0,0.0
301.0,0.0
311.0,0.0
321.0,0.0
331.0,0.0
341.0,0.0
351.0,0.0
361.0,0.0
371.0,0.0
381.0,0.0
391.0,0.0
401.0,0.0
411.0,0.0
421.0,0.0
431.0,0.0
441.0,0.0
451.0,0.0
461.0,0.0
471.0,0.0
481.0,0.0
491.0,0.0
501.0,0.0
511.0,0.0
521.0,0.0
531.0,0.0
541.0,0.0
551.0,0.0
561.0,0.0
571.0,0.0
581.0,0.0
591.0,0.0
601.0,0.0
611.0,0.0
621.0,0.0
631.0,0.0
641.0,0.0
651.0,0.0
661.0,0.0
671.0,0.0
681.0,0.0
691.0,0.0
701.0,0.0
711.0,0.0
721.0,0.0
731.0,0.0
741.0,0.0
751.0,0.0
761.0,0.0
771.0,0.0
781.0,0.0
791.0,0.0
801.0,0.0
811.0,0.0
821.0,0.0
831.0,0.0
841.0,0.0
851.0,0.0
861.0,0.0
871.0,0.0
881.0,0.0
891.0,0.0
901.0,0.0
911.0,0.0
921.0,0.0
931.0,0.0
941.0,0.0
951.0,0.0
961.0,0.0
971.0,0.0
981.0,0.0
991.0,0.0
1001.0,0.0
1011.0,0.0
1021.0,0.0
1031.0,0.0
1041.0,0.0
1051.0,0.0
1061.0,0.0
1071.0,0.0
1081.0,0.0
1091.0,0.0
1101.0,0.0
1111.0,0.0
1121.0,0.0
1131.0,0.0
1141.0,0.0
1151.0,0.0
1161.0,0.0
1171.0,0.0
1181.0,0.0
1191.0,0.0
1201.0,0.0
1211.0,0.0
1221.0,0.0
1231.0,0.0
1241.0,0.0
1251.0,0.0
1261.0,0.0
1271.0,0.0
1281.0,0.0
1291.0,0.0
1301.0,0.0
1311.0,0.0
1321.0,0.0
1331.0,0.0
1341.0,0.0
1351.0,0.0
1361.0,0.0
1371.0,0.0
1381.0,0.0
1391.0,0.0
1401.0,0.0
1411.0,0.0
1421.0,0.0
1431.0,0.0
1441.0,2.7461430626420277e-06
1451.0,2.701814198661668e-06
1461.0,2.6642805428118726e-06
1471.0,2.6328727108272786e-06
1481.0,2.60698970508522e-06
1491.0,2.5851268246606717e-06
1501.0,2.5659901569329123e-06
1511.0,2.549440069322582e-06
1521.0,0.0
1531.0,0.0
1541.0,0.0
1551.0,0.0
1561.0,0.0
1571.0,0.0
1581.0,0.0
1591.0,0.0
1601.0,0.0
1611.0,0.0
1621.0,0.0
1631.0,0.0
1641.0,0.0
1651.0,0.0
1661.0,0.0
1671.0,0.0
1681.0,0.0
1691.0,0.0
1701.0,0.0
1711.0,0.0
1721.0,0.0
1731.0,0.0
1741.0,0.0
1751.0,0.0
1761.0,0.0
1771.0,0.0
1781.0,0.0
1791.0,0.0
1801.0,0.0
1811.0,0.0
1821.0,0.0
1831.0,0.0
1841.0,0.0
1851.0,0.0
1861.0,0.0
1871.0,0.0
1881.0,0.0
1891.0,0.0
1901.0,0.0
1911.0,0.0
1921.0,0.0
1931.0,0.0
1941.0,0.0
1951.0,0.0
1961.0,0.0
1971.0,0.0
1981.0,0.0
1991.0,0.0
2001.0,0.0
2011.0,0.0
2021.0,0.0
2031.0,0.0
2041.0,0.0
2051.0,0.0
2061.0,0.0
2071.0,0.0
2081.0,0.0
2091.0,0.0
2101.0,0.0
2111.0,0.0
2121.0,0.0
2131.0,0.0
2141.0,0.0
2151.0,0.0
2161.0,0.0
2171.0,0.0
2181.0,0.0
2191.0,0.0
2201.0,0.0
2211.0,0.0
2221.0,0.0
2231.0,0.0
2241.0,0.0
2251.0,0.0
2261.0,0.0
2271.0,0.0
2281.0,0.0
2291.0,0.0
2301.0,0.0
2311.0,0.0
2321.0,0.0
2331.0,0.0
2341.0,0.0
2351.0,0.0
2361.0,0.0
2371.0,0.0
2381.0,0.0
2391.0,0.0
2401.0,0.0
2411.0,0.0
2421.0,0.0
2431.0,0.0
2441.0,0.0
2451.0,0.0
2461.0,0.0
2471.0,0.0
2481.0,0.0
2491.0,0.0
2501.0,0.0
2511.0,0.0
2521.0,0.0
2531.0,0.0
2541.0,0.0
2551.0,0.0
2561.0,0.0
2571.0,0.0
2581.0,0.0
2591.0,0.0
,
