Time_years,Net_flux_gN_per_m3_per_day
0.0,0.07358083366515875
0.02739801090440834,0.019646833033330275
0.05479602180881668,0.05876550408219713
0.08219403271322502,0.02574386301932989
0.10959204361763336,0.011279701947186284
0.13699005452204172,0.046832551039364824
0.16438806542645004,0.04325624926809364
0.1917860763308584,0.058684020031586376
0.21918408723526672,0.07057498913313075
0.24658209813967508,0.09818359446558961
0.27398010904408343,0.11738030201645797
0.30137811994849173,0.16021859570602884
0.3287761308529001,0.1068877012336161
0.35617414175730844,0.14340682033640906
0.3835721526617168,0.10487239149177893
0.4109701635661251,0.21616187861195596
0.43836817447053344,0.18028799565339917
0.4657661853749418,0.056135399095128685
0.49316419627935015,0.17855968048113252
0.5205622071837585,0.19455962541857272
0.5479602180881669,0.20552975232605902
0.5753582289925752,0.17251589909101145
0.6027562398969835,0.1723828319910719
0.6301542508013919,0.04876105009420689
0.6575522617058002,0.20076076370732038
0.6849502726102086,0.08934317214185335
0.7123482835146169,0.047690308701517664
0.7397462944190252,0.08195818527237272
0.7671443053234336,0.18640120852317332
0.7945423162278419,0.16859563076638362
0.8219403271322502,0.17269489316844305
0.8493383380366586,0.2568794220443768
0.8767363489410669,0.06660320989860058
0.9041343598454753,0.2699754112602305
0.9315323707498836,0.2178012840773712
0.9589303816542919,0.11174433829164668
0.9863283925587003,0.08651947186250024
1.0137264034631086,0.13646792370167954
1.041124414367517,0.11308604260743008
1.0685224252719252,0.08900845830261005
1.0959204361763337,0.03332755822418139
1.123318447080742,0.10229697126341156
1.1507164579851503,0.19796692054602316
1.1781144688895586,0.24858103173941717
1.205512479793967,0.2550027663179413
1.2329104906983754,0.05433565798964232
1.2603085016027837,0.06295147518402136
1.287706512507192,0.13927387836794064
1.3151045234116003,0.07427440618796013
1.3425025343160086,0.07189517767965206
1.3699005452204172,0.051366348993401076
1.3972985561248255,0.06234479263737717
1.4246965670292338,0.05235054696736865
1.452094577933642,0.1250981511578827
1.4794925888380503,0.05439428942747876
1.5068905997424589,0.04442993918780022
1.5342886106468672,0.238485602033091
1.5616866215512755,0.04848453454342805
1.5890846324556838,0.2342565040691741
1.616482643360092,0.2866056497602267
1.6438806542645004,0.21374087059654154
1.6712786651689089,0.26583709603593064
1.6986766760733172,0.24087345505658625
1.7260746869777255,0.11514013001680193
1.7534726978821338,0.22112351443647074
1.780870708786542,0.12642302608721287
1.8082687196909506,0.08428010195113163
1.835666730595359,0.0560357689566659
1.8630647414997672,0.044206539969582764
1.8904627524041755,0.06840213248441061
1.9178607633085838,0.05944074516722629
1.9452587742129923,0.10870474470430294
1.9726567851174006,0.12630108568407802
2.000054796021809,0.14391467151169002
2.027452806926217,0.10864514255139154
2.0548508178306255,0.09785290789148285
2.082248828735034,0.12123622259377131
2.109646839639442,0.09749510636892655
2.1370448505438504,0.1068181465310692
2.164442861448259,0.04478887009970622
2.1918408723526674,0.027906512939357798
2.2192388832570757,0.10941864219987263
2.246636894161484,0.10158501184972125
2.2740349050658923,0.121183808562777
2.3014329159703006,0.15519010505232675
2.328830926874709,0.18042931843879473
2.3562289377791172,0.1273078976760708
2.3836269486835255,0.23056041812097705
2.411024959587934,0.16698612835926274
2.4384229704923426,0.08731767038463638
2.465820981396751,0.22164489615441957
2.493218992301159,0.05601798015435448
2.5206170032055675,0.1630373119900136
2.5480150141099758,0.12940137592052806
2.575413025014384,0.18132626281653716
2.6028110359187924,0.21434127628647123
2.6302090468232007,0.05935263881602251
2.657607057727609,0.03491062614661952
2.6850050686320173,0.12547133502138447
2.7124030795364256,0.11830980655871973
2.7398010904408343,0.05441311979371279
2.7671991013452426,0.1429100509492612
2.794597112249651,0.09484976471046358
2.821995123154059,0.18717140780312727
2.8493931340584675,0.11206320901823177
2.876791144962876,0.08908143465798014
2.904189155867284,0.07757859004536317
2.9315871667716924,0.03578174766880342
2.9589851776761007,0.1549759725624251
2.986383188580509,0.05262941709903043
3.0137811994849177,0.01919480270937217
3.041179210389326,0.06370163969899958
3.0685772212937343,0.03455087998020507
3.0959752321981426,0.09332036809899215
3.123373243102551,0.09996303717109498
3.1507712540069592,0.09288484715988066
3.1781692649113675,0.07247069848716274
3.205567275815776,0.09080747094980005
3.232965286720184,0.17067274277190655
3.2603632976245924,0.07534800079285965
3.2877613085290007,0.055001314692974604
3.3151593194334095,0.15971867309148002
3.3425573303378178,0.13085245579414556
3.369955341242226,0.17860257235413549
3.3973533521466344,0.20318452487755223
3.4247513630510427,0.1610183222120396
3.452149373955451,0.20098738217538703
3.4795473848598593,0.2281069569476722
3.5069453957642676,0.1708245792879107
3.534343406668676,0.17939032358900872
3.561741417573084,0.15535486380109334
3.589139428477493,0.14590347887303307
3.616537439381901,0.16879083847785287
3.6439354502863095,0.1275842563878076
3.671333461190718,0.1554958810100886
3.698731472095126,0.09334960674567858
3.7261294829995344,0.18108226304650782
3.7535274939039427,0.14959001058220647
3.780925504808351,0.10521146387086819
3.8083235157127593,0.20123505822638638
3.8357215266171676,0.19616706137628181
3.863119537521576,0.22418289608721786
3.8905175484259846,0.11486810056315662
3.917915559330393,0.11967900261333941
3.9453135702348012,0.16274469693792915
3.9727115811392095,0.12974678554842636
4.000109592043618,0.10426612887839472
4.027507602948027,0.0863474245963052
4.054905613852434,0.10411173880667426
4.082303624756843,0.08958154812123782
4.109701635661251,0.09461312830068158
4.13709964656566,0.17171587601493396
4.164497657470068,0.0545344128131449
4.191895668374476,0.06707936643855406
4.219293679278884,0.033567613526278114
4.246691690183293,0.09878929806340266
4.274089701087701,0.19734124367290462
4.3014877119921096,0.21545075632875105
4.328885722896518,0.04294995250761214
4.356283733800926,0.1239550022486137
4.383681744705335,0.23281571005864943
4.411079755609743,0.08591735237058559
4.4384777665141515,0.15167301049690549
4.465875777418559,0.08793734996925026
4.493273788322968,0.11617529289561919
4.520671799227376,0.1386971007902811
4.548069810131785,0.23222723085634847
4.5754678210361925,0.12743981346344765
4.602865831940601,0.06418908211280064
4.63026384284501,0.10099000060334767
4.657661853749418,0.08429531754019895
4.685059864653827,0.037315001901891146
4.7124578755582345,0.10420535656259788
4.739855886462643,0.09656535466963646
4.767253897367051,0.029718909923620383
4.79465190827146,0.03303912066526598
4.822049919175868,0.02738442001542764
4.849447930080276,0.07693201960188124
4.876845940984685,0.04966587594580483
4.904243951889093,0.11080541552047252
4.931641962793502,0.14919965830217352
4.95903997369791,0.08186617467701739
4.986437984602318,0.023773392116391224
5.013835995506726,0.012139194843976178
5.041234006411135,0.03321012833080543
5.068632017315543,0.07220031100183416
5.0960300282199515,0.019776027997216002
5.123428039124359,0.06121457833837575
5.150826050028768,0.07081451891629986
5.178224060933177,0.021058605958186857
5.205622071837585,0.016940424074203642
5.2330200827419935,0.08914009826246347
5.260418093646401,0.07977325406733526
5.28781610455081,0.05350625523138349
5.315214115455218,0.13464620136836136
5.342612126359627,0.06325854390683608
5.3700101372640345,0.09778164019082224
5.397408148168443,0.08136345622027173
5.424806159072851,0.02523000668013002
5.45220416997726,0.10977051239133717
5.479602180881669,0.13402966156888363
5.5070001917860765,0.1090362965092946
5.534398202690485,0.14077535798479116
5.561796213594893,0.1053235509784903
5.589194224499302,0.04531260646923209
5.61659223540371,0.06359914945255732
5.643990246308118,0.10592629939425335
5.671388257212526,0.10479698296340882
5.698786268116935,0.11517178681074612
5.726184279021344,0.11477814732649841
5.753582289925752,0.12434375205482043
5.78098030083016,0.12037088646648579
5.808378311734568,0.06187273384564328
5.835776322638977,0.14164096403042076
5.863174333543385,0.07359841410488203
5.8905723444477935,0.03493481622525226
5.917970355352201,0.023760428610283234
5.94536836625661,0.16264161312925904
5.972766377161018,0.05861997807064599
6.000164388065427,0.1160853911820349
6.0275623989698355,0.05608089490729641
6.054960409874243,0.07568395442997938
6.082358420778652,0.056748620837963254
6.10975643168306,0.11707604553502685
6.137154442587469,0.0639545076868686
6.1645524534918765,0.09326865418711655
6.191950464396285,0.15858086899280865
6.219348475300693,0.15874405238385614
6.246746486205102,0.08784883216827238
6.27414449710951,0.1259263809090127
6.3015425080139185,0.13539296731386227
6.328940518918327,0.032754638160338946
6.356338529822735,0.11680361489784696
6.383736540727144,0.2183688806413428
6.411134551631552,0.14020681007713692
6.43853256253596,0.14954612070263767
6.465930573440368,0.209883554418984
6.493328584344777,0.13487333161442472
6.520726595249185,0.14921217059869565
6.548124606153594,0.14056567464783642
6.5755226170580015,0.20730900929710264
6.60292062796241,0.11753896848725709
6.630318638866819,0.11568059565753637
6.657716649771227,0.038836449434505996
6.6851146606756355,0.031786456805338044
6.712512671580043,0.065303601305802
6.739910682484452,0.1563129423734037
6.76730869338886,0.12328383925515854
6.794706704293269,0.1806740739628221
6.822104715197677,0.11977787457756996
6.849502726102085,0.14681833670156735
6.876900737006494,0.14558925134974995
6.904298747910902,0.03577151196788921
6.931696758815311,0.08597982391242547
6.9590947697197185,0.10382407059829916
6.986492780624127,0.061663188549719083
7.013890791528535,0.01598767292898644
7.041288802432944,0.04584342226773407
7.068686813337352,0.06731708913819466
7.0960848242417605,0.022903353482264608
7.123482835146168,0.02511502631429641
7.150880846050577,0.03412882008102766
7.178278856954986,0.09792202140571744
7.205676867859394,0.06651962099484621
7.233074878763802,0.033791411312186964
7.26047288966821,0.033902520199286516
7.287870900572619,0.10846463744172888
7.315268911477027,0.08104042998417874
7.342666922381436,0.12430164593598539
7.3700649332858434,0.14768102745504244
7.397462944190252,0.12488037270249273
7.42486095509466,0.1467578540332666
7.452258965999069,0.11456376714400615
7.4796569769034775,0.12020254787633236
7.507054987807885,0.13149839445561654
7.534452998712294,0.11420664508605655
7.561851009616702,0.10673385836452831
7.589249020521111,0.06940311761442901
7.616647031425519,0.17919977528528508
7.644045042329927,0.15981865951975494
7.671443053234335,0.17179818903449579
7.698841064138744,0.1460154897606778
7.726239075043152,0.03059742502531401
7.7536370859475605,0.0794302234438635
7.781035096851969,0.03538418696002502
7.808433107756377,0.16070852881939374
7.835831118660786,0.09993177330515302
7.863229129565194,0.12379041305862795
7.8906271404696025,0.030269887967038674
7.91802515137401,0.1431850743988629
7.945423162278419,0.1357714477118665
7.972821173182827,0.04585417998207837
8.000219184087236,0.06287133320780997
8.027617194991644,0.049499122850345495
8.055015205896053,0.035093290206120835
8.082413216800461,0.056547039058584374
8.109811227704869,0.03254006914161281
8.137209238609277,0.02328409096562832
8.164607249513686,0.07007068612715817
8.192005260418094,0.083847031284006
8.219403271322502,0.020172323745295755
8.24680128222691,0.05278660999097675
8.27419929313132,0.12413859737930323
8.301597304035727,0.09275289596653048
8.328995314940135,0.0459354870753713
8.356393325844545,0.14760948838355478
8.383791336748953,0.04611711065139916
8.41118934765336,0.1510488998149791
8.438587358557768,0.11395829320909234
8.465985369462178,0.16735424288211603
8.493383380366586,0.12068524908754552
8.520781391270994,0.12701780126063458
8.548179402175402,0.1551391472208316
8.575577413079811,0.1611154650275474
8.602975423984219,0.034879013392970025
8.630373434888627,0.14043747726320027
8.657771445793037,0.1762836146922836
8.685169456697444,0.060140670870013097
8.712567467601852,0.10980240432110726
8.73996547850626,0.1506933705088263
8.76736348941067,0.1579598061536139
8.794761500315078,0.04800689831027852
8.822159511219485,0.17048528404603566
8.849557522123893,0.1544584861039925
8.876955533028303,0.10893835703633158
8.90435354393271,0.145544532647077
8.931751554837119,0.09749954850419977
8.959149565741528,0.14892966751629974
8.986547576645936,0.03414853060986829
9.013945587550344,0.056990110150691
9.041343598454752,0.0660876172727515
9.068741609359162,0.026351147617956087
9.09613962026357,0.10608006609558807
9.123537631167977,0.09000269540429465
9.150935642072385,0.02384203444884768
9.178333652976795,0.07056598132349567
9.205731663881203,0.10802661384715373
9.23312967478561,0.13658480481701799
9.26052768569002,0.05277199981697621
9.287925696594428,0.0530504374665745
9.315323707498836,0.04560618046100094
9.342721718403244,0.026694485102623684
9.370119729307653,0.1868062369742922
9.397517740212061,0.12544918479855452
9.424915751116469,0.1819148019185463
9.452313762020879,0.07086498985401221
9.479711772925286,0.13535231234245068
9.507109783829694,0.1589954806172183
9.534507794734102,0.15033401703871313
9.561905805638512,0.19066074789159979
9.58930381654292,0.040777075471338346
9.616701827447327,0.04257844806270256
9.644099838351735,0.06988118389963795
9.671497849256145,0.03706485943501634
9.698895860160553,0.05504053784857767
9.72629387106496,0.09200306372930593
9.75369188196937,0.03425215556257248
9.781089892873778,0.16666039311193814
9.808487903778186,0.09718241578889562
9.835885914682594,0.025550492663596127
9.863283925587004,0.02892390340411997
9.890681936491411,0.07070943891096701
9.91807994739582,0.13046089440457004
9.945477958300227,0.0512354150360753
9.972875969204637,0.01994403355275761
10.000273980109045,0.11661630243723718
10.027671991013452,0.06880822303984838
10.055070001917862,0.05030370906733922
10.08246801282227,0.0657237648574529
10.109866023726678,0.10336493118617487
10.137264034631086,0.09742156026369195
10.164662045535495,0.02690997256162206
10.192060056439903,0.10005094027404414
10.219458067344311,0.08690406076186315
10.246856078248719,0.0959146002348034
10.274254089153128,0.13674245212100522
10.301652100057536,0.035436164396645015
10.329050110961944,0.02218140358636375
10.356448121866354,0.043905856024491124
10.383846132770762,0.02235680129258733
10.41124414367517,0.041678283285379585
10.438642154579577,0.10885269905458383
10.466040165483987,0.1042342774494838
10.493438176388395,0.07927946041621434
10.520836187292803,0.11257128514652669
10.54823419819721,0.13332066945516857
10.57563220910162,0.16041259918793746
10.603030220006028,0.10954486546658922
10.630428230910436,0.10395663799741661
10.657826241814846,0.1278404205715819
10.685224252719253,0.15348994724076953
10.712622263623661,0.053571859190542304
10.740020274528069,0.12587217524685432
10.767418285432479,0.07460582433690924
10.794816296336887,0.1270608092367965
10.822214307241294,0.1159426121798068
10.849612318145702,0.09350325591726691
10.877010329050112,0.1410988762889389
10.90440833995452,0.028097423890400902
10.931806350858928,0.06791119340672754
10.959204361763337,0.03152726731198745
10.986602372667745,0.11638983561663796
11.014000383572153,0.014189647740515385
11.04139839447656,0.015520596525935876
11.06879640538097,0.041370583685823734
11.096194416285378,0.0664325823638541
11.123592427189786,0.014400424672119425
11.150990438094194,0.05543752179640507
11.178388448998604,0.020276183761390683
11.205786459903011,0.09266998485947557
11.23318447080742,0.09882287467775723
11.260582481711829,0.07440446624625596
11.287980492616237,0.05257340174223497
11.315378503520645,0.1391536150612318
11.342776514425053,0.11873162170261013
11.370174525329462,0.1452822785447045
11.39757253623387,0.10077598033371021
11.424970547138278,0.09709922432576092
11.452368558042687,0.10545352496357499
11.479766568947095,0.09933236433841211
11.507164579851503,0.15619069071241737
11.534562590755911,0.07209029244828051
11.56196060166032,0.027198974212143442
11.589358612564729,0.03776689541167306
11.616756623469136,0.16015978916747609
11.644154634373544,0.12890256644258097
11.671552645277954,0.12070743225181546
11.698950656182362,0.09325044398078242
11.72634866708677,0.06326407694371206
11.75374667799118,0.060007042884524076
11.781144688895587,0.12457380606770578
11.808542699799995,0.031452737804757276
11.835940710704403,0.03453113119874376
11.863338721608812,0.08049562781578952
11.89073673251322,0.053625716866846036
11.918134743417628,0.08322193917037768
11.945532754322036,0.05694123220646831
11.972930765226446,0.13520855230127424
12.000328776130853,0.09187686842808819
12.027726787035261,0.04783214494619839
12.055124797939671,0.04579117626156716
12.082522808844079,0.0665486928193771
12.109920819748487,0.03229262374371526
12.137318830652895,0.01872936955432564
12.164716841557304,0.05372003644198946
12.192114852461712,0.0842076077930105
12.21951286336612,0.023416062941152865
12.246910874270528,0.10525523759676872
12.274308885174937,0.05011341811745306
12.301706896079345,0.06665056500371873
12.329104906983753,0.024181547836694895
12.356502917888163,0.08031862190736662
12.38390092879257,0.0771253822417178
12.411298939696978,0.120512638590055
12.438696950601386,0.08097133707749705
12.466094961505796,0.042207475237868566
12.493492972410204,0.058402093745200334
12.520890983314612,0.028417516767837735
12.54828899421902,0.024000685156092105
12.575687005123429,0.0875047584435826
12.603085016027837,0.12337745813936982
12.630483026932245,0.13401163850806153
12.657881037836654,0.12446748706654419
12.685279048741062,0.05401148880830067
12.71267705964547,0.0548964232353944
12.740075070549878,0.06314161346830276
12.767473081454288,0.1289587959347644
12.794871092358695,0.1303939185953411
12.822269103263103,0.08814788318792915
12.849667114167511,0.08549825659349675
12.87706512507192,0.0787569648850803
12.904463135976329,0.09710469208379435
12.931861146880737,0.08128061668015259
12.959259157785146,0.049132213507929144
12.986657168689554,0.02077366927632192
13.014055179593962,0.055699949297802503
13.04145319049837,0.05192378310785194
13.06885120140278,0.06468510983867919
13.096249212307187,0.047184171253175394
13.123647223211595,0.045152044819385694
13.151045234116003,0.06593370022463985
13.178443245020413,0.020286498925855583
13.20584125592482,0.07473027886534457
13.233239266829228,0.07849135075421727
13.260637277733638,0.07285572554651819
13.288035288638046,0.10406202089183872
13.315433299542454,0.11974570038772271
13.342831310446861,0.050452761110420415
13.370229321351271,0.1373477269779831
13.397627332255679,0.08294059860605968
13.425025343160087,0.08843011690626404
13.452423354064495,0.09433324590971331
13.479821364968904,0.11271558594366587
13.507219375873312,0.09839139207537943
13.53461738677772,0.11835404325662954
13.56201539768213,0.031008139279993564
13.589413408586537,0.07438490152950138
13.616811419490945,0.12167184276252489
13.644209430395353,0.15173875147546817
13.671607441299763,0.11391639938262371
13.69900545220417,0.10961824606230837
13.726403463108579,0.0422877109112733
13.753801474012988,0.04735812639711224
13.781199484917396,0.0828900711855243
13.808597495821804,0.05636814548447373
13.835995506726212,0.1495025072787969
13.863393517630621,0.10818486393812847
13.89079152853503,0.13449567555645203
13.918189539439437,0.08108803905274546
13.945587550343845,0.07971184045787842
13.972985561248255,0.11833849274751462
14.000383572152662,0.09279733647688118
14.02778158305707,0.06253445983633199
14.05517959396148,0.06457276257543952
14.082577604865888,0.07603342331289212
14.109975615770296,0.08355654653694039
14.137373626674703,0.05959324901372235
14.164771637579113,0.06259950346436748
14.192169648483521,0.05128142191802684
14.219567659387929,0.12367434045815429
14.246965670292337,0.12491020807872477
14.274363681196746,0.12032318770911517
14.301761692101154,0.12619368025293975
14.329159703005562,0.09907201118206584
14.356557713909972,0.10164974528650174
14.38395572481438,0.17468545459920876
14.411353735718787,0.04989670895606003
14.438751746623195,0.048821477178329284
14.466149757527605,0.06063292292564321
14.493547768432013,0.13220350697414146
14.52094577933642,0.18406793126673518
14.548343790240828,0.055629335192323506
14.575741801145238,0.050632543731596105
14.603139812049646,0.08036305804497891
14.630537822954054,0.037069116431833075
14.657935833858463,0.12838313825328426
14.685333844762871,0.07888886501314621
14.712731855667279,0.11486945322370262
14.740129866571687,0.15517197005829905
14.767527877476097,0.04809862965836491
14.794925888380504,0.08140018020035124
14.822323899284912,0.14336406456386075
14.84972191018932,0.14651826272132104
14.87711992109373,0.09518699991806141
14.904517931998138,0.08000878969208686
14.931915942902545,0.030461845751075134
14.959313953806955,0.02754533193601852
14.986711964711363,0.0818412649394349
15.01410997561577,0.016699903014891205
15.041507986520179,0.01942130260935037
15.068905997424588,0.0389868632527339
15.096304008328996,0.020111993341232655
15.123702019233404,0.017662179663869924
15.151100030137812,0.011544675862558768
15.178498041042221,0.0674788110403934
15.20589605194663,0.06667563813630409
15.233294062851037,0.06524576039436182
15.260692073755447,0.09773911539922538
15.288090084659855,0.07460927735799434
15.315488095564262,0.01719109672773971
15.34288610646867,0.114965073882631
15.37028411737308,0.08284612088841765
15.397682128277488,0.0907788535518594
15.425080139181896,0.10382493663029889
15.452478150086304,0.029484338385728972
15.479876160990713,0.029043256830866705
15.507274171895121,0.03115328491441229
15.534672182799529,0.08472667724438816
15.562070193703939,0.043343675447326986
15.589468204608346,0.12264031155721038
15.616866215512754,0.10116709646347924
15.644264226417162,0.1429340928244065
15.671662237321572,0.0465710465650505
15.69906024822598,0.02754999801929265
15.726458259130387,0.024096866866309227
15.753856270034797,0.050766962292136154
15.781254280939205,0.024558435156849922
15.808652291843613,0.02499184200016353
15.83605030274802,0.04767839159705248
15.86344831365243,0.05759761337721202
15.890846324556838,0.017455093590922507
15.918244335461246,0.019155958520522556
15.945642346365654,0.052840149934379514
15.973040357270063,0.07526777055779335
16.00043836817447,0.02512670838505115
16.02783637907888,0.05184496759208759
16.055234389983287,0.04817322132503726
16.082632400887697,0.010435512342777415
16.110030411792106,0.00914677542407645
16.137428422696512,0.04229451258752111
16.164826433600922,0.019199767166099224
16.192224444505328,0.022297684981716002
16.219622455409738,0.010676683418606624
16.247020466314147,0.04522059759533054
16.274418477218553,0.012492654976416197
16.301816488122963,0.03325232933396693
16.329214499027373,0.03038728930452871
16.35661250993178,0.04249342978082999
16.38401052083619,0.014276999038795379
16.411408531740598,0.05192383177153054
16.438806542645004,0.0906496970615259
16.466204553549414,0.04031919840189418
16.49360256445382,0.016230338008179832
16.52100057535823,0.03714536387406392
16.54839858626264,0.07923912285792772
16.575796597167045,0.053397219034109766
16.603194608071455,0.046064833621654824
16.630592618975864,0.017022428538830122
16.65799062988027,0.09508293480697022
16.68538864078468,0.06887996166377229
16.71278665168909,0.05123726588858653
16.740184662593496,0.016224830213031935
16.767582673497905,0.015515408905881009
16.79498068440231,0.0274648590980729
16.82237869530672,0.03259037962640897
16.84977670621113,0.016007854475128785
16.877174717115537,0.09902780420064372
16.904572728019946,0.0331258611615884
16.931970738924356,0.0294779731125356
16.959368749828762,0.09090355341729132
16.986766760733172,0.09809414229492913
17.01416477163758,0.021363677552725124
17.041562782541988,0.010921370479278596
17.068960793446397,0.027914641368838818
17.096358804350803,0.051538330600189565
17.123756815255213,0.020773382643839686
17.151154826159623,0.016350743809293647
17.17855283706403,0.07496819480641154
17.205950847968438,0.03307600851654721
17.233348858872848,0.04483634779108828
17.260746869777254,0.0427870729858515
17.288144880681664,0.10715580162794362
17.315542891586073,0.051019491833328025
17.34294090249048,0.11650867721933257
17.37033891339489,0.10286315779369462
17.397736924299295,0.08414689079392941
17.425134935203705,0.14104851402000881
17.452532946108114,0.07108690469989704
17.47993095701252,0.13090193334367756
17.50732896791693,0.10766331365873359
17.53472697882134,0.03238055298383238
17.562124989725746,0.028505143634991757
17.589523000630155,0.041980508731952255
17.616921011534565,0.11693593886488912
17.64431902243897,0.04830524387236834
17.67171703334338,0.14609082114764285
17.699115044247787,0.11984127736723181
17.726513055152196,0.03116531156053792
17.753911066056606,0.11552523770044645
17.781309076961012,0.1408115754647417
17.80870708786542,0.052069766624012734
17.83610509876983,0.05051451772056452
17.863503109674237,0.05684646225799633
17.890901120578647,0.1345871397259331
17.918299131483057,0.09618696517790051
17.945697142387463,0.14403484573968706
17.973095153291872,0.07926195609340508
18.00049316419628,0.07867489819013108
18.027891175100688,0.010936378979160085
18.055289186005098,0.030016511064563357
18.082687196909504,0.012165490259238335
18.110085207813913,0.05067419609749127
18.137483218718323,0.043760392611549695
18.16488122962273,0.021085160900759663
18.19227924052714,0.06280733189488899
18.21967725143155,0.021731642474798835
18.247075262335954,0.11335470301561482
18.274473273240364,0.0679341580453488
18.30187128414477,0.13287159458912626
18.32926929504918,0.11798081125021644
18.35666730595359,0.06611938686324774
18.384065316857995,0.14869167162196326
18.411463327762405,0.15577227095459564
18.438861338666815,0.14720587110791652
18.46625934957122,0.12841775228720678
18.49365736047563,0.07249874165148684
18.52105537138004,0.04947391317772626
18.548453382284446,0.08508796025141194
18.575851393188856,0.17699134048217952
18.603249404093262,0.07061387265448119
18.63064741499767,0.050234006007808606
18.65804542590208,0.04168854919969425
18.685443436806487,0.027384312658359444
18.712841447710897,0.0879746185786769
18.740239458615306,0.05079236961382007
18.767637469519713,0.03190482386290909
18.795035480424122,0.16543716986264875
18.822433491328532,0.04408910322906667
18.849831502232938,0.06545312382514112
18.877229513137348,0.10706967364540113
18.904627524041757,0.08103863327542285
18.932025534946163,0.025733280499965306
18.959423545850573,0.052395990258812794
18.98682155675498,0.06085289026059942
19.01421956765939,0.053240197177951774
19.041617578563798,0.06971086762034717
19.069015589468204,0.0775195503472221
19.096413600372614,0.07077046920120943
19.123811611277024,0.04338169085442179
19.15120962218143,0.057979893174363584
19.17860763308584,0.06789423952093276
19.20600564399025,0.03619182273773703
19.233403654894655,0.03501180134105397
19.260801665799065,0.03999430978405186
19.28819967670347,0.13607710553894925
19.31559768760788,0.13467415830906188
19.34299569851229,0.07647007440539884
19.370393709416696,0.02876779311262716
19.397791720321106,0.021378495608489024
19.425189731225515,0.030683650199229712
19.45258774212992,0.04457628568860339
19.47998575303433,0.14144057995467307
19.50738376393874,0.13506023167536363
19.534781774843147,0.034377655758435904
19.562179785747556,0.07011788735358236
19.589577796651962,0.07686922535126003
19.616975807556372,0.08870635057764147
19.64437381846078,0.13847462695518184
19.671771829365188,0.1116542117740027
19.699169840269597,0.12128044767768582
19.726567851174007,0.09053659423009651
19.753965862078413,0.12102734025576725
19.781363872982823,0.13933218770700856
19.808761883887232,0.026851068634236256
19.83615989479164,0.021252340972499856
19.863557905696048,0.051841745934147324
19.890955916600454,0.1370453344190493
19.918353927504864,0.06957623689672303
19.945751938409273,0.0349413951636047
19.97314994931368,0.1218589338190039
20.00054796021809,0.1270762341196594
20.0279459711225,0.049899645200568804
20.055343982026905,0.0576848675346012
20.082741992931314,0.05641843786343238
20.110140003835724,0.08610480240170897
20.13753801474013,0.020073705782917124
20.16493602564454,0.06980063224998044
20.192334036548946,0.09793097813907478
20.219732047453356,0.10317492383047665
20.247130058357765,0.12892843672132467
20.27452806926217,0.1066348828694643
20.30192608016658,0.13165148866919849
20.32932409107099,0.16015957270279071
20.356722101975397,0.09834723410201508
20.384120112879806,0.04822474669507307
20.411518123784216,0.07345090400668222
20.438916134688622,0.04464528780330919
20.46631414559303,0.06910159526347691
20.493712156497438,0.1476925797828335
20.521110167401847,0.03645198240845191
20.548508178306257,0.16029880993757667
20.575906189210663,0.09394904588169437
20.603304200115073,0.10937249486501174
20.630702211019482,0.03748868586343495
20.65810022192389,0.02659612966266386
20.685498232828298,0.04290917546350937
20.712896243732708,0.10873988455735016
20.740294254637114,0.17373765573357938
20.767692265541523,0.08684148062288723
20.79509027644593,0.12081174338153247
20.82248828735034,0.14576696843151732
20.84988629825475,0.1267484947818176
20.877284309159155,0.07755283086039613
20.904682320063564,0.1382491003964006
20.932080330967974,0.04129033501461163
20.95947834187238,0.09197884904164984
20.98687635277679,0.1389432819384083
21.0142743636812,0.04542181497714411
21.041672374585605,0.0672140776024315
21.069070385490015,0.0776724058321098
21.09646839639442,0.06174218526803395
21.12386640729883,0.10507491720510334
21.15126441820324,0.07443887162884368
21.178662429107646,0.08475063741665563
21.206060440012056,0.10295631075083761
21.233458450916466,0.13695459238969437
21.26085646182087,0.10318575190342208
21.28825447272528,0.13256896420649353
21.31565248362969,0.14978665344794082
21.343050494534097,0.1386914963651955
21.370448505438507,0.09169621643798347
21.397846516342913,0.13528921660852736
21.425244527247322,0.12620845949424303
21.452642538151732,0.1651493740514131
21.480040549056138,0.12032509688342385
21.507438559960548,0.14097411210711333
21.534836570864957,0.0802336364265839
21.562234581769363,0.07161339490737222
21.589632592673773,0.04766177008355894
21.617030603578183,0.12903144053044724
21.64442861448259,0.16724788110530214
21.671826625387,0.12384380557349413
21.699224636291405,0.14159426587138466
21.726622647195814,0.1351011849998221
21.754020658100224,0.1744972720870823
21.78141866900463,0.03457817116240945
21.80881667990904,0.16235915816552687
21.83621469081345,0.16074399034229633
21.863612701717855,0.04373204569136433
21.891010712622265,0.05066047417911974
21.918408723526674,0.054528707327293965
21.94580673443108,0.030688307834193615
21.97320474533549,0.022436486378734917
22.000602756239896,0.07143116787943166
22.028000767144306,0.035987536805250665
22.055398778048716,0.06969789550512406
22.08279678895312,0.04447610396234482
22.11019479985753,0.07942909188434961
22.13759281076194,0.016698594831827045
22.164990821666347,0.09619186719558799
22.192388832570757,0.05014672460248119
22.219786843475166,0.07029123399586731
22.247184854379572,0.07928565469505647
22.274582865283982,0.08466469783843031
22.301980876188388,0.08385217352514515
22.329378887092798,0.07658335239108843
22.356776897997207,0.1053904070847593
22.384174908901613,0.13637144634663628
22.411572919806023,0.06737892462107077
22.438970930710433,0.039330541074856416
22.46636894161484,0.06325786834766398
22.49376695251925,0.05232969874577096
22.521164963423658,0.06622327750501546
22.548562974328064,0.11036974508614929
22.575960985232474,0.08056799981060152
22.60335899613688,0.06880428859624525
22.63075700704129,0.047342708807236955
22.6581550179457,0.11789058858395776
22.685553028850105,0.08695059615535482
22.712951039754515,0.14512148437119418
22.740349050658924,0.08781740699223489
22.76774706156333,0.10902459540106049
22.79514507246774,0.0487168134534963
22.82254308337215,0.10798027417890543
22.849941094276556,0.10237968137220421
22.877339105180965,0.07708341858822954
22.904737116085375,0.08796341650604841
22.93213512698978,0.056303801811952825
22.95953313789419,0.07744915486242065
22.986931148798597,0.12204143685033017
23.014329159703006,0.03556999916138262
23.041727170607416,0.0263396418595096
23.069125181511822,0.05706131843970741
23.09652319241623,0.015576430308859605
23.12392120332064,0.05633901416156989
23.151319214225047,0.07328635391432105
23.178717225129457,0.031342165196025215
23.206115236033867,0.08199905246387698
23.233513246938273,0.10105131816412291
23.260911257842682,0.03660099721058699
23.28830926874709,0.04942642921404431
23.315707279651498,0.05384582982978843
23.343105290555908,0.055834110659068584
23.370503301460314,0.024378834730267054
23.397901312364723,0.11007053268966961
23.425299323269133,0.023023546224357618
23.45269733417354,0.04375040212227567
23.48009534507795,0.03313938034091718
23.50749335598236,0.06048403722538661
23.534891366886765,0.0771326989549725
23.562289377791174,0.07896671269275747
23.58968738869558,0.1283129558602729
23.61708539959999,0.1356700760032768
23.6444834105044,0.041206710180396185
23.671881421408806,0.13998684154806568
23.699279432313215,0.0788170825567524
23.726677443217625,0.1121373013698641
23.75407545412203,0.09445690517390783
23.78147346502644,0.12664274169758669
23.80887147593085,0.07423480845473912
23.836269486835256,0.13724054649444262
23.863667497739666,0.030964840755063557
23.891065508644072,0.09512804997060677
23.91846351954848,0.05720821986987849
23.94586153045289,0.023354605275988073
23.973259541357297,0.0783148874987476
24.000657552261707,0.029545556698374376
24.028055563166117,0.031729154782673116
24.055453574070523,0.034917234689415995
24.082851584974932,0.051691688324778856
24.110249595879342,0.05670225553283996
24.137647606783748,0.06804438208725355
24.165045617688158,0.10115969609035382
24.192443628592564,0.08677344005304562
24.219841639496973,0.02958601577742164
24.247239650401383,0.08490763327027201
24.27463766130579,0.12270360541345984
24.3020356722102,0.06197379528888734
24.32943368311461,0.140864415686033
24.356831694019014,0.0718042917903756
24.384229704923424,0.06065077967875354
24.411627715827834,0.024935048238931293
24.43902572673224,0.03264366139811708
24.46642373763665,0.05579003056229338
24.493821748541055,0.08975699240241977
24.521219759445465,0.1620204936716526
24.548617770349875,0.16449061498516443
24.57601578125428,0.09217178828842104
24.60341379215869,0.14017802236424828
24.6308118030631,0.1388801632831145
24.658209813967506,0.11183536789718264
24.685607824871916,0.13957072265784326
24.713005835776325,0.1587478845843909
24.74040384668073,0.0887435738560956
24.76780185758514,0.12844521895262362
24.795199868489547,0.10055886396112501
24.822597879393957,0.02917294466266448
24.849995890298366,0.0314330228536259
24.877393901202772,0.029192665209084756
24.904791912107182,0.02719342526156133
24.93218992301159,0.10617171662500374
24.959587933915998,0.12781462921174475
24.986985944820407,0.07347163122577463
25.014383955724817,0.021777629291895143
25.041781966629223,0.01484124334898802
25.069179977533633,0.062425364862350945
25.09657798843804,0.0612682997764233
25.12397599934245,0.018174751124302654
25.151374010246858,0.052664337896994845
25.178772021151264,0.025425887055043887
25.206170032055674,0.06125599730337696
25.233568042960083,0.10211097197264694
25.26096605386449,0.0849962851291379
25.2883640647689,0.11834713149802514
25.31576207567331,0.10358386805275475
25.343160086577715,0.12326536771664216
25.370558097482125,0.12857313993237784
25.39795610838653,0.09145881981523424
25.42535411929094,0.09264516261856943
25.45275213019535,0.12884904082568094
25.480150141099756,0.059432052049857687
25.507548152004166,0.05424771481681313
25.534946162908575,0.03946577085349233
25.56234417381298,0.08267679213871876
25.58974218471739,0.12457213740889528
25.6171401956218,0.15853395111564042
25.644538206526207,0.1351419558346327
25.671936217430616,0.10971002446176373
25.699334228335022,0.08711125476595144
25.726732239239432,0.08331136135304656
25.75413025014384,0.11469539572151134
25.781528261048248,0.09216192995409278
25.808926271952657,0.15033168748198417
25.836324282857067,0.10573257102848559
25.863722293761473,0.09794299248325619
25.891120304665883,0.09267238329478984
25.918518315570292,0.09115703267277554
25.9459163264747,0.12663514058552044
25.973314337379108,0.13359768325491556
26.000712348283514,0.04446795229970169
26.028110359187924,0.0284128900879664
26.055508370092333,0.014918511920654937
26.08290638099674,0.06356287091806381
26.11030439190115,0.07023389047739362
26.13770240280556,0.04811709220408062
26.165100413709965,0.0466095318158579
26.192498424614374,0.08018538898857172
26.219896435518784,0.09282581642357293
26.24729444642319,0.0785565966558028
26.2746924573276,0.13162787651366348
26.302090468232006,0.11424410253559207
26.329488479136415,0.027941772676792737
26.356886490040825,0.10512875682561058
26.38428450094523,0.1257233756770966
26.41168251184964,0.13994571553188606
26.43908052275405,0.031177768319815512
26.466478533658456,0.023736345619096263
26.493876544562866,0.06434620897490588
26.521274555467276,0.14405159050762373
26.548672566371682,0.127786831608647
26.57607057727609,0.10486103998198094
26.603468588180498,0.10138843744820734
26.630866599084907,0.08201681752771622
26.658264609989317,0.10443399612654944
26.685662620893723,0.056160957977850284
26.713060631798133,0.0763212163063985
26.740458642702542,0.15307907935251558
26.767856653606948,0.04160881394717464
26.795254664511358,0.08729601994780616
26.822652675415767,0.09114598368216024
26.850050686320174,0.03450244207596506
26.877448697224583,0.04074701391596181
26.90484670812899,0.0189158001712717
26.9322447190334,0.06332583553088186
26.95964272993781,0.07618873264041688
26.987040740842215,0.024330778360815937
27.014438751746624,0.007576974046814123
27.041836762651034,0.03737112867138327
27.06923477355544,0.04957277547263529
27.09663278445985,0.03423635564890125
27.12403079536426,0.06371439275490001
27.151428806268665,0.04903461238385367
27.178826817173075,0.012400584049177406
27.206224828077485,0.08310426750626382
27.23362283898189,0.06506283695161713
27.2610208498863,0.05781260253807101
27.288418860790706,0.05767517987008257
27.315816871695116,0.0842836424295591
27.343214882599526,0.08743264396379961
27.37061289350393,0.09951343868601913
27.39801090440834,0.03363588620793182
27.42540891531275,0.02497232671469515
27.452806926217157,0.04190954484310514
27.480204937121567,0.12259965143870927
27.507602948025976,0.13163184092153385
27.535000958930382,0.09428837964406919
27.562398969834792,0.13001244781157317
27.589796980739198,0.029325033666497812
27.617194991643608,0.09913799452766978
27.644593002548017,0.07067357552522686
27.671991013452423,0.13773091053480593
27.699389024356833,0.044137228545197194
27.726787035261243,0.05226855805404114
27.75418504616565,0.0747993715484069
27.78158305707006,0.11978463774213913
27.808981067974468,0.10723843036512633
27.836379078878874,0.09889616507393502
27.863777089783284,0.12590696734401
27.89117510068769,0.096292596604555
27.9185731115921,0.022536189867850064
27.94597112249651,0.059813324993071154
27.973369133400915,0.020689967819442396
28.000767144305325,0.08760224260157365
28.028165155209734,0.028525776735648156
28.05556316611414,0.034625535104212665
28.08296117701855,0.03724603747176922
28.11035918792296,0.038707826489952496
28.137757198827366,0.0475081669717034
28.165155209731775,0.0885323192305089
28.19255322063618,0.05509251698588233
28.21995123154059,0.06900197394469743
28.247349242445,0.08139658859907477
28.274747253349407,0.08947413990228764
28.302145264253816,0.0749216826565419
28.329543275158226,0.1274151577394991
28.356941286062632,0.1352598747525808
28.384339296967042,0.07787690524902334
28.41173730787145,0.09156720943329545
28.439135318775858,0.13103572010850634
28.466533329680267,0.06731708470665262
28.493931340584673,0.029678352620248018
28.521329351489083,0.05118171019467285
28.548727362393493,0.027348878816461936
28.5761253732979,0.13408898393163726
28.603523384202308,0.08735406024498511
28.630921395106718,0.06907214092092782
28.658319406011124,0.023594283694020897
28.685717416915534,0.023391964723842078
28.713115427819943,0.021100903378487964
28.74051343872435,0.04219908243436583
28.76791144962876,0.0652638017260972
28.795309460533165,0.05737793727079203
28.822707471437575,0.030760431228298645
28.850105482341984,0.06945352865218364
28.87750349324639,0.030280692689086643
28.9049015041508,0.020190920050554957
28.93229951505521,0.03051234835451342
28.959697525959616,0.09334571261164822
28.987095536864025,0.060580459960736896
29.014493547768435,0.02224671025316855
29.04189155867284,0.010010227942085215
29.06928956957725,0.05025194404346572
29.096687580481657,0.048917308330200124
29.124085591386066,0.04862825618508554
29.151483602290476,0.054276137176604324
29.178881613194882,0.06317831571637203
29.20627962409929,0.08867159416842368
29.2336776350037,0.01859087609551174
29.261075645908107,0.08142728409222647
29.288473656812517,0.049345407357110356
29.315871667716927,0.04475396063239617
29.343269678621333,0.023529706988957063
29.370667689525742,0.1052375548966345
29.39806570043015,0.031754645977539235
29.425463711334558,0.02238918424415648
29.452861722238968,0.08846077125046832
29.480259733143374,0.0766733174050187
29.507657744047783,0.08533257506961374
29.535055754952193,0.10729826270095716
29.5624537658566,0.11416539656549875
29.58985177676101,0.1250488455198546
29.61724978766542,0.04245307336805986
29.644647798569824,0.0627983250489832
29.672045809474234,0.10114671962254587
29.69944382037864,0.07245324341842059
29.72684183128305,0.11772954039656038
29.75423984218746,0.12233372729569002
29.781637853091866,0.06800508419846726
29.809035863996275,0.11064858018778564
29.836433874900685,0.13306578912738298
29.86383188580509,0.06297618931340501
29.8912298967095,0.0571859302638565
29.91862790761391,0.12311588364750019
29.946025918518316,0.09228625092159942
29.973423929422726,0.11832875026663339
30.000821940327132,0.11793500145470906
30.02821995123154,0.030413333126808138
30.05561796213595,0.027189294057589374
30.083015973040357,0.06917635738325847
30.110413983944767,0.06775625640405104
30.137811994849177,0.09737734067165077
30.165210005753583,0.08657920170515314
30.192608016657992,0.07130112921129306
30.220006027562402,0.09554078453878521
30.247404038466808,0.1421114628594985
30.274802049371218,0.07810233465418298
30.302200060275624,0.15708583107352478
30.329598071180033,0.05994634888340764
30.356996082084443,0.05168998691718653
30.38439409298885,0.10750200685874109
30.41179210389326,0.10801299158593436
30.43919011479767,0.18612238556255262
30.466588125702074,0.12541349176037012
30.493986136606484,0.061774075837426244
30.521384147510894,0.07627963568692199
30.5487821584153,0.0315374239731738
30.57618016931971,0.11000032921577699
30.603578180224115,0.12512201157320474
30.630976191128525,0.11351408797416257
30.658374202032935,0.09354589786345903
30.68577221293734,0.08703280592197868
30.71317022384175,0.06070617167351198
30.74056823474616,0.15671198616919965
30.767966245650566,0.08214554574326632
30.795364256554976,0.0570542097104145
30.822762267459385,0.09197995425297194
30.85016027836379,0.12060858292018531
30.8775582892682,0.08477116445394763
30.904956300172607,0.08363218877985756
30.932354311077017,0.06339331787598701
30.959752321981426,0.11454880971855694
30.987150332885832,0.1185085485844179
31.014548343790242,0.02760808748534003
31.04194635469465,0.0478991757052663
31.069344365599058,0.05228410028510626
31.096742376503467,0.06228945787812542
31.124140387407877,0.039774302306628345
31.151538398312283,0.0751483940762382
31.178936409216693,0.04931227117953519
31.206334420121102,0.11904160481636482
31.23373243102551,0.0756704327619869
31.261130441929918,0.06590343513284332
31.288528452834324,0.12979628077012187
31.315926463738734,0.031638724614012
31.343324474643143,0.048360107317273436
31.37072248554755,0.07124340572411364
31.39812049645196,0.06004588024195113
31.42551850735637,0.10946298872738046
31.452916518260775,0.14131401500196744
31.480314529165184,0.05184887617076048
31.507712540069594,0.08761469332307006
31.535110550974,0.027896164827187563
31.56250856187841,0.04603694176030043
31.589906572782816,0.044106227895753816
31.617304583687226,0.06310945025526685
31.644702594591635,0.024376641671882016
31.67210060549604,0.030230842515249302
31.69949861640045,0.0535792271893938
31.72689662730486,0.03748839903041326
31.754294638209267,0.030603735245612593
31.781692649113676,0.1239868722700658
31.809090660018086,0.035618659147854635
31.836488670922492,0.11722659471388053
31.8638866818269,0.03733931182278177
31.891284692731308,0.10997790818028522
31.918682703635717,0.058523807743921144
31.946080714540127,0.09804302773939715
31.973478725444533,0.07467009588957274
32.00087673634894,0.017306456364147637
32.02827474725335,0.013111468242875585
32.05567275815776,0.04085163922576657
32.08307076906217,0.04950151317025327
32.110468779966574,0.01795185602055812
32.13786679087099,0.009826081735300835
32.16526480177539,0.009791236631468471
32.1926628126798,0.0230500146022497
32.22006082358421,0.010367688894156004
32.24745883448862,0.051326512219466894
32.274856845393025,0.05731684082494322
32.30225485629743,0.06177351746263199
32.329652867201844,0.05946850783327785
32.35705087810625,0.021606394731270087
32.384448889010656,0.04379165243110782
32.41184689991507,0.03467796977616503
32.439244910819475,0.028657210726025825
32.46664292172388,0.07771560946111636
32.494040932628295,0.0772165771339689
32.5214389435327,0.1069977030190722
32.54883695443711,0.029649549956074616
32.57623496534152,0.03856719294521455
32.603632976245926,0.1142001464271663
32.63103098715033,0.0959608418780614
32.658428998054745,0.06690892564368224
32.68582700895915,0.09884528812570174
32.71322501986356,0.10904282712240237
32.74062303076797,0.07758981133356758
32.76802104167238,0.08528212856855968
32.79541905257678,0.030688878677334865
32.822817063481196,0.05197169113575432
32.8502150743856,0.05527069474587963
32.87761308529001,0.11532197328098162
32.905011096194414,0.06841078388996617
32.93240910709883,0.11403234535821069
32.95980711800323,0.12103259412767801
32.98720512890764,0.056179535010108965
33.01460313981205,0.014351333952440449
33.04200115071646,0.021748170726148854
33.069399161620865,0.01931952642923098
33.09679717252528,0.012195080921125742
33.124195183429684,0.011216600124069403
33.15159319433409,0.03516706151645645
33.1789912052385,0.011452091870790253
33.20638921614291,0.037267856696919566
33.233787227047316,0.03807140519168874
33.26118523795173,0.051148793201639696
33.288583248856135,0.06951431630938099
33.31598125976054,0.05262821853670289
33.343379270664954,0.0876632802022325
33.37077728156936,0.07247498063624128
33.398175292473766,0.05614689820645692
33.42557330337818,0.08973243018581523
33.452971314282586,0.06702404196355795
33.48036932518699,0.08749441471028335
33.507767336091405,0.07703875846281015
33.53516534699581,0.11327625335131153
33.56256335790022,0.11915410322437404
33.58996136880462,0.09804766579786092
33.617359379709036,0.1384479902408962
33.64475739061344,0.14682366922766948
33.67215540151785,0.05419883277024509
33.69955341242226,0.021241885661830284
33.72695142332667,0.13579211341103442
33.754349434231074,0.034398249053899314
33.78174744513549,0.11311608925172861
33.80914545603989,0.11375904962335598
33.8365434669443,0.09123075975081653
33.86394147784871,0.08660412496477861
33.89133948875312,0.13723980807203565
33.918737499657524,0.03452804676890842
33.94613551056194,0.07041142950064673
33.973533521466344,0.024614921134407976
34.00093153237075,0.09268938932773825
34.02832954327516,0.05247883902876531
34.05572755417957,0.025196245829898704
34.083125565083975,0.07778520295203095
34.11052357598839,0.05797544225670273
34.137921586892794,0.05288646020219755
34.1653195977972,0.08648775288550337
34.19271760870161,0.06328927565199795
34.22011561960602,0.05908464387092036
34.247513630510426,0.06327524064506145
34.27491164141483,0.13386774487378314
34.302309652319245,0.13412588550957927
34.32970766322365,0.12191341641739999
34.35710567412806,0.14716390592316292
34.38450368503247,0.15091194518315001
34.411901695936876,0.051731048966686975
34.43929970684128,0.030793650385493587
34.466697717745696,0.17326317664692
34.4940957286501,0.06343636063972884
34.52149373955451,0.16673437153875276
34.54889175045892,0.1358001738409642
34.57628976136333,0.0994799031722776
34.60368777226773,0.10502012029802799
34.631085783172146,0.16495445522351931
34.65848379407655,0.10625356109938801
34.68588180498096,0.08586405411457365
34.71327981588537,0.15303107744797037
34.74067782678978,0.14035998996330526
34.768075837694184,0.1271106962255873
34.79547384859859,0.031513401747713686
34.822871859503,0.12819231742152315
34.85026987040741,0.12099494531171473
34.877667881311815,0.0713193077481371
34.90506589221623,0.09725238318976777
34.932463903120635,0.054401073267843776
34.95986191402504,0.07482872348049088
34.987259924929454,0.12523793002823672
35.01465793583386,0.027245720552473818
35.042055946738266,0.008855998355866552
35.06945395764268,0.0108488146448242
35.096851968547085,0.0653320766062916
35.12424997945149,0.05086525356455029
35.151647990355904,0.07246555101338513
35.17904600126031,0.04798433884897319
35.20644401216472,0.053184146764083604
35.23384202306913,0.04628936883383401
35.261240033973536,0.06081502562655272
35.28863804487794,0.017642784675653726
35.316036055782355,0.05981344130344604
35.34343406668676,0.09023995391808777
35.37083207759117,0.13070116072106983
35.39823008849557,0.06318726878937711
35.42562809939999,0.019854164291306996
35.45302611030439,0.05081570616910354
35.4804241212088,0.08657799305921152
35.50782213211321,0.10394726955847969
35.53522014301762,0.059058314637791196
35.562618153922024,0.02871716022970024
35.59001616482644,0.06677723557559478
35.61741417573084,0.026174531234803178
35.64481218663525,0.04968473570108366
35.67221019753966,0.1291286187654923
35.69960820844407,0.09536025241532485
35.727006219348475,0.07500742899140131
35.75440423025289,0.02003605500283895
35.781802241157294,0.08759252729371435
35.8092002520617,0.10525715965856941
35.83659826296611,0.11616562680270663
35.86399627387052,0.060942257544540065
35.891394284774925,0.09321024190217332
35.91879229567934,0.1274095918602605
35.946190306583745,0.07160126253775567
35.97358831748815,0.10257044085473015
36.00098632839256,0.06383728153155416
36.02838433929697,0.015560799769818123
36.055782350201376,0.04008594243509344
36.08318036110578,0.021920357990635294
36.110578372010195,0.04016353219407158
36.1379763829146,0.07206568810624492
36.16537439381901,0.08588585279747325
36.19277240472342,0.10016476583436389
36.22017041562783,0.036597850948050334
36.24756842653223,0.08372192636327826
36.274966437436646,0.07505083419485956
36.30236444834105,0.09636495207374579
36.32976245924546,0.038923424555980884
36.35716047014987,0.041699436860860514
36.38455848105428,0.06769186413478319
36.411956491958684,0.04618920082201667
36.4393545028631,0.08498212910774654
36.4667525137675,0.06720869724767208
36.49415052467191,0.1495785486659934
36.52154853557632,0.08313658108658212
36.54894654648073,0.06318176187694008
36.576344557385134,0.05396846027962835
36.60374256828954,0.09483322120394384
36.63114057919395,0.12209157151634342
36.65853859009836,0.11332613437579936
36.685936601002766,0.10068751116013008
36.71333461190718,0.1326368460277467
36.740732622811585,0.1285467119143446
36.76813063371599,0.12348827125435946
36.795528644620404,0.05262634910082874
36.82292665552481,0.14020113928328531
36.850324666429216,0.027181298870068253
36.87772267733363,0.03503466118703321
36.905120688238036,0.054279426997117804
36.93251869914244,0.018830172652972595
36.959916710046855,0.0211061256884171
36.98731472095126,0.018237389715378707
37.01471273185567,0.023272434931234043
37.04211074276008,0.017714216232352094
37.069508753664486,0.035559809292027095
37.09690676456889,0.053955222791595994
37.124304775473306,0.05806450617997397
37.15170278637771,0.03259693813405816
37.17910079728212,0.07488192608271184
37.206498808186524,0.04884536652030094
37.23389681909094,0.09465102005720097
37.26129482999534,0.04085319920776739
37.28869284089975,0.028410767532125243
37.31609085180416,0.07593978853901012
37.34348886270857,0.11959552639928997
37.370886873612974,0.1053463958750788
37.39828488451739,0.11555925078751798
37.425682895421794,0.06843306966395234
37.4530809063262,0.07873406630315494
37.48047891723061,0.025069199029701172
37.50787692813502,0.12009209632935547
37.535274939039425,0.03113146495607684
37.56267294994384,0.09988232599179146
37.590070960848244,0.11572719709805965
37.61746897175265,0.11921870055489145
37.644866982657064,0.1205781129441629
37.67226499356147,0.0558944063907146
37.699663004465876,0.11441499024569278
37.72706101537029,0.10333000460551313
37.754459026274695,0.08220385741921876
37.7818570371791,0.09957313030922026
37.809255048083514,0.0913145218913754
37.83665305898792,0.13878513121696906
37.86405106989233,0.04123646487596224
37.89144908079673,0.02545672964512058
37.918847091701146,0.09012089232689942
37.94624510260555,0.019841651490899323
37.97364311350996,0.09472758246885775
38.00104112441437,0.09835193302531475
38.02843913531878,0.01801390905423482
38.05583714622318,0.028096592545771293
38.083235157127596,0.06647370766026484
38.110633168032,0.041070257417353914
38.13803117893641,0.033427744540009234
38.16542918984082,0.01592435015895307
38.19282720074523,0.05652500965885138
38.220225211649634,0.06579652357315213
38.24762322255405,0.0835491322635931
38.27502123345845,0.07217789925215488
38.30241924436286,0.019196465161752354
38.32981725526727,0.06151587159722465
38.35721526617168,0.05258268873138321
38.384613277076085,0.05711946540944493
38.4120112879805,0.030440596666532607
38.439409298884904,0.019443187195992098
38.46680730978931,0.0953909952508461
38.494205320693716,0.06389870746676067
38.52160333159813,0.025342133107701306
38.549001342502535,0.03962776944988401
38.57639935340694,0.09108229521701214
38.603797364311355,0.022446859526249405
38.63119537521576,0.04859459080398637
38.65859338612017,0.08331653808883112
38.68599139702458,0.07483013382593559
38.713389407928986,0.1310584752363586
38.74078741883339,0.02884563910583168
38.768185429737805,0.08829729130996546
38.79558344064221,0.0911808214617146
38.82298145154662,0.12015969255481454
38.85037946245103,0.04241983200651159
38.87777747335544,0.08386664902904477
38.90517548425984,0.10420008818137122
38.932573495164256,0.12164118173372611
38.95997150606866,0.0691000550486301
38.98736951697307,0.059069532184098904
39.01476752787748,0.03230251879125286
39.04216553878189,0.04615160330976105
39.06956354968629,0.0182233747325457
39.0969615605907,0.042002823813901455
39.12435957149511,0.06942150686321419
39.15175758239952,0.0351076821028774
39.179155593303925,0.04793489754323686
39.20655360420834,0.08946555420112907
39.233951615112744,0.09935679031607286
39.26134962601715,0.05764250914388804
39.28874763692156,0.131209837749358
39.31614564782597,0.027075666772038185
39.343543658730376,0.08059571439691629
39.37094166963479,0.10688939140624037
39.398339680539195,0.14130014119630718
39.4257376914436,0.10582775923866128
39.453135702348014,0.1263593258825108
39.48053371325242,0.06678289260963971
39.507931724156826,0.10178359210222938
39.53532973506124,0.10831546021425303
39.562727745965645,0.15925321085678962
39.59012575687005,0.13044367749729346
39.617523767774465,0.13416955812608056
39.64492177867887,0.1224496186438479
39.67231978958328,0.08770387726120367
39.69971780048768,0.11058883117821179
39.727115811392096,0.15164675694188487
39.7545138222965,0.11236492187152386
39.78191183320091,0.14608130367541752
39.80930984410532,0.082307877443272
39.83670785500973,0.023012514901844746
39.864105865914134,0.08296201849996675
39.89150387681855,0.027948642658994438
39.91890188772295,0.12458031002381782
39.94629989862736,0.11969654248240959
39.97369790953177,0.043062918019748965
40.00109592043618,0.054066397558569464
40.028493931340584,0.009994919153351916
40.055891942245,0.046900436748982005
40.083289953149404,0.06786778659196034
40.11068796405381,0.060922065139333195
40.13808597495822,0.07043380601208174
40.16548398586263,0.06636798421604181
40.192881996767035,0.05656503793562593
40.22028000767145,0.06735280452660972
40.247678018575854,0.07250579171849725
40.27507602948026,0.10914386132324642
40.302474040384666,0.1106310200953801
40.32987205128908,0.09616128542209224
40.357270062193486,0.08726357722925165
40.38466807309789,0.1367927288465994
40.412066084002305,0.03647253845688978
40.43946409490671,0.10535816487143618
40.46686210581112,0.1354934157647739
40.49426011671553,0.1385175681633265
40.521658127619936,0.09315016844054178
40.54905613852434,0.0953405377280126
40.576454149428756,0.06086572473906414
40.60385216033316,0.09408209066371172
40.63125017123757,0.1476922597157259
40.65864818214198,0.04304945026526102
40.68604619304639,0.12289093961489933
40.71344420395079,0.13690792553284398
40.740842214855206,0.09000307718730552
40.76824022575961,0.12356648596210017
40.79563823666402,0.04173572605576471
40.82303624756843,0.04835803261533834
40.85043425847284,0.0592824654105386
40.877832269377244,0.023868308549483117
40.90523028028165,0.021610425381466136
40.93262829118606,0.019961175252275747
40.96002630209047,0.0662095529370652
40.987424312994875,0.09744751150009802
41.01482232389929,0.05284829535924623
41.042220334803694,0.04575655978699096
41.0696183457081,0.06017573950836088
41.097016356612514,0.016178445942775656
41.12441436751692,0.02569021253297545
41.151812378421326,0.011860467074457703
41.17921038932574,0.011870566224077977
41.206608400230145,0.011799347304709447
41.23400641113455,0.08339029562991654
41.261404422038964,0.06920972201670184
41.28880243294337,0.02540657382545733
41.31620044384778,0.02638913326947096
41.34359845475219,0.06600983708762363
41.370996465656596,0.11211484291750332
41.398394476561,0.09023860046024386
41.425792487465415,0.019237482379806364
41.45319049836982,0.10852568558925293
41.48058850927423,0.05517113482055776
41.50798652017863,0.08661976923005238
41.53538453108305,0.0845138362440991
41.56278254198745,0.12837682535488573
41.59018055289186,0.05650725730410684
41.61757856379627,0.03976076855156977
41.64497657470068,0.09370707747291239
41.672374585605084,0.11745403416508181
41.6997725965095,0.10349833996616872
41.7271706074139,0.09252107679590835
41.75456861831831,0.0754464461528085
41.78196662922272,0.06650188400081242
41.80936464012713,0.08263497747717667
41.836762651031535,0.09265726929241316
41.86416066193595,0.07381158483420086
41.891558672840354,0.08506288695661099
41.91895668374476,0.04784941608426376
41.94635469464917,0.11020997043126148
41.97375270555358,0.041169281904988954
42.001150716457985,0.10298454104543284
42.0285487273624,0.014586752888696791
42.055946738266805,0.03460355820536914
42.08334474917121,0.059106909040860516
42.110742760075624,0.05540577580449591
42.13814077098003,0.04720706447068575
42.165538781884436,0.013771044720693447
42.19293679278884,0.06542338510180602
42.220334803693255,0.020233984884027757
42.24773281459766,0.02562893990762469
42.27513082550207,0.07345740620725509
42.30252883640648,0.09095558056940362
42.32992684731089,0.05559125391439333
42.35732485821529,0.1015738862857451
42.384722869119706,0.08942150649187433
42.41212088002411,0.1297978565677751
42.43951889092852,0.11084906564082547
42.46691690183293,0.14243222816197015
42.49431491273734,0.07702188550118982
42.52171292364174,0.06515725378713733
42.54911093454616,0.08755618796137557
42.57650894545056,0.12295085305949136
42.60390695635497,0.14435486255203728
42.63130496725938,0.14330410003994956
42.65870297816379,0.0959297826358847
42.686100989068194,0.10910917997815534
42.71349899997261,0.097563832997215
42.74089701087701,0.09731240855488152
42.76829502178142,0.12421261282079937
42.795693032685826,0.10899612804124081
42.82309104359024,0.04894496046560548
42.850489054494645,0.13968818980784098
42.87788706539905,0.13883487912215886
42.905285076303464,0.13520189346300088
42.93268308720787,0.1340792248260706
42.960081098112276,0.0949638734093585
42.98747910901669,0.04375470651008918
43.014877119921096,0.04669600144390243
43.0422751308255,0.044883525454961125
43.069673141729915,0.07180157497280118
43.09707115263432,0.030671614777379515
43.12446916353873,0.09550875234665884
43.15186717444314,0.08242962298598469
43.179265185347546,0.09528366503578213
43.20666319625195,0.10116557715311253
43.234061207156365,0.14084885184334484
43.26145921806077,0.10086653997943816
43.28885722896518,0.11432889296547702
43.31625523986959,0.09312666789403334
43.343653250774,0.04637700417248817
43.3710512616784,0.025312130427519706
43.39844927258281,0.10327239613113726
43.42584728348722,0.11650236648756176
43.45324529439163,0.08168528944661242
43.480643305296034,0.05252760216417845
43.50804131620045,0.030390438147279618
43.535439327104854,0.047744959985560144
43.56283733800926,0.11447350470405089
43.59023534891367,0.10985116338940215
43.61763335981808,0.026215389682894955
43.645031370722485,0.06325684165258877
43.6724293816269,0.12738942585502858
43.699827392531304,0.044581890439911134
43.72722540343571,0.14910073806621585
43.754623414340124,0.12100231682192324
43.78202142524453,0.026475160600144033
43.809419436148936,0.09135165094996457
43.83681744705335,0.021487210930338802
43.864215457957755,0.039723957488092765
43.89161346886216,0.04463153610415136
43.919011479766574,0.016824787900315902
43.94640949067098,0.04302850346309569
43.973807501575386,0.09864883374238999
44.00120551247979,0.02833732794182338
44.028603523384206,0.025605442727446186
44.05600153428861,0.018712704026194835
44.08339954519302,0.03150040877981094
44.11079755609743,0.05536140012316731
44.13819556700184,0.02634557002250249
44.16559357790624,0.011838744262274119
44.192991588810656,0.013010407808176305
44.22038959971506,0.01730455073741202
44.24778761061947,0.05537278106329317
44.27518562152388,0.012190328132010136
44.30258363242829,0.07247082706964718
44.329981643332694,0.014724521726566173
44.35737965423711,0.016773317645507633
44.38477766514151,0.019523396303079588
44.41217567604592,0.05416226430851939
44.43957368695033,0.054037960718419445
44.46697169785474,0.03683632971937228
44.494369708759145,0.02591246737744271
44.52176771966356,0.03376673194664985
44.549165730567964,0.01976476259055623
44.57656374147237,0.04436985132720231
44.603961752376776,0.021878279523474365
44.63135976328119,0.035989316547029984
44.658757774185595,0.05086591890620753
44.68615578509,0.061721043912238156
44.713553795994414,0.058040508412059294
44.74095180689882,0.045958448209826024
44.76834981780323,0.042245640717693794
44.79574782870764,0.05419386427015209
44.823145839612046,0.029090221062953704
44.85054385051645,0.06662525642940242
44.877941861420865,0.0961865342700028
44.90533987232527,0.08648767635726748
44.93273788322968,0.08952418750316124
44.96013589413409,0.07828069803106281
44.9875339050385,0.03101962671435388
45.0149319159429,0.007365792844257945
45.042329926847316,0.006173771200067931
45.06972793775172,0.04286364083778762
45.09712594865613,0.04347388313085845
45.12452395956054,0.04702048833515528
45.15192197046495,0.06526242399392033
45.17931998136935,0.07506850535986512
45.20671799227376,0.061406795265190474
45.23411600317817,0.07746121520810859
45.26151401408258,0.08348908080379117
45.288912024986985,0.10386000101279103
45.3163100358914,0.13648135740953626
45.343708046795804,0.05210878320575106
45.37110605770021,0.09888322329339846
45.39850406860462,0.09971202953364845
45.42590207950903,0.13473773517490073
45.453300090413435,0.10685258673901243
45.48069810131785,0.1712269239387707
45.508096112222255,0.03488557472527881
45.53549412312666,0.11386278115651174
45.562892134031074,0.15241915372138334
45.59029014493548,0.16177338001682554
45.617688155839886,0.08528681568475192
45.6450861667443,0.16982295753022636
45.672484177648705,0.07832956811320167
45.69988218855311,0.157390820926721
45.727280199457525,0.09847336043057828
45.75467821036193,0.160567760233024
45.78207622126634,0.15896227358265133
45.80947423217075,0.17017314435898978
45.836872243075156,0.10892167244095921
45.86427025397956,0.1451963556637872
45.89166826488397,0.04554498492491005
45.91906627578838,0.12936111228477468
45.94646428669279,0.036091512776955416
45.973862297597194,0.06797960067704893
46.00126030850161,0.03316302505710432
46.02865831940601,0.01837494609796185
46.05605633031042,0.05942006893073982
46.08345434121483,0.022438158984734606
46.11085235211924,0.09064257587887985
46.138250363023644,0.019197409006938768
46.16564837392806,0.06149995188630131
46.19304638483246,0.06808160653655819
46.22044439573687,0.0991650580700285
46.24784240664128,0.08570481641308961
46.27524041754569,0.03845481432241442
46.302638428450095,0.09706456489531633
46.33003643935451,0.030920616288168588
46.357434450258914,0.1162656407021148
46.38483246116332,0.13444838723180103
46.41223047206773,0.10456418167393493
46.43962848297214,0.10523397939034612
46.467026493876546,0.13487715532844333
46.49442450478095,0.14067881223079984
46.521822515685365,0.15765319890873233
46.54922052658977,0.1644619038808405
46.57661853749418,0.04193826142908343
46.60401654839859,0.025492139406947327
46.631414559302996,0.031145872519124308
46.6588125702074,0.025563447496977
46.686210581111816,0.02477120410793269
46.71360859201622,0.07530273161893611
46.74100660292063,0.02350335663049694
46.76840461382504,0.09828132446262562
46.79580262472945,0.09239857302027396
46.82320063563385,0.09726860341099809
46.850598646538266,0.09840256035174574
46.87799665744267,0.11615286924913593
46.90539466834708,0.09882312174322695
46.93279267925149,0.03232173010876131
46.9601906901559,0.07692493603805751
46.987588701060304,0.07051194770618578
47.01498671196472,0.052291842882801295
47.04238472286912,0.012000289081143867
47.06978273377353,0.014430745967785338
47.097180744677935,0.04011656538332391
47.12457875558235,0.07284675060121036
47.151976766486754,0.01955192014855594
47.17937477739116,0.0772318712257418
47.206772788295574,0.06901584775377434
47.23417079919998,0.08749861247099901
47.261568810104386,0.031485343495942036
47.2889668210088,0.03163211276712678
47.316364831913205,0.018179353794698875
47.34376284281761,0.016658234012135318
47.371160853722024,0.038046601303859576
47.39855886462643,0.08793766191893972
47.42595687553084,0.08823743796807593
47.45335488643525,0.12469658406114142
47.480752897339656,0.08992149928887903
47.50815090824406,0.0878839367471089
47.535548919148475,0.12058405235616625
47.56294693005288,0.12537993839669564
47.59034494095729,0.05090483237016685
47.6177429518617,0.06923976983147288
47.645140962766106,0.13402868309306312
47.67253897367051,0.11191651689181611
47.69993698457492,0.09135568391809468
47.72733499547933,0.05723924379786993
47.75473300638374,0.035897715688545564
47.782131017288144,0.019155046667929658
47.80952902819256,0.12108691315542411
47.83692703909696,0.03061026730239562
47.86432505000137,0.07950678989206827
47.89172306090578,0.02996192635443008
47.91912107181019,0.05143581337464752
47.946519082714595,0.045011784442657
47.97391709361901,0.09089208594160482
48.001315104523414,0.07639053627917775
48.02871311542782,0.008969523100841648
48.05611112633223,0.00928095244888523
48.08350913723664,0.05406009121498724
48.110907148141045,0.0150978292015621
48.13830515904546,0.027111003487578167
48.165703169949865,0.06448136214158326
48.19310118085427,0.08148978905303456
48.220499191758684,0.05875834977446145
48.24789720266309,0.029409450020180514
48.275295213567496,0.05692905897811103
48.3026932244719,0.08011208450066863
48.330091235376315,0.06671769692570235
48.35748924628072,0.07318365576211786
48.38488725718513,0.07594860397871239
48.41228526808954,0.02322468980828067
48.43968327899395,0.07753787381154319
48.46708128989835,0.022177199927538402
48.494479300802766,0.042505268253301955
48.52187731170717,0.09450230586688138
48.54927532261158,0.10707724521029303
48.57667333351599,0.09275974082982671
48.6040713444204,0.04758333812894057
48.6314693553248,0.056363730885488315
48.65886736622922,0.020581952564893015
48.68626537713362,0.10444818184085986
48.71366338803803,0.06990089086052324
48.74106139894244,0.11743132576865346
48.76845940984685,0.06785902239110947
48.795857420751254,0.11171851123873867
48.82325543165567,0.09636826537533046
48.85065344256007,0.1285419737025231
48.87805145346448,0.11420678803797106
48.905449464368886,0.060577440627774454
48.9328474752733,0.031458471120486727
48.960245486177705,0.04505334461213891
48.98764349708211,0.06486127020014423
49.015041507986524,0.015303684875152474
49.04243951889093,0.007680766530642405
49.069837529795336,0.02703611062929188
49.09723554069975,0.0610410002876713
49.124633551604155,0.06850857711232314
49.15203156250856,0.06245867117893042
49.179429573412975,0.07235142587751457
49.20682758431738,0.03404238412527407
49.23422559522179,0.022958481102924623
49.2616236061262,0.025011528078844384
49.289021617030606,0.015763345485624136
49.31641962793501,0.1053699954138943
49.343817638839425,0.06796022361708452
49.37121564974383,0.09851412477819367
49.39861366064824,0.09717577711832351
49.42601167155265,0.03644183035921476
49.45340968245706,0.09728464656086246
49.48080769336146,0.04776654503564906
49.50820570426587,0.10023284066973887
49.53560371517028,0.14636613188703956
49.56300172607469,0.11469085831342175
49.590399736979094,0.12098049525945896
49.61779774788351,0.025199592466280875
49.645195758787914,0.031081481596461454
49.67259376969232,0.14191579187526707
49.69999178059673,0.08643550605391205
49.72738979150114,0.05400561566445738
49.754787802405545,0.024841956197475912
49.78218581330996,0.052977564824904705
49.809583824214364,0.04334566951175283
49.83698183511877,0.07396593041442721
49.86437984602318,0.1141236801083578
49.89177785692759,0.0635015835132468
49.919175867831996,0.08783190141066509
49.94657387873641,0.0725342732529438
49.973971889640815,0.08172621722585971
50.00136990054522,0.11869598184069143
50.028767911449634,0.053510427588293524
50.05616592235404,0.051762198800325246
50.083563933258446,0.0783666940308742
50.11096194416286,0.09373336012643757
50.138359955067266,0.06305712626600797
50.16575796597167,0.10468132646910293
50.19315597687608,0.04118954728019731
50.22055398778049,0.040456559927346245
50.2479519986849,0.06095174625742093
50.2753500095893,0.10025673683961124
50.302748020493716,0.140420629657513
50.33014603139812,0.116886947925186
50.35754404230253,0.06143879540700409
50.38494205320694,0.0909860254437088
50.41234006411135,0.14621445841730746
50.439738075015754,0.16500913799567096
50.46713608592017,0.10305383667044285
50.49453409682457,0.09980997617926946
50.52193210772898,0.13685994132581122
50.54933011863339,0.11979330855587493
50.5767281295378,0.09568610430407835
50.604126140442204,0.14346406652550955
50.63152415134662,0.0736285118270426
50.658922162251024,0.13063158286888385
50.68632017315543,0.12560817980043146
50.71371818405984,0.10266751009776559
50.74111619496425,0.0762243370267894
50.768514205868655,0.06647428862833643
50.79591221677306,0.10656260274185347
50.823310227677474,0.14886313706990084
50.85070823858188,0.04303626462769454
50.87810624948629,0.09168645702442159
50.9055042603907,0.07059381749718852
50.932902271295106,0.07130923025959822
50.96030028219951,0.1284686923460008
50.987698293103925,0.10100463404391058
51.01509630400833,0.03210265526812334
51.04249431491274,0.011553835616390125
51.06989232581715,0.013399921591241303
51.09729033672156,0.01471075129488637
51.12468834762596,0.03930894856080868
51.152086358530376,0.0163749013354322
51.17948436943478,0.017838075628018178
51.20688238033919,0.025456731947440046
51.2342803912436,0.013547804291689924
51.26167840214801,0.023762108735045466
51.28907641305241,0.032288835209660444
51.31647442395683,0.01791408852937116
51.34387243486123,0.01275361059266802
51.37127044576564,0.019383329595520745
51.398668456670045,0.01927882876498295
51.42606646757446,0.01206520790021563
51.453464478478864,0.045377872479751946
51.48086248938327,0.05165830337687952
51.50826050028768,0.086697069550292
51.53565851119209,0.07854758817136323
51.563056522096495,0.05529654473470299
51.59045453300091,0.07759703195358264
51.617852543905315,0.06250024431322827
51.64525055480972,0.09861853120815617
51.672648565714134,0.02786255796997942
51.70004657661854,0.033576562962209726
51.727444587522946,0.07395568381518475
51.75484259842736,0.10289013072913909
51.782240609331765,0.09484788756197113
51.80963862023617,0.08056114958897591
51.837036631140585,0.058633442095830865
51.86443464204499,0.0898801171529169
51.8918326529494,0.08541957263252595
51.91923066385381,0.09165884548812425
51.946628674758216,0.023638900008331392
51.97402668566262,0.021304990498597874
52.00142469656703,0.0158344273632642
52.02882270747144,0.040732158543611174
52.05622071837585,0.023787438332848798
52.08361872928025,0.012022436227792324
52.11101674018467,0.023780814980212877
52.13841475108907,0.010072802345658348
52.16581276199348,0.013758732407450024
52.19321077289789,0.039201706010877066
52.2206087838023,0.05952073167411039
52.248006794706704,0.021680084720500835
52.27540480561112,0.013979580327611568
52.30280281651552,0.011335041334061413
52.33020082741993,0.06701224858857803
52.35759883832434,0.033327789463776056
52.38499684922875,0.024218048293161595
52.412394860133155,0.04600294836055106
52.43979287103757,0.02056974129057301
52.467190881941974,0.05193244538140691
52.49458889284638,0.014829449134869215
52.52198690375079,0.06592774013719249
52.5493849146552,0.08510268275137624
52.576782925559606,0.054148196435370104
52.60418093646401,0.09083474363255013
52.631578947368425,0.061288707586086996
52.65897695827283,0.02179795235736732
52.68637496917724,0.0834647300162866
52.71377298008165,0.1121717809397458
52.741170990986056,0.1087856529124343
52.76856900189046,0.10209470136957019
52.795967012794875,0.11697167595732183
52.82336502369928,0.0991370046136398
52.85076303460369,0.07619186847074819
52.8781610455081,0.09885643615292952
52.90555905641251,0.08878650120349824
52.93295706731691,0.0995410627404473
52.960355078221326,0.10295646572990258
52.98775308912573,0.08894026580045397
53.01515110003014,0.02708120958033812
53.04254911093455,0.05652460769740296
53.06994712183896,0.034612206033341
53.097345132743364,0.05247305457534826
53.12474314364778,0.016753379641094034
53.15214115455218,0.039154129694493146
53.17953916545659,0.05362715968113872
53.206937176360995,0.04511926991755531
53.23433518726541,0.11577642710456938
53.261733198169814,0.114512192442875
53.28913120907422,0.10865910798428596
53.316529219978634,0.039845246187597966
53.34392723088304,0.1651765836062326
53.371325241787446,0.14366453922250783
53.39872325269186,0.039408728222857334
53.426121263596265,0.029741425444175244
53.45351927450067,0.1412788396690732
53.480917285405084,0.1439683876014598
53.50831529630949,0.1807636010468469
53.535713307213896,0.16194324897045914
53.56311131811831,0.03234734912194146
53.590509329022716,0.15889913023604701
53.61790733992712,0.14264672676049747
53.645305350831535,0.13645272897652133
53.67270336173594,0.16904836061145626
53.70010137264035,0.11691188538382918
53.72749938354476,0.13651373519619997
53.754897394449166,0.1786534318033991
53.78229540535357,0.11173763413912877
53.80969341625798,0.15938580342003608
53.83709142716239,0.12128502008316382
53.8644894380668,0.09970403685510511
53.891887448971204,0.06801346504202788
53.91928545987562,0.0738652245687563
53.94668347078002,0.08683989965983568
53.97408148168443,0.1414839415889657
54.00147949258884,0.03901333271771147
54.02887750349325,0.03282410191089935
54.056275514397655,0.06402129926059484
54.08367352530207,0.05845878678367349
54.111071536206474,0.015576831782599072
54.13846954711088,0.05846838104062245
54.16586755801529,0.08644304564556833
54.1932655689197,0.028780628249137633
54.220663579824105,0.11993006866191852
54.24806159072852,0.07221824601103886
54.275459601632924,0.10603580148952534
54.30285761253733,0.0863391659829134
54.330255623441744,0.1349721468602969
54.35765363434615,0.12121979725982505
54.385051645250556,0.10341560377816146
54.41244965615497,0.032526723668018336
54.439847667059375,0.09157051906806685
54.46724567796378,0.13696159494365018
54.49464368886819,0.14139930377489712
54.5220416997726,0.03346482144391475
54.54943971067701,0.10648494428366173
54.57683772158141,0.03939272118727134
54.604235732485826,0.026763392562504706
54.63163374339023,0.12432061322189308
54.65903175429464,0.16444308314861988
54.68642976519905,0.14802349072124182
54.71382777610346,0.11408301038259695
54.74122578700786,0.10308869736264778
54.76862379791228,0.027203171044806206
54.79602180881668,0.023584449239061795
54.82341981972109,0.12990382841387937
54.8508178306255,0.047008969676134806
54.87821584152991,0.13129736859337934
54.905613852434314,0.029180173017323598
54.93301186333873,0.0281046473281071
54.96040987424313,0.06757560847520434
54.98780788514754,0.06272349038883124
55.01520589605195,0.054059519418091284
55.04260390695636,0.04455197625973172
55.070001917860765,0.03337196805063044
55.09739992876517,0.04924534140816525
55.124797939669584,0.09130388438317556
55.15219595057399,0.04267700818841012
55.179593961478396,0.09094159580082405
55.20699197238281,0.08646537919776341
55.234389983287215,0.06509543730325318
55.26178799419162,0.09937888434041471
55.289186005096035,0.04196625587673067
55.31658401600044,0.10644758839820559
55.34398202690485,0.14017689137660466
55.37138003780926,0.09291530105763542
55.398778048713666,0.13515787925244557
55.42617605961807,0.10939751816780904
55.453574070522485,0.09686849736926893
55.48097208142689,0.09331816824212032
55.5083700923313,0.09112628797878138
55.53576810323571,0.14660497165415717
55.56316611414012,0.03465815195726661
55.59056412504452,0.13391176715482017
55.617962135948936,0.08421771954243165
55.64536014685334,0.06706780624041454
55.67275815775775,0.07497211968386193
55.700156168662154,0.032937690941070984
55.72755417956657,0.05257415157021962
55.75495219047097,0.12099195661269468
55.78235020137538,0.07933161655399504
55.80974821227979,0.05745358357733579
55.8371462231842,0.03136620025295162
55.864544234088605,0.021692034789104028
55.89194224499302,0.042196256509586916
55.919340255897424,0.04043588602738878
55.94673826680183,0.07125418786639706
55.97413627770624,0.04167973905668286
56.00153428861065,0.05987235014868269
56.028932299515056,0.0594279338489718
56.05633031041947,0.012804608770315532
56.083728321323875,0.04352766137353685
56.11112633222828,0.05061465865944646
56.138524343132694,0.015189600486642918
56.1659223540371,0.024067707204148588
56.193320364941506,0.06714365124922891
56.22071837584592,0.06822588264761965
56.248116386750326,0.09860276639022617
56.27551439765473,0.04778374399460053
56.30291240855914,0.016627386223335244
56.33031041946355,0.03790062245542478
56.35770843036796,0.06285204682643157
56.38510644127236,0.09366136543212791
56.412504452176776,0.12777763512049117
56.43990246308118,0.13153964931680906
56.46730047398559,0.040747410021453725
56.49469848489,0.02068709699729349
56.52209649579441,0.030120477187765393
56.549494506698814,0.1193755403869502
56.57689251760323,0.09372880572893912
56.60429052850763,0.06781644386074431
56.63168853941204,0.06774241902027944
56.65908655031645,0.10801205697463374
56.68648456122086,0.09694862575425112
56.713882572125264,0.07190080116316408
56.74128058302968,0.04942067216648103
56.768678593934084,0.10116954558246537
56.79607660483849,0.09349905245251698
56.8234746157429,0.12063765631789784
56.85087262664731,0.13097791759193278
56.878270637551715,0.05882822255144679
56.90566864845612,0.11881185854447072
56.933066659360534,0.04735346036844873
56.96046467026494,0.1022505181443252
56.98786268116935,0.0966671868739211
57.01526069207376,0.026617863995508882
57.042658702978166,0.024912815442254804
57.07005671388257,0.038764811768206786
57.097454724786985,0.06056607136127687
57.12485273569139,0.04836101828620111
57.1522507465958,0.045412864712830854
57.17964875750021,0.07236851724922666
57.207046768404616,0.06015418481549757
57.23444477930902,0.08938276789672242
57.261842790213436,0.03775244194973746
57.28924080111784,0.12625941344857117
57.31663881202225,0.12582411750687636
57.34403682292666,0.10218481869223524
57.37143483383107,0.10853593938445763
57.39883284473547,0.12469056799118021
57.426230855639886,0.1419675113826845
57.45362886654429,0.14644303269655157
57.4810268774487,0.11910141168991348
57.508424888353105,0.06755953272834135
57.53582289925752,0.04816108194588539
57.563220910161924,0.11216203563637818
57.59061892106633,0.09379253664429996
57.61801693197074,0.14068934449366072
57.64541494287515,0.11033069671205156
57.672812953779555,0.1625059912346329
57.70021096468397,0.12614160633614707
57.727608975588375,0.09841390716028145
57.75500698649278,0.1310415159882342
57.782404997397194,0.1561027853357167
57.8098030083016,0.13941686776702233
57.837201019206006,0.14549511315420252
57.86459903011042,0.07127003370268098
57.891997041014825,0.043438827604493024
57.91939505191923,0.12209166589246159
57.946793062823645,0.04040136455717803
57.97419107372805,0.1162795569724283
58.00158908463246,0.08517887317011351
58.02898709553687,0.03516418573301282
58.056385106441276,0.04949575298443744
58.08378311734568,0.039497503075600626
58.11118112825009,0.07665209408885441
58.1385791391545,0.05646097056995117
58.16597715005891,0.10308690318704972
58.19337516096331,0.03918744174959767
58.22077317186773,0.06715748259461067
58.24817118277213,0.08127345312318462
58.27556919367654,0.03977631232417838
58.30296720458095,0.08968155904177064
58.33036521548536,0.11181456341904975
58.357763226389764,0.03057544222475122
58.38516123729418,0.05492514752568188
58.41255924819858,0.07723498556459191
58.43995725910299,0.12620140615264414
58.4673552700074,0.0776524532967744
58.49475328091181,0.08808561585814464
58.522151291816215,0.07402673964918682
58.54954930272063,0.08729796562067896
58.576947313625034,0.0878554459578267
58.60434532452944,0.13509592375935875
58.63174333543385,0.13015565476810892
58.65914134633826,0.09574697228027763
58.686539357242665,0.08477013757144691
58.71393736814708,0.12198093651599146
58.741335379051485,0.10621874010517235
58.76873338995589,0.13403089515049446
58.7961314008603,0.028471132399550427
58.82352941176471,0.09044634198171152
58.850927422669116,0.1151464254903545
58.87832543357352,0.08869285041166097
58.905723444477935,0.09600857392374379
58.93312145538234,0.04682256199948552
58.96051946628675,0.019999740537418795
58.98791747719116,0.017235210640080708
59.01531548809557,0.007833362813290083
59.04271349899997,0.034990394479473594
59.070111509904386,0.05024160835595767
59.09750952080879,0.058196707705898736
59.1249075317132,0.038646707315580855
59.15230554261761,0.06900058811985726
59.17970355352202,0.062387634528507444
59.207101564426424,0.07563135474045449
59.23449957533084,0.04944760950261372
59.26189758623524,0.0336541127562737
59.28929559713965,0.020178642614728085
59.31669360804406,0.016403961683411232
59.34409161894847,0.02936082782522236
59.371489629852874,0.090685188357503
59.39888764075728,0.09937348099251053
59.42628565166169,0.030047728379872594
59.4536836625661,0.028394375122613537
59.481081673470506,0.03943350304114501
59.50847968437492,0.05465009911453862
59.535877695279325,0.04824494193534756
59.56327570618373,0.05905118036779926
59.590673717088144,0.01709441868385752
59.61807172799255,0.057264402615620845
59.645469738896956,0.06589560805223792
59.67286774980137,0.019345691519505232
59.700265760705776,0.017344936465361907
59.72766377161018,0.021595076160642553
59.755061782514595,0.03131417039362377
59.782459793419,0.06257608158617693
59.80985780432341,0.023429354438873146
59.83725581522782,0.08320993865966038
59.864653826132226,0.0890833925285218
59.89205183703663,0.04615866898214201
59.919449847941046,0.0690104797595861
59.94684785884545,0.04588434301796171
59.97424586974986,0.08463993172705742
60.001643880654264,0.04242827858201914
60.02904189155868,0.029812553811240587
60.05643990246308,0.01638585769417406
60.08383791336749,0.028969504018686934
60.1112359242719,0.02873859946300965
60.13863393517631,0.010474555734248625
60.166031946080714,0.024191209068618144
60.19342995698513,0.048741663242655206
60.220827967889534,0.07992158090033039
60.24822597879394,0.058664955916337407
60.27562398969835,0.09116748796732842
60.30302200060276,0.052553522295360575
60.330420011507165,0.021865724794113202
60.35781802241158,0.08147195291066689
60.385216033315984,0.07385927552173571
60.41261404422039,0.05520886684501822
60.440012055124804,0.0862898561466513
60.46741006602921,0.027692685762667136
60.494808076933616,0.12043873014528045
60.52220608783803,0.08616232806227853
60.549604098742435,0.08470961684448242
60.57700210964684,0.13159350182495655
60.60440012055125,0.11034107589736222
60.63179813145566,0.02283556167509704
60.65919614236007,0.05670370590830763
60.68659415326447,0.05214079876729863
60.713992164168886,0.07364205990911071
60.74139017507329,0.1373757496210212
60.7687881859777,0.11747856434486476
60.79618619688211,0.13342452185922368
60.82358420778652,0.1099434000891154
60.85098221869092,0.09301610995952786
60.87838022959534,0.13449960401109792
60.90577824049974,0.03137627556954974
60.93317625140415,0.1338141137608131
60.96057426230856,0.08383871598450222
60.98797227321297,0.0835840873598695
61.015370284117374,0.040972048015633915
61.04276829502179,0.05545607254429525
61.07016630592619,0.06668356386364155
61.0975643168306,0.08491451415186549
61.12496232773501,0.04815941456842924
61.15236033863942,0.08801730892539664
61.179758349543825,0.06319231043763898
61.20715636044823,0.1348949072699377
61.234554371352644,0.11033463604218904
61.26195238225705,0.14651636680248054
61.289350393161456,0.04450513299288911
61.31674840406587,0.024144333577079014
61.344146414970275,0.038005167213805494
61.37154442587468,0.041256374388225506
61.398942436779095,0.15295336550252517
61.4263404476835,0.09638087806224802
61.45373845858791,0.06974472109876897
61.48113646949232,0.12429577806459043
61.508534480396726,0.10125096919924632
61.53593249130113,0.1346558918282331
61.563330502205545,0.14253236286219234
61.59072851310995,0.08931992898736507
61.61812652401436,0.15502069093399992
61.64552453491877,0.14124129220079823
61.67292254582318,0.06904495521145464
61.70032055672758,0.03972316449452046
61.727718567631996,0.10581842657621879
61.7551165785364,0.12036741397137553
61.78251458944081,0.08720418579341493
61.809912600345214,0.11347808984773933
61.83731061124963,0.0808024742028191
61.86470862215403,0.13806023925503247
61.89210663305844,0.03736858049080227
61.91950464396285,0.03867922448759427
61.94690265486726,0.04789707300641994
61.974300665771665,0.02130121751813692
62.00169867667608,0.021648314693836528
62.029096687580484,0.010953853142861963
62.05649469848489,0.03441878921879452
62.0838927093893,0.009097457367536485
62.11129072029371,0.044403861062394884
62.138688731198116,0.014526552592734167
62.16608674210253,0.058501050674046
62.193484753006935,0.05382371583170384
62.22088276391134,0.030658773853339844
62.248280774815754,0.013257467017464105
62.27567878572016,0.024340720955914802
62.303076796624566,0.060327676110004815
62.33047480752898,0.08086776149226853
62.357872818433385,0.052770700475462715
62.38527082933779,0.014911217652341999
62.412668840242205,0.01450378415158341
62.44006685114661,0.06395999715061235
62.46746486205102,0.10159769559189193
62.49486287295542,0.06610667332506903
62.522260883859836,0.06818958095449297
62.54965889476424,0.10333450267656086
62.57705690566865,0.0307813627173937
62.60445491657306,0.022617018505912086
62.63185292747747,0.016472151610122034
62.659250938381874,0.09282153285014007
62.68664894928629,0.10387406367192939
62.71404696019069,0.08325801346655044
62.7414449710951,0.09371686808100536
62.76884298199951,0.0972028580164418
62.79624099290392,0.10586488930458751
62.823639003808324,0.02177885849028464
62.85103701471274,0.09311324301406125
62.878435025617144,0.029778212848596407
62.90583303652155,0.06997701179851638
62.93323104742596,0.07433604925384464
62.96062905833037,0.09276919749646527
62.988027069234775,0.029884366253111135
63.01542508013919,0.045995082234296755
63.042823091043594,0.03097699253601866
63.070221101948,0.04177353304209809
63.097619112852406,0.057111083177173734
63.12501712375682,0.07089018056018809
63.152415134661226,0.04857002428244257
63.17981314556563,0.026464524943335947
63.207211156470045,0.026991213394540442
63.23460916737445,0.10476211771563673
63.26200717827886,0.11728777825329503
63.28940518918327,0.12317750749620823
63.316803200087676,0.10601961577927929
63.34420121099208,0.026059924103667476
63.371599221896496,0.09115545443763604
63.3989972328009,0.11836724928970646
63.42639524370531,0.1485543828594922
63.45379325460972,0.15092372878239557
63.48119126551413,0.14480299161989035
63.50858927641853,0.17186851174579237
63.535987287322946,0.1111474453340638
63.56338529822735,0.09997087427077866
63.59078330913176,0.10030835800496407
63.61818132003617,0.16774165207755884
63.64557933094058,0.11533700434250473
63.672977341844984,0.10580107485074386
63.70037535274939,0.13098823504857607
63.7277733636538,0.09944991916104647
63.75517137455821,0.13090091225021783
63.782569385462615,0.12896247759587015
63.80996739636703,0.07464773748632308
63.837365407271434,0.14961031142789052
63.86476341817584,0.10512352673110753
63.892161429080254,0.10669107782397766
63.91955943998466,0.08771414093077996
63.946957450889066,0.09795682108480713
63.97435546179348,0.13681623100531926
64.00175347269789,0.12451164526732314
64.02915148360229,0.03107711365585815
64.0565494945067,0.008776747256087035
64.0839475054111,0.044222353214206325
64.11134551631552,0.0470822105454633
64.13874352721993,0.06516781344404386
64.16614153812434,0.04037066987040486
64.19353954902874,0.07042405922262662
64.22093755993315,0.09536089920955963
64.24833557083755,0.11709037707677766
64.27573358174197,0.03058531725649284
64.30313159264638,0.05346142388804281
64.33052960355079,0.11707628013320816
64.35792761445519,0.05708210814692445
64.3853256253596,0.026250983279410715
64.412723636264,0.023608692839031192
64.44012164716843,0.09508080097282284
64.46751965807283,0.0815864462829565
64.49491766897724,0.10252788171208552
64.52231567988164,0.15098681050605062
64.54971369078605,0.07319789602428932
64.57711170169046,0.04360090429327034
64.60450971259486,0.10605331415613808
64.63190772349928,0.07395557133266827
64.65930573440369,0.1332274259035701
64.6867037453081,0.08564888506288726
64.7141017562125,0.09506333350205588
64.7414997671169,0.11932105369829885
64.76889777802131,0.06920287401767944
64.79629578892573,0.07596885753777974
64.82369379983014,0.12441841495591001
64.85109181073454,0.0606115205856894
64.87848982163895,0.018349469631077146
64.90588783254336,0.07254439021550362
64.93328584344776,0.022636299641274532
64.96068385435218,0.1052888408547453
64.98808186525659,0.08815495829638308
65.015479876161,0.02210731464252668
65.0428778870654,0.04646763339031043
65.07027589796981,0.0244107594447523
65.09767390887421,0.02412444618245019
65.12507191977863,0.010267710365376248
65.15246993068304,0.016770132306011758
65.17986794158745,0.03338965116369024
65.20726595249185,0.034792031893976005
65.23466396339626,0.046589911982526544
65.26206197430066,0.013058479667617837
65.28945998520507,0.043449449080618575
65.31685799610949,0.0705064842936997
65.3442560070139,0.0599051622943796
65.3716540179183,0.09481928812682586
65.39905202882271,0.07833487560442731
65.42645003972711,0.07375557237457549
65.45384805063152,0.10503367075606788
65.48124606153594,0.05493417392062326
65.50864407244035,0.03488227098953259
65.53604208334475,0.07491072835898549
65.56344009424916,0.0722525453580074
65.59083810515357,0.038755088176169766
65.61823611605797,0.01962990850453131
65.64563412696239,0.07184250358253362
65.6730321378668,0.04309673108962423
65.7004301487712,0.12080543794666548
65.72782815967561,0.028920162349243606
65.75522617058002,0.02314943483926186
65.78262418148442,0.07238026981744454
65.81002219238883,0.036595832865595354
65.83742020329325,0.03742483098565668
65.86481821419765,0.0741534284442809
65.89221622510206,0.083631818109709
65.91961423600647,0.018208867525833065
65.94701224691087,0.015027872391165292
65.97441025781528,0.04885096365809896
66.0018082687197,0.07537924118604669
66.0292062796241,0.03457267255795154
66.05660429052851,0.030308652718133697
66.08400230143292,0.02817596119383394
66.11140031233732,0.0627618574559738
66.13879832324173,0.062425619134358054
66.16619633414615,0.042463376076550235
66.19359434505056,0.026965848940387664
66.22099235595496,0.013486302104553694
66.24839036685937,0.05706993672457217
66.27578837776377,0.06998217319740549
66.30318638866818,0.019179467867634394
66.3305843995726,0.05950232691562681
66.357982410477,0.10767867452592039
66.38538042138141,0.08226576176033853
66.41277843228582,0.08405998009388949
66.44017644319023,0.10551331096439853
66.46757445409463,0.02618490300039584
66.49497246499904,0.018384419862488885
66.52237047590346,0.023272903672229138
66.54976848680786,0.09186422519611827
66.57716649771227,0.03843499025125978
66.60456450861668,0.07943438417102411
66.63196251952108,0.09438717094438484
66.65936053042549,0.09403963567298451
66.68675854132991,0.11742880472064784
66.71415655223431,0.10025733583110773
66.74155456313872,0.12471243266814941
66.76895257404313,0.13514609430021135
66.79635058494753,0.0936764289572731
66.82374859585194,0.02218015235952638
66.85114660675636,0.06551474210408635
66.87854461766076,0.018527938132419357
66.90594262856517,0.12336187254947695
66.93334063946958,0.09282674969168311
66.96073865037398,0.019449192782911885
66.98813666127839,0.022943272822485816
67.01553467218281,0.007486789290289529
67.04293268308722,0.009548398220391247
67.07033069399162,0.05527280828460071
67.09772870489603,0.0420414034967559
67.12512671580043,0.05314144146764842
67.15252472670484,0.04503040818347486
67.17992273760925,0.04289923629541907
67.20732074851367,0.05535794880292638
67.23471875941807,0.035299087616878305
67.26211677032248,0.06176818394097419
67.28951478122688,0.07008386534201451
67.31691279213129,0.08875742375329096
67.3443108030357,0.06276212285874297
67.37170881394012,0.08488602531339194
67.39910682484452,0.049047396846569724
67.42650483574893,0.10595721589101711
67.45390284665334,0.14457723393354022
67.48130085755774,0.07841296646182411
67.50869886846215,0.09198748918927074
67.53609687936657,0.08160121340989814
67.56349489027097,0.09985055340827623
67.59089290117538,0.12618600724763288
67.61829091207979,0.13158442081969907
67.64568892298419,0.12966179257459495
67.6730869338886,0.0680193190961717
67.700484944793,0.02762880954846293
67.72788295569742,0.09384479157219466
67.75528096660183,0.12234101299645872
67.78267897750624,0.10293694271350828
67.81007698841064,0.11582350718049725
67.83747499931505,0.11103629385427513
67.86487301021945,0.03674979382973988
67.89227102112388,0.11637270086384101
67.91966903202828,0.14180762909639444
67.94706704293269,0.08177256744969003
67.9744650538371,0.09607855097623554
68.0018630647415,0.11014756580644977
68.0292610756459,0.0334509160676138
68.05665908655033,0.03442219649831729
68.08405709745473,0.03731292977814407
68.11145510835914,0.06225837026349756
68.13885311926354,0.01945547698763446
68.16625113016795,0.014858665178594754
68.19364914107236,0.022754764502670687
68.22104715197678,0.06016086205297727
68.24844516288118,0.022584620051221572
68.27584317378559,0.12241765873323848
68.30324118469,0.10367906264544702
68.3306391955944,0.03399936749050113
68.3580372064988,0.019872062527840687
68.38543521740321,0.06348581014304673
68.41283322830763,0.11712485588205979
68.44023123921204,0.11706268723187051
68.46762925011645,0.08090368159486934
68.49502726102085,0.13823497080689762
68.52242527192526,0.12092907174726503
68.54982328282966,0.08476520261765327
68.57722129373408,0.08924461184943334
68.60461930463849,0.11416506250083894
68.6320173155429,0.06561649503393963
68.6594153264473,0.12651779354980303
68.68681333735171,0.09962653188673085
68.71421134825611,0.11528729868272276
68.74160935916053,0.0867254126334338
68.76900737006494,0.1104128232689839
68.79640538096935,0.08889230267868518
68.82380339187375,0.1406212045645813
68.85120140277816,0.09537574303936547
68.87859941368257,0.11658930117819663
68.90599742458697,0.12726486885324506
68.93339543549139,0.04003968347414532
68.9607934463958,0.06715787191705988
68.9881914573002,0.06381988002698355
69.01558946820461,0.017399555419209345
69.04298747910902,0.02607264160940898
69.07038549001342,0.014565925196224934
69.09778350091784,0.013775677879171711
69.12518151182225,0.05116231931040025
69.15257952272665,0.031730067274568535
69.17997753363106,0.019257485485852516
69.20737554453547,0.016887929629243098
69.23477355543987,0.017660614488369728
69.26217156634429,0.01469389986851924
69.2895695772487,0.09262584230960402
69.3169675881531,0.10412287287274631
69.34436559905751,0.06569084367414446
69.37176360996192,0.0749984156070381
69.39916162086632,0.06654184320903299
69.42655963177074,0.08149549884567106
69.45395764267515,0.0735326093745022
69.48135565357956,0.025680251581321298
69.50875366448396,0.04652459800385947
69.53615167538837,0.08492716834052333
69.56354968629277,0.09616315625564514
69.59094769719718,0.06479754428704255
69.6183457081016,0.03558577190918732
69.645743719006,0.030124377851872428
69.67314172991041,0.08593353264767942
69.70053974081482,0.02842432393289065
69.72793775171922,0.02825749055329406
69.75533576262363,0.10513009497921236
69.78273377352805,0.1167069619470178
69.81013178443246,0.023204702540142407
69.83752979533686,0.03462349673121724
69.86492780624127,0.09148339709620412
69.89232581714568,0.08820960742438061
69.91972382805008,0.046775357173176144
69.9471218389545,0.03244558997983982
69.97451984985891,0.059701546166808055
70.00191786076331,0.07523888108880766
70.02931587166772,0.03426531994947449
70.05671388257213,0.05152619086055012
70.08411189347653,0.02763586903065507
70.11150990438094,0.05405205531138835
70.13890791528536,0.05692718145291885
70.16630592618976,0.07382237977696242
70.19370393709417,0.0674197262942994
70.22110194799858,0.08311806780591115
70.24849995890298,0.104005596484074
70.27589796980739,0.08747698173903132
70.30329598071181,0.022764680868202433
70.33069399161622,0.024453446130048434
70.35809200252062,0.054322340677008744
70.38549001342503,0.09588201528135026
70.41288802432943,0.09636995860436093
70.44028603523384,0.039390126577710884
70.46768404613826,0.10137602274189633
70.49508205704267,0.11489771130722534
70.52248006794707,0.13118142019730586
70.54987807885148,0.09016950940084206
70.57727608975588,0.04878172093559699
70.60467410066029,0.14903288124710565
70.63207211156471,0.05021133435781695
70.65947012246912,0.02205365254029401
70.68686813337352,0.03031954613610642
70.71426614427793,0.09305443440131964
70.74166415518233,0.09217120000765078
70.76906216608674,0.05564366582011296
70.79646017699115,0.11277626577260484
70.82385818789557,0.09669267680971202
70.85125619879997,0.1332682993469118
70.87865420970438,0.02525149961442324
70.90605222060879,0.023085377077042148
70.93345023151319,0.12330945976030819
70.9608482424176,0.11724306338126035
70.98824625332202,0.10375552398370322
71.01564426422642,0.04009673555586954
71.04304227513083,0.03245788066076161
71.07044028603524,0.0630316715294151
71.09783829693964,0.04519660148406102
71.12523630784405,0.07172754074824901
71.15263431874847,0.07004447053420644
71.18003232965287,0.0920418071461821
71.20743034055728,0.05114551416764642
71.23482835146169,0.047728047603505554
71.26222636236609,0.08611080088657935
71.2896243732705,0.10641116776315038
71.31702238417492,0.09367238868647411
71.34442039507933,0.0679346190712193
71.37181840598373,0.03219143176850274
71.39921641688814,0.040952179811933866
71.42661442779254,0.12165738710998461
71.45401243869695,0.0894502127688416
71.48141044960136,0.14673288586383287
71.50880846050578,0.0327154775482568
71.53620647141018,0.12249510115841934
71.56360448231459,0.15584257692694967
71.591002493219,0.06465516200157319
71.6184005041234,0.10789899059827002
71.6457985150278,0.11359050411025064
71.67319652593223,0.07991320198810913
71.70059453683663,0.06115113391108071
71.72799254774104,0.07054290841464739
71.75539055864544,0.022677365225402285
71.78278856954985,0.07106573714243929
71.81018658045426,0.09860425011655727
71.83758459135868,0.09098124614316429
71.86498260226308,0.07897854510901453
71.89238061316749,0.04909352665489685
71.9197786240719,0.05339603094945598
71.9471766349763,0.07558102634266459
71.97457464588071,0.09445192861004788
72.00197265678511,0.09127741363701601
72.02937066768953,0.052177351727285395
72.05676867859394,0.05370558897292384
72.08416668949835,0.045042799615879786
72.11156470040275,0.013015619567866243
72.13896271130716,0.07875321682446568
72.16636072221156,0.016334409630230192
72.19375873311598,0.09188892134819704
72.22115674402039,0.0726667745300145
72.2485547549248,0.11539635678928946
72.2759527658292,0.09520994072663311
72.30335077673361,0.0962052071289038
72.33074878763802,0.10400485874517182
72.35814679854244,0.06556890796705872
72.38554480944684,0.12990944262158083
72.41294282035125,0.1009207374892103
72.44034083125565,0.14451693676658076
72.46773884216006,0.0884280057636227
72.49513685306447,0.09832359514895996
72.52253486396889,0.15334453490580924
72.54993287487329,0.033144671794245774
72.5773308857777,0.04146704694928676
72.6047288966821,0.023185504846116055
72.63212690758651,0.021817582413115176
72.65952491849092,0.07364443117276565
72.68692292939532,0.02123695650505467
72.71432094029974,0.1387260657804561
72.74171895120415,0.04262225412240825
72.76911696210855,0.05824996970566666
72.79651497301296,0.09960876692671614
72.82391298391737,0.10883614564088614
72.85131099482177,0.0780403128086436
72.8787090057262,0.030605649803799387
72.9061070166306,0.021389979370502833
72.933505027535,0.026556400251402323
72.96090303843941,0.06532184508931586
72.98830104934382,0.10672683796006449
73.01569906024822,0.019605696213517564
73.04309707115264,0.04242129130835946
73.07049508205705,0.04578590747688202
73.09789309296146,0.03854714738068139
73.12529110386586,0.06932272341710391
73.15268911477027,0.05248919782925576
73.18008712567467,0.0954987331133831
73.20748513657908,0.055344805902463046
73.2348831474835,0.04178181649355407
73.2622811583879,0.020764200934466685
73.28967916929231,0.04490973223277695
73.31707718019672,0.023046596588047558
73.34447519110113,0.03298426566663096
73.37187320200553,0.04328855452053737
73.39927121290995,0.06722633740669669
73.42666922381436,0.10227572783673099
73.45406723471876,0.10584893678741625
73.48146524562317,0.0970834465674731
73.50886325652758,0.12023458459783916
73.53626126743198,0.029811863084643044
73.5636592783364,0.10701444644169388
73.59105728924081,0.10948123062589216
73.61845530014521,0.04299726456439141
73.64585331104962,0.05209231120520035
73.67325132195403,0.03235438804925959
73.70064933285843,0.12368384672546337
73.72804734376285,0.07619965876126626
73.75544535466726,0.07376925094817617
73.78284336557167,0.08879583650659274
73.81024137647607,0.08003637376334843
73.83763938738048,0.06517927317534217
73.86503739828488,0.12130858870315708
73.89243540918929,0.11710738939187523
73.91983342009371,0.07781013180194847
73.94723143099812,0.06932497815615185
73.97462944190252,0.12078942191516603
74.00202745280693,0.11710126430946895
74.02942546371133,0.021672207155619308
74.05682347461574,0.0525060159153995
74.08422148552016,0.04286582162748922
74.11161949642457,0.01109416826885514
74.13901750732897,0.024298310896629285
74.16641551823338,0.026939996196908532
74.19381352913778,0.012315500788660555
74.22121154004219,0.012425551512217895
74.24860955094661,0.014406290182226
74.27600756185102,0.013600680587873858
74.30340557275542,0.019216807161252118
74.33080358365983,0.045166177336950365
74.35820159456424,0.031536619172006
74.38559960546864,0.039635192142755446
74.41299761637305,0.03807844378815166
74.44039562727747,0.013391037734193933
74.46779363818187,0.03490396424703066
74.49519164908628,0.03134995631368738
74.52258965999069,0.09466621698151263
74.54998767089509,0.019314200723756416
74.5773856817995,0.07223960960726504
74.60478369270392,0.06461179031684816
74.63218170360832,0.02903115081680907
74.65957971451273,0.055887678871937616
74.68697772541714,0.07552691221658019
74.71437573632154,0.03443308593031579
74.74177374722595,0.059650865923426784
74.76917175813037,0.10729717626746287
74.79656976903478,0.07723096012373802
74.82396777993918,0.09672319531883652
74.85136579084359,0.019028038086049182
74.878763801748,0.0961026342596886
74.9061618126524,0.03830851106494087
74.93355982355682,0.07268688743607352
74.96095783446123,0.09844406373218233
74.98835584536563,0.06391855967757482
75.01575385627004,0.006589198799344235
75.04315186717444,0.014418297729841817
75.07054987807885,0.03225640452503746
75.09794788898326,0.05449990228330417
75.12534589988768,0.0220474100004543
75.15274391079208,0.047917410007956185
75.18014192169649,0.06994722940355926
75.2075399326009,0.07700539949568035
75.2349379435053,0.05950185984063619
75.2623359544097,0.07444950772009795
75.28973396531413,0.11354276190746851
75.31713197621853,0.1163488472394889
75.34452998712294,0.08460402811773762
75.37192799802735,0.15100731859160021
75.39932600893175,0.14639180414113606
75.42672401983616,0.14800695114387546
75.45412203074058,0.09609045006592246
75.48152004164498,0.12069081721406422
75.50891805254939,0.1682733414508308
75.5363160634538,0.1360839106948392
75.5637140743582,0.1584187132915651
75.59111208526261,0.05722374892434847
75.61851009616703,0.1418636063710516
75.64590810707143,0.1731688135155296
75.67330611797584,0.11604556197601594
75.70070412888025,0.03941180031728285
75.72810213978465,0.11686997339138344
75.75550015068906,0.15672942753369243
75.78289816159347,0.12230664107473901
75.81029617249789,0.1658364105178522
75.83769418340229,0.11209882252384279
75.8650921943067,0.09995818823422058
75.8924902052111,0.035430667465396776
75.91988821611551,0.09869566663143622
75.94728622701992,0.087804794291428
75.97468423792434,0.027408360117020858
76.00208224882874,0.1123032681504632
76.02948025973315,0.050074941218213154
76.05687827063755,0.01214692882148594
76.08427628154196,0.05975969811533732
76.11167429244637,0.09197633765276735
76.13907230335079,0.06732409170385704
76.16647031425519,0.08163826777166376
76.1938683251596,0.07482155536678746
76.221266336064,0.11882916030341993
76.24866434696841,0.0872295679589242
76.27606235787282,0.13683108463912286
76.30346036877722,0.13840205501767816
76.33085837968164,0.14999172489172571
76.35825639058605,0.031273093685623435
76.38565440149046,0.1613215259049423
76.41305241239486,0.06954910929352223
76.44045042329927,0.045818753162897234
76.46784843420367,0.14550752041230608
76.4952464451081,0.07774925871070254
76.5226444560125,0.17379026443570889
76.5500424669169,0.1499287478225801
76.57744047782131,0.14422782829947184
76.60483848872572,0.05401310888883336
76.63223649963012,0.025396305447130632
76.65963451053454,0.1145980083034006
76.68703252143895,0.1710946431029093
76.71443053234336,0.11146214749576584
76.74182854324776,0.1496719156066226
76.76922655415217,0.13782350661541118
76.79662456505658,0.12187318010572123
76.824022575961,0.12922534377776526
76.8514205868654,0.13376732657875356
76.87881859776981,0.05476583140113814
76.90621660867421,0.05314932847777599
76.93361461957862,0.05408237518900922
76.96101263048303,0.04279102893178514
76.98841064138743,0.030254815334654305
77.01580865229185,0.007627924031362742
77.04320666319626,0.05991108122465429
77.07060467410066,0.029986438376733246
77.09800268500507,0.014056880500577318
77.12540069590948,0.06748062660354998
77.15279870681388,0.04561250006700275
77.1801967177183,0.06115661891894704
77.20759472862271,0.06098083802252607
77.23499273952712,0.044590331269869166
77.26239075043152,0.0707685465938849
77.28978876133593,0.020853658941372803
77.31718677224033,0.06347607572885584
77.34458478314475,0.027866617354317405
77.37198279404916,0.09069037991592213
77.39938080495357,0.0808357533450591
77.42677881585797,0.09759342133079058
77.45417682676238,0.10039078747843465
77.48157483766678,0.021484070924273634
77.50897284857119,0.11038634754820151
77.53637085947561,0.08731455655688974
77.56376887038002,0.08132819579128517
77.59116688128442,0.0834264156954815
77.61856489218883,0.12879155589656893
77.64596290309323,0.09005470976774153
77.67336091399764,0.09306241675925822
77.70075892490206,0.07027888294524406
77.72815693580647,0.1330554600081257
77.75555494671087,0.07084649168144347
77.78295295761528,0.06695976988381493
77.81035096851969,0.1056736175156075
77.83774897942409,0.0737279491065992
77.86514699032851,0.07904236253600863
77.89254500123292,0.08949705556142269
77.91994301213732,0.0820986153258359
77.94734102304173,0.08027152483631902
77.97473903394614,0.10946689735902451
78.00213704485054,0.10150125331040219
78.02953505575496,0.021161432767700848
78.05693306665937,0.03086709456720515
78.08433107756377,0.036621486680057505
78.11172908846818,0.05458764304893189
78.13912709937259,0.034359497877205075
78.166525110277,0.021425043303600573
78.1939231211814,0.04940843838480235
78.22132113208582,0.025782857466163683
78.24871914299023,0.018314156606705406
78.27611715389463,0.02130918529781687
78.30351516479904,0.024388564759735276
78.33091317570344,0.028584576453533257
78.35831118660785,0.03630466960385501
78.38570919751227,0.02211709606611748
78.41310720841668,0.08771251700409603
78.44050521932108,0.03094766626299123
78.46790323022549,0.0246527129738379
78.4953012411299,0.017092421947998055
78.5226992520343,0.05541587542274003
78.55009726293872,0.06161356082095058
78.57749527384313,0.07620105891697981
78.60489328474753,0.07588528027220234
78.63229129565194,0.07698889783093071
78.65968930655634,0.0726054273355009
78.68708731746075,0.11609379796659205
78.71448532836516,0.03227491738726849
78.74188333926958,0.01655480622795318
78.76928135017398,0.03709118673144348
78.79667936107839,0.02349151466716613
78.8240773719828,0.04261438861887439
78.8514753828872,0.019359149034520372
78.87887339379161,0.014596887544878215
78.90627140469603,0.044872493452550746
78.93366941560043,0.045366029009758835
78.96106742650484,0.019868504882097064
78.98846543740925,0.06117528892440445
79.01586344831365,0.030164549153080082
79.04326145921806,0.02738355903112126
79.07065947012248,0.036350359914092065
79.09805748102688,0.05472502762055645
79.12545549193129,0.058860563538561034
79.1528535028357,0.06560742689646737
79.1802515137401,0.05287922577469972
79.20764952464451,0.08575451354178995
79.23504753554893,0.02969777103857029
79.26244554645334,0.11759199831610051
79.28984355735774,0.08692997573307086
79.31724156826215,0.13132059258091822
79.34463957916655,0.10557832397471277
79.37203759007096,0.08316930510913309
79.39943560097537,0.09388724036197392
79.42683361187979,0.13494536047131908
79.45423162278419,0.16023406557798525
79.4816296336886,0.1468683576672559
79.509027644593,0.07712463144774806
79.53642565549741,0.03590740019182634
79.56382366640182,0.09282142387437775
79.59122167730624,0.15470757981393413
79.61861968821064,0.09031034970907349
79.64601769911505,0.03529469630535499
79.67341571001946,0.02346191693658474
79.70081372092386,0.08129151341429498
79.72821173182827,0.1145174980360234
79.75560974273269,0.04667933541071486
79.7830077536371,0.13130147736461872
79.8104057645415,0.10330555269894695
79.8378037754459,0.14396112813897577
79.86520178635031,0.1218389644840509
79.89259979725472,0.12735281868701626
79.91999780815914,0.11933837388807969
79.94739581906354,0.05283213114541594
79.97479382996795,0.06109320187426376
80.00219184087236,0.08931553210184712
80.02958985177676,0.04142392885552752
80.05698786268117,0.03558883188608912
80.08438587358557,0.05950619582561989
80.11178388449,0.06624519006446171
80.1391818953944,0.06916367396462374
80.16657990629881,0.07780657868355897
80.19397791720321,0.09871460821714792
80.22137592810762,0.036352177287870616
80.24877393901203,0.08931306600061927
80.27617194991645,0.13479007653288214
80.30356996082085,0.08642857548780958
80.33096797172526,0.12201997295030345
80.35836598262966,0.10991552107403622
80.38576399353407,0.06005112428336835
80.41316200443848,0.03863357524753866
80.4405600153429,0.05719811287403289
80.4679580262473,0.03769287906716583
80.49535603715171,0.024283806464815712
80.52275404805611,0.0760763181764417
80.55015205896052,0.09399159700274247
80.57755006986493,0.024163178845719196
80.60494808076933,0.022897156542428222
80.63234609167375,0.022195704853355473
80.65974410257816,0.042769562158944056
80.68714211348257,0.07565527190852114
80.71454012438697,0.04278632411031847
80.74193813529138,0.06955980867339485
80.76933614619578,0.04163359346316309
80.7967341571002,0.08454076574073818
80.82413216800461,0.09192905465807955
80.85153017890902,0.12458913153837244
80.87892818981342,0.12422417325260864
80.90632620071783,0.03537137750980851
80.93372421162223,0.07601759708719813
80.96112222252665,0.07986376020117254
80.98852023343106,0.028245599313461843
81.01591824433547,0.016015927325974403
81.04331625523987,0.0313855217915521
81.07071426614428,0.042400158188417796
81.09811227704868,0.060070402418106676
81.1255102879531,0.04626946071800038
81.15290829885751,0.07334898565976239
81.18030630976192,0.07082628960083279
81.20770432066632,0.06969819840072564
81.23510233157073,0.09736156306680045
81.26250034247514,0.07906133948135662
81.28989835337954,0.07756901805640307
81.31729636428396,0.08387095824167011
81.34469437518837,0.09388112944045957
81.37209238609277,0.14048598499741827
81.39949039699718,0.07473243651099927
81.42688840790159,0.044132074748133056
81.45428641880599,0.02083896247916964
81.48168442971041,0.08348205826254462
81.50908244061482,0.08218370268465161
81.53648045151922,0.1253151275475133
81.56387846242363,0.04290464564588613
81.59127647332804,0.06268483721914714
81.61867448423244,0.09627040109910348
81.64607249513686,0.03154272886058174
81.67347050604127,0.08211559006783226
81.70086851694568,0.02688216365655933
81.72826652785008,0.07725885305476626
81.75566453875449,0.09704652380605099
81.7830625496589,0.12265127477829031
81.8104605605633,0.1305462797105601
81.83785857146772,0.10411451221778312
81.86525658237213,0.02120923544967504
81.89265459327653,0.024345465756848116
81.92005260418094,0.017486725270634156
81.94745061508534,0.07473869809091327
81.97484862598975,0.02019234213398962
82.00224663689417,0.05572803535799628
82.02964464779858,0.04344541877572432
82.05704265870298,0.026273919853080304
82.08444066960739,0.05388697672640632
82.1118386805118,0.011844877647394276
82.1392366914162,0.05913743731843819
82.16663470232062,0.08003787428641616
82.19403271322503,0.07689559255279793
82.22143072412943,0.04331160585759475
82.24882873503384,0.10827235417825151
82.27622674593825,0.0913598756545784
82.30362475684265,0.0659579131853361
82.33102276774707,0.062379818774775816
82.35842077865148,0.0431862594555892
82.38581878955588,0.028358648952263837
82.41321680046029,0.030211367792858296
82.4406148113647,0.03306298192151593
82.4680128222691,0.027756727601636996
82.49541083317351,0.029840220800808698
82.52280884407793,0.09979170684276675
82.55020685498233,0.13616732979670615
82.57760486588674,0.10869808534355055
82.60500287679115,0.0630983258294811
82.63240088769555,0.04108340814441795
82.65979889859996,0.03646926918382138
82.68719690950438,0.0468150965744277
82.71459492040879,0.01888616058746671
82.74199293131319,0.05633894392229449
82.7693909422176,0.0814609241243768
82.796788953122,0.0967594450057314
82.82418696402641,0.03326764533861074
82.85158497493083,0.048521089661110094
82.87898298583524,0.08488221446206867
82.90638099673964,0.02395571047646908
82.93377900764405,0.06620394130825875
82.96117701854845,0.08530823470475969
82.98857502945286,0.07104299651148659
83.01597304035727,0.047688410863164894
83.04337105126169,0.03304732822827984
83.0707690621661,0.05543878155702346
83.0981670730705,0.019188117180648098
83.1255650839749,0.016192614053016505
83.15296309487931,0.011050862327529764
83.18036110578372,0.042777922835609196
83.20775911668814,0.06780927118118621
83.23515712759254,0.053327465364342644
83.26255513849695,0.08686256892425384
83.28995314940136,0.06084874956231661
83.31735116030576,0.10864154746442958
83.34474917121017,0.10664627369162662
83.37214718211459,0.07401228127603311
83.399545193019,0.10055633915357477
83.4269432039234,0.0877748010243107
83.4543412148278,0.08208617034114284
83.48173922573221,0.06134421705474148
83.50913723663662,0.1414848209974373
83.53653524754104,0.10099042754480142
83.56393325844545,0.10630565455590664
83.59133126934985,0.15277284736866056
83.61872928025426,0.1068352220170042
83.64612729115866,0.03287801285533816
83.67352530206307,0.027186596612093154
83.70092331296748,0.02411892802264324
83.7283213238719,0.026340779803832193
83.7557193347763,0.04214015900968659
83.78311734568071,0.03473196379263323
83.81051535658511,0.0707988339277212
83.83791336748952,0.10361402051484025
83.86531137839393,0.1306478756453081
83.89270938929835,0.12549587126779288
83.92010740020275,0.06966298913294945
83.94750541110716,0.10287207385624962
83.97490342201156,0.030407860923247477
84.00230143291597,0.03146114596135017
84.02969944382038,0.011465738599460946
84.0570974547248,0.05958676133113989
84.0844954656292,0.02045358972813198
84.11189347653361,0.01331527370262344
84.13929148743802,0.010884065203611373
84.16668949834242,0.053502569803193865
84.19408750924683,0.05110612595440693
84.22148552015125,0.012561631667333128
84.24888353105565,0.021286298937563137
84.27628154196006,0.062348224763472126
84.30367955286447,0.05095720319506908
84.33107756376887,0.04930541144554351
84.35847557467328,0.07608421600976681
84.38587358557768,0.039448810526346675
84.4132715964821,0.04887958930884674
84.44066960738651,0.08441121835007165
84.46806761829092,0.09664202236855483
84.49546562919532,0.11399881143298135
84.52286364009973,0.12297643127530722
84.55026165100413,0.11105318744185798
84.57765966190856,0.09675024331121357
84.60505767281296,0.09221805359789545
84.63245568371737,0.03896138058244326
84.65985369462177,0.09545191123956903
84.68725170552618,0.12478460096317
84.71464971643059,0.07187385307649084
84.742047727335,0.02538447697963679
84.76944573823941,0.040355961625185885
84.79684374914382,0.1307246994133758
84.82424176004822,0.04641913268925353
84.85163977095263,0.07916688382532107
84.87903778185704,0.06480315251121614
84.90643579276144,0.031818062809837476
84.93383380366586,0.09665162432592361
84.96123181457027,0.08139154908812654
84.98862982547467,0.08344634540694665
85.01602783637908,0.041946757369130505
85.04342584728349,0.06927913025247628
85.0708238581879,0.07928687879006485
85.09822186909231,0.03695888524869663
85.12561987999672,0.017575731608037992
85.15301789090113,0.014981466848649282
85.18041590180553,0.06809134107009017
85.20781391270994,0.08533963996028925
85.23521192361434,0.053699418117940836
85.26260993451876,0.11270747445931728
85.29000794542317,0.12729648952310957
85.31740595632758,0.08249102361300667
85.34480396723198,0.13934548616627584
85.37220197813639,0.13604566705872664
85.3995999890408,0.13212436945122275
85.42699799994521,0.10906254703526519
85.45439601084962,0.16139142663674722
85.48179402175403,0.091198399602064
85.50919203265843,0.18286748092420607
85.53659004356284,0.19021605225838759
85.56398805446725,0.03708488090065442
85.59138606537165,0.04950543813934103
85.61878407627607,0.1184793216989373
85.64618208718048,0.05174246821308026
85.67358009808488,0.10218654519939901
85.70097810898929,0.07203748368429733
85.7283761198937,0.07123414748733885
85.7557741307981,0.08860453747806543
85.78317214170252,0.11829512001492226
85.81057015260693,0.1450571299078184
85.83796816351133,0.15819445740488414
85.86536617441574,0.11724126393904777
85.89276418532015,0.1202245884262035
85.92016219622455,0.04750380559327744
85.94756020712897,0.08241905305688989
85.97495821803338,0.04818155114391637
86.00235622893778,0.023430256811304288
86.02975423984219,0.04366171984834942
86.0571522507466,0.01806395058687026
86.084550261651,0.04807487834918983
86.11194827255541,0.05077732967633855
86.13934628345983,0.04228640880770493
86.16674429436424,0.024058189432535036
86.19414230526864,0.06615838467436821
86.22154031617305,0.09011246913630255
86.24893832707745,0.018920589744397805
86.27633633798186,0.032917787765392115
86.30373434888628,0.08275390371868893
86.33113235979069,0.0825691539988001
86.35853037069509,0.03426578519079411
86.3859283815995,0.09985534270967128
86.4133263925039,0.10500352385733609
86.44072440340831,0.08705752185570206
86.46812241431273,0.07794785175369773
86.49552042521714,0.12910615922665497
86.52291843612154,0.10390438006491931
86.55031644702595,0.08870963926917974
86.57771445793036,0.11745307809066996
86.60511246883476,0.09157551977136259
86.63251047973918,0.10530595889848807
86.65990849064359,0.12369396370063467
86.687306501548,0.1381169581856261
86.7147045124524,0.052052963291377624
86.7421025233568,0.13443918518353118
86.76950053426121,0.130818777255305
86.79689854516562,0.10279031319188259
86.82429655607004,0.1127156990444503
86.85169456697444,0.08147701827431791
86.87909257787885,0.124636206370117
86.90649058878326,0.08506099589628524
86.93388859968766,0.08094706599606247
86.96128661059207,0.07329098905799364
86.98868462149649,0.07523105629223739
87.0160826324009,0.05109380140659615
87.0434806433053,0.03362083862610891
87.07087865420971,0.04706433555040032
87.09827666511411,0.0749005940020988
87.12567467601852,0.05601168715568875
87.15307268692294,0.051927279407019494
87.18047069782735,0.1126163240725912
87.20786870873175,0.038419071410578536
87.23526671963616,0.03131862854797657
87.26266473054056,0.02772380026406359
87.29006274144497,0.01938633491848946
87.31746075234939,0.04679873258820989
87.3448587632538,0.04806017424077751
87.3722567741582,0.0348310623081799
87.39965478506261,0.04104960741966727
87.42705279596701,0.12469250953399572
87.45445080687142,0.10506580190838644
87.48184881777583,0.11832509443789979
87.50924682868025,0.09294840746283438
87.53664483958465,0.13720698905823672
87.56404285048906,0.08974313769330945
87.59144086139347,0.12990689096537397
87.61883887229787,0.12106968791560319
87.64623688320228,0.1426152142615866
87.6736348941067,0.060899241329891364
87.7010329050111,0.08265787914283043
87.72843091591551,0.05911597275751622
87.75582892681992,0.046274409581718384
87.78322693772432,0.03802160812558827
87.81062494862873,0.11238310745018311
87.83802295953315,0.1299627092296939
87.86542097043755,0.09034221530573869
87.89281898134196,0.02067321994412913
87.92021699224637,0.024284554935341148
87.94761500315077,0.07815267452160751
87.97501301405518,0.11597366009465421
88.00241102495959,0.11252100510908465
88.029809035864,0.028413487496091253
88.05720704676841,0.053115742235905185
88.08460505767282,0.038612772168726744
88.11200306857722,0.07256265625659128
88.13940107948163,0.06175739278914472
88.16679909038604,0.08620878514458456
88.19419710129046,0.07467194961555329
88.22159511219486,0.10355355245131229
88.24899312309927,0.030063574645128793
88.27639113400367,0.03469017353505875
88.30378914490808,0.022303954932220517
88.33118715581249,0.14071529990778223
88.3585851667169,0.0521850503951842
88.38598317762131,0.04236483327522313
88.41338118852572,0.0641147889850214
88.44077919943012,0.03509623905114458
88.46817721033453,0.07382526405465414
88.49557522123894,0.13809048839070004
88.52297323214336,0.043872327742678754
88.55037124304776,0.03647227688700978
88.57776925395217,0.027997050441397223
88.60516726485658,0.05146517143291918
88.63256527576098,0.08814358192447092
88.65996328666539,0.11354797146406867
88.6873612975698,0.11780627425627369
88.71475930847421,0.13206097188619711
88.74215731937862,0.04808550598664728
88.76955533028303,0.04287043367685118
88.79695334118743,0.09983069252524776
88.82435135209184,0.11397132783410159
88.85174936299624,0.12432397598718649
88.87914737390066,0.046622715405180974
88.90654538480507,0.09716678880533823
88.93394339570948,0.10474005284436451
88.96134140661388,0.08522911982640895
88.98873941751829,0.08221566984627067
89.0161374284227,0.038350689682817435
89.04353543932712,0.04969196458508311
89.07093345023152,0.06074770329361097
89.09833146113593,0.04934987444252129
89.12572947204033,0.0683026528953857
89.15312748294474,0.0875929516712884
89.18052549384915,0.08607299938773694
89.20792350475355,0.03621471368127029
89.23532151565797,0.07214339934474481
89.26271952656238,0.07312563289557646
89.29011753746678,0.08125804934418387
89.31751554837119,0.05985543468879946
89.3449135592756,0.02703906664404094
89.37231157018,0.11004984495776547
89.39970958108442,0.10710183298575474
89.42710759198883,0.12833051445908072
89.45450560289324,0.061240238209827984
89.48190361379764,0.06009569721439846
89.50930162470205,0.09409425703031828
89.53669963560645,0.08096315274360193
89.56409764651087,0.024912535428105936
89.59149565741528,0.15713877900663448
89.61889366831969,0.1314300235688628
89.64629167922409,0.12325862789574099
89.6736896901285,0.04672746766740818
89.7010877010329,0.02206559807082309
89.72848571193732,0.021427410078044818
89.75588372284173,0.07770797845403626
89.78328173374614,0.053312483854412784
89.81067974465054,0.021470288403183803
89.83807775555495,0.05742147722345442
89.86547576645935,0.028560240527353467
89.89287377736376,0.05803198722588994
89.92027178826818,0.02416211220841375
89.94766979917259,0.05190581890159755
89.975067810077,0.024250392553494458
90.0024658209814,0.10221378995827972
90.0298638318858,0.01877470187102519
90.05726184279021,0.025713952139093763
90.08465985369463,0.06497619249196959
90.11205786459904,0.041253861246573494
90.13945587550344,0.057830700234804334
90.16685388640785,0.05958841406475707
90.19425189731226,0.08285842251621499
90.22164990821666,0.06155253126474607
90.24904791912108,0.01720787096312592
90.27644593002549,0.017425103043748363
90.3038439409299,0.06992461980809293
90.3312419518343,0.09328014518191932
90.3586399627387,0.10205170101542646
90.38603797364311,0.08773557463361753
90.41343598454752,0.10555960769260185
90.44083399545194,0.08911207694585746
90.46823200635635,0.02058624352593985
90.49563001726075,0.029549559573804816
90.52302802816516,0.1181048183634083
90.55042603906956,0.07993431633078188
90.57782404997397,0.08146980241466081
90.60522206087839,0.1187081246845072
90.6326200717828,0.04009883612589973
90.6600180826872,0.08503560362837218
90.68741609359161,0.08908236464285763
90.71481410449601,0.08028946761598953
90.74221211540042,0.046912945741874594
90.76961012630484,0.07877995474445958
90.79700813720925,0.1116452644760123
90.82440614811365,0.06249086299931529
90.85180415901806,0.1211348446560383
90.87920216992246,0.03257601485338184
90.90660018082687,0.06641053677100471
90.93399819173129,0.01951449277017308
90.9613962026357,0.10706651488378527
90.9887942135401,0.06742299140832368
91.01619222444451,0.047496136004867726
91.04359023534892,0.01663005139560994
91.07098824625332,0.06636709382053237
91.09838625715773,0.04519594337433546
91.12578426806215,0.07196044822991254
91.15318227896655,0.030454117540882352
91.18058028987096,0.04091456228936556
91.20797830077537,0.1129758544686301
91.23537631167977,0.10986068849347222
91.26277432258418,0.04604812154555616
91.2901723334886,0.020541781658341786
91.317570344393,0.11860806436831439
91.34496835529741,0.0991590464337436
91.37236636620182,0.0804201462445911
91.39976437710622,0.13825436491161178
91.42716238801063,0.15487559499881506
91.45456039891505,0.09324986070192856
91.48195840981946,0.05838581109586242
91.50935642072386,0.08918001848127959
91.53675443162827,0.09470181728255747
91.56415244253267,0.14533598351452678
91.59155045343708,0.1514851249726847
91.6189484643415,0.07526207397932974
91.6463464752459,0.025223745211289055
91.67374448615031,0.14664220567546615
91.70114249705472,0.113654590510516
91.72854050795912,0.160259141405691
91.75593851886353,0.050926658945821886
91.78333652976794,0.05960117240689078
91.81073454067236,0.06387780664052906
91.83813255157676,0.05508391521254984
91.86553056248117,0.020475460588325403
91.89292857338557,0.02115866210698084
91.92032658428998,0.01912616606368476
91.94772459519439,0.04366099826447559
91.97512260609881,0.10182741459906834
92.00252061700321,0.078581623565799
92.02991862790762,0.03838049223266683
92.05731663881203,0.06517511208818967
92.08471464971643,0.04362265877145628
92.11211266062084,0.061556822960303216
92.13951067152526,0.07106208609849074
92.16690868242966,0.06277447443622075
92.19430669333407,0.03144874349019521
92.22170470423848,0.022889448934782865
92.24910271514288,0.04771761405950217
92.27650072604729,0.06948327190704759
92.3038987369517,0.05522408057883228
92.33129674785611,0.11450043692743178
92.35869475876052,0.09589252501817846
92.38609276966493,0.07482438011418248
92.41349078056933,0.0851328714558526
92.44088879147374,0.04355147742998254
92.46828680237815,0.03851262397205353
92.49568481328257,0.11422912038391823
92.52308282418697,0.06258278055467935
92.55048083509138,0.028903485709449298
92.57787884599578,0.10421695933137481
92.60527685690019,0.07245854561383396
92.6326748678046,0.05059558547112199
92.66007287870902,0.020370298041298487
92.68747088961342,0.029628767247577598
92.71486890051783,0.11614983068916676
92.74226691142223,0.08953524517563097
92.76966492232664,0.10025654405954279
92.79706293323105,0.0605198087729401
92.82446094413547,0.08327732056020296
92.85185895503987,0.0724114584826755
92.87925696594428,0.09516960832021917
92.90665497684869,0.07922567623976713
92.93405298775309,0.07982736566016736
92.9614509986575,0.07167316337350144
92.9888490095619,0.06932505847314367
93.01624702046632,0.03859960697692758
93.04364503137073,0.04718098261582016
93.07104304227514,0.04960564957965501
93.09844105317954,0.05891969412364968
93.12583906408395,0.07852599112029635
93.15323707498835,0.060185862823910835
93.18063508589277,0.07135546415140338
93.20803309679718,0.09371380972557648
93.23543110770159,0.058370475889932466
93.26282911860599,0.07818849373283289
93.2902271295104,0.07802285100525637
93.3176251404148,0.04582317167986116
93.34502315131923,0.0705552652807531
93.37242116222363,0.03636369606779136
93.39981917312804,0.10923854440862435
93.42721718403244,0.16544194964139614
93.45461519493685,0.13367495021642994
93.48201320584126,0.13803542224223414
93.50941121674566,0.1553383935216975
93.53680922765008,0.137733068973069
93.56420723855449,0.06332233268027854
93.5916052494589,0.1193048766226523
93.6190032603633,0.06336867937544044
93.6464012712677,0.05876044868882429
93.67379928217211,0.11499872662830309
93.70119729307653,0.13366805126157486
93.72859530398094,0.08186381492200598
93.75599331488534,0.08134941744010515
93.78339132578975,0.16002947881182927
93.81078933669416,0.14027875197811307
93.83818734759856,0.07756005670526392
93.86558535850298,0.12048046683851465
93.89298336940739,0.09877352283619464
93.9203813803118,0.13712031598175137
93.9477793912162,0.07800524096215161
93.97517740212061,0.10658529026096197
94.00257541302501,0.07571050742637277
94.02997342392943,0.03977905431374534
94.05737143483384,0.03623764353823171
94.08476944573825,0.06323732168452509
94.11216745664265,0.07592596599507957
94.13956546754706,0.07880695328236387
94.16696347845146,0.030182317436766668
94.19436148935587,0.10076964148552882
94.22175950026029,0.07519218739330619
94.2491575111647,0.020027960546201026
94.2765555220691,0.12228681919648432
94.30395353297351,0.11080495612311642
94.33135154387791,0.1193060994612772
94.35874955478232,0.04336370805056171
94.38614756568674,0.13468381502048857
94.41354557659115,0.10540581349406035
94.44094358749555,0.09362222095092793
94.46834159839996,0.09926214707806592
94.49573960930437,0.14034995755923219
94.52313762020877,0.09062352240829835
94.55053563111319,0.14178139188151398
94.5779336420176,0.0991450011719803
94.605331652922,0.025284598390256346
94.63272966382641,0.13478013281277335
94.66012767473082,0.05659439463218878
94.68752568563522,0.023042176661713085
94.71492369653963,0.08728232471126443
94.74232170744405,0.13131061760325224
94.76971971834845,0.06512377571365768
94.79711772925286,0.08731300864755401
94.82451574015727,0.0726263880323814
94.85191375106167,0.11132896926454997
94.87931176196608,0.07608085617830068
94.9067097728705,0.019506752594842004
94.9341077837749,0.023208152614157873
94.96150579467931,0.017669563274603315
94.98890380558372,0.019901497832955833
95.01630181648812,0.03240079153381452
95.04369982739253,0.05187440697804824
95.07109783829695,0.02068616810261493
95.09849584920136,0.010224173254916629
95.12589386010576,0.0102682416393432
95.15329187101017,0.06747074754693162
95.18068988191457,0.02177596696994028
95.20808789281898,0.06513188257169573
95.2354859037234,0.09099555446181119
95.2628839146278,0.10002690725969915
95.29028192553221,0.021181840128779356
95.31767993643662,0.02195332314664601
95.34507794734103,0.02006522116425073
95.37247595824543,0.04941161845054794
95.39987396914984,0.06294223552707752
95.42727198005426,0.07537059040383982
95.45466999095866,0.10311688255104315
95.48206800186307,0.10538485890928606
95.50946601276748,0.11479430201428417
95.53686402367188,0.02243703291877264
95.56426203457629,0.12347577191997788
95.59166004548071,0.09624591062160337
95.61905805638511,0.12598400679025787
95.64645606728952,0.03770253801891231
95.67385407819393,0.11254311552618743
95.70125208909833,0.04759972225352432
95.72865010000274,0.033195719243206
95.75604811090716,0.023867855762928977
95.78344612181156,0.07838763527996635
95.81084413271597,0.10362748397007898
95.83824214362038,0.07211648112919822
95.86564015452478,0.07394897283652542
95.89303816542919,0.1116210304820949
95.92043617633361,0.031260285760852574
95.94783418723802,0.11178168403719141
95.97523219814242,0.04398373309323159
96.00263020904683,0.023706840641785104
96.03002821995123,0.011047188876336959
96.05742623085564,0.03840500480965421
96.08482424176005,0.03565498235678595
96.11222225266447,0.039257505121366595
96.13962026356887,0.06656545526370958
96.16701827447328,0.06813413798912442
96.19441628537768,0.015212250186652523
96.22181429628209,0.06052938000439236
96.2492123071865,0.08970288481683972
96.27661031809092,0.029440445614100235
96.30400832899532,0.02425990341137814
96.33140633989973,0.055875622114373504
96.35880435080414,0.10971501991087403
96.38620236170854,0.08628866062296461
96.41360037261295,0.08320038730887214
96.44099838351737,0.08538232904190976
96.46839639442177,0.07523612756374753
96.49579440532618,0.12785429255453853
96.52319241623059,0.13361821727617768
96.55059042713499,0.08750469528808065
96.5779884380394,0.09731411830091698
96.6053864489438,0.11105923870019543
96.63278445984822,0.10918350909161871
96.66018247075263,0.12539893482529352
96.68758048165704,0.12832333363699044
96.71497849256144,0.12454909845011754
96.74237650346585,0.12107655858185282
96.76977451437025,0.04132571448629177
96.79717252527468,0.04382971213628178
96.82457053617908,0.029981397434862833
96.85196854708349,0.032733038436403586
96.8793665579879,0.02743940164936216
96.9067645688923,0.09124266061672799
96.9341625797967,0.08479035045436437
96.96156059070113,0.08509152704791238
96.98895860160553,0.08711487189113706
97.01635661250994,0.04932749957169089
97.04375462341434,0.04015837302375593
97.07115263431875,0.07613666753626852
97.09855064522316,0.06461840432070672
97.12594865612758,0.06364659756486338
97.15334666703198,0.08308481456533581
97.18074467793639,0.0674990021048234
97.2081426888408,0.07421123279781365
97.2355406997452,0.033430628137466056
97.2629387106496,0.03010059604076133
97.29033672155401,0.1042015911400127
97.31773473245843,0.08050820575045432
97.34513274336284,0.14446478582976355
97.37253075426725,0.03669504209101966
97.39992876517165,0.029416302680718334
97.42732677607606,0.09167890159761671
97.45472478698046,0.03760907504402575
97.48212279788488,0.040441211816358846
97.50952080878929,0.08634961094767428
97.5369188196937,0.06963338019546014
97.5643168305981,0.03160901944193693
97.59171484150251,0.1388777986882465
97.61911285240691,0.039430944655047165
97.64651086331133,0.10952601139853271
97.67390887421574,0.14550670655400866
97.70130688512015,0.09627109977294433
97.72870489602455,0.09949707377749611
97.75610290692896,0.041508873819611894
97.78350091783336,0.04909011261829156
97.81089892873777,0.09531437289688958
97.83829693964219,0.10016179903373076
97.8656949505466,0.10698020098696548
97.893092961451,0.10721339908558045
97.92049097235541,0.12989243282079227
97.94788898325982,0.08405687030135262
97.97528699416422,0.10889058831812018
98.00268500506864,0.09358003446323593
98.03008301597305,0.038676114837512585
98.05748102687745,0.05423824761905544
98.08487903778186,0.0627233091180066
98.11227704868627,0.0668973891525903
98.13967505959067,0.06616141478227304
98.16707307049509,0.07461411392778805
98.1944710813995,0.10198195887736097
98.2218690923039,0.07184561248464569
98.24926710320831,0.10693627091398082
98.27666511411272,0.09260981443541773
98.30406312501712,0.14644562988598317
98.33146113592154,0.030977502754488143
98.35885914682595,0.11036586607127204
98.38625715773036,0.15565217014072477
98.41365516863476,0.11421423512160545
98.44105317953917,0.07060339581311074
98.46845119044357,0.045593155162981236
98.49584920134798,0.09857141833076769
98.5232472122524,0.07581353606852406
98.5506452231568,0.13448862317680202
98.57804323406121,0.17203587765083062
98.60544124496562,0.03337372524522833
98.63283925587002,0.08175421123695517
98.66023726677443,0.1590979551220173
98.68763527767885,0.1068811543266194
98.71503328858326,0.08542009326079465
98.74243129948766,0.08234497185744753
98.76982931039207,0.14186275994588693
98.79722732129648,0.13689297143752682
98.82462533220088,0.08915763947918612
98.8520233431053,0.025147181453355257
98.87942135400971,0.07840755888756745
98.90681936491411,0.08709135381486102
98.93421737581852,0.0474880869741398
98.96161538672293,0.10030237135604159
98.98901339762733,0.08702277391128237
99.01641140853174,0.041269603419864596
99.04380941943616,0.01192120869994127
99.07120743034056,0.05178783798790602
99.09860544124497,0.03146404293432199
99.12600345214938,0.016277040413837547
99.15340146305378,0.013891500982893145
99.18079947395819,0.022518192788651168
99.20819748486261,0.06196821174278399
99.23559549576701,0.01988418807972534
99.26299350667142,0.06014091904605621
99.29039151757583,0.06472484025914844
99.31778952848023,0.07342653016935781
99.34518753938464,0.07324073378409283
99.37258555028906,0.1107752026461946
99.39998356119347,0.1119890246202058
99.42738157209787,0.08128102985814939
99.45477958300228,0.12202449064402135
99.48217759390668,0.05379140472238693
99.50957560481109,0.021014509751655953
99.53697361571551,0.020367920825347323
99.56437162661992,0.07784609970174455
99.59176963752432,0.13576131111824458
99.61916764842873,0.06988089829415418
99.64656565933313,0.10746771106767196
99.67396367023754,0.08501362788829117
99.70136168114195,0.12773974577225405
99.72875969204637,0.07605145088313106
99.75615770295077,0.02127447879990465
99.78355571385518,0.09836656384501694
99.81095372475959,0.12890514294732314
99.83835173566399,0.1090996037333447
99.8657497465684,0.06547835294006696
99.89314775747282,0.1064653801861118
99.92054576837722,0.07095402816680249
99.94794377928163,0.029693438850646164
99.97534179018604,0.044547064616488295
