control_period,penalty,parameters_idx,rainfall_rate,deficit_cost,total_leaching_gN_per_m2,violated
3.0,0.20126710688876742,0.0,0.21000000000000002,0.006082908928232226,0.007160058791906272,1.0
3.0,0.20126710688876742,1.0,0.21000000000000002,0.006931668665841084,1.2832568735482456e-05,0.0
3.0,0.20126710688876742,2.0,0.21000000000000002,0.0020485367436498363,0.003652463723534455,1.0
3.0,0.20126710688876742,3.0,0.21000000000000002,0.0023445633468262895,0.0006773353205045738,1.0
3.0,0.20126710688876742,4.0,0.21000000000000002,0.002207815872644285,0.00032177633952817827,1.0
3.0,0.20126710688876742,5.0,0.21000000000000002,0.005495294981911319,4.146746605143578e-05,0.0
3.0,0.20126710688876742,6.0,0.21000000000000002,0.004556884446577764,0.0,0.0
3.0,0.20126710688876742,7.0,0.21000000000000002,0.02159182865052778,0.0,0.0
3.0,0.20126710688876742,8.0,0.21000000000000002,0.006301718829653522,0.0005111238668473705,1.0
3.0,0.20126710688876742,9.0,0.21000000000000002,0.006397888338582014,0.0012308278329796372,1.0
3.0,0.20126710688876742,10.0,0.21000000000000002,0.002951244479512667,0.03772559675031889,1.0
3.0,0.20126710688876742,11.0,0.21000000000000002,0.0011997520459342778,0.0073511790491382935,1.0
3.0,0.20126710688876742,12.0,0.21000000000000002,0.011626587099645692,0.0,0.0
3.0,0.20126710688876742,13.0,0.21000000000000002,0.022561405766240827,0.0,0.0
3.0,0.20126710688876742,14.0,0.21000000000000002,0.006455502658375464,0.010496074807426684,1.0
3.0,0.20126710688876742,15.0,0.21000000000000002,0.012544533384795716,0.0,0.0
3.0,0.20126710688876742,16.0,0.21000000000000002,0.031094223879317557,0.0,0.0
3.0,0.20126710688876742,17.0,0.21000000000000002,0.022094436222243424,0.0,0.0
3.0,0.20126710688876742,18.0,0.21000000000000002,0.02255362579093385,8.650321414299266e-06,0.0
3.0,0.20126710688876742,19.0,0.21000000000000002,0.005443328867434521,7.68081250787471e-05,1.0
3.0,0.20126710688876742,20.0,0.21000000000000002,0.012021432919247895,0.0,0.0
3.0,0.20126710688876742,21.0,0.21000000000000002,0.011244455072669904,0.0,0.0
3.0,0.20126710688876742,22.0,0.21000000000000002,0.007288870508762868,0.0,0.0
3.0,0.20126710688876742,23.0,0.21000000000000002,0.006803804146754594,0.004503400410395917,1.0
3.0,0.20126710688876742,24.0,0.21000000000000002,0.007525411941518833,0.00028683825659159913,0.0
3.0,0.20126710688876742,25.0,0.21000000000000002,0.007271377005618236,0.029074736868607925,0.0
3.0,0.20126710688876742,26.0,0.21000000000000002,0.006919909628834186,0.00017477558180560096,0.0
3.0,0.20126710688876742,27.0,0.21000000000000002,0.022052640789472416,0.0013062456441517952,0.0
3.0,0.20126710688876742,28.0,0.21000000000000002,0.009183511444523389,0.09797718832297515,1.0
3.0,0.20126710688876742,29.0,0.21000000000000002,0.000578005895808883,0.004777016531667891,1.0
3.0,0.20126710688876742,30.0,0.21000000000000002,0.007750810813098673,3.4983652587348316e-05,1.0
3.0,0.20126710688876742,31.0,0.21000000000000002,0.0031631355106097473,0.002558464282803386,1.0
3.0,0.20126710688876742,32.0,0.21000000000000002,0.00607875599349491,0.0026047323352522494,1.0
3.0,0.20126710688876742,33.0,0.21000000000000002,0.0014865379915513788,0.008163254031009606,1.0
3.0,0.20126710688876742,34.0,0.21000000000000002,0.0022372667984419596,0.03655065952102255,1.0
3.0,0.20126710688876742,35.0,0.21000000000000002,0.006448187553036512,0.001636507076330631,1.0
3.0,0.20126710688876742,36.0,0.21000000000000002,0.020926228552891103,1.9769604863689402e-05,0.0
3.0,0.20126710688876742,37.0,0.21000000000000002,0.0015715260246499541,0.001415504453734453,1.0
3.0,0.20126710688876742,38.0,0.21000000000000002,0.0321326930263813,0.00011878317149759826,1.0
3.0,0.20126710688876742,39.0,0.21000000000000002,0.0013886912416567014,0.07290714136147859,1.0
3.0,0.20126710688876742,40.0,0.21000000000000002,0.021038034294807016,0.0,0.0
3.0,0.20126710688876742,41.0,0.21000000000000002,0.011481168214196712,0.0,0.0
3.0,0.20126710688876742,42.0,0.21000000000000002,0.003106220559889081,0.005539547884602082,1.0
3.0,0.20126710688876742,43.0,0.21000000000000002,0.011715890680986066,0.005226529854127557,0.0
3.0,0.20126710688876742,44.0,0.21000000000000002,0.003644765630232801,5.4974977621112044,1.0
3.0,0.20126710688876742,45.0,0.21000000000000002,0.02228370927799064,0.0,0.0
3.0,0.20126710688876742,46.0,0.21000000000000002,0.005723976180949553,0.0,0.0
3.0,0.20126710688876742,47.0,0.21000000000000002,0.0064408753115962085,0.01346278963754923,1.0
3.0,0.20126710688876742,48.0,0.21000000000000002,0.0072429002316362475,0.00035637728262483733,1.0
3.0,0.20126710688876742,49.0,0.21000000000000002,0.030022774274107746,0.0,0.0
3.0,0.20126710688876742,50.0,0.21000000000000002,0.0033534299251267267,0.0035057804480191947,1.0
3.0,0.20126710688876742,51.0,0.21000000000000002,0.011471823452469217,0.0,0.0
3.0,0.20126710688876742,52.0,0.21000000000000002,0.00904521934536459,0.001666366957361456,0.0
3.0,0.20126710688876742,53.0,0.21000000000000002,0.0039048274153734414,0.00018767328772959603,1.0
3.0,0.20126710688876742,54.0,0.21000000000000002,0.005160917614435387,0.0,0.0
3.0,0.20126710688876742,55.0,0.21000000000000002,0.0060548413551283,0.2931361753682845,1.0
3.0,0.20126710688876742,56.0,0.21000000000000002,0.0018797159100381307,0.0010933013828114257,1.0
3.0,0.20126710688876742,57.0,0.21000000000000002,0.0019430945464392374,0.009841443568428547,1.0
3.0,0.20126710688876742,58.0,0.21000000000000002,0.021609492327835905,5.104221968410517e-06,0.0
3.0,0.20126710688876742,59.0,0.21000000000000002,0.006191059706357667,0.0,0.0
3.0,0.20126710688876742,60.0,0.21000000000000002,0.01202190844268269,0.0,0.0
3.0,0.20126710688876742,61.0,0.21000000000000002,0.005334064111251232,0.0,0.0
3.0,0.20126710688876742,62.0,0.21000000000000002,0.0035890972237701104,1.2576738766457887,1.0
3.0,0.20126710688876742,63.0,0.21000000000000002,0.023332269077387245,0.0,0.0
3.0,0.20126710688876742,64.0,0.21000000000000002,0.004863864562179618,0.0011056323418521283,0.0
3.0,0.20126710688876742,65.0,0.21000000000000002,0.01129401732106932,6.043398526649353e-05,0.0
3.0,0.20126710688876742,66.0,0.21000000000000002,0.00255794559189912,0.0025065867586927227,1.0
3.0,0.20126710688876742,67.0,0.21000000000000002,0.006516481246997677,0.05989400317779572,1.0
3.0,0.20126710688876742,68.0,0.21000000000000002,0.005514630726327622,0.0,0.0
3.0,0.20126710688876742,69.0,0.21000000000000002,0.03118594466922607,0.0,0.0
3.0,0.20126710688876742,70.0,0.21000000000000002,0.00684515910827983,0.07761620886600185,1.0
3.0,0.20126710688876742,71.0,0.21000000000000002,0.005656591645168084,0.0007947734110914768,1.0
3.0,0.20126710688876742,72.0,0.21000000000000002,0.021771687088312817,0.005288807795868101,0.0
3.0,0.20126710688876742,73.0,0.21000000000000002,0.010803833470671122,0.0,0.0
3.0,0.20126710688876742,74.0,0.21000000000000002,0.007570927640563633,0.0,0.0
3.0,0.20126710688876742,75.0,0.21000000000000002,0.005367682500368611,0.7071721678988825,1.0
3.0,0.20126710688876742,76.0,0.21000000000000002,0.001632543535087003,2.7908269583432888,1.0
3.0,0.20126710688876742,77.0,0.21000000000000002,0.002026870302517002,0.06687576853509174,1.0
3.0,0.20126710688876742,78.0,0.21000000000000002,0.007013007683408576,0.0,0.0
3.0,0.20126710688876742,79.0,0.21000000000000002,0.022231668759081592,0.0,0.0
3.0,0.20126710688876742,80.0,0.21000000000000002,0.0055222751879036285,0.0,0.0
3.0,0.20126710688876742,81.0,0.21000000000000002,0.007548494125311301,1.8112709944786592e-05,0.0
3.0,0.20126710688876742,82.0,0.21000000000000002,0.005943331098528294,0.06942496471498925,1.0
3.0,0.20126710688876742,83.0,0.21000000000000002,0.0015610799107094345,0.015721290301295824,1.0
3.0,0.20126710688876742,84.0,0.21000000000000002,0.006860798854111054,1.3417768691759429,1.0
3.0,0.20126710688876742,85.0,0.21000000000000002,0.006983694073135529,0.000886362782502755,1.0
3.0,0.20126710688876742,86.0,0.21000000000000002,0.0018344360124035526,0.0007863904294554811,1.0
3.0,0.20126710688876742,87.0,0.21000000000000002,0.008361422046621584,0.0,0.0
3.0,0.20126710688876742,88.0,0.21000000000000002,0.004793916197951203,0.0,0.0
3.0,0.20126710688876742,89.0,0.21000000000000002,0.0009647188418793011,0.023395521187541016,1.0
3.0,0.20126710688876742,90.0,0.21000000000000002,0.011801736929854638,0.00018536623866108662,0.0
3.0,0.20126710688876742,91.0,0.21000000000000002,0.0015454457111750352,0.012911837918507191,1.0
3.0,0.20126710688876742,92.0,0.21000000000000002,0.006591007470586935,4.014207660807299,1.0
3.0,0.20126710688876742,93.0,0.21000000000000002,0.007373109151265789,0.00022789263772121044,0.0
3.0,0.20126710688876742,94.0,0.21000000000000002,0.007630211207212079,0.0,0.0
3.0,0.20126710688876742,95.0,0.21000000000000002,0.005879167905095734,0.0,0.0
3.0,0.20126710688876742,96.0,0.21000000000000002,0.021027082210339054,0.007706875701578758,0.0
3.0,0.20126710688876742,97.0,0.21000000000000002,0.007047457757794963,0.0005126740735062141,1.0
3.0,0.20126710688876742,98.0,0.21000000000000002,0.007513529124702491,0.0006444616259500259,0.0
3.0,0.20126710688876742,99.0,0.21000000000000002,0.02160139724984919,0.0,0.0
3.0,0.20126710688876742,100.0,0.21000000000000002,0.006280878391039745,0.00042833990794628713,1.0
3.0,0.20126710688876742,101.0,0.21000000000000002,0.004683420014437819,0.030030597798567978,1.0
3.0,0.20126710688876742,102.0,0.21000000000000002,0.010650387575575841,0.00011436397294153851,0.0
3.0,0.20126710688876742,103.0,0.21000000000000002,0.002093664588732425,0.0046309439690816225,1.0
3.0,0.20126710688876742,104.0,0.21000000000000002,0.0010002902343605674,0.0021896590519104742,1.0
3.0,0.20126710688876742,105.0,0.21000000000000002,0.008224899841746599,0.0,0.0
3.0,0.20126710688876742,106.0,0.21000000000000002,0.011906937947071223,0.21301783401488622,1.0
3.0,0.20126710688876742,107.0,0.21000000000000002,0.033558698414909424,0.0,0.0
3.0,0.20126710688876742,108.0,0.21000000000000002,0.009592958191438858,0.210604110844368,1.0
3.0,0.20126710688876742,109.0,0.21000000000000002,0.011983703299980091,0.0,0.0
3.0,0.20126710688876742,110.0,0.21000000000000002,0.007386920725962979,0.0,0.0
3.0,0.20126710688876742,111.0,0.21000000000000002,0.006689800347756915,0.1789559910735839,1.0
3.0,0.20126710688876742,112.0,0.21000000000000002,0.006927300871539718,0.0007418190986535358,1.0
3.0,0.20126710688876742,113.0,0.21000000000000002,0.007710162676604746,0.25445334177287415,1.0
3.0,0.20126710688876742,114.0,0.21000000000000002,0.0019324207738368308,0.008060609064361627,1.0
3.0,0.20126710688876742,115.0,0.21000000000000002,0.004202949413868793,7.122924164157481e-05,1.0
3.0,0.20126710688876742,116.0,0.21000000000000002,0.007310963394555808,0.0,0.0
3.0,0.20126710688876742,117.0,0.21000000000000002,0.021979633014495993,0.0,0.0
3.0,0.20126710688876742,118.0,0.21000000000000002,0.021346179174744722,0.04758108872924798,0.0
3.0,0.20126710688876742,119.0,0.21000000000000002,0.0032652566855108944,0.0033687773400414896,1.0
3.0,0.20126710688876742,120.0,0.21000000000000002,0.005916861466590175,0.004435404374753656,1.0
3.0,0.20126710688876742,121.0,0.21000000000000002,0.021252434551251573,0.046216953297885714,0.0
3.0,0.20126710688876742,122.0,0.21000000000000002,0.0015781977164171755,0.0005434278434248083,1.0
3.0,0.20126710688876742,123.0,0.21000000000000002,0.0034662359675295303,0.006314763327309136,1.0
3.0,0.20126710688876742,124.0,0.21000000000000002,0.0009388970173501489,0.00570368872245426,1.0
3.0,0.20126710688876742,125.0,0.21000000000000002,0.002507766563172243,0.00048407574447300043,1.0
3.0,0.20126710688876742,126.0,0.21000000000000002,0.024452800384341063,6.8984683979976165,1.0
3.0,0.20126710688876742,127.0,0.21000000000000002,0.010945426446186696,0.0016704246046995623,0.0
3.0,0.20126710688876742,128.0,0.21000000000000002,0.01277640611236723,0.3091505205312239,1.0
3.0,0.20126710688876742,129.0,0.21000000000000002,0.001961738202213289,0.004097598606839032,1.0
3.0,0.20126710688876742,130.0,0.21000000000000002,0.002105669342567723,0.00019484318428941662,1.0
3.0,0.20126710688876742,131.0,0.21000000000000002,0.0034753947593674527,0.000882874271393984,1.0
3.0,0.20126710688876742,132.0,0.21000000000000002,0.011559689904141909,0.0,0.0
3.0,0.20126710688876742,133.0,0.21000000000000002,0.0023971537875266155,0.019312227777878572,1.0
3.0,0.20126710688876742,134.0,0.21000000000000002,0.0009558038041880206,1.1283486264780068e-05,1.0
3.0,0.20126710688876742,135.0,0.21000000000000002,0.0013454369326610244,0.0026988516633648504,1.0
3.0,0.20126710688876742,136.0,0.21000000000000002,0.0010642232570549147,0.045577507783416495,1.0
3.0,0.20126710688876742,137.0,0.21000000000000002,0.003496584908604718,0.0001798856541407475,1.0
3.0,0.20126710688876742,138.0,0.21000000000000002,0.01266523688217004,0.020464702459788466,0.0
3.0,0.20126710688876742,139.0,0.21000000000000002,0.0075369165666977125,0.0,0.0
3.0,0.20126710688876742,140.0,0.21000000000000002,0.001466295975777611,0.17552635580823286,1.0
3.0,0.20126710688876742,141.0,0.21000000000000002,0.011351771499850434,0.0,0.0
3.0,0.20126710688876742,142.0,0.21000000000000002,0.007257861341597536,0.0003192157390788939,0.0
3.0,0.20126710688876742,143.0,0.21000000000000002,0.006303659131531974,0.018531839222611764,1.0
3.0,0.20126710688876742,144.0,0.21000000000000002,0.002336457698356015,0.000506109219469592,1.0
3.0,0.20126710688876742,145.0,0.21000000000000002,0.006850193482087709,0.0004978675218873568,0.0
3.0,0.20126710688876742,146.0,0.21000000000000002,0.010720818103216154,0.0006796806906730972,0.0
3.0,0.20126710688876742,147.0,0.21000000000000002,0.009566282279633426,0.0008858927447107667,1.0
3.0,0.20126710688876742,148.0,0.21000000000000002,0.002708692167450876,1.7371042118218203,1.0
3.0,0.20126710688876742,149.0,0.21000000000000002,0.0009054097084928826,0.20968391949663107,1.0
3.0,0.20126710688876742,150.0,0.21000000000000002,0.004068058871170444,0.0015060825435589203,0.0
3.0,0.20126710688876742,151.0,0.21000000000000002,0.004267673585121247,0.0025770650198436245,1.0
3.0,0.20126710688876742,152.0,0.21000000000000002,0.004655150061254215,0.0005571821062865387,0.0
3.0,0.20126710688876742,153.0,0.21000000000000002,0.005590149059719501,0.0,0.0
3.0,0.20126710688876742,154.0,0.21000000000000002,0.009974897989898607,0.0008357855368199601,0.0
3.0,0.20126710688876742,155.0,0.21000000000000002,0.014629378649715231,0.002864627859557998,0.0
3.0,0.20126710688876742,156.0,0.21000000000000002,0.0061239111606572125,0.011046360725240546,1.0
3.0,0.20126710688876742,157.0,0.21000000000000002,0.008038221269565472,0.0,0.0
3.0,0.20126710688876742,158.0,0.21000000000000002,0.0030667732996306164,0.00012022591319028417,1.0
3.0,0.20126710688876742,159.0,0.21000000000000002,0.038373619910372046,0.03613343198496162,1.0
3.0,0.20126710688876742,160.0,0.21000000000000002,0.0038466655379423365,1.1471605815612382,1.0
3.0,0.20126710688876742,161.0,0.21000000000000002,0.012158533381355821,0.0,0.0
3.0,0.20126710688876742,162.0,0.21000000000000002,0.006573612045900477,5.653811754599973e-05,0.0
3.0,0.20126710688876742,163.0,0.21000000000000002,0.007910401741869084,1.8204856511661553e-05,1.0
3.0,0.20126710688876742,164.0,0.21000000000000002,0.022114806135111405,0.01919242354662931,0.0
3.0,0.20126710688876742,165.0,0.21000000000000002,0.010689710965081253,4.740856602127588e-05,0.0
3.0,0.20126710688876742,166.0,0.21000000000000002,0.005581963473519029,0.00030979109844514496,1.0
3.0,0.20126710688876742,167.0,0.21000000000000002,0.0035794698182982105,0.0041395624462042474,1.0
3.0,0.20126710688876742,168.0,0.21000000000000002,0.008152158873285286,0.0,0.0
3.0,0.20126710688876742,169.0,0.21000000000000002,0.006737021399776971,3.7197534747484184e-05,0.0
3.0,0.20126710688876742,170.0,0.21000000000000002,0.002796188821486729,2.938705538796944e-06,1.0
3.0,0.20126710688876742,171.0,0.21000000000000002,0.003094127723914086,0.16697714028148697,1.0
3.0,0.20126710688876742,172.0,0.21000000000000002,0.0018437529834384838,0.07037003492418292,1.0
3.0,0.20126710688876742,173.0,0.21000000000000002,0.0018829675524215817,0.036958548587205514,1.0
3.0,0.20126710688876742,174.0,0.21000000000000002,0.007854536377096584,0.0,0.0
3.0,0.20126710688876742,175.0,0.21000000000000002,0.003771483205101584,0.0019145286500270712,1.0
3.0,0.20126710688876742,176.0,0.21000000000000002,0.0028063152942765708,0.6320969565644549,1.0
3.0,0.20126710688876742,177.0,0.21000000000000002,0.006632023714169215,0.013640834545755527,0.0
3.0,0.20126710688876742,178.0,0.21000000000000002,0.011969970505976233,0.1779592485146859,1.0
3.0,0.20126710688876742,179.0,0.21000000000000002,0.006415999374715639,1.6042537058268344e-07,0.0
3.0,0.20126710688876742,180.0,0.21000000000000002,0.005804961155771981,11.784743980092578,1.0
3.0,0.20126710688876742,181.0,0.21000000000000002,0.003067112578589464,0.06290171809861049,1.0
3.0,0.20126710688876742,182.0,0.21000000000000002,0.00323441088937957,0.10451529194375553,1.0
3.0,0.20126710688876742,183.0,0.21000000000000002,0.006834331811723117,0.002756119256198771,0.0
3.0,0.20126710688876742,184.0,0.21000000000000002,0.0069438235279476205,2.566165889053694e-05,1.0
3.0,0.20126710688876742,185.0,0.21000000000000002,0.002644811111362689,0.8413681471591876,1.0
3.0,0.20126710688876742,186.0,0.21000000000000002,0.007113540674546151,0.001283620619997447,0.0
3.0,0.20126710688876742,187.0,0.21000000000000002,0.007157044488195241,9.373408536412792e-07,0.0
3.0,0.20126710688876742,188.0,0.21000000000000002,0.002344408509888779,0.09632965194927899,1.0
3.0,0.20126710688876742,189.0,0.21000000000000002,0.007780121504316732,1.1829258530039934e-05,0.0
3.0,0.20126710688876742,190.0,0.21000000000000002,0.00715247206303312,0.0009165429394713572,0.0
3.0,0.20126710688876742,191.0,0.21000000000000002,0.010089863023960824,0.010704615060650803,0.0
3.0,0.20126710688876742,192.0,0.21000000000000002,0.0019438727763614384,0.0023730774695416242,1.0
3.0,0.20126710688876742,193.0,0.21000000000000002,0.0025242721805878937,0.003894369482626741,1.0
3.0,0.20126710688876742,194.0,0.21000000000000002,0.010640733285136306,0.0015925248594728487,0.0
3.0,0.20126710688876742,195.0,0.21000000000000002,0.003976464560388113,0.016169769665582104,1.0
3.0,0.20126710688876742,196.0,0.21000000000000002,0.0016849505499004756,0.0029889536221796155,1.0
3.0,0.20126710688876742,197.0,0.21000000000000002,0.020855541235264743,0.0,0.0
3.0,0.20126710688876742,198.0,0.21000000000000002,0.0060546670449311705,0.04759468215504557,1.0
3.0,0.20126710688876742,199.0,0.21000000000000002,0.007041472095952394,0.012916010470151534,1.0
3.0,0.20126710688876742,200.0,0.21000000000000002,0.002651177760061495,0.0025787602946182034,1.0
3.0,0.20126710688876742,201.0,0.21000000000000002,0.012006861083006535,0.0,0.0
3.0,0.20126710688876742,202.0,0.21000000000000002,0.013050373977206525,0.0,0.0
3.0,0.20126710688876742,203.0,0.21000000000000002,0.002502723845824213,1.549406260773395e-05,1.0
3.0,0.20126710688876742,204.0,0.21000000000000002,0.0071781093637361786,5.4134813571246004e-05,1.0
3.0,0.20126710688876742,205.0,0.21000000000000002,0.007818517408048682,0.0,0.0
3.0,0.20126710688876742,206.0,0.21000000000000002,0.006081686998860952,0.003667432047008595,1.0
3.0,0.20126710688876742,207.0,0.21000000000000002,0.008185972941459677,0.0,0.0
3.0,0.20126710688876742,208.0,0.21000000000000002,0.0070157743028327404,0.0,0.0
3.0,0.20126710688876742,209.0,0.21000000000000002,0.0045052049626702366,0.19534524343798737,1.0
3.0,0.20126710688876742,210.0,0.21000000000000002,0.006731358046995111,2.7244927652851967e-05,1.0
3.0,0.20126710688876742,211.0,0.21000000000000002,0.011396383652816075,0.5711252821962726,1.0
3.0,0.20126710688876742,212.0,0.21000000000000002,0.005781145431800362,4.79577162412437,1.0
3.0,0.20126710688876742,213.0,0.21000000000000002,0.01075979149623944,0.0,0.0
3.0,0.20126710688876742,214.0,0.21000000000000002,0.005207418170913463,0.00046990671878762547,0.0
3.0,0.20126710688876742,215.0,0.21000000000000002,0.020547364181468263,0.00018819020089862212,0.0
3.0,0.20126710688876742,216.0,0.21000000000000002,0.009351656389074767,9.32838162761048e-07,1.0
3.0,0.20126710688876742,217.0,0.21000000000000002,0.0022410747747013187,4.531908511701838,1.0
3.0,0.20126710688876742,218.0,0.21000000000000002,0.011793681707988843,0.0,0.0
3.0,0.20126710688876742,219.0,0.21000000000000002,0.022186387824777772,0.0,0.0
3.0,0.20126710688876742,220.0,0.21000000000000002,0.010931420769253306,0.0023145558698288923,0.0
3.0,0.20126710688876742,221.0,0.21000000000000002,0.001269102442640775,0.409495556919187,1.0
3.0,0.20126710688876742,222.0,0.21000000000000002,0.007544499509831015,7.405293142201227e-05,1.0
3.0,0.20126710688876742,223.0,0.21000000000000002,0.006418647281194202,0.017730936983982398,1.0
3.0,0.20126710688876742,224.0,0.21000000000000002,0.006258566762981382,0.0001581168561983798,1.0
3.0,0.20126710688876742,225.0,0.21000000000000002,0.010702271977557663,0.0,0.0
3.0,0.20126710688876742,226.0,0.21000000000000002,0.002524084448642959,0.00010242062367345779,1.0
3.0,0.20126710688876742,227.0,0.21000000000000002,0.006497214023645679,1.2366799932406417e-05,0.0
3.0,0.20126710688876742,228.0,0.21000000000000002,0.0024611116483777514,0.03257157608537442,1.0
3.0,0.20126710688876742,229.0,0.21000000000000002,0.0034820952694790855,0.00035925577949011016,1.0
3.0,0.20126710688876742,230.0,0.21000000000000002,0.006077877782453152,0.0010294026869359005,1.0
3.0,0.20126710688876742,231.0,0.21000000000000002,0.011222507456078185,4.3651511263435125e-05,0.0
3.0,0.20126710688876742,232.0,0.21000000000000002,0.007465640570882117,0.0,0.0
3.0,0.20126710688876742,233.0,0.21000000000000002,0.012574128596579078,0.0001614047583450314,0.0
3.0,0.20126710688876742,234.0,0.21000000000000002,0.0036945139801464696,0.00014306913753823222,1.0
3.0,0.20126710688876742,235.0,0.21000000000000002,0.006847930404173234,0.0012912489680757472,0.0
3.0,0.20126710688876742,236.0,0.21000000000000002,0.01099366712069636,2.4819672571562365e-05,0.0
3.0,0.20126710688876742,237.0,0.21000000000000002,0.0012843678178840086,0.02229836556681192,1.0
3.0,0.20126710688876742,238.0,0.21000000000000002,0.0023964753586515944,1.7062339751666227e-05,1.0
3.0,0.20126710688876742,239.0,0.21000000000000002,0.012422480456513523,0.0,0.0
3.0,0.20126710688876742,240.0,0.21000000000000002,0.0018047444533272968,0.002268087308454088,1.0
3.0,0.20126710688876742,241.0,0.21000000000000002,0.007059735612257143,0.0,0.0
3.0,0.20126710688876742,242.0,0.21000000000000002,0.006577698297548151,0.1225336669788697,1.0
3.0,0.20126710688876742,243.0,0.21000000000000002,0.005872055881711675,0.00024887626748396465,1.0
3.0,0.20126710688876742,244.0,0.21000000000000002,0.012767722528671921,0.0,0.0
3.0,0.20126710688876742,245.0,0.21000000000000002,0.022388798714266557,0.0,0.0
3.0,0.20126710688876742,246.0,0.21000000000000002,0.004177083707530752,4.4664470645617935e-05,1.0
3.0,0.20126710688876742,247.0,0.21000000000000002,0.005383685079429674,0.01882096084466658,0.0
3.0,0.20126710688876742,248.0,0.21000000000000002,0.00550103332387406,0.0006984319672897729,1.0
3.0,0.20126710688876742,249.0,0.21000000000000002,0.003928788600124529,0.005095006191635631,1.0
3.0,0.20126710688876742,250.0,0.21000000000000002,0.022093721267726296,0.0,0.0
3.0,0.20126710688876742,251.0,0.21000000000000002,0.006651534078529519,0.33371851114026246,1.0
3.0,0.20126710688876742,252.0,0.21000000000000002,0.002599558603126954,0.0003377579628538412,1.0
3.0,0.20126710688876742,253.0,0.21000000000000002,0.021472293018993022,0.00890693763776881,0.0
3.0,0.20126710688876742,254.0,0.21000000000000002,0.007525473033024711,0.06102813248721519,0.0
3.0,0.20126710688876742,255.0,0.21000000000000002,0.007595564693200765,0.0,0.0
3.0,0.20126710688876742,256.0,0.21000000000000002,0.018716623284014126,0.0,0.0
3.0,0.20126710688876742,257.0,0.21000000000000002,0.003005135328093509,0.14970144557471785,1.0
3.0,0.20126710688876742,258.0,0.21000000000000002,0.003874561997328008,2.2940885561905765e-05,0.0
3.0,0.20126710688876742,259.0,0.21000000000000002,0.01082810184391481,1.1662932532491814e-07,0.0
3.0,0.20126710688876742,260.0,0.21000000000000002,0.009937089329619977,0.0,0.0
3.0,0.20126710688876742,261.0,0.21000000000000002,0.00477670515059128,0.0,0.0
3.0,0.20126710688876742,262.0,0.21000000000000002,0.0051745180831145165,0.0,0.0
3.0,0.20126710688876742,263.0,0.21000000000000002,0.004942080810216467,0.0,0.0
3.0,0.20126710688876742,264.0,0.21000000000000002,0.007167001923367004,2.6381843452274797e-05,0.0
3.0,0.20126710688876742,265.0,0.21000000000000002,0.0017516274610709466,0.02327440723643537,1.0
3.0,0.20126710688876742,266.0,0.21000000000000002,0.021775017179787325,0.0,0.0
3.0,0.20126710688876742,267.0,0.21000000000000002,0.0022806351012733097,0.001755538763497078,1.0
3.0,0.20126710688876742,268.0,0.21000000000000002,0.022337592402387745,4.103425481049466e-05,0.0
3.0,0.20126710688876742,269.0,0.21000000000000002,0.008286487193993042,0.005110318785169741,1.0
3.0,0.20126710688876742,270.0,0.21000000000000002,0.0041384621954556,4.3381005684968084e-05,0.0
3.0,0.20126710688876742,271.0,0.21000000000000002,0.0017500245440095028,0.0021211301622308574,1.0
3.0,0.20126710688876742,272.0,0.21000000000000002,0.02120517928832929,0.0,0.0
3.0,0.20126710688876742,273.0,0.21000000000000002,0.004830220492926807,0.11208592549301738,1.0
3.0,0.20126710688876742,274.0,0.21000000000000002,0.008418988604957194,0.02461235856717915,0.0
3.0,0.20126710688876742,275.0,0.21000000000000002,0.002231700521961027,2.7789873758213055,1.0
3.0,0.20126710688876742,276.0,0.21000000000000002,0.010195413042894745,0.0,0.0
3.0,0.20126710688876742,277.0,0.21000000000000002,0.0021196581586333633,0.00010151801675515079,1.0
3.0,0.20126710688876742,278.0,0.21000000000000002,0.010720170124809534,0.0,0.0
3.0,0.20126710688876742,279.0,0.21000000000000002,0.0014542448303529111,0.0005590281315596033,1.0
3.0,0.20126710688876742,280.0,0.21000000000000002,0.004082922095482722,0.0014714851575436646,1.0
3.0,0.20126710688876742,281.0,0.21000000000000002,0.00716948694589155,0.0,0.0
3.0,0.20126710688876742,282.0,0.21000000000000002,0.0025626195016263775,0.06425815736647249,1.0
3.0,0.20126710688876742,283.0,0.21000000000000002,0.005150374109546415,7.048025479010094,1.0
3.0,0.20126710688876742,284.0,0.21000000000000002,0.021914372801672216,0.0,0.0
3.0,0.20126710688876742,285.0,0.21000000000000002,0.011426307407969717,0.0,0.0
3.0,0.20126710688876742,286.0,0.21000000000000002,0.002207607747691514,8.410592967933468,1.0
3.0,0.20126710688876742,287.0,0.21000000000000002,0.0029586088214161588,0.0012302661190154985,1.0
3.0,0.20126710688876742,288.0,0.21000000000000002,0.00947079574068696,5.263363966062961e-06,0.0
3.0,0.20126710688876742,289.0,0.21000000000000002,0.011806369530282274,9.49327968723245e-06,0.0
3.0,0.20126710688876742,290.0,0.21000000000000002,0.012239957755611625,0.004407290425225026,0.0
3.0,0.20126710688876742,291.0,0.21000000000000002,0.0015686703341473555,0.04095747243594559,1.0
3.0,0.20126710688876742,292.0,0.21000000000000002,0.0013007020945453123,0.025804930279505634,1.0
3.0,0.20126710688876742,293.0,0.21000000000000002,0.007549368141523238,5.841273358049707e-05,0.0
3.0,0.20126710688876742,294.0,0.21000000000000002,0.01282587593764093,0.0,0.0
3.0,0.20126710688876742,295.0,0.21000000000000002,0.00524693222750228,2.7420678751629315e-05,0.0
3.0,0.20126710688876742,296.0,0.21000000000000002,0.005727374607684208,0.0002959699273943715,1.0
3.0,0.20126710688876742,297.0,0.21000000000000002,0.002822335798942961,0.0006934321146147242,1.0
3.0,0.20126710688876742,298.0,0.21000000000000002,0.011200817766068464,0.0,0.0
3.0,0.20126710688876742,299.0,0.21000000000000002,0.0014781165896293417,0.16601269889873907,1.0
3.0,0.20126710688876742,300.0,0.21000000000000002,0.011032117249728805,0.0,0.0
3.0,0.20126710688876742,301.0,0.21000000000000002,0.011150007288211927,0.0,0.0
3.0,0.20126710688876742,302.0,0.21000000000000002,0.0022007895233731806,0.005208991984831902,1.0
3.0,0.20126710688876742,303.0,0.21000000000000002,0.004670131700821257,0.25656286486291296,1.0
3.0,0.20126710688876742,304.0,0.21000000000000002,0.00741394429441044,0.019461076826513064,0.0
3.0,0.20126710688876742,305.0,0.21000000000000002,0.006377803492156358,0.008534367485170648,1.0
3.0,0.20126710688876742,306.0,0.21000000000000002,0.022190028881760387,4.32714047839761e-06,0.0
3.0,0.20126710688876742,307.0,0.21000000000000002,0.01160282278257584,0.0,0.0
3.0,0.20126710688876742,308.0,0.21000000000000002,0.0024916070465697215,0.013272303525113676,1.0
3.0,0.20126710688876742,309.0,0.21000000000000002,0.0026298728078244424,3.7018975586780085,1.0
3.0,0.20126710688876742,310.0,0.21000000000000002,0.0063187861315509505,8.082416136502285e-05,0.0
3.0,0.20126710688876742,311.0,0.21000000000000002,0.0015566739508036257,0.002117380293607637,1.0
3.0,0.20126710688876742,312.0,0.21000000000000002,0.0184543165145852,0.0,0.0
3.0,0.20126710688876742,313.0,0.21000000000000002,0.0041796114315371625,0.004831004068239906,1.0
3.0,0.20126710688876742,314.0,0.21000000000000002,0.009819164053818344,0.0,0.0
3.0,0.20126710688876742,315.0,0.21000000000000002,0.006140190689039534,0.35832450305372715,1.0
3.0,0.20126710688876742,316.0,0.21000000000000002,0.00614545216408267,0.00852628859904966,1.0
3.0,0.20126710688876742,317.0,0.21000000000000002,0.00304013067711914,5.3077132054276666e-05,1.0
3.0,0.20126710688876742,318.0,0.21000000000000002,0.00487845616537269,2.1497338044849066,1.0
3.0,0.20126710688876742,319.0,0.21000000000000002,0.006995185338842372,2.429830057463939e-05,0.0
3.0,0.20126710688876742,320.0,0.21000000000000002,0.005808571536001748,0.4302975820208888,1.0
3.0,0.20126710688876742,321.0,0.21000000000000002,0.002546964298214843,0.0051018776970740524,1.0
3.0,0.20126710688876742,322.0,0.21000000000000002,0.0013254326604826925,0.07469259918594293,1.0
3.0,0.20126710688876742,323.0,0.21000000000000002,0.005763845894547151,0.0,0.0
3.0,0.20126710688876742,324.0,0.21000000000000002,0.011512689131036393,0.0,0.0
3.0,0.20126710688876742,325.0,0.21000000000000002,0.01044950248785102,5.339357400763002e-06,0.0
3.0,0.20126710688876742,326.0,0.21000000000000002,0.007259824729787654,0.00027205386961128784,0.0
3.0,0.20126710688876742,327.0,0.21000000000000002,0.006180369851143692,0.03012606477426003,1.0
3.0,0.20126710688876742,328.0,0.21000000000000002,0.005191799221138385,0.011862442904728024,0.0
3.0,0.20126710688876742,329.0,0.21000000000000002,0.0030828175189189263,0.005277051447187424,1.0
3.0,0.20126710688876742,330.0,0.21000000000000002,0.007735911896006907,0.0004444074500269213,0.0
3.0,0.20126710688876742,331.0,0.21000000000000002,0.007827452670991995,0.0,0.0
3.0,0.20126710688876742,332.0,0.21000000000000002,0.004325766726918208,0.11619279075291483,1.0
3.0,0.20126710688876742,333.0,0.21000000000000002,0.0035171553782606404,0.00013871869965484686,1.0
3.0,0.20126710688876742,334.0,0.21000000000000002,0.00604795126249263,0.08234150742051145,1.0
3.0,0.20126710688876742,335.0,0.21000000000000002,0.003272430217415952,0.00854358135464554,1.0
3.0,0.20126710688876742,336.0,0.21000000000000002,0.012465786694470564,2.2238921380442787e-06,0.0
3.0,0.20126710688876742,337.0,0.21000000000000002,0.006112559218020001,0.0011592760683552452,1.0
3.0,0.20126710688876742,338.0,0.21000000000000002,0.02249329179694968,3.781646360619211e-05,0.0
3.0,0.20126710688876742,339.0,0.21000000000000002,0.0014972305548600657,0.05575793315449711,1.0
3.0,0.20126710688876742,340.0,0.21000000000000002,0.007822879141576746,0.0,0.0
3.0,0.20126710688876742,341.0,0.21000000000000002,0.0075985022715121375,0.0,0.0
3.0,0.20126710688876742,342.0,0.21000000000000002,0.006825046538681446,3.336834708038834e-05,0.0
3.0,0.20126710688876742,343.0,0.21000000000000002,0.021416966837989035,0.0013002363948583907,0.0
3.0,0.20126710688876742,344.0,0.21000000000000002,0.006379979616752308,0.002583440990246932,1.0
3.0,0.20126710688876742,345.0,0.21000000000000002,0.002354843041613654,0.008803455917657525,1.0
3.0,0.20126710688876742,346.0,0.21000000000000002,0.0022863063356123314,7.963922087170385e-05,1.0
3.0,0.20126710688876742,347.0,0.21000000000000002,0.01186457773754928,0.0,0.0
3.0,0.20126710688876742,348.0,0.21000000000000002,0.007320370718158857,0.0,0.0
3.0,0.20126710688876742,349.0,0.21000000000000002,0.004579116220068922,0.0008704756433673657,1.0
3.0,0.20126710688876742,350.0,0.21000000000000002,0.007531293137783435,3.981611951450346e-05,0.0
3.0,0.20126710688876742,351.0,0.21000000000000002,0.007274075889313487,0.702148849578399,1.0
3.0,0.20126710688876742,352.0,0.21000000000000002,0.005054289742585339,0.0,0.0
3.0,0.20126710688876742,353.0,0.21000000000000002,0.0018944734847713327,7.80217800876221e-06,1.0
3.0,0.20126710688876742,354.0,0.21000000000000002,0.0018247150738116436,0.020598943148950555,1.0
3.0,0.20126710688876742,355.0,0.21000000000000002,0.019464078007760517,0.0,0.0
3.0,0.20126710688876742,356.0,0.21000000000000002,0.010968985628665502,0.0008729612017039393,0.0
3.0,0.20126710688876742,357.0,0.21000000000000002,0.006567220967791091,0.003115064300673901,1.0
3.0,0.20126710688876742,358.0,0.21000000000000002,0.021074359877455186,0.00010742576672549432,0.0
3.0,0.20126710688876742,359.0,0.21000000000000002,0.012661343659124944,0.0,0.0
3.0,0.20126710688876742,360.0,0.21000000000000002,0.003484218751254822,0.00679900300223385,1.0
3.0,0.20126710688876742,361.0,0.21000000000000002,0.0027030246800779307,0.038096912903696586,1.0
3.0,0.20126710688876742,362.0,0.21000000000000002,0.0018262019479919813,0.0068446361460784404,1.0
3.0,0.20126710688876742,363.0,0.21000000000000002,0.007780166598163583,0.0,0.0
3.0,0.20126710688876742,364.0,0.21000000000000002,0.006848078639533174,0.002459135431581014,1.0
3.0,0.20126710688876742,365.0,0.21000000000000002,0.00605190475869925,0.026646845692704518,1.0
3.0,0.20126710688876742,366.0,0.21000000000000002,0.022105047885427213,1.1443711184372173e-06,0.0
3.0,0.20126710688876742,367.0,0.21000000000000002,0.006886842506513342,0.0,0.0
3.0,0.20126710688876742,368.0,0.21000000000000002,0.019327119201599765,0.00012130774465051831,0.0
3.0,0.20126710688876742,369.0,0.21000000000000002,0.006492077211693724,0.00014207878577486883,0.0
3.0,0.20126710688876742,370.0,0.21000000000000002,0.001962660974703989,0.013616828311024428,1.0
3.0,0.20126710688876742,371.0,0.21000000000000002,0.005278323631659116,6.111364443569517e-05,0.0
3.0,0.20126710688876742,372.0,0.21000000000000002,0.005187356935637411,0.0646932139267158,1.0
3.0,0.20126710688876742,373.0,0.21000000000000002,0.010476227462495203,5.336448165413403,1.0
3.0,0.20126710688876742,374.0,0.21000000000000002,0.012270947227724573,0.0,0.0
3.0,0.20126710688876742,375.0,0.21000000000000002,0.0015796826984550427,0.007490543405417616,1.0
3.0,0.20126710688876742,376.0,0.21000000000000002,0.003658098397053597,5.900309854788574,1.0
3.0,0.20126710688876742,377.0,0.21000000000000002,0.002621765646172219,6.919771616193373,1.0
3.0,0.20126710688876742,378.0,0.21000000000000002,0.004866834583921653,0.0,0.0
3.0,0.20126710688876742,379.0,0.21000000000000002,0.007485885819998211,0.0,0.0
3.0,0.20126710688876742,380.0,0.21000000000000002,0.0028666394063861585,0.03382520311241199,1.0
3.0,0.20126710688876742,381.0,0.21000000000000002,0.0018600486495834376,0.03802754631653802,1.0
3.0,0.20126710688876742,382.0,0.21000000000000002,0.011471502825863325,0.0,0.0
3.0,0.20126710688876742,383.0,0.21000000000000002,0.001827473012712938,0.01094063792749483,1.0
3.0,0.20126710688876742,384.0,0.21000000000000002,0.00837178186127944,0.0,0.0
3.0,0.20126710688876742,385.0,0.21000000000000002,0.009587742137654547,0.0002460799874686604,1.0
3.0,0.20126710688876742,386.0,0.21000000000000002,0.006513315556007826,0.29385786732147834,1.0
3.0,0.20126710688876742,387.0,0.21000000000000002,0.006455063903514012,1.6921353031391507e-05,1.0
3.0,0.20126710688876742,388.0,0.21000000000000002,0.0034207572805875774,0.001284798769802041,1.0
3.0,0.20126710688876742,389.0,0.21000000000000002,0.002887459910751819,0.03496934380952476,1.0
3.0,0.20126710688876742,390.0,0.21000000000000002,0.015788037265921533,2.570961986551287e-06,0.0
3.0,0.20126710688876742,391.0,0.21000000000000002,0.011425030226433822,0.0,0.0
3.0,0.20126710688876742,392.0,0.21000000000000002,0.01153001563966312,0.0064436181772834404,0.0
3.0,0.20126710688876742,393.0,0.21000000000000002,0.007858806071089987,0.0,0.0
3.0,0.20126710688876742,394.0,0.21000000000000002,0.00433215626476542,4.666310710031652,1.0
3.0,0.20126710688876742,395.0,0.21000000000000002,0.0070382378939894364,8.170863123289723e-07,0.0
3.0,0.20126710688876742,396.0,0.21000000000000002,0.005026793953351456,1.818523537786327e-06,0.0
3.0,0.20126710688876742,397.0,0.21000000000000002,0.0032438890394325707,0.23317438913268757,1.0
3.0,0.20126710688876742,398.0,0.21000000000000002,0.006662717665071896,0.004033348929150499,0.0
3.0,0.20126710688876742,399.0,0.21000000000000002,0.005419456845140053,0.0,0.0
3.0,0.20126710688876742,0.0,0.22111111111111112,0.006270185866816506,1.137499467948721,1.0
3.0,0.20126710688876742,1.0,0.22111111111111112,0.0019481619639853081,0.0006957387422595692,1.0
3.0,0.20126710688876742,2.0,0.22111111111111112,0.006583195361561216,0.0,0.0
3.0,0.20126710688876742,3.0,0.22111111111111112,0.003610640168579506,0.18395762010871425,1.0
3.0,0.20126710688876742,4.0,0.22111111111111112,0.0025165590470416126,0.2885036687291934,1.0
3.0,0.20126710688876742,5.0,0.22111111111111112,0.0058165471345437945,0.0,0.0
3.0,0.20126710688876742,6.0,0.22111111111111112,0.0043668299227594895,0.0067749277087980975,0.0
3.0,0.20126710688876742,7.0,0.22111111111111112,0.006049992542849742,0.07588871537172667,1.0
3.0,0.20126710688876742,8.0,0.22111111111111112,0.02143534609858609,0.0,0.0
3.0,0.20126710688876742,9.0,0.22111111111111112,0.00869558203203335,4.4185455829867575,1.0
3.0,0.20126710688876742,10.0,0.22111111111111112,0.0022053482224305195,0.009270995121801098,1.0
3.0,0.20126710688876742,11.0,0.22111111111111112,0.002649485066194124,0.028424183362027438,1.0
3.0,0.20126710688876742,12.0,0.22111111111111112,0.002008127696532664,7.994741953973817,1.0
3.0,0.20126710688876742,13.0,0.22111111111111112,0.007491769555066979,0.5382073500093838,1.0
3.0,0.20126710688876742,14.0,0.22111111111111112,0.012035339079238714,0.0,0.0
3.0,0.20126710688876742,15.0,0.22111111111111112,0.0071240606954480375,0.05836569473715287,1.0
3.0,0.20126710688876742,16.0,0.22111111111111112,0.07690606291504579,0.006626556079801262,1.0
3.0,0.20126710688876742,17.0,0.22111111111111112,0.006013630880722817,0.0018419301545149784,1.0
3.0,0.20126710688876742,18.0,0.22111111111111112,0.015706720833485555,0.0,0.0
3.0,0.20126710688876742,19.0,0.22111111111111112,0.005968064710923302,0.07334988589197734,1.0
3.0,0.20126710688876742,20.0,0.22111111111111112,0.022332506097626527,0.0,0.0
3.0,0.20126710688876742,21.0,0.22111111111111112,0.008521635400450141,4.757688608919552,1.0
3.0,0.20126710688876742,22.0,0.22111111111111112,0.0031100712483325237,0.00022385529306110264,1.0
3.0,0.20126710688876742,23.0,0.22111111111111112,0.012285418039458495,1.2050533143979223,1.0
3.0,0.20126710688876742,24.0,0.22111111111111112,0.004652244473028838,0.0,0.0
3.0,0.20126710688876742,25.0,0.22111111111111112,0.004402413260421415,3.056551011539523e-05,1.0
3.0,0.20126710688876742,26.0,0.22111111111111112,0.0074665248061582,0.0,0.0
3.0,0.20126710688876742,27.0,0.22111111111111112,0.011594052229866961,1.2052152816554813e-05,0.0
3.0,0.20126710688876742,28.0,0.22111111111111112,0.0067485865664381065,0.002079602517841375,1.0
3.0,0.20126710688876742,29.0,0.22111111111111112,0.0066709733579832925,0.0,0.0
3.0,0.20126710688876742,30.0,0.22111111111111112,0.05234206890532075,0.0,0.0
3.0,0.20126710688876742,31.0,0.22111111111111112,0.0023509545130092823,11.860850302170254,1.0
3.0,0.20126710688876742,32.0,0.22111111111111112,0.007572963692236795,0.0004747373142088039,1.0
3.0,0.20126710688876742,33.0,0.22111111111111112,0.001331494806828956,0.02590201724672652,1.0
3.0,0.20126710688876742,34.0,0.22111111111111112,0.004004901592526158,1.405562662940708,1.0
3.0,0.20126710688876742,35.0,0.22111111111111112,0.012835131849028942,5.3656940519829824e-06,0.0
3.0,0.20126710688876742,36.0,0.22111111111111112,0.018625344869871507,0.0,0.0
3.0,0.20126710688876742,37.0,0.22111111111111112,0.011586335461549666,0.0007083166320053443,0.0
3.0,0.20126710688876742,38.0,0.22111111111111112,0.019389539493755478,0.033783322321901496,1.0
3.0,0.20126710688876742,39.0,0.22111111111111112,0.0017787295681893705,1.1481826997133096,1.0
3.0,0.20126710688876742,40.0,0.22111111111111112,0.011309070277465512,0.003120625544466631,0.0
3.0,0.20126710688876742,41.0,0.22111111111111112,0.011658147151649029,0.0,0.0
3.0,0.20126710688876742,42.0,0.22111111111111112,0.005161775946912675,0.0002793945836823704,0.0
3.0,0.20126710688876742,43.0,0.22111111111111112,0.0008404159288363629,0.4493952417338409,1.0
3.0,0.20126710688876742,44.0,0.22111111111111112,0.0009838849869692316,0.2366143229600418,1.0
3.0,0.20126710688876742,45.0,0.22111111111111112,0.010575584153632231,0.0,0.0
3.0,0.20126710688876742,46.0,0.22111111111111112,0.0062154180684451605,0.0004081504898176273,0.0
3.0,0.20126710688876742,47.0,0.22111111111111112,0.020950358132608586,8.879978022121444e-06,0.0
3.0,0.20126710688876742,48.0,0.22111111111111112,0.010955293497681696,2.5401887646913854e-05,0.0
3.0,0.20126710688876742,49.0,0.22111111111111112,0.01627249148183156,1.332620470301174,1.0
3.0,0.20126710688876742,50.0,0.22111111111111112,0.0021271539117814053,0.08618466782252789,1.0
3.0,0.20126710688876742,51.0,0.22111111111111112,0.020952905504718823,0.00011839930690273213,0.0
3.0,0.20126710688876742,52.0,0.22111111111111112,0.012770471342791754,0.0,0.0
3.0,0.20126710688876742,53.0,0.22111111111111112,0.003231541133766045,0.0008651016332181216,1.0
3.0,0.20126710688876742,54.0,0.22111111111111112,0.0021447587621845838,0.001996754446104862,1.0
3.0,0.20126710688876742,55.0,0.22111111111111112,0.01093916880848823,2.3559023912235747e-05,0.0
3.0,0.20126710688876742,56.0,0.22111111111111112,0.004760937008104349,0.0,0.0
3.0,0.20126710688876742,57.0,0.22111111111111112,0.007567579794152412,0.0,0.0
3.0,0.20126710688876742,58.0,0.22111111111111112,0.006239067387670625,1.075356094634464,1.0
3.0,0.20126710688876742,59.0,0.22111111111111112,0.003461246422719051,2.759798134669991e-06,1.0
3.0,0.20126710688876742,60.0,0.22111111111111112,0.009611666441073224,3.473609310586975e-05,0.0
3.0,0.20126710688876742,61.0,0.22111111111111112,0.005709732491669214,0.0,0.0
3.0,0.20126710688876742,62.0,0.22111111111111112,0.0033146058786169934,0.03611023045571635,1.0
3.0,0.20126710688876742,63.0,0.22111111111111112,0.005839168660964653,0.00046062146470861846,1.0
3.0,0.20126710688876742,64.0,0.22111111111111112,0.007471936782313067,0.0,0.0
3.0,0.20126710688876742,65.0,0.22111111111111112,0.0011524857050818202,0.7225056570483205,1.0
3.0,0.20126710688876742,66.0,0.22111111111111112,0.007828652626488079,1.4527001360461611e-06,0.0
3.0,0.20126710688876742,67.0,0.22111111111111112,0.021643411081138552,1.893285972693133e-05,0.0
3.0,0.20126710688876742,68.0,0.22111111111111112,0.005895584048472396,7.186460912130639e-06,0.0
3.0,0.20126710688876742,69.0,0.22111111111111112,0.02690707368905071,0.0,0.0
3.0,0.20126710688876742,70.0,0.22111111111111112,0.01196106187322369,0.0,0.0
3.0,0.20126710688876742,71.0,0.22111111111111112,0.01118013168704868,0.1596459630341461,0.0
3.0,0.20126710688876742,72.0,0.22111111111111112,0.006508837733158993,0.40410136955929243,1.0
3.0,0.20126710688876742,73.0,0.22111111111111112,0.0019759999338497553,0.01524070722306163,1.0
3.0,0.20126710688876742,74.0,0.22111111111111112,0.0014696391550715051,0.05192270395803896,1.0
3.0,0.20126710688876742,75.0,0.22111111111111112,0.004828189252724816,3.8967770477225994,1.0
3.0,0.20126710688876742,76.0,0.22111111111111112,0.002956545828449653,0.0011521688350810309,1.0
3.0,0.20126710688876742,77.0,0.22111111111111112,0.010723766376129817,0.036817476661663226,0.0
3.0,0.20126710688876742,78.0,0.22111111111111112,0.007164211510297405,5.69626334641196e-07,0.0
3.0,0.20126710688876742,79.0,0.22111111111111112,0.010256886859165582,1.717120448385313e-06,0.0
3.0,0.20126710688876742,80.0,0.22111111111111112,0.004116117518260379,0.12031631005998708,1.0
3.0,0.20126710688876742,81.0,0.22111111111111112,0.0027392811537616944,0.0005341920577861883,1.0
3.0,0.20126710688876742,82.0,0.22111111111111112,0.020971516460640587,4.0784401884422796e-05,0.0
3.0,0.20126710688876742,83.0,0.22111111111111112,0.00754294299762253,0.0,0.0
3.0,0.20126710688876742,84.0,0.22111111111111112,0.008514925178863172,3.0353369928728253,1.0
3.0,0.20126710688876742,85.0,0.22111111111111112,0.00703730207568739,0.010777767045028402,1.0
3.0,0.20126710688876742,86.0,0.22111111111111112,0.0011841159842471364,0.13096755741188013,1.0
3.0,0.20126710688876742,87.0,0.22111111111111112,0.0019950508753453318,0.0235836816589546,1.0
3.0,0.20126710688876742,88.0,0.22111111111111112,0.0048179017741472215,0.0,0.0
3.0,0.20126710688876742,89.0,0.22111111111111112,0.004623801336429843,5.8877698388801525,1.0
3.0,0.20126710688876742,90.0,0.22111111111111112,0.011023985490772506,1.3335248169444746e-06,0.0
3.0,0.20126710688876742,91.0,0.22111111111111112,0.007924142346192386,0.00010934762529541027,0.0
3.0,0.20126710688876742,92.0,0.22111111111111112,0.0195494422284891,0.0,0.0
3.0,0.20126710688876742,93.0,0.22111111111111112,0.0014851201410799064,0.2599573479891306,1.0
3.0,0.20126710688876742,94.0,0.22111111111111112,0.0025845482207224385,0.001315066256050735,1.0
3.0,0.20126710688876742,95.0,0.22111111111111112,0.0031442185612757913,2.497518043942598,1.0
3.0,0.20126710688876742,96.0,0.22111111111111112,0.005359090699683652,0.0014684051410539416,1.0
3.0,0.20126710688876742,97.0,0.22111111111111112,0.012509810974252144,0.0,0.0
3.0,0.20126710688876742,98.0,0.22111111111111112,0.0016649615641974275,0.0007143557578263607,1.0
3.0,0.20126710688876742,99.0,0.22111111111111112,0.0054766764855628996,0.010265794818505451,1.0
3.0,0.20126710688876742,100.0,0.22111111111111112,0.007023368971500297,0.08228675052167704,1.0
3.0,0.20126710688876742,101.0,0.22111111111111112,0.00576518941920862,4.5622245061466946e-05,0.0
3.0,0.20126710688876742,102.0,0.22111111111111112,0.011692461367874583,0.0,0.0
3.0,0.20126710688876742,103.0,0.22111111111111112,0.011131036818855185,0.0,0.0
3.0,0.20126710688876742,104.0,0.22111111111111112,0.006612549520701642,0.0,0.0
3.0,0.20126710688876742,105.0,0.22111111111111112,0.0008892612350864441,0.04926638170148086,1.0
3.0,0.20126710688876742,106.0,0.22111111111111112,0.02199414712529498,0.0,0.0
3.0,0.20126710688876742,107.0,0.22111111111111112,0.03009178831690756,0.0,0.0
3.0,0.20126710688876742,108.0,0.22111111111111112,0.006892082362331006,4.10790453227025,1.0
3.0,0.20126710688876742,109.0,0.22111111111111112,0.0021013171033557668,0.050728426276149534,1.0
3.0,0.20126710688876742,110.0,0.22111111111111112,0.0011967573032909407,2.856195680744499,1.0
3.0,0.20126710688876742,111.0,0.22111111111111112,0.022196822701917047,0.0001075741404110682,0.0
3.0,0.20126710688876742,112.0,0.22111111111111112,0.012867094920205088,0.0,0.0
3.0,0.20126710688876742,113.0,0.22111111111111112,0.022551953109776916,0.0,0.0
3.0,0.20126710688876742,114.0,0.22111111111111112,0.0054024621547376864,1.8841657813415367,1.0
3.0,0.20126710688876742,115.0,0.22111111111111112,0.001804404545619817,0.024844913722854932,1.0
3.0,0.20126710688876742,116.0,0.22111111111111112,0.007471370897665882,0.0,0.0
3.0,0.20126710688876742,117.0,0.22111111111111112,0.006156807526602519,0.11713218033823097,1.0
3.0,0.20126710688876742,118.0,0.22111111111111112,0.006974270421033074,6.900344136825099e-05,1.0
3.0,0.20126710688876742,119.0,0.22111111111111112,0.001585920281019117,0.0005570014487809315,1.0
3.0,0.20126710688876742,120.0,0.22111111111111112,0.02171662959991057,7.960812085738136e-06,0.0
3.0,0.20126710688876742,121.0,0.22111111111111112,0.018552765010856016,0.0002241416401744548,1.0
3.0,0.20126710688876742,122.0,0.22111111111111112,0.00500542683651628,0.0,0.0
3.0,0.20126710688876742,123.0,0.22111111111111112,0.00585103642835497,0.0,0.0
3.0,0.20126710688876742,124.0,0.22111111111111112,0.002716847419043674,0.5250419744960244,1.0
3.0,0.20126710688876742,125.0,0.22111111111111112,0.0035295274516950843,1.8563308892467998,1.0
3.0,0.20126710688876742,126.0,0.22111111111111112,0.036974245737511416,0.0,0.0
3.0,0.20126710688876742,127.0,0.22111111111111112,0.006581330777026726,0.057428205573762416,1.0
3.0,0.20126710688876742,128.0,0.22111111111111112,0.013004650238398486,5.732499221552088e-05,0.0
3.0,0.20126710688876742,129.0,0.22111111111111112,0.0018672597161067885,0.005073189372867601,1.0
3.0,0.20126710688876742,130.0,0.22111111111111112,0.00758815456715714,0.0,0.0
3.0,0.20126710688876742,131.0,0.22111111111111112,0.005272070738595679,1.0862465917619835,1.0
3.0,0.20126710688876742,132.0,0.22111111111111112,0.00404041592398089,0.00020411331773625402,1.0
3.0,0.20126710688876742,133.0,0.22111111111111112,0.0033265248347751682,0.010881083465010653,1.0
3.0,0.20126710688876742,134.0,0.22111111111111112,0.0030779618352442736,0.0031967936522404603,1.0
3.0,0.20126710688876742,135.0,0.22111111111111112,0.004722793747479146,0.0,0.0
3.0,0.20126710688876742,136.0,0.22111111111111112,0.007440738159414323,0.0,0.0
3.0,0.20126710688876742,137.0,0.22111111111111112,0.007528375726734473,6.4197761840723365e-06,0.0
3.0,0.20126710688876742,138.0,0.22111111111111112,0.012796044032895889,0.0,0.0
3.0,0.20126710688876742,139.0,0.22111111111111112,0.002422031865387889,0.3013677078440072,1.0
3.0,0.20126710688876742,140.0,0.22111111111111112,0.0019898746344677856,0.00028936081434415174,1.0
3.0,0.20126710688876742,141.0,0.22111111111111112,0.011443537621784525,9.451761579355874e-06,0.0
3.0,0.20126710688876742,142.0,0.22111111111111112,0.00320912588108028,5.69477179251078e-06,1.0
3.0,0.20126710688876742,143.0,0.22111111111111112,0.0066878625642156,9.164186391184951e-05,1.0
3.0,0.20126710688876742,144.0,0.22111111111111112,0.004565734918587817,0.0,0.0
3.0,0.20126710688876742,145.0,0.22111111111111112,0.0025463363634326518,0.06432107063634918,1.0
3.0,0.20126710688876742,146.0,0.22111111111111112,0.0026704210190181517,2.2280263955245307,1.0
3.0,0.20126710688876742,147.0,0.22111111111111112,0.010456279911554518,1.0245390418789948e-05,1.0
3.0,0.20126710688876742,148.0,0.22111111111111112,0.0038586074607761685,8.046726521584476e-06,0.0
3.0,0.20126710688876742,149.0,0.22111111111111112,0.0023394491511556773,0.03519637580935742,1.0
3.0,0.20126710688876742,150.0,0.22111111111111112,0.003260019836763225,0.0016398860071398771,1.0
3.0,0.20126710688876742,151.0,0.22111111111111112,0.022338288239372787,0.0,0.0
3.0,0.20126710688876742,152.0,0.22111111111111112,0.0029566316320755815,0.0004030141159218555,1.0
3.0,0.20126710688876742,153.0,0.22111111111111112,0.0027442185722005054,0.042853447066183076,1.0
3.0,0.20126710688876742,154.0,0.22111111111111112,0.010773213464748008,0.0,0.0
3.0,0.20126710688876742,155.0,0.22111111111111112,0.013431271438358957,0.007169581504261219,1.0
3.0,0.20126710688876742,156.0,0.22111111111111112,0.009995534742546556,0.0001369909005123316,1.0
3.0,0.20126710688876742,157.0,0.22111111111111112,0.008082913682997277,0.0,0.0
3.0,0.20126710688876742,158.0,0.22111111111111112,0.010792300338762979,0.0007865078271476394,0.0
3.0,0.20126710688876742,159.0,0.22111111111111112,0.022087563982505734,0.00012558278727442843,1.0
3.0,0.20126710688876742,160.0,0.22111111111111112,0.011428730331860398,0.0,0.0
3.0,0.20126710688876742,161.0,0.22111111111111112,0.012059117563351797,0.05703132249415968,0.0
3.0,0.20126710688876742,162.0,0.22111111111111112,0.0026288896617410957,0.01503175191092271,1.0
3.0,0.20126710688876742,163.0,0.22111111111111112,0.010670481465309998,0.0,0.0
3.0,0.20126710688876742,164.0,0.22111111111111112,0.006024390444938844,1.3498548575140388,1.0
3.0,0.20126710688876742,165.0,0.22111111111111112,0.006108394322889279,0.004593081440360523,1.0
3.0,0.20126710688876742,166.0,0.22111111111111112,0.005209470749765539,0.061024780838779505,1.0
3.0,0.20126710688876742,167.0,0.22111111111111112,0.002360797799953058,0.00017055586945752003,1.0
3.0,0.20126710688876742,168.0,0.22111111111111112,0.005168070290266259,0.0,0.0
3.0,0.20126710688876742,169.0,0.22111111111111112,0.006704586576693235,0.019954072006471986,0.0
3.0,0.20126710688876742,170.0,0.22111111111111112,0.0015557230474863163,0.17194617610610027,1.0
3.0,0.20126710688876742,171.0,0.22111111111111112,0.008491960478067717,0.0,0.0
3.0,0.20126710688876742,172.0,0.22111111111111112,0.0019223331145899465,0.0544619763942446,1.0
3.0,0.20126710688876742,173.0,0.22111111111111112,0.011048748374302676,0.02534780511239369,0.0
3.0,0.20126710688876742,174.0,0.22111111111111112,0.0016411975836564858,0.024176856818509427,1.0
3.0,0.20126710688876742,175.0,0.22111111111111112,0.0012358571559608388,0.0005466811242859135,1.0
3.0,0.20126710688876742,176.0,0.22111111111111112,0.004017029019105099,0.0610723429326778,1.0
3.0,0.20126710688876742,177.0,0.22111111111111112,0.007186010320835504,0.0,0.0
3.0,0.20126710688876742,178.0,0.22111111111111112,0.010294838922861562,0.0,0.0
3.0,0.20126710688876742,179.0,0.22111111111111112,0.0024659920069657437,0.012601737703174156,1.0
3.0,0.20126710688876742,180.0,0.22111111111111112,0.0034212769687112232,0.00801750823887892,1.0
3.0,0.20126710688876742,181.0,0.22111111111111112,0.0011660926387382338,0.07659820302904226,1.0
3.0,0.20126710688876742,182.0,0.22111111111111112,0.0012604042460360918,0.001603896985736073,1.0
3.0,0.20126710688876742,183.0,0.22111111111111112,0.006739986258277361,0.0008511136321546547,0.0
3.0,0.20126710688876742,184.0,0.22111111111111112,0.012736873402268365,0.0033908650325997244,0.0
3.0,0.20126710688876742,185.0,0.22111111111111112,0.0012324957407732927,0.2948899074870071,1.0
3.0,0.20126710688876742,186.0,0.22111111111111112,0.0072613126643722575,0.0,0.0
3.0,0.20126710688876742,187.0,0.22111111111111112,0.002161824217572998,5.322693089290329e-05,1.0
3.0,0.20126710688876742,188.0,0.22111111111111112,0.0074291080183727185,0.0,0.0
3.0,0.20126710688876742,189.0,0.22111111111111112,0.004774390984802039,0.0,0.0
3.0,0.20126710688876742,190.0,0.22111111111111112,0.0067577664044241315,0.020507113426713644,0.0
3.0,0.20126710688876742,191.0,0.22111111111111112,0.012352249428311531,0.0003581186664268961,0.0
3.0,0.20126710688876742,192.0,0.22111111111111112,0.006917819494381535,0.0,0.0
3.0,0.20126710688876742,193.0,0.22111111111111112,0.0026045247294698747,0.00042009676911109123,1.0
3.0,0.20126710688876742,194.0,0.22111111111111112,0.02240828599227595,0.0,0.0
3.0,0.20126710688876742,195.0,0.22111111111111112,0.00286537877727059,0.00010141344416540904,1.0
3.0,0.20126710688876742,196.0,0.22111111111111112,0.0019453953002904396,0.0918946173999198,1.0
3.0,0.20126710688876742,197.0,0.22111111111111112,0.00618740656396544,0.48843730584770684,1.0
3.0,0.20126710688876742,198.0,0.22111111111111112,0.005359007115103758,0.03706866540078724,1.0
3.0,0.20126710688876742,199.0,0.22111111111111112,0.021017438571807646,0.0006204041789771418,0.0
3.0,0.20126710688876742,200.0,0.22111111111111112,0.002998055747954931,0.004589639669524305,1.0
3.0,0.20126710688876742,201.0,0.22111111111111112,0.011678415661787268,0.00020018054161620604,0.0
3.0,0.20126710688876742,202.0,0.22111111111111112,0.006049610553831358,1.1054837121277457,1.0
3.0,0.20126710688876742,203.0,0.22111111111111112,0.0031926403839235714,0.00010915471564948902,1.0
3.0,0.20126710688876742,204.0,0.22111111111111112,0.006049741969212321,0.037159897221830177,1.0
3.0,0.20126710688876742,205.0,0.22111111111111112,0.0021250472806438733,0.2154553481679583,1.0
3.0,0.20126710688876742,206.0,0.22111111111111112,0.006785921809439779,0.0008689905180244961,1.0
3.0,0.20126710688876742,207.0,0.22111111111111112,0.004799832981674324,3.957953945381341,1.0
3.0,0.20126710688876742,208.0,0.22111111111111112,0.007627756478551845,0.0,0.0
3.0,0.20126710688876742,209.0,0.22111111111111112,0.006234520193364524,3.7304729724510257,1.0
3.0,0.20126710688876742,210.0,0.22111111111111112,0.02141075453684164,3.070718518803475e-06,0.0
3.0,0.20126710688876742,211.0,0.22111111111111112,0.006096836380742945,0.0002260445691636017,1.0
3.0,0.20126710688876742,212.0,0.22111111111111112,0.0063425633089513244,0.05195363468108384,1.0
3.0,0.20126710688876742,213.0,0.22111111111111112,0.013380228323285682,0.0,0.0
3.0,0.20126710688876742,214.0,0.22111111111111112,0.005631167458870393,0.0,0.0
3.0,0.20126710688876742,215.0,0.22111111111111112,0.008299636590827369,2.6731632737633744,1.0
3.0,0.20126710688876742,216.0,0.22111111111111112,0.021921956964425216,0.0,0.0
3.0,0.20126710688876742,217.0,0.22111111111111112,0.002427735054419163,2.531601840859463,1.0
3.0,0.20126710688876742,218.0,0.22111111111111112,0.007636188876902775,0.0,0.0
3.0,0.20126710688876742,219.0,0.22111111111111112,0.006819748505092146,0.5299071117172813,1.0
3.0,0.20126710688876742,220.0,0.22111111111111112,0.01129504836433226,0.0,0.0
3.0,0.20126710688876742,221.0,0.22111111111111112,0.01132015540085951,0.0,0.0
3.0,0.20126710688876742,222.0,0.22111111111111112,0.026353387521022637,7.680983624093863e-05,0.0
3.0,0.20126710688876742,223.0,0.22111111111111112,0.021391494396787603,0.0,0.0
3.0,0.20126710688876742,224.0,0.22111111111111112,0.006050543758800512,1.0775725325842729e-05,1.0
3.0,0.20126710688876742,225.0,0.22111111111111112,0.0068552360635613365,5.011658975410332e-07,0.0
3.0,0.20126710688876742,226.0,0.22111111111111112,0.0072591489518954305,5.93648334734137e-07,0.0
3.0,0.20126710688876742,227.0,0.22111111111111112,0.004345387193301667,2.3435668580860435e-05,1.0
3.0,0.20126710688876742,228.0,0.22111111111111112,0.005687598952334227,0.17394020101973662,0.0
3.0,0.20126710688876742,229.0,0.22111111111111112,0.005507289832858026,4.076682570274196e-05,0.0
3.0,0.20126710688876742,230.0,0.22111111111111112,0.007144486949830987,0.0009505528263192017,1.0
3.0,0.20126710688876742,231.0,0.22111111111111112,0.0016563541618027033,0.0036127567437411294,1.0
3.0,0.20126710688876742,232.0,0.22111111111111112,0.007294798501453075,4.633132385073161e-05,0.0
3.0,0.20126710688876742,233.0,0.22111111111111112,0.010795542414659725,0.0,0.0
3.0,0.20126710688876742,234.0,0.22111111111111112,0.0023913162133544345,0.20730394597783294,1.0
3.0,0.20126710688876742,235.0,0.22111111111111112,0.0007187392931419466,0.0009024269938865351,1.0
3.0,0.20126710688876742,236.0,0.22111111111111112,0.011296873650068758,0.0,0.0
3.0,0.20126710688876742,237.0,0.22111111111111112,0.002034938064369775,0.006197819569639751,1.0
3.0,0.20126710688876742,238.0,0.22111111111111112,0.006485544520812318,1.0287040428840983e-05,0.0
3.0,0.20126710688876742,239.0,0.22111111111111112,0.006117520074927789,0.053533277084434,1.0
3.0,0.20126710688876742,240.0,0.22111111111111112,0.004734320056250846,0.0,0.0
3.0,0.20126710688876742,241.0,0.22111111111111112,0.0009334920929889505,0.0061039742455781375,1.0
3.0,0.20126710688876742,242.0,0.22111111111111112,0.006082551932892159,0.0008103921839529646,1.0
3.0,0.20126710688876742,243.0,0.22111111111111112,0.006890469343580891,0.0007375442527930205,1.0
3.0,0.20126710688876742,244.0,0.22111111111111112,0.01201188106111499,0.0,0.0
3.0,0.20126710688876742,245.0,0.22111111111111112,0.006746402126546222,0.00030789079045482774,1.0
3.0,0.20126710688876742,246.0,0.22111111111111112,0.007425080436970011,5.643828820713229e-05,0.0
3.0,0.20126710688876742,247.0,0.22111111111111112,0.005455349342138066,0.0,0.0
3.0,0.20126710688876742,248.0,0.22111111111111112,0.013086886464021171,0.6064827359008457,1.0
3.0,0.20126710688876742,249.0,0.22111111111111112,0.019956176884871262,4.761545322660472e-05,0.0
3.0,0.20126710688876742,250.0,0.22111111111111112,0.0222435742943307,0.0,0.0
3.0,0.20126710688876742,251.0,0.22111111111111112,0.009400155977325745,0.0,0.0
3.0,0.20126710688876742,252.0,0.22111111111111112,0.010925145838125254,0.0,0.0
3.0,0.20126710688876742,253.0,0.22111111111111112,0.009497007768964647,0.07340467692656281,1.0
3.0,0.20126710688876742,254.0,0.22111111111111112,0.0020612421063827798,0.09962547654376014,1.0
3.0,0.20126710688876742,255.0,0.22111111111111112,0.007354493205603177,0.0,0.0
3.0,0.20126710688876742,256.0,0.22111111111111112,0.00302642275613556,0.001590255678640982,1.0
3.0,0.20126710688876742,257.0,0.22111111111111112,0.0022184218132012073,0.0005413855828993512,1.0
3.0,0.20126710688876742,258.0,0.22111111111111112,0.007404563156420145,0.0,0.0
3.0,0.20126710688876742,259.0,0.22111111111111112,0.010324015621129168,0.00014127754567176419,0.0
3.0,0.20126710688876742,260.0,0.22111111111111112,0.008946079860327718,0.0,0.0
3.0,0.20126710688876742,261.0,0.22111111111111112,0.004308190032057004,0.0,0.0
3.0,0.20126710688876742,262.0,0.22111111111111112,0.003187774864068206,0.03614637093982643,1.0
3.0,0.20126710688876742,263.0,0.22111111111111112,0.005127462598069083,0.0,0.0
3.0,0.20126710688876742,264.0,0.22111111111111112,0.00446209635799764,0.0,0.0
3.0,0.20126710688876742,265.0,0.22111111111111112,0.010987553872006995,0.0,0.0
3.0,0.20126710688876742,266.0,0.22111111111111112,0.0061387322355624125,0.000929926791954038,1.0
3.0,0.20126710688876742,267.0,0.22111111111111112,0.0031132808619276117,0.013806663582955089,1.0
3.0,0.20126710688876742,268.0,0.22111111111111112,0.006051110096478759,0.010322847240352118,1.0
3.0,0.20126710688876742,269.0,0.22111111111111112,0.01830959352125407,0.0,0.0
3.0,0.20126710688876742,270.0,0.22111111111111112,0.004007560734953184,0.20652712061783643,1.0
3.0,0.20126710688876742,271.0,0.22111111111111112,0.000956625172495801,0.034144183931695236,1.0
3.0,0.20126710688876742,272.0,0.22111111111111112,0.012309945458469298,0.0,0.0
3.0,0.20126710688876742,273.0,0.22111111111111112,0.0021616740024334143,11.75845602702106,1.0
3.0,0.20126710688876742,274.0,0.22111111111111112,0.0033898617703223403,0.03374905156987418,1.0
3.0,0.20126710688876742,275.0,0.22111111111111112,0.0043317779765687375,5.844244379681968e-07,0.0
3.0,0.20126710688876742,276.0,0.22111111111111112,0.006051222061871148,0.11253112088664105,1.0
3.0,0.20126710688876742,277.0,0.22111111111111112,0.0029604930396579304,0.0001261133299758256,1.0
3.0,0.20126710688876742,278.0,0.22111111111111112,0.007904474977295562,0.0019996237805456223,1.0
3.0,0.20126710688876742,279.0,0.22111111111111112,0.0010885193783533934,1.287204142443917,1.0
3.0,0.20126710688876742,280.0,0.22111111111111112,0.0029941592146361523,0.03070996720952216,1.0
3.0,0.20126710688876742,281.0,0.22111111111111112,0.007131123859051305,0.0005716591253231114,0.0
3.0,0.20126710688876742,282.0,0.22111111111111112,0.0038088833043254874,7.294451065553032,1.0
3.0,0.20126710688876742,283.0,0.22111111111111112,0.0011614362585298653,0.004321828063583391,1.0
3.0,0.20126710688876742,284.0,0.22111111111111112,0.01117841819047452,7.910520669903075e-06,0.0
3.0,0.20126710688876742,285.0,0.22111111111111112,0.002506271510004727,0.34545885200400284,1.0
3.0,0.20126710688876742,286.0,0.22111111111111112,0.005042468322009964,8.145385438688537e-06,0.0
3.0,0.20126710688876742,287.0,0.22111111111111112,0.005304431962098178,0.009530072367074179,1.0
3.0,0.20126710688876742,288.0,0.22111111111111112,0.011723238647046472,0.0,0.0
3.0,0.20126710688876742,289.0,0.22111111111111112,0.001157363625444192,0.2885248762715523,1.0
3.0,0.20126710688876742,290.0,0.22111111111111112,0.0065739522853681745,0.00015920184869628513,1.0
3.0,0.20126710688876742,291.0,0.22111111111111112,0.0019770962100285365,1.2719626384596667,1.0
3.0,0.20126710688876742,292.0,0.22111111111111112,0.002976985979693137,1.3095333487023095,1.0
3.0,0.20126710688876742,293.0,0.22111111111111112,0.0021743442415817424,0.0002895127397233807,1.0
3.0,0.20126710688876742,294.0,0.22111111111111112,0.010648535540862814,0.0,0.0
3.0,0.20126710688876742,295.0,0.22111111111111112,0.004242955683149673,0.09299113715938316,1.0
3.0,0.20126710688876742,296.0,0.22111111111111112,0.02268107646135674,0.0,0.0
3.0,0.20126710688876742,297.0,0.22111111111111112,0.002752188206844743,0.0014902250967734187,1.0
3.0,0.20126710688876742,298.0,0.22111111111111112,0.011260695041025018,0.0,0.0
3.0,0.20126710688876742,299.0,0.22111111111111112,0.0026072346548585332,0.005058153590777032,1.0
3.0,0.20126710688876742,300.0,0.22111111111111112,0.006107006588999463,0.0003491626056346191,1.0
3.0,0.20126710688876742,301.0,0.22111111111111112,0.0022269945261039386,0.05064473510357969,1.0
3.0,0.20126710688876742,302.0,0.22111111111111112,0.0020811162233017695,0.03789105494742372,1.0
3.0,0.20126710688876742,303.0,0.22111111111111112,0.01021574993512061,0.0,0.0
3.0,0.20126710688876742,304.0,0.22111111111111112,0.0020819320757098957,0.07080759027972927,1.0
3.0,0.20126710688876742,305.0,0.22111111111111112,0.022246057508021715,0.0,0.0
3.0,0.20126710688876742,306.0,0.22111111111111112,0.02159009549472835,0.00024678183936761844,0.0
3.0,0.20126710688876742,307.0,0.22111111111111112,0.011824172668017826,0.0,0.0
3.0,0.20126710688876742,308.0,0.22111111111111112,0.0011049725822629964,0.3299546439503271,1.0
3.0,0.20126710688876742,309.0,0.22111111111111112,0.007437598212069184,0.0,0.0
3.0,0.20126710688876742,310.0,0.22111111111111112,0.0013753729753941072,0.00022638963095646396,1.0
3.0,0.20126710688876742,311.0,0.22111111111111112,0.006957557400275484,0.0,0.0
3.0,0.20126710688876742,312.0,0.22111111111111112,0.0187916722229446,0.0,0.0
3.0,0.20126710688876742,313.0,0.22111111111111112,0.012438917602915798,0.0,0.0
3.0,0.20126710688876742,314.0,0.22111111111111112,0.006084296147409834,6.981834263503283e-05,1.0
3.0,0.20126710688876742,315.0,0.22111111111111112,0.01750280680455754,0.0,0.0
3.0,0.20126710688876742,316.0,0.22111111111111112,0.011737780828940446,0.0,0.0
3.0,0.20126710688876742,317.0,0.22111111111111112,0.00693040927756073,0.005958429936591385,0.0
3.0,0.20126710688876742,318.0,0.22111111111111112,0.002140191345881174,0.16176405145658768,1.0
3.0,0.20126710688876742,319.0,0.22111111111111112,0.007178783314336213,0.0,0.0
3.0,0.20126710688876742,320.0,0.22111111111111112,0.012019943653458312,0.0,0.0
3.0,0.20126710688876742,321.0,0.22111111111111112,0.0035366888518121612,2.224842511020232,1.0
3.0,0.20126710688876742,322.0,0.22111111111111112,0.0011880991857010285,0.0072840913908326765,1.0
3.0,0.20126710688876742,323.0,0.22111111111111112,0.0019877184269435277,0.08936216943074513,1.0
3.0,0.20126710688876742,324.0,0.22111111111111112,0.011381431934158625,0.00015485198145421405,0.0
3.0,0.20126710688876742,325.0,0.22111111111111112,0.010429398165684094,0.0007393532306177549,0.0
3.0,0.20126710688876742,326.0,0.22111111111111112,0.006469287566413897,0.0003322520779324956,0.0
3.0,0.20126710688876742,327.0,0.22111111111111112,0.012400047481832578,0.01130964533477254,0.0
3.0,0.20126710688876742,328.0,0.22111111111111112,0.007177787959191627,5.988606944806862,1.0
3.0,0.20126710688876742,329.0,0.22111111111111112,0.0039051111952012707,0.013925342485638948,1.0
3.0,0.20126710688876742,330.0,0.22111111111111112,0.0013620361082829502,0.006469427000095713,1.0
3.0,0.20126710688876742,331.0,0.22111111111111112,0.0013502534805643835,0.008758109351296364,1.0
3.0,0.20126710688876742,332.0,0.22111111111111112,0.0007361857504226553,0.03695673178973424,1.0
3.0,0.20126710688876742,333.0,0.22111111111111112,0.0016706586842173562,0.007036306729208181,1.0
3.0,0.20126710688876742,334.0,0.22111111111111112,0.008239321068205,0.05580954128020739,1.0
3.0,0.20126710688876742,335.0,0.22111111111111112,0.0030321245848825085,2.9245361535458694e-05,1.0
3.0,0.20126710688876742,336.0,0.22111111111111112,0.008930698059315002,0.0004157894511894165,1.0
3.0,0.20126710688876742,337.0,0.22111111111111112,0.022321417340686822,0.0,0.0
3.0,0.20126710688876742,338.0,0.22111111111111112,0.013118900651000163,0.0,0.0
3.0,0.20126710688876742,339.0,0.22111111111111112,0.003228936747600824,3.588784297535827e-05,1.0
3.0,0.20126710688876742,340.0,0.22111111111111112,0.007401901718820004,4.711025301433115e-05,0.0
3.0,0.20126710688876742,341.0,0.22111111111111112,0.007050640669851196,3.3504054006257077e-06,0.0
3.0,0.20126710688876742,342.0,0.22111111111111112,0.0010893548351840199,0.0013746043708524021,1.0
3.0,0.20126710688876742,343.0,0.22111111111111112,0.009876290531711296,0.08081854428702723,1.0
3.0,0.20126710688876742,344.0,0.22111111111111112,0.006426442053931031,2.9978788716296383,1.0
3.0,0.20126710688876742,345.0,0.22111111111111112,0.0025064629510558965,5.9540291741186116e-05,1.0
3.0,0.20126710688876742,346.0,0.22111111111111112,0.0021783451273341423,0.00017132305143042372,1.0
3.0,0.20126710688876742,347.0,0.22111111111111112,0.003012566289835621,0.00118956800156399,1.0
3.0,0.20126710688876742,348.0,0.22111111111111112,0.006822455086945725,2.094764886704669e-05,0.0
3.0,0.20126710688876742,349.0,0.22111111111111112,0.018754893678113217,6.944465146175162e-05,0.0
3.0,0.20126710688876742,350.0,0.22111111111111112,0.007412047458844642,0.0,0.0
3.0,0.20126710688876742,351.0,0.22111111111111112,0.0065629470541590275,0.4201890025636736,1.0
3.0,0.20126710688876742,352.0,0.22111111111111112,0.005121669031517952,0.0,0.0
3.0,0.20126710688876742,353.0,0.22111111111111112,0.002249755854350217,9.943365457870412,1.0
3.0,0.20126710688876742,354.0,0.22111111111111112,0.0020724015880358277,0.2485776728280718,1.0
3.0,0.20126710688876742,355.0,0.22111111111111112,0.019328436739645793,0.0,0.0
3.0,0.20126710688876742,356.0,0.22111111111111112,0.02150110623481315,0.0007683716883348496,0.0
3.0,0.20126710688876742,357.0,0.22111111111111112,0.022291219724626707,0.0,0.0
3.0,0.20126710688876742,358.0,0.22111111111111112,0.011801718415210423,0.0,0.0
3.0,0.20126710688876742,359.0,0.22111111111111112,0.010313870109685373,2.9219802274944597e-05,0.0
3.0,0.20126710688876742,360.0,0.22111111111111112,0.00507105941499339,0.0,0.0
3.0,0.20126710688876742,361.0,0.22111111111111112,0.005748277844206076,0.0,0.0
3.0,0.20126710688876742,362.0,0.22111111111111112,0.0017998253120052343,0.00521954432261321,1.0
3.0,0.20126710688876742,363.0,0.22111111111111112,0.003953129525170088,0.48912804727000864,1.0
3.0,0.20126710688876742,364.0,0.22111111111111112,0.01694326850443569,0.0,0.0
3.0,0.20126710688876742,365.0,0.22111111111111112,0.020985840465833534,0.0,0.0
3.0,0.20126710688876742,366.0,0.22111111111111112,0.013110644848542272,0.0,0.0
3.0,0.20126710688876742,367.0,0.22111111111111112,0.0006547407102196389,0.03500954811633838,1.0
3.0,0.20126710688876742,368.0,0.22111111111111112,0.009209269980684675,0.0,0.0
3.0,0.20126710688876742,369.0,0.22111111111111112,0.0071645247696748866,0.0021451899465254197,0.0
3.0,0.20126710688876742,370.0,0.22111111111111112,0.002893717140132675,0.0005907152253839069,1.0
3.0,0.20126710688876742,371.0,0.22111111111111112,0.00398083503139659,4.3088599193947995e-07,1.0
3.0,0.20126710688876742,372.0,0.22111111111111112,0.013173784673336991,2.220970878205395e-05,0.0
3.0,0.20126710688876742,373.0,0.22111111111111112,0.006339101927620443,4.970697473585856,1.0
3.0,0.20126710688876742,374.0,0.22111111111111112,0.021514643356231114,0.02321375774359603,0.0
3.0,0.20126710688876742,375.0,0.22111111111111112,0.00693384500023952,0.0,0.0
3.0,0.20126710688876742,376.0,0.22111111111111112,0.008849021887291862,0.010449923085420958,0.0
3.0,0.20126710688876742,377.0,0.22111111111111112,0.002369628861879824,0.27759294621860603,1.0
3.0,0.20126710688876742,378.0,0.22111111111111112,0.002663131697720108,0.13582131386541402,1.0
3.0,0.20126710688876742,379.0,0.22111111111111112,0.007155351056417196,0.0,0.0
3.0,0.20126710688876742,380.0,0.22111111111111112,0.002636822044975448,1.3120044709031042,1.0
3.0,0.20126710688876742,381.0,0.22111111111111112,0.0015500151430877505,0.026984976949273664,1.0
3.0,0.20126710688876742,382.0,0.22111111111111112,0.007716371880725539,4.438678531217862e-06,0.0
3.0,0.20126710688876742,383.0,0.22111111111111112,0.0072907365094061856,1.468765003149262e-05,0.0
3.0,0.20126710688876742,384.0,0.22111111111111112,0.006944584700421801,0.005538963146582044,1.0
3.0,0.20126710688876742,385.0,0.22111111111111112,0.012820458211909438,0.02400150120274404,0.0
3.0,0.20126710688876742,386.0,0.22111111111111112,0.006809052567000129,3.263345615259363,1.0
3.0,0.20126710688876742,387.0,0.22111111111111112,0.013114281639937646,0.0,0.0
3.0,0.20126710688876742,388.0,0.22111111111111112,0.0075794719611639375,0.0,0.0
3.0,0.20126710688876742,389.0,0.22111111111111112,0.002792817053087514,9.133788315469493e-05,1.0
3.0,0.20126710688876742,390.0,0.22111111111111112,0.0038370044168051756,0.004106769734864711,1.0
3.0,0.20126710688876742,391.0,0.22111111111111112,0.0034785604195453203,2.2538580228344443,1.0
3.0,0.20126710688876742,392.0,0.22111111111111112,0.007563974385355969,2.8517232352486942e-06,0.0
3.0,0.20126710688876742,393.0,0.22111111111111112,0.002420232792692781,0.008732803392379031,1.0
3.0,0.20126710688876742,394.0,0.22111111111111112,0.0029456158414464997,0.004482888149104492,1.0
3.0,0.20126710688876742,395.0,0.22111111111111112,0.007166373862266708,0.0,0.0
3.0,0.20126710688876742,396.0,0.22111111111111112,0.0045768802693848375,0.001951672173050584,0.0
3.0,0.20126710688876742,397.0,0.22111111111111112,0.005063012946581325,0.0027800287454853726,0.0
3.0,0.20126710688876742,398.0,0.22111111111111112,0.010787434466481338,0.0,0.0
3.0,0.20126710688876742,399.0,0.22111111111111112,0.005134896979095796,0.0,0.0
3.0,0.20126710688876742,0.0,0.23222222222222225,0.013133630392835959,0.0,0.0
3.0,0.20126710688876742,1.0,0.23222222222222225,0.0027379605282101694,0.0017701766513939783,1.0
3.0,0.20126710688876742,2.0,0.23222222222222225,0.0018941635973741787,0.0016860002992085453,1.0
3.0,0.20126710688876742,3.0,0.23222222222222225,0.005143660059968042,0.0003325122418186933,0.0
3.0,0.20126710688876742,4.0,0.23222222222222225,0.00675326256220788,0.009555405928648246,0.0
3.0,0.20126710688876742,5.0,0.23222222222222225,0.003174401685465983,10.079198869559397,1.0
3.0,0.20126710688876742,6.0,0.23222222222222225,0.004530196553087272,8.628695487494337e-07,0.0
3.0,0.20126710688876742,7.0,0.23222222222222225,0.01320806655463676,0.0,0.0
3.0,0.20126710688876742,8.0,0.23222222222222225,0.007009688215335724,0.00044922255304736245,1.0
3.0,0.20126710688876742,9.0,0.23222222222222225,0.011843610471064699,0.00019911347230874282,0.0
3.0,0.20126710688876742,10.0,0.23222222222222225,0.003800880167250516,7.951211980073844,1.0
3.0,0.20126710688876742,11.0,0.23222222222222225,0.0028448645401872303,0.6219374948602786,1.0
3.0,0.20126710688876742,12.0,0.23222222222222225,0.007337780345560527,0.0,0.0
3.0,0.20126710688876742,13.0,0.23222222222222225,0.005255904911418811,0.0017617105456369077,1.0
3.0,0.20126710688876742,14.0,0.23222222222222225,0.011190760770374725,0.41192520038973174,1.0
3.0,0.20126710688876742,15.0,0.23222222222222225,0.01074124098634008,0.0012791381923090192,0.0
3.0,0.20126710688876742,16.0,0.23222222222222225,0.045990144850958536,0.004234669944483282,1.0
3.0,0.20126710688876742,17.0,0.23222222222222225,0.012297367665106487,0.0,0.0
3.0,0.20126710688876742,18.0,0.23222222222222225,0.006050436163201055,0.30319442581246353,1.0
3.0,0.20126710688876742,19.0,0.23222222222222225,0.00472159534806912,0.004525016773571358,1.0
3.0,0.20126710688876742,20.0,0.23222222222222225,0.022179124520423248,0.0,0.0
3.0,0.20126710688876742,21.0,0.23222222222222225,0.007893255442868254,1.2369092507793213,1.0
3.0,0.20126710688876742,22.0,0.23222222222222225,0.01144747851470289,0.0,0.0
3.0,0.20126710688876742,23.0,0.23222222222222225,0.012554334544672002,7.227684143958906e-05,0.0
3.0,0.20126710688876742,24.0,0.23222222222222225,0.007954738226928987,0.0,0.0
3.0,0.20126710688876742,25.0,0.23222222222222225,0.0031738719322619057,0.0015153765351393902,1.0
3.0,0.20126710688876742,26.0,0.23222222222222225,0.006918511207090709,0.02716895962319623,0.0
3.0,0.20126710688876742,27.0,0.23222222222222225,0.02150900239487699,2.8471736895806343e-05,0.0
3.0,0.20126710688876742,28.0,0.23222222222222225,0.012681110674554378,0.0,0.0
3.0,0.20126710688876742,29.0,0.23222222222222225,0.007219766026003294,0.0,0.0
3.0,0.20126710688876742,30.0,0.23222222222222225,0.007362190006715785,0.0010956918150772656,1.0
3.0,0.20126710688876742,31.0,0.23222222222222225,0.00552607777657318,0.0,0.0
3.0,0.20126710688876742,32.0,0.23222222222222225,0.0046997731595681495,0.0010754964516726181,1.0
3.0,0.20126710688876742,33.0,0.23222222222222225,0.011747031506865551,1.0351686961219232e-06,0.0
3.0,0.20126710688876742,34.0,0.23222222222222225,0.0020582503801849523,0.00022935181698686318,1.0
3.0,0.20126710688876742,35.0,0.23222222222222225,0.006468854255590813,1.86869137282461e-05,1.0
3.0,0.20126710688876742,36.0,0.23222222222222225,0.012586668131764815,0.0,0.0
3.0,0.20126710688876742,37.0,0.23222222222222225,0.005732447453423879,12.946101094221563,1.0
3.0,0.20126710688876742,38.0,0.23222222222222225,0.06364631372528441,0.6049477435517573,1.0
3.0,0.20126710688876742,39.0,0.23222222222222225,0.002654686414954848,9.002047850172041e-06,1.0
3.0,0.20126710688876742,40.0,0.23222222222222225,0.006711573876783731,0.02822387115368436,1.0
3.0,0.20126710688876742,41.0,0.23222222222222225,0.0019247397538997425,0.16806171871127448,1.0
3.0,0.20126710688876742,42.0,0.23222222222222225,0.005488988204476365,0.0,0.0
3.0,0.20126710688876742,43.0,0.23222222222222225,0.0008987912433491033,0.03103000161299971,1.0
3.0,0.20126710688876742,44.0,0.23222222222222225,0.0017838213925384495,0.29571162786545857,1.0
3.0,0.20126710688876742,45.0,0.23222222222222225,0.008098139526743086,3.2973466967828,1.0
3.0,0.20126710688876742,46.0,0.23222222222222225,0.003971045563405651,2.4102827633044144,1.0
3.0,0.20126710688876742,47.0,0.23222222222222225,0.006049316373208386,0.2917953145992061,1.0
3.0,0.20126710688876742,48.0,0.23222222222222225,0.007359974951601556,0.3815793240171628,1.0
3.0,0.20126710688876742,49.0,0.23222222222222225,0.00580408091479117,0.18698480293292435,1.0
3.0,0.20126710688876742,50.0,0.23222222222222225,0.007868845173192755,0.0028242033002071378,0.0
3.0,0.20126710688876742,51.0,0.23222222222222225,0.007735432466617906,0.0021443570300558627,1.0
3.0,0.20126710688876742,52.0,0.23222222222222225,0.01264140119207391,0.0002988164037175304,0.0
3.0,0.20126710688876742,53.0,0.23222222222222225,0.0032907550082911623,0.007782122186426469,1.0
3.0,0.20126710688876742,54.0,0.23222222222222225,0.002747168083596023,7.679017030405332,1.0
3.0,0.20126710688876742,55.0,0.23222222222222225,0.006050367257401677,0.0037078440262365182,1.0
3.0,0.20126710688876742,56.0,0.23222222222222225,0.0072359332195055266,8.292859765926513e-05,0.0
3.0,0.20126710688876742,57.0,0.23222222222222225,0.002138915709899246,0.002891940674644928,1.0
3.0,0.20126710688876742,58.0,0.23222222222222225,0.010706257062577555,4.182561979463107e-05,0.0
3.0,0.20126710688876742,59.0,0.23222222222222225,0.005712573653513832,0.0,0.0
3.0,0.20126710688876742,60.0,0.23222222222222225,0.010904843967394435,3.203540414788954,1.0
3.0,0.20126710688876742,61.0,0.23222222222222225,0.0022665535311099357,0.03499883700820067,1.0
3.0,0.20126710688876742,62.0,0.23222222222222225,0.003462748879314292,0.0003201342820572641,1.0
3.0,0.20126710688876742,63.0,0.23222222222222225,0.021315759933581112,1.3811514311490068e-05,0.0
3.0,0.20126710688876742,64.0,0.23222222222222225,0.007742781248470502,0.0,0.0
3.0,0.20126710688876742,65.0,0.23222222222222225,0.007293106311533159,0.0,0.0
3.0,0.20126710688876742,66.0,0.23222222222222225,0.0018206755198144613,0.07998868120589729,1.0
3.0,0.20126710688876742,67.0,0.23222222222222225,0.011948608441081747,1.9649765115941975e-05,0.0
3.0,0.20126710688876742,68.0,0.23222222222222225,0.002502228396692627,0.009365125120852144,1.0
3.0,0.20126710688876742,69.0,0.23222222222222225,0.03573809713917714,0.004691734280826762,1.0
3.0,0.20126710688876742,70.0,0.23222222222222225,0.00702209053767593,0.00024149452280877864,1.0
3.0,0.20126710688876742,71.0,0.23222222222222225,0.012856183371328662,0.0,0.0
3.0,0.20126710688876742,72.0,0.23222222222222225,0.012434422936853031,0.0,0.0
3.0,0.20126710688876742,73.0,0.23222222222222225,0.003459366333738192,1.7149157893725917,1.0
3.0,0.20126710688876742,74.0,0.23222222222222225,0.0067303809617066685,7.06084099399882e-05,0.0
3.0,0.20126710688876742,75.0,0.23222222222222225,0.0034669946629292446,2.159236669126574e-05,1.0
3.0,0.20126710688876742,76.0,0.23222222222222225,0.0019065496142923828,0.04284508513685728,1.0
3.0,0.20126710688876742,77.0,0.23222222222222225,0.011325781551711791,0.0,0.0
3.0,0.20126710688876742,78.0,0.23222222222222225,0.007297077361267593,2.7438157782199263e-05,0.0
3.0,0.20126710688876742,79.0,0.23222222222222225,0.012601700181173573,3.844659058341645e-05,0.0
3.0,0.20126710688876742,80.0,0.23222222222222225,0.005932395912142938,0.0,0.0
3.0,0.20126710688876742,81.0,0.23222222222222225,0.005267725719219958,2.2738789010085534,1.0
3.0,0.20126710688876742,82.0,0.23222222222222225,0.021585685964548056,0.0,0.0
3.0,0.20126710688876742,83.0,0.23222222222222225,0.0022309474367438265,0.0004395701156143985,1.0
3.0,0.20126710688876742,84.0,0.23222222222222225,0.05995389862797228,0.03761752060086262,1.0
3.0,0.20126710688876742,85.0,0.23222222222222225,0.008959715397798591,0.00318046574407288,1.0
3.0,0.20126710688876742,86.0,0.23222222222222225,0.002870781694532019,0.000121222843466803,1.0
3.0,0.20126710688876742,87.0,0.23222222222222225,0.00210513859112179,0.0003857036050762751,1.0
3.0,0.20126710688876742,88.0,0.23222222222222225,0.0024909559950503806,0.05183867372137556,1.0
3.0,0.20126710688876742,89.0,0.23222222222222225,0.0015047209259779193,0.003276775748255412,1.0
3.0,0.20126710688876742,90.0,0.23222222222222225,0.011921443275902645,0.0,0.0
3.0,0.20126710688876742,91.0,0.23222222222222225,0.0026626631183310685,0.05286359507297307,1.0
3.0,0.20126710688876742,92.0,0.23222222222222225,0.021758142573258414,0.0,0.0
3.0,0.20126710688876742,93.0,0.23222222222222225,0.0008265319694389429,0.05240526370394168,1.0
3.0,0.20126710688876742,94.0,0.23222222222222225,0.004993418188248246,7.521265398193547e-05,0.0
3.0,0.20126710688876742,95.0,0.23222222222222225,0.003945741723916237,0.0010173389659965664,1.0
3.0,0.20126710688876742,96.0,0.23222222222222225,0.006051050406512236,0.016623648621014755,1.0
3.0,0.20126710688876742,97.0,0.23222222222222225,0.005596733796881537,0.00010675031008211573,1.0
3.0,0.20126710688876742,98.0,0.23222222222222225,0.007001718146997507,0.0,0.0
3.0,0.20126710688876742,99.0,0.23222222222222225,0.010792660513202417,0.0,0.0
3.0,0.20126710688876742,100.0,0.23222222222222225,0.00711248436695106,1.3529939832719817,1.0
3.0,0.20126710688876742,101.0,0.23222222222222225,0.00552565090136127,0.0,0.0
3.0,0.20126710688876742,102.0,0.23222222222222225,0.00307039442825411,0.02574284527729739,1.0
3.0,0.20126710688876742,103.0,0.23222222222222225,0.010276831277536088,0.00014572845964687563,0.0
3.0,0.20126710688876742,104.0,0.23222222222222225,0.0017310379233658373,0.20930402013575808,1.0
3.0,0.20126710688876742,105.0,0.23222222222222225,0.007380185097604972,0.0,0.0
3.0,0.20126710688876742,106.0,0.23222222222222225,0.0068662811991907005,1.2387301677968832,1.0
3.0,0.20126710688876742,107.0,0.23222222222222225,0.04540240834591402,0.0,0.0
3.0,0.20126710688876742,108.0,0.23222222222222225,0.010759708909036164,0.00019021394157347766,0.0
3.0,0.20126710688876742,109.0,0.23222222222222225,0.011951092990475053,0.0,0.0
3.0,0.20126710688876742,110.0,0.23222222222222225,0.006882843213930439,0.00919914032297516,0.0
3.0,0.20126710688876742,111.0,0.23222222222222225,0.015405382898749355,0.0018294042011849506,1.0
3.0,0.20126710688876742,112.0,0.23222222222222225,0.012078064257572775,0.0,0.0
3.0,0.20126710688876742,113.0,0.23222222222222225,0.021280459268623694,0.000547278357866506,0.0
3.0,0.20126710688876742,114.0,0.23222222222222225,0.0010362777341467488,0.010021869276967814,1.0
3.0,0.20126710688876742,115.0,0.23222222222222225,0.006768227027511205,0.06819608469404118,0.0
3.0,0.20126710688876742,116.0,0.23222222222222225,0.0017924737560157927,2.9047478803166753e-05,1.0
3.0,0.20126710688876742,117.0,0.23222222222222225,0.010431501096433596,0.0,0.0
3.0,0.20126710688876742,118.0,0.23222222222222225,0.012558193599268897,0.0065531353550680954,0.0
3.0,0.20126710688876742,119.0,0.23222222222222225,0.0024613320382648367,0.00012597945911309945,1.0
3.0,0.20126710688876742,120.0,0.23222222222222225,0.020861756784060194,0.0,0.0
3.0,0.20126710688876742,121.0,0.23222222222222225,0.006628648707034458,2.9917507895545596,1.0
3.0,0.20126710688876742,122.0,0.23222222222222225,0.002508388631952599,0.0005358681988028826,1.0
3.0,0.20126710688876742,123.0,0.23222222222222225,0.003436411632218273,0.04002746953241846,1.0
3.0,0.20126710688876742,124.0,0.23222222222222225,0.011926756894985395,0.0,0.0
3.0,0.20126710688876742,125.0,0.23222222222222225,0.004581726449037295,0.9264244801571824,1.0
3.0,0.20126710688876742,126.0,0.23222222222222225,0.008123104622336622,2.326852431602073,1.0
3.0,0.20126710688876742,127.0,0.23222222222222225,0.022228232713760846,0.0,0.0
3.0,0.20126710688876742,128.0,0.23222222222222225,0.010845606579637016,5.1663106951945194e-05,0.0
3.0,0.20126710688876742,129.0,0.23222222222222225,0.007000083350196283,0.0002122301930200453,0.0
3.0,0.20126710688876742,130.0,0.23222222222222225,0.0014773344715893022,4.2217337641668137e-05,1.0
3.0,0.20126710688876742,131.0,0.23222222222222225,0.0062812778660675875,0.0,0.0
3.0,0.20126710688876742,132.0,0.23222222222222225,0.01128214629353265,0.0,0.0
3.0,0.20126710688876742,133.0,0.23222222222222225,0.0015276289524830135,0.0002973854670262355,1.0
3.0,0.20126710688876742,134.0,0.23222222222222225,0.002054912368903614,0.06445104635941755,1.0
3.0,0.20126710688876742,135.0,0.23222222222222225,0.004187698624196264,0.003504945894002191,0.0
3.0,0.20126710688876742,136.0,0.23222222222222225,0.007191641334871457,0.0,0.0
3.0,0.20126710688876742,137.0,0.23222222222222225,0.0018791536898513173,0.00346340380728514,1.0
3.0,0.20126710688876742,138.0,0.23222222222222225,0.02207959593213227,8.999955990255066e-05,0.0
3.0,0.20126710688876742,139.0,0.23222222222222225,0.0029154712135174366,0.012034222205778053,1.0
3.0,0.20126710688876742,140.0,0.23222222222222225,0.0022890540024561273,1.3840487131274772,1.0
3.0,0.20126710688876742,141.0,0.23222222222222225,0.007318286982976293,0.0,0.0
3.0,0.20126710688876742,142.0,0.23222222222222225,0.0011963484629980885,1.1291759206664673,1.0
3.0,0.20126710688876742,143.0,0.23222222222222225,0.005467145473003418,0.09480407062197983,1.0
3.0,0.20126710688876742,144.0,0.23222222222222225,0.007514215312106636,7.634741247208065e-06,0.0
3.0,0.20126710688876742,145.0,0.23222222222222225,0.006572861996983672,3.9086415805192406e-07,0.0
3.0,0.20126710688876742,146.0,0.23222222222222225,0.007256918144726659,0.0,0.0
3.0,0.20126710688876742,147.0,0.23222222222222225,0.011445887881576109,0.0,0.0
3.0,0.20126710688876742,148.0,0.23222222222222225,0.011836042097272424,0.0,0.0
3.0,0.20126710688876742,149.0,0.23222222222222225,0.007355159507495138,0.0,0.0
3.0,0.20126710688876742,150.0,0.23222222222222225,0.0023403729475109454,0.004283062730036982,1.0
3.0,0.20126710688876742,151.0,0.23222222222222225,0.011207656273868723,0.0,0.0
3.0,0.20126710688876742,152.0,0.23222222222222225,0.004901856657380072,0.0,0.0
3.0,0.20126710688876742,153.0,0.23222222222222225,0.005395112627929806,8.273619011758724e-05,0.0
3.0,0.20126710688876742,154.0,0.23222222222222225,0.021200277242480668,4.5668245717643697e-07,0.0
3.0,0.20126710688876742,155.0,0.23222222222222225,0.01737800074474194,0.00017495864494142838,1.0
3.0,0.20126710688876742,156.0,0.23222222222222225,0.008669513344064591,0.0002462729817893901,1.0
3.0,0.20126710688876742,157.0,0.23222222222222225,0.004782663027248545,0.00015055509552949328,0.0
3.0,0.20126710688876742,158.0,0.23222222222222225,0.011717179389327809,0.0,0.0
3.0,0.20126710688876742,159.0,0.23222222222222225,0.027669820064697405,6.859084921571434,1.0
3.0,0.20126710688876742,160.0,0.23222222222222225,0.0022195208687624587,4.2632804273291976e-05,1.0
3.0,0.20126710688876742,161.0,0.23222222222222225,0.005717727014306562,0.3750556700302477,1.0
3.0,0.20126710688876742,162.0,0.23222222222222225,0.01169156491925574,0.0,0.0
3.0,0.20126710688876742,163.0,0.23222222222222225,0.00628839919023355,1.3606441754576142,1.0
3.0,0.20126710688876742,164.0,0.23222222222222225,0.016800798840261772,1.2939915474213986e-05,0.0
3.0,0.20126710688876742,165.0,0.23222222222222225,0.022289771810297395,0.0,0.0
3.0,0.20126710688876742,166.0,0.23222222222222225,0.006037427305513796,0.7415941305619455,1.0
3.0,0.20126710688876742,167.0,0.23222222222222225,0.005869696283669416,0.0,0.0
3.0,0.20126710688876742,168.0,0.23222222222222225,0.0013923807995383493,0.1395086560186382,1.0
3.0,0.20126710688876742,169.0,0.23222222222222225,0.0012766311538122215,2.635093184138603,1.0
3.0,0.20126710688876742,170.0,0.23222222222222225,0.006961817588899381,0.0,0.0
3.0,0.20126710688876742,171.0,0.23222222222222225,0.003948439132244459,0.00025149441803795777,1.0
3.0,0.20126710688876742,172.0,0.23222222222222225,0.01098840005327355,2.5699754064725767e-05,0.0
3.0,0.20126710688876742,173.0,0.23222222222222225,0.0023204485711473613,0.013849831086733901,1.0
3.0,0.20126710688876742,174.0,0.23222222222222225,0.002467197052858435,1.4147935444121884,1.0
3.0,0.20126710688876742,175.0,0.23222222222222225,0.002984904603373634,0.002300310329094237,1.0
3.0,0.20126710688876742,176.0,0.23222222222222225,0.007297179572965153,0.0,0.0
3.0,0.20126710688876742,177.0,0.23222222222222225,0.003386389829528539,1.396736857560148,1.0
3.0,0.20126710688876742,178.0,0.23222222222222225,0.021596866297278243,1.087487241449883e-05,0.0
3.0,0.20126710688876742,179.0,0.23222222222222225,0.0017971011195041329,0.0010955544337177658,1.0
3.0,0.20126710688876742,180.0,0.23222222222222225,0.006058457353865362,0.0,0.0
3.0,0.20126710688876742,181.0,0.23222222222222225,0.0019908870474119366,0.013547432013407166,1.0
3.0,0.20126710688876742,182.0,0.23222222222222225,0.002157008189075134,0.0037946078588946526,1.0
3.0,0.20126710688876742,183.0,0.23222222222222225,0.007064786528249114,0.00409550600884896,0.0
3.0,0.20126710688876742,184.0,0.23222222222222225,0.0070534394175298006,0.00017087845779000503,1.0
3.0,0.20126710688876742,185.0,0.23222222222222225,0.003767251919525058,0.002428854483668552,1.0
3.0,0.20126710688876742,186.0,0.23222222222222225,0.0017023251545651768,0.0014328972167098179,1.0
3.0,0.20126710688876742,187.0,0.23222222222222225,0.002554348580748117,0.006937100219096759,1.0
3.0,0.20126710688876742,188.0,0.23222222222222225,0.0015605370094677051,0.6820914943694106,1.0
3.0,0.20126710688876742,189.0,0.23222222222222225,0.007862268100260677,0.0,0.0
3.0,0.20126710688876742,190.0,0.23222222222222225,0.007080116240876608,0.0018295745000790856,0.0
3.0,0.20126710688876742,191.0,0.23222222222222225,0.011482037642587633,0.0,0.0
3.0,0.20126710688876742,192.0,0.23222222222222225,0.006983292444677446,0.0005432736730803312,0.0
3.0,0.20126710688876742,193.0,0.23222222222222225,0.007704565271746566,7.807055101825429e-07,0.0
3.0,0.20126710688876742,194.0,0.23222222222222225,0.009002130168230517,4.683826527569683e-05,1.0
3.0,0.20126710688876742,195.0,0.23222222222222225,0.001107607306377791,0.001318363725604021,1.0
3.0,0.20126710688876742,196.0,0.23222222222222225,0.008153552852095469,8.093642638972511e-05,0.0
3.0,0.20126710688876742,197.0,0.23222222222222225,0.021202038115870334,0.0,0.0
3.0,0.20126710688876742,198.0,0.23222222222222225,0.007535520592118059,2.001731490277664,1.0
3.0,0.20126710688876742,199.0,0.23222222222222225,0.012750947526407692,0.0,0.0
3.0,0.20126710688876742,200.0,0.23222222222222225,0.002238470948633096,6.8884554897172405,1.0
3.0,0.20126710688876742,201.0,0.23222222222222225,0.013385970851474303,0.035367799987982625,1.0
3.0,0.20126710688876742,202.0,0.23222222222222225,0.021968465360997325,0.0,0.0
3.0,0.20126710688876742,203.0,0.23222222222222225,0.006535567187984053,0.0010884777424643654,0.0
3.0,0.20126710688876742,204.0,0.23222222222222225,0.00605035514010323,0.5884007337275732,1.0
3.0,0.20126710688876742,205.0,0.23222222222222225,0.01147091206333814,0.0,0.0
3.0,0.20126710688876742,206.0,0.23222222222222225,0.007465328353933046,0.8396672786921372,1.0
3.0,0.20126710688876742,207.0,0.23222222222222225,0.004714273088183205,0.0,0.0
3.0,0.20126710688876742,208.0,0.23222222222222225,0.003136044269021988,0.04239391826797752,1.0
3.0,0.20126710688876742,209.0,0.23222222222222225,0.006409405258411834,5.110092479030552,1.0
3.0,0.20126710688876742,210.0,0.23222222222222225,0.006920144382297935,0.006995737865682763,1.0
3.0,0.20126710688876742,211.0,0.23222222222222225,0.0219410673106558,7.702788946752185e-05,0.0
3.0,0.20126710688876742,212.0,0.23222222222222225,0.006071122852311075,0.0007111787520308906,1.0
3.0,0.20126710688876742,213.0,0.23222222222222225,0.009064983704686953,0.003709317361007175,1.0
3.0,0.20126710688876742,214.0,0.23222222222222225,0.0024472202266240875,0.7096426906413148,1.0
3.0,0.20126710688876742,215.0,0.23222222222222225,0.006671033766662547,0.000282494152923219,1.0
3.0,0.20126710688876742,216.0,0.23222222222222225,0.0048947760539035795,0.24211316541926234,1.0
3.0,0.20126710688876742,217.0,0.23222222222222225,0.0018381220327743043,1.5178515513708308e-05,1.0
3.0,0.20126710688876742,218.0,0.23222222222222225,0.0005490735665777008,0.050587104962728946,1.0
3.0,0.20126710688876742,219.0,0.23222222222222225,0.0065386319556889165,0.00010933670602676198,1.0
3.0,0.20126710688876742,220.0,0.23222222222222225,0.011847268102148645,0.0,0.0
3.0,0.20126710688876742,221.0,0.23222222222222225,0.007573434596958995,0.0,0.0
3.0,0.20126710688876742,222.0,0.23222222222222225,0.0317651946156317,0.0,0.0
3.0,0.20126710688876742,223.0,0.23222222222222225,0.023128163025144657,0.0,0.0
3.0,0.20126710688876742,224.0,0.23222222222222225,0.010549658440863608,0.0007296980521042158,0.0
3.0,0.20126710688876742,225.0,0.23222222222222225,0.0070834286175393245,0.007584547481227941,0.0
3.0,0.20126710688876742,226.0,0.23222222222222225,0.011547915439009071,0.0,0.0
3.0,0.20126710688876742,227.0,0.23222222222222225,0.002099272840879722,0.1292758220079232,1.0
3.0,0.20126710688876742,228.0,0.23222222222222225,0.0035122391093959076,0.37211020418697505,1.0
3.0,0.20126710688876742,229.0,0.23222222222222225,0.0042178964134039374,0.7977959948046994,1.0
3.0,0.20126710688876742,230.0,0.23222222222222225,0.013128030241450294,0.0,0.0
3.0,0.20126710688876742,231.0,0.23222222222222225,0.00687425970669803,0.01730370887243206,0.0
3.0,0.20126710688876742,232.0,0.23222222222222225,0.0007192647968470708,0.03296269729605141,1.0
3.0,0.20126710688876742,233.0,0.23222222222222225,0.006069932123031548,0.08909339137932622,1.0
3.0,0.20126710688876742,234.0,0.23222222222222225,0.0068356429799848115,9.724937873967e-07,0.0
3.0,0.20126710688876742,235.0,0.23222222222222225,0.011424828924961435,0.0,0.0
3.0,0.20126710688876742,236.0,0.23222222222222225,0.011611436688500208,0.0,0.0
3.0,0.20126710688876742,237.0,0.23222222222222225,0.004195990307532666,0.0,0.0
3.0,0.20126710688876742,238.0,0.23222222222222225,0.0020155230608845777,0.2626466266124311,1.0
3.0,0.20126710688876742,239.0,0.23222222222222225,0.005785903741955206,0.3428544528813197,1.0
3.0,0.20126710688876742,240.0,0.23222222222222225,0.0018538586871805762,0.004826495391054137,1.0
3.0,0.20126710688876742,241.0,0.23222222222222225,0.00692424955072274,0.0,0.0
3.0,0.20126710688876742,242.0,0.23222222222222225,0.006363900060892943,2.6939708546800456,1.0
3.0,0.20126710688876742,243.0,0.23222222222222225,0.021314856385164234,0.0,0.0
3.0,0.20126710688876742,244.0,0.23222222222222225,0.006229089185477326,0.9376451185179242,1.0
3.0,0.20126710688876742,245.0,0.23222222222222225,0.008926267390069293,0.17243378856652053,1.0
3.0,0.20126710688876742,246.0,0.23222222222222225,0.017527086285340478,4.026074239674586e-05,0.0
3.0,0.20126710688876742,247.0,0.23222222222222225,0.0030819887112379326,0.0002579986317140595,1.0
3.0,0.20126710688876742,248.0,0.23222222222222225,0.005002559721218526,2.284179662097814,1.0
3.0,0.20126710688876742,249.0,0.23222222222222225,0.004969779869605817,0.001279395011429217,1.0
3.0,0.20126710688876742,250.0,0.23222222222222225,0.009829315444920429,0.35381437613862016,1.0
3.0,0.20126710688876742,251.0,0.23222222222222225,0.009117727428956137,0.0,0.0
3.0,0.20126710688876742,252.0,0.23222222222222225,0.002176489481984314,0.09385173070949274,1.0
3.0,0.20126710688876742,253.0,0.23222222222222225,0.0053935432919497775,0.005233454940834532,1.0
3.0,0.20126710688876742,254.0,0.23222222222222225,0.00782626636651103,7.280058368844443e-05,0.0
3.0,0.20126710688876742,255.0,0.23222222222222225,0.004751130298487582,7.22589774096892,1.0
3.0,0.20126710688876742,256.0,0.23222222222222225,0.008263483563124417,6.932511982439191e-06,0.0
3.0,0.20126710688876742,257.0,0.23222222222222225,0.0068870170982043635,0.0,0.0
3.0,0.20126710688876742,258.0,0.23222222222222225,0.0012277741970446393,0.14698366998355122,1.0
3.0,0.20126710688876742,259.0,0.23222222222222225,0.011085110992754416,0.0,0.0
3.0,0.20126710688876742,260.0,0.23222222222222225,0.004132470726811057,0.00046739083181156443,1.0
3.0,0.20126710688876742,261.0,0.23222222222222225,0.003145161307617902,0.0013465316481445107,1.0
3.0,0.20126710688876742,262.0,0.23222222222222225,0.005191341575362167,3.3202132402751436,1.0
3.0,0.20126710688876742,263.0,0.23222222222222225,0.005021920636482918,3.49692085115954e-06,0.0
3.0,0.20126710688876742,264.0,0.23222222222222225,0.002207331418618456,0.006940151767039058,1.0
3.0,0.20126710688876742,265.0,0.23222222222222225,0.007111236288359583,0.0,0.0
3.0,0.20126710688876742,266.0,0.23222222222222225,0.02246176398418086,0.0005165047993259989,0.0
3.0,0.20126710688876742,267.0,0.23222222222222225,0.007334297808651977,0.0,0.0
3.0,0.20126710688876742,268.0,0.23222222222222225,0.00407760798391215,0.0010683323162865666,1.0
3.0,0.20126710688876742,269.0,0.23222222222222225,0.011203483241903223,2.6756765715089776,1.0
3.0,0.20126710688876742,270.0,0.23222222222222225,0.006871507973626458,6.171899093615945e-07,0.0
3.0,0.20126710688876742,271.0,0.23222222222222225,0.0025459544409978836,0.3166227414370089,1.0
3.0,0.20126710688876742,272.0,0.23222222222222225,0.02177270133753678,0.0,0.0
3.0,0.20126710688876742,273.0,0.23222222222222225,0.0026703686946842192,5.5056194488871535,1.0
3.0,0.20126710688876742,274.0,0.23222222222222225,0.006254100426133089,0.0013956527150997067,1.0
3.0,0.20126710688876742,275.0,0.23222222222222225,0.00177359606390072,1.6211899173228541,1.0
3.0,0.20126710688876742,276.0,0.23222222222222225,0.021475010604778612,0.020013052352132046,0.0
3.0,0.20126710688876742,277.0,0.23222222222222225,0.0016419992437995182,0.016650477827050758,1.0
3.0,0.20126710688876742,278.0,0.23222222222222225,0.012536409845333902,0.6419344223294748,1.0
3.0,0.20126710688876742,279.0,0.23222222222222225,0.007006747304106978,0.0,0.0
3.0,0.20126710688876742,280.0,0.23222222222222225,0.004561739084079176,0.03325033994109271,1.0
3.0,0.20126710688876742,281.0,0.23222222222222225,0.007677748169046281,0.0,0.0
3.0,0.20126710688876742,282.0,0.23222222222222225,0.0021183704066647657,0.10972429741480155,1.0
3.0,0.20126710688876742,283.0,0.23222222222222225,0.0025676152949123897,0.001375895973534572,1.0
3.0,0.20126710688876742,284.0,0.23222222222222225,0.006951601689461854,0.02103088200751077,1.0
3.0,0.20126710688876742,285.0,0.23222222222222225,0.01148586062131066,1.643371408592211e-06,0.0
3.0,0.20126710688876742,286.0,0.23222222222222225,0.0029584569937170374,1.8257313817767227,1.0
3.0,0.20126710688876742,287.0,0.23222222222222225,0.007375763971750097,0.006111314359555124,1.0
3.0,0.20126710688876742,288.0,0.23222222222222225,0.011453418756233336,0.0,0.0
3.0,0.20126710688876742,289.0,0.23222222222222225,0.007166211597566221,0.0005958385776017726,0.0
3.0,0.20126710688876742,290.0,0.23222222222222225,0.005863403872264644,0.010576273553028643,1.0
3.0,0.20126710688876742,291.0,0.23222222222222225,0.0015417871495700362,0.019045675842180417,1.0
3.0,0.20126710688876742,292.0,0.23222222222222225,0.0018023428970445356,0.0013231740915274663,1.0
3.0,0.20126710688876742,293.0,0.23222222222222225,0.0024316952176696638,4.9430733051553615e-05,1.0
3.0,0.20126710688876742,294.0,0.23222222222222225,0.011890355854734904,0.00022523871736911396,0.0
3.0,0.20126710688876742,295.0,0.23222222222222225,0.0027800860497399675,0.061272192102792375,1.0
3.0,0.20126710688876742,296.0,0.23222222222222225,0.003941390705502935,0.007493092650650644,1.0
3.0,0.20126710688876742,297.0,0.23222222222222225,0.008373777513462403,2.1735683356774026e-06,0.0
3.0,0.20126710688876742,298.0,0.23222222222222225,0.01065524119783832,1.6712405958015212e-05,0.0
3.0,0.20126710688876742,299.0,0.23222222222222225,0.0018990417788933727,0.015375181404906693,1.0
3.0,0.20126710688876742,300.0,0.23222222222222225,0.007860597344498243,0.037281971319948995,1.0
3.0,0.20126710688876742,301.0,0.23222222222222225,0.0008688879443681696,0.0003532936013523538,1.0
3.0,0.20126710688876742,302.0,0.23222222222222225,0.002042964048718191,0.314958472562788,1.0
3.0,0.20126710688876742,303.0,0.23222222222222225,0.009701605327153173,2.4256067711398618e-05,0.0
3.0,0.20126710688876742,304.0,0.23222222222222225,0.011707849169586258,0.0,0.0
3.0,0.20126710688876742,305.0,0.23222222222222225,0.006264616569812215,0.00249463488208545,1.0
3.0,0.20126710688876742,306.0,0.23222222222222225,0.005300359055448496,0.004430961561813099,1.0
3.0,0.20126710688876742,307.0,0.23222222222222225,0.007324849348059857,0.0,0.0
3.0,0.20126710688876742,308.0,0.23222222222222225,0.006808135328062873,0.022842650032123345,0.0
3.0,0.20126710688876742,309.0,0.23222222222222225,0.0019751353893728042,0.013614693021181267,1.0
3.0,0.20126710688876742,310.0,0.23222222222222225,0.0067332067574721825,0.0,0.0
3.0,0.20126710688876742,311.0,0.23222222222222225,0.001367334240793473,4.222735905479785,1.0
3.0,0.20126710688876742,312.0,0.23222222222222225,0.00265706839863559,0.0070886692390981125,1.0
3.0,0.20126710688876742,313.0,0.23222222222222225,0.012286496007883164,0.0,0.0
3.0,0.20126710688876742,314.0,0.23222222222222225,0.005636891992168821,4.452840505098805,1.0
3.0,0.20126710688876742,315.0,0.23222222222222225,0.021978735929584006,0.0,0.0
3.0,0.20126710688876742,316.0,0.23222222222222225,0.006473398567683662,6.291630475505723,1.0
3.0,0.20126710688876742,317.0,0.23222222222222225,0.00737533573518942,0.003882061617651763,0.0
3.0,0.20126710688876742,318.0,0.23222222222222225,0.004689192821988007,0.25146717460437296,1.0
3.0,0.20126710688876742,319.0,0.23222222222222225,0.0012725531862029706,0.5426314976224571,1.0
3.0,0.20126710688876742,320.0,0.23222222222222225,0.0071491331665059195,4.859180776062318,1.0
3.0,0.20126710688876742,321.0,0.23222222222222225,0.005097809182791969,0.00012937192628993463,0.0
3.0,0.20126710688876742,322.0,0.23222222222222225,0.001503651785600955,2.340269039792853,1.0
3.0,0.20126710688876742,323.0,0.23222222222222225,0.0055540968682635215,0.017639044157617346,0.0
3.0,0.20126710688876742,324.0,0.23222222222222225,0.0018739155752320468,0.00025998828937998596,1.0
3.0,0.20126710688876742,325.0,0.23222222222222225,0.001646541611320378,0.06331402912666574,1.0
3.0,0.20126710688876742,326.0,0.23222222222222225,0.006828258418223323,0.004962734864136225,0.0
3.0,0.20126710688876742,327.0,0.23222222222222225,0.011281401848818099,0.0,0.0
3.0,0.20126710688876742,328.0,0.23222222222222225,0.005681453596750086,0.0,0.0
3.0,0.20126710688876742,329.0,0.23222222222222225,0.0020016584038994763,0.30941610925056423,1.0
3.0,0.20126710688876742,330.0,0.23222222222222225,0.0026382840208197048,0.0023642711684277134,1.0
3.0,0.20126710688876742,331.0,0.23222222222222225,0.003059423690592706,0.0038087703059681505,1.0
3.0,0.20126710688876742,332.0,0.23222222222222225,0.006759597575555221,0.01090204692606303,0.0
3.0,0.20126710688876742,333.0,0.23222222222222225,0.00544707713931244,0.0,0.0
3.0,0.20126710688876742,334.0,0.23222222222222225,0.011205911986583246,0.0,0.0
3.0,0.20126710688876742,335.0,0.23222222222222225,0.011277383549069719,0.0,0.0
3.0,0.20126710688876742,336.0,0.23222222222222225,0.0225842830207457,0.0,0.0
3.0,0.20126710688876742,337.0,0.23222222222222225,0.011128380254972509,0.010195597887825847,1.0
3.0,0.20126710688876742,338.0,0.23222222222222225,0.00605302220403211,0.24240122199169536,1.0
3.0,0.20126710688876742,339.0,0.23222222222222225,0.004843627998737384,0.0004758527632859633,0.0
3.0,0.20126710688876742,340.0,0.23222222222222225,0.007832094163777831,0.0007247710886571453,0.0
3.0,0.20126710688876742,341.0,0.23222222222222225,0.006985328219782097,0.0,0.0
3.0,0.20126710688876742,342.0,0.23222222222222225,0.007086242192641255,0.0,0.0
3.0,0.20126710688876742,343.0,0.23222222222222225,0.013598120740143462,0.0,0.0
3.0,0.20126710688876742,344.0,0.23222222222222225,0.012483764475124589,3.7467323152700114e-05,0.0
3.0,0.20126710688876742,345.0,0.23222222222222225,0.002447474431119679,3.6810463639558355,1.0
3.0,0.20126710688876742,346.0,0.23222222222222225,0.0016730865007699783,0.0011616311284562907,1.0
3.0,0.20126710688876742,347.0,0.23222222222222225,0.0018203008905774345,0.00022696365262232896,1.0
3.0,0.20126710688876742,348.0,0.23222222222222225,0.004395317774754065,3.195824164359835,1.0
3.0,0.20126710688876742,349.0,0.23222222222222225,0.01605821460005557,4.187313317882183e-05,1.0
3.0,0.20126710688876742,350.0,0.23222222222222225,0.0019378952750585866,0.13133549637931324,1.0
3.0,0.20126710688876742,351.0,0.23222222222222225,0.021852399267345956,0.0,0.0
3.0,0.20126710688876742,352.0,0.23222222222222225,0.003499105093354105,0.0370552869223209,1.0
3.0,0.20126710688876742,353.0,0.23222222222222225,0.007531415713193077,0.00012651185133729083,0.0
3.0,0.20126710688876742,354.0,0.23222222222222225,0.007115078821343888,8.372844504882991e-06,0.0
3.0,0.20126710688876742,355.0,0.23222222222222225,0.003318816566183575,0.002317964627729231,1.0
3.0,0.20126710688876742,356.0,0.23222222222222225,0.006341768418482743,0.008053204300039236,1.0
3.0,0.20126710688876742,357.0,0.23222222222222225,0.011621994845587888,0.0,0.0
3.0,0.20126710688876742,358.0,0.23222222222222225,0.0060545167725364986,0.9305973191718883,1.0
3.0,0.20126710688876742,359.0,0.23222222222222225,0.02145177850236678,0.0,0.0
3.0,0.20126710688876742,360.0,0.23222222222222225,0.004660794316194035,1.3891014348448895e-05,0.0
3.0,0.20126710688876742,361.0,0.23222222222222225,0.003256904501521226,1.725256537788307,1.0
3.0,0.20126710688876742,362.0,0.23222222222222225,0.002305998939729206,0.14274742634776655,1.0
3.0,0.20126710688876742,363.0,0.23222222222222225,0.0017341639934194803,0.014331844120274207,1.0
3.0,0.20126710688876742,364.0,0.23222222222222225,0.017996140151603914,0.0,0.0
3.0,0.20126710688876742,365.0,0.23222222222222225,0.00456390036583758,1.7098448194638338,1.0
3.0,0.20126710688876742,366.0,0.23222222222222225,0.010250652244894805,0.0009235170259439715,0.0
3.0,0.20126710688876742,367.0,0.23222222222222225,0.001707991817995247,0.03991700078664458,1.0
3.0,0.20126710688876742,368.0,0.23222222222222225,0.003980578892558555,0.007115428004074875,1.0
3.0,0.20126710688876742,369.0,0.23222222222222225,0.006917663959895844,2.0521816229920884e-05,0.0
3.0,0.20126710688876742,370.0,0.23222222222222225,0.004947919504673951,0.003102235810895524,0.0
3.0,0.20126710688876742,371.0,0.23222222222222225,0.005264805234744788,0.0187868539074019,0.0
3.0,0.20126710688876742,372.0,0.23222222222222225,0.00800031486137693,0.006164742175889595,0.0
3.0,0.20126710688876742,373.0,0.23222222222222225,0.006972121242095412,0.0029254747828292107,1.0
3.0,0.20126710688876742,374.0,0.23222222222222225,0.0115320892917731,0.010543861527829542,0.0
3.0,0.20126710688876742,375.0,0.23222222222222225,0.006465659398941797,0.0020480686354558985,0.0
3.0,0.20126710688876742,376.0,0.23222222222222225,0.008748019508893272,2.5220076034926947e-05,0.0
3.0,0.20126710688876742,377.0,0.23222222222222225,0.003951323511303396,0.021551736796440603,0.0
3.0,0.20126710688876742,378.0,0.23222222222222225,0.004433496945868261,0.0,0.0
3.0,0.20126710688876742,379.0,0.23222222222222225,0.0067177980206057815,0.0016241028440672548,0.0
3.0,0.20126710688876742,380.0,0.23222222222222225,0.0025034332825772795,0.024311091935481016,1.0
3.0,0.20126710688876742,381.0,0.23222222222222225,0.006375711670546508,0.0006246214458821851,0.0
3.0,0.20126710688876742,382.0,0.23222222222222225,0.0018501446753270093,0.0044849835782956975,1.0
3.0,0.20126710688876742,383.0,0.23222222222222225,0.0017264167527662223,0.4311786934298816,1.0
3.0,0.20126710688876742,384.0,0.23222222222222225,0.003834432489990865,1.4689364329539838,1.0
3.0,0.20126710688876742,385.0,0.23222222222222225,0.021553716973287333,0.024104277822739318,0.0
3.0,0.20126710688876742,386.0,0.23222222222222225,0.01045433704908999,0.0007800825891502519,0.0
3.0,0.20126710688876742,387.0,0.23222222222222225,0.012289009116611925,0.0,0.0
3.0,0.20126710688876742,388.0,0.23222222222222225,0.00209236566437746,2.680328201745939,1.0
3.0,0.20126710688876742,389.0,0.23222222222222225,0.0020529249569659277,12.25652380180435,1.0
3.0,0.20126710688876742,390.0,0.23222222222222225,0.006121612407912158,6.982686512670674,1.0
3.0,0.20126710688876742,391.0,0.23222222222222225,0.009857059670389695,7.222164674005869,1.0
3.0,0.20126710688876742,392.0,0.23222222222222225,0.007280274972446005,0.0,0.0
3.0,0.20126710688876742,393.0,0.23222222222222225,0.007833893657832958,0.0,0.0
3.0,0.20126710688876742,394.0,0.23222222222222225,0.0020685820510698482,0.0002515619345017101,1.0
3.0,0.20126710688876742,395.0,0.23222222222222225,0.007815170038592074,0.0,0.0
3.0,0.20126710688876742,396.0,0.23222222222222225,0.005466635291244307,0.0,0.0
3.0,0.20126710688876742,397.0,0.23222222222222225,0.002297354972616201,0.0064550313716388325,1.0
3.0,0.20126710688876742,398.0,0.23222222222222225,0.002119454750561769,0.0009772911316687659,1.0
3.0,0.20126710688876742,399.0,0.23222222222222225,0.005075332622135562,1.8448357776297605e-06,0.0
3.0,0.20126710688876742,0.0,0.24333333333333335,0.020298305042165097,0.0,0.0
3.0,0.20126710688876742,1.0,0.24333333333333335,0.0017650973988187321,0.011958429467294248,1.0
3.0,0.20126710688876742,2.0,0.24333333333333335,0.006536238614051917,0.004321291782053734,0.0
3.0,0.20126710688876742,3.0,0.24333333333333335,0.005430507913857989,0.0,0.0
3.0,0.20126710688876742,4.0,0.24333333333333335,0.002351752029607734,1.3587585282683723,1.0
3.0,0.20126710688876742,5.0,0.24333333333333335,0.0054496689052000846,0.0,0.0
3.0,0.20126710688876742,6.0,0.24333333333333335,0.00712059827821954,4.6959622053816195e-05,0.0
3.0,0.20126710688876742,7.0,0.24333333333333335,0.012228428829392455,0.0012401984485658957,0.0
3.0,0.20126710688876742,8.0,0.24333333333333335,0.004034517826565592,10.416778709313492,1.0
3.0,0.20126710688876742,9.0,0.24333333333333335,0.0061355695460430845,0.0003714376483774634,1.0
3.0,0.20126710688876742,10.0,0.24333333333333335,0.0053621400733699425,1.7136325194223667,1.0
3.0,0.20126710688876742,11.0,0.24333333333333335,0.00818392145653444,3.570416513639511e-07,0.0
3.0,0.20126710688876742,12.0,0.24333333333333335,0.0016398098992920008,0.1028651599506096,1.0
3.0,0.20126710688876742,13.0,0.24333333333333335,0.010426994122454222,0.0037571178648665615,0.0
3.0,0.20126710688876742,14.0,0.24333333333333335,0.005367005428694758,0.026319426733198932,1.0
3.0,0.20126710688876742,15.0,0.24333333333333335,0.005534256136591638,0.216434958612109,1.0
3.0,0.20126710688876742,16.0,0.24333333333333335,0.007094244626104448,0.0018837538004372895,1.0
3.0,0.20126710688876742,17.0,0.24333333333333335,0.021695329506944354,0.0,0.0
3.0,0.20126710688876742,18.0,0.24333333333333335,0.007031421011169751,6.84071705681889,1.0
3.0,0.20126710688876742,19.0,0.24333333333333335,0.012584719596695533,0.0,0.0
3.0,0.20126710688876742,20.0,0.24333333333333335,0.021853745469736258,0.0,0.0
3.0,0.20126710688876742,21.0,0.24333333333333335,0.00584005407852706,5.982634146329551,1.0
3.0,0.20126710688876742,22.0,0.24333333333333335,0.0027980881485455892,0.008469564690901663,1.0
3.0,0.20126710688876742,23.0,0.24333333333333335,0.01159594980142559,2.1665710501784536e-05,0.0
3.0,0.20126710688876742,24.0,0.24333333333333335,0.007189415976756064,0.0012064633916816206,0.0
3.0,0.20126710688876742,25.0,0.24333333333333335,0.0029141462745899817,0.01179831186146752,1.0
3.0,0.20126710688876742,26.0,0.24333333333333335,0.0013998798204092368,0.0006058316247678451,1.0
3.0,0.20126710688876742,27.0,0.24333333333333335,0.012275236204804965,0.0,0.0
3.0,0.20126710688876742,28.0,0.24333333333333335,0.006049564517505479,0.7156652894177515,1.0
3.0,0.20126710688876742,29.0,0.24333333333333335,0.0005864112572035225,0.017501699894447584,1.0
3.0,0.20126710688876742,30.0,0.24333333333333335,0.015592157015831094,0.14549393184679896,1.0
3.0,0.20126710688876742,31.0,0.24333333333333335,0.0055497173283991855,0.0,0.0
3.0,0.20126710688876742,32.0,0.24333333333333335,0.009078459690541826,0.02421171544881381,1.0
3.0,0.20126710688876742,33.0,0.24333333333333335,0.007644128897689463,0.0,0.0
3.0,0.20126710688876742,34.0,0.24333333333333335,0.0019037345831542955,0.13683046806679033,1.0
3.0,0.20126710688876742,35.0,0.24333333333333335,0.02112263240984537,0.0,0.0
3.0,0.20126710688876742,36.0,0.24333333333333335,0.006934473504048696,3.7475244803181806,1.0
3.0,0.20126710688876742,37.0,0.24333333333333335,0.011297213556740626,3.1063406454480164e-05,0.0
3.0,0.20126710688876742,38.0,0.24333333333333335,0.025500269457468774,0.004535016009529943,1.0
3.0,0.20126710688876742,39.0,0.24333333333333335,0.00483535907759777,2.557599623052837,1.0
3.0,0.20126710688876742,40.0,0.24333333333333335,0.012251042881292942,0.0,0.0
3.0,0.20126710688876742,41.0,0.24333333333333335,0.001661971298207816,0.05343261554357764,1.0
3.0,0.20126710688876742,42.0,0.24333333333333335,0.00270110771261485,0.47639551221719023,1.0
3.0,0.20126710688876742,43.0,0.24333333333333335,0.011720724866795214,0.0,0.0
3.0,0.20126710688876742,44.0,0.24333333333333335,0.0032942264519719338,2.293160522464826,1.0
3.0,0.20126710688876742,45.0,0.24333333333333335,0.022227098669250364,0.0,0.0
3.0,0.20126710688876742,46.0,0.24333333333333335,0.0026880212766153748,0.02127929694201774,1.0
3.0,0.20126710688876742,47.0,0.24333333333333335,0.006204121369788668,0.003572028498042135,1.0
3.0,0.20126710688876742,48.0,0.24333333333333335,0.021234625443239237,0.0016619541044770774,0.0
3.0,0.20126710688876742,49.0,0.24333333333333335,0.025838336048993275,0.010681494169231117,1.0
3.0,0.20126710688876742,50.0,0.24333333333333335,0.0042245326876227994,0.00011208219703923401,0.0
3.0,0.20126710688876742,51.0,0.24333333333333335,0.02191232068431713,3.180339856367946e-06,0.0
3.0,0.20126710688876742,52.0,0.24333333333333335,0.0069866778190580785,10.421260218368248,1.0
3.0,0.20126710688876742,53.0,0.24333333333333335,0.005565522504431252,7.762145578243951e-06,0.0
3.0,0.20126710688876742,54.0,0.24333333333333335,0.007796496487659243,2.251452188745438e-05,0.0
3.0,0.20126710688876742,55.0,0.24333333333333335,0.006081726448860745,0.001243247993757622,1.0
3.0,0.20126710688876742,56.0,0.24333333333333335,0.0021254700063052545,1.4962266101155711e-05,1.0
3.0,0.20126710688876742,57.0,0.24333333333333335,0.002189371991605419,0.3291942120571665,1.0
3.0,0.20126710688876742,58.0,0.24333333333333335,0.008358876005950741,0.9770002948142008,1.0
3.0,0.20126710688876742,59.0,0.24333333333333335,0.00578609082201138,0.0,0.0
3.0,0.20126710688876742,60.0,0.24333333333333335,0.020731540062875423,0.0,0.0
3.0,0.20126710688876742,61.0,0.24333333333333335,0.004002600889960645,1.7514886766488549,1.0
3.0,0.20126710688876742,62.0,0.24333333333333335,0.005534032546205218,0.00017700414888188816,0.0
3.0,0.20126710688876742,63.0,0.24333333333333335,0.006253818032822897,2.9892537532595886e-05,1.0
3.0,0.20126710688876742,64.0,0.24333333333333335,0.002596629507384457,0.0008579827619301515,1.0
3.0,0.20126710688876742,65.0,0.24333333333333335,0.01203565855720162,0.0,0.0
3.0,0.20126710688876742,66.0,0.24333333333333335,0.001957376181178499,0.1244433649238305,1.0
3.0,0.20126710688876742,67.0,0.24333333333333335,0.006976517421519691,0.0006494219268847536,1.0
3.0,0.20126710688876742,68.0,0.24333333333333335,0.005693923302102727,0.0,0.0
3.0,0.20126710688876742,69.0,0.24333333333333335,0.02532477320926346,2.777692986102289,1.0
3.0,0.20126710688876742,70.0,0.24333333333333335,0.009468744186065366,0.004829336806814499,1.0
3.0,0.20126710688876742,71.0,0.24333333333333335,0.006049479029338694,1.0015378747034815,1.0
3.0,0.20126710688876742,72.0,0.24333333333333335,0.005122421703692712,7.259864995804311e-05,1.0
3.0,0.20126710688876742,73.0,0.24333333333333335,0.011606699070297797,0.0,0.0
3.0,0.20126710688876742,74.0,0.24333333333333335,0.0014345543033910616,1.1245642420725048,1.0
3.0,0.20126710688876742,75.0,0.24333333333333335,0.004780925141249806,0.008766000335654178,1.0
3.0,0.20126710688876742,76.0,0.24333333333333335,0.011716969930109976,0.000332023724888006,0.0
3.0,0.20126710688876742,77.0,0.24333333333333335,0.0024538821190190196,0.721462291107762,1.0
3.0,0.20126710688876742,78.0,0.24333333333333335,0.007411545783082594,8.097790998794292e-06,0.0
3.0,0.20126710688876742,79.0,0.24333333333333335,0.010363106622224783,5.989328803440742e-06,0.0
3.0,0.20126710688876742,80.0,0.24333333333333335,0.003155615785668614,0.0010700166447747844,1.0
3.0,0.20126710688876742,81.0,0.24333333333333335,0.007183847038609465,0.006442956033689922,0.0
3.0,0.20126710688876742,82.0,0.24333333333333335,0.006647266410739537,0.00014186113463886618,1.0
3.0,0.20126710688876742,83.0,0.24333333333333335,0.002699282448275092,2.6915184422300666,1.0
3.0,0.20126710688876742,84.0,0.24333333333333335,0.02273712110705479,8.280682230505057,1.0
3.0,0.20126710688876742,85.0,0.24333333333333335,0.007651523280932528,0.00040136811389864045,1.0
3.0,0.20126710688876742,86.0,0.24333333333333335,0.007913183906249052,0.0033864446566469622,0.0
3.0,0.20126710688876742,87.0,0.24333333333333335,0.004046335182321259,0.6006726691983165,1.0
3.0,0.20126710688876742,88.0,0.24333333333333335,0.00764943690469322,0.00021831516043290382,0.0
3.0,0.20126710688876742,89.0,0.24333333333333335,0.0019821346213833467,0.08063645152632225,1.0
3.0,0.20126710688876742,90.0,0.24333333333333335,0.001763382097762955,0.004258781769217083,1.0
3.0,0.20126710688876742,91.0,0.24333333333333335,0.004989652363831025,9.115076146873172e-07,0.0
3.0,0.20126710688876742,92.0,0.24333333333333335,0.011157942950858002,0.0,0.0
3.0,0.20126710688876742,93.0,0.24333333333333335,0.0016018391312585941,0.028896227006588025,1.0
3.0,0.20126710688876742,94.0,0.24333333333333335,0.0024238226506387143,0.0010367089601649347,1.0
3.0,0.20126710688876742,95.0,0.24333333333333335,0.0034500012531450425,0.0002860257852857023,1.0
3.0,0.20126710688876742,96.0,0.24333333333333335,0.010230906525397432,0.0004485896667705497,0.0
3.0,0.20126710688876742,97.0,0.24333333333333335,0.006076814595907303,0.14480591942520338,1.0
3.0,0.20126710688876742,98.0,0.24333333333333335,0.0013438828193661281,0.1708228924430936,1.0
3.0,0.20126710688876742,99.0,0.24333333333333335,0.007414378789642866,0.004728562040468123,1.0
3.0,0.20126710688876742,100.0,0.24333333333333335,0.017709815085843017,0.0,0.0
3.0,0.20126710688876742,101.0,0.24333333333333335,0.003392860770378593,0.0020990143732081646,1.0
3.0,0.20126710688876742,102.0,0.24333333333333335,0.005761114940596282,6.194298883017248,1.0
3.0,0.20126710688876742,103.0,0.24333333333333335,0.00714755534354917,0.0,0.0
3.0,0.20126710688876742,104.0,0.24333333333333335,0.0005304413605921234,0.07118155356964077,1.0
3.0,0.20126710688876742,105.0,0.24333333333333335,0.0017654305992709988,0.003658406414133227,1.0
3.0,0.20126710688876742,106.0,0.24333333333333335,0.006849874130777447,0.0005396121217521416,1.0
3.0,0.20126710688876742,107.0,0.24333333333333335,0.022471662363418212,0.008545163058041384,1.0
3.0,0.20126710688876742,108.0,0.24333333333333335,0.005417988965344602,0.025246894027372915,1.0
3.0,0.20126710688876742,109.0,0.24333333333333335,0.010829749574836598,3.662253311560613e-05,0.0
3.0,0.20126710688876742,110.0,0.24333333333333335,0.003404264367331358,6.811378814235076,1.0
3.0,0.20126710688876742,111.0,0.24333333333333335,0.011933311603482448,0.0,0.0
3.0,0.20126710688876742,112.0,0.24333333333333335,0.006099809839828975,0.0016356324400535556,1.0
3.0,0.20126710688876742,113.0,0.24333333333333335,0.02180382008339684,0.0,0.0
3.0,0.20126710688876742,114.0,0.24333333333333335,0.007010916297154753,0.02193225370540531,0.0
3.0,0.20126710688876742,115.0,0.24333333333333335,0.0015288441222491172,0.00012796959741396993,1.0
3.0,0.20126710688876742,116.0,0.24333333333333335,0.0012201147472660641,5.184965148599363,1.0
3.0,0.20126710688876742,117.0,0.24333333333333335,0.02232885684031012,0.0,0.0
3.0,0.20126710688876742,118.0,0.24333333333333335,0.009158237915116399,0.0004810049696261436,1.0
3.0,0.20126710688876742,119.0,0.24333333333333335,0.008325849036793967,0.0,0.0
3.0,0.20126710688876742,120.0,0.24333333333333335,0.00709143908073314,0.16741116249236468,1.0
3.0,0.20126710688876742,121.0,0.24333333333333335,0.005866118318574106,5.859530907996383e-07,1.0
3.0,0.20126710688876742,122.0,0.24333333333333335,0.007970098348077399,0.0,0.0
3.0,0.20126710688876742,123.0,0.24333333333333335,0.004675808340184413,0.024091465946866782,1.0
3.0,0.20126710688876742,124.0,0.24333333333333335,0.0016771916503366855,0.00017739640061155282,1.0
3.0,0.20126710688876742,125.0,0.24333333333333335,0.0021094907435982024,0.39647069112724614,1.0
3.0,0.20126710688876742,126.0,0.24333333333333335,0.03792904667920725,9.024708787184094,1.0
3.0,0.20126710688876742,127.0,0.24333333333333335,0.008360540197709342,0.015317734256286396,1.0
3.0,0.20126710688876742,128.0,0.24333333333333335,0.0055817092279218,0.849302715496798,1.0
3.0,0.20126710688876742,129.0,0.24333333333333335,0.0007871574746762412,0.0009451502598201863,1.0
3.0,0.20126710688876742,130.0,0.24333333333333335,0.002143573902193511,0.00034650422404588463,1.0
3.0,0.20126710688876742,131.0,0.24333333333333335,0.005182967360855434,0.0013673748325350248,0.0
3.0,0.20126710688876742,132.0,0.24333333333333335,0.010645227701320297,3.364780866856173e-07,0.0
3.0,0.20126710688876742,133.0,0.24333333333333335,0.011594945234759983,0.0,0.0
3.0,0.20126710688876742,134.0,0.24333333333333335,0.007813883722809218,0.0,0.0
3.0,0.20126710688876742,135.0,0.24333333333333335,0.00462426096979731,5.761306720378125,1.0
3.0,0.20126710688876742,136.0,0.24333333333333335,0.003130618191296712,1.541318668467801,1.0
3.0,0.20126710688876742,137.0,0.24333333333333335,0.006940738157452402,0.0002017295809826697,0.0
3.0,0.20126710688876742,138.0,0.24333333333333335,0.010557125568021082,0.31852504138948723,1.0
3.0,0.20126710688876742,139.0,0.24333333333333335,0.0076530175215416595,2.195498874230629e-06,0.0
3.0,0.20126710688876742,140.0,0.24333333333333335,0.0073756935038471975,0.00014612598571338403,0.0
3.0,0.20126710688876742,141.0,0.24333333333333335,0.011692674338540796,0.0,0.0
3.0,0.20126710688876742,142.0,0.24333333333333335,0.007448249353002425,0.0,0.0
3.0,0.20126710688876742,143.0,0.24333333333333335,0.006539558549042795,7.600335265446921,1.0
3.0,0.20126710688876742,144.0,0.24333333333333335,0.0018244400594028037,0.00012453187638779758,1.0
3.0,0.20126710688876742,145.0,0.24333333333333335,0.002820314317691231,4.096234764141481,1.0
3.0,0.20126710688876742,146.0,0.24333333333333335,0.004915499710037087,0.33841380781134767,1.0
3.0,0.20126710688876742,147.0,0.24333333333333335,0.007757211434456185,2.9484884067571415,1.0
3.0,0.20126710688876742,148.0,0.24333333333333335,0.0025337998091147073,5.718429308296903e-05,1.0
3.0,0.20126710688876742,149.0,0.24333333333333335,0.001261040872628839,0.6359115308071256,1.0
3.0,0.20126710688876742,150.0,0.24333333333333335,0.002983585651185475,4.372208228248465,1.0
3.0,0.20126710688876742,151.0,0.24333333333333335,0.007074900042285984,0.001784591106660204,1.0
3.0,0.20126710688876742,152.0,0.24333333333333335,0.004699424612793733,0.0,0.0
3.0,0.20126710688876742,153.0,0.24333333333333335,0.006054456644341866,0.0,0.0
3.0,0.20126710688876742,154.0,0.24333333333333335,0.006761994151901347,0.0030192029867588954,1.0
3.0,0.20126710688876742,155.0,0.24333333333333335,0.019026456040565774,0.0,0.0
3.0,0.20126710688876742,156.0,0.24333333333333335,0.005678482229947688,0.005182803587371096,1.0
3.0,0.20126710688876742,157.0,0.24333333333333335,0.007803180668180312,0.0,0.0
3.0,0.20126710688876742,158.0,0.24333333333333335,0.002200508833786677,0.0002345622694293734,1.0
3.0,0.20126710688876742,159.0,0.24333333333333335,0.04513723108076948,0.1271914727482153,1.0
3.0,0.20126710688876742,160.0,0.24333333333333335,0.0063554994590029525,1.3559059933809972e-05,0.0
3.0,0.20126710688876742,161.0,0.24333333333333335,0.012883566234069391,0.0,0.0
3.0,0.20126710688876742,162.0,0.24333333333333335,0.010992213865114658,2.9459228179869226e-07,0.0
3.0,0.20126710688876742,163.0,0.24333333333333335,0.011889148719100798,0.008742924868470626,0.0
3.0,0.20126710688876742,164.0,0.24333333333333335,0.007636376002415549,0.00032708738103363926,1.0
3.0,0.20126710688876742,165.0,0.24333333333333335,0.006050282937545489,0.7077407609014715,1.0
3.0,0.20126710688876742,166.0,0.24333333333333335,0.006426157682403858,1.223675948018207,1.0
3.0,0.20126710688876742,167.0,0.24333333333333335,0.0029637533364208837,0.001311984202912803,1.0
3.0,0.20126710688876742,168.0,0.24333333333333335,0.002625533472545828,0.8362355934024954,1.0
3.0,0.20126710688876742,169.0,0.24333333333333335,0.002207714417041103,0.001965140434799987,1.0
3.0,0.20126710688876742,170.0,0.24333333333333335,0.006320444878434748,5.362851282668299e-06,0.0
3.0,0.20126710688876742,171.0,0.24333333333333335,0.007574269294555384,0.0,0.0
3.0,0.20126710688876742,172.0,0.24333333333333335,0.0008478268804164828,0.12260270301661687,1.0
3.0,0.20126710688876742,173.0,0.24333333333333335,0.0005955939292898603,0.017178064728729025,1.0
3.0,0.20126710688876742,174.0,0.24333333333333335,0.00174578712264247,0.08838944350496122,1.0
3.0,0.20126710688876742,175.0,0.24333333333333335,0.001909175071552475,0.00023213765232440786,1.0
3.0,0.20126710688876742,176.0,0.24333333333333335,0.007663101313364703,0.0,0.0
3.0,0.20126710688876742,177.0,0.24333333333333335,0.0027545860892369666,0.00034057169320425893,1.0
3.0,0.20126710688876742,178.0,0.24333333333333335,0.011919672946502166,0.0002069658566496891,0.0
3.0,0.20126710688876742,179.0,0.24333333333333335,0.003714929262731443,0.1244491742790817,1.0
3.0,0.20126710688876742,180.0,0.24333333333333335,0.0027810814372790467,5.531808096567583e-05,1.0
3.0,0.20126710688876742,181.0,0.24333333333333335,0.0074453707534081065,0.0,0.0
3.0,0.20126710688876742,182.0,0.24333333333333335,0.003326624185041295,0.01966698539875834,1.0
3.0,0.20126710688876742,183.0,0.24333333333333335,0.0015012995716424944,1.07728942444898,1.0
3.0,0.20126710688876742,184.0,0.24333333333333335,0.007281756212249994,0.07211940645442473,1.0
3.0,0.20126710688876742,185.0,0.24333333333333335,0.002340938521356881,0.020145200845874407,1.0
3.0,0.20126710688876742,186.0,0.24333333333333335,0.006980985080613521,3.0653047114550942e-06,0.0
3.0,0.20126710688876742,187.0,0.24333333333333335,0.002850935568151642,5.029628692007236e-05,1.0
3.0,0.20126710688876742,188.0,0.24333333333333335,0.00200455555382849,2.275379870876109,1.0
3.0,0.20126710688876742,189.0,0.24333333333333335,0.002561259710505842,1.440169532481015,1.0
3.0,0.20126710688876742,190.0,0.24333333333333335,0.0013847379354551131,9.241405883914315,1.0
3.0,0.20126710688876742,191.0,0.24333333333333335,0.00606558281867451,0.0035472174639493443,1.0
3.0,0.20126710688876742,192.0,0.24333333333333335,0.0015975375288420218,0.14312355421411088,1.0
3.0,0.20126710688876742,193.0,0.24333333333333335,0.0073602937555873205,0.025921961992282586,0.0
3.0,0.20126710688876742,194.0,0.24333333333333335,0.006137257999650262,0.9665087266679461,1.0
3.0,0.20126710688876742,195.0,0.24333333333333335,0.007505711853848517,0.0,0.0
3.0,0.20126710688876742,196.0,0.24333333333333335,0.007594475108360108,0.0,0.0
3.0,0.20126710688876742,197.0,0.24333333333333335,0.005377515306494179,0.40292212566487057,1.0
3.0,0.20126710688876742,198.0,0.24333333333333335,0.01040523595820124,5.539955956425842e-05,0.0
3.0,0.20126710688876742,199.0,0.24333333333333335,0.008638852185469887,0.0003928752495856007,1.0
3.0,0.20126710688876742,200.0,0.24333333333333335,0.003688013611243832,5.529047767845058,1.0
3.0,0.20126710688876742,201.0,0.24333333333333335,0.011238461947623134,1.9740659204300552e-05,1.0
3.0,0.20126710688876742,202.0,0.24333333333333335,0.009444893935109264,0.22850253763085093,1.0
3.0,0.20126710688876742,203.0,0.24333333333333335,0.002898660053178535,1.9562379655942668,1.0
3.0,0.20126710688876742,204.0,0.24333333333333335,0.021786602907771218,0.010752734048375505,0.0
3.0,0.20126710688876742,205.0,0.24333333333333335,0.0070251495478624365,5.613266562076254e-06,0.0
3.0,0.20126710688876742,206.0,0.24333333333333335,0.008756794320200057,0.0013046442546556403,1.0
3.0,0.20126710688876742,207.0,0.24333333333333335,0.007435173723584385,9.347627274556708e-05,0.0
3.0,0.20126710688876742,208.0,0.24333333333333335,0.007349012924503295,2.3643014527882102e-05,0.0
3.0,0.20126710688876742,209.0,0.24333333333333335,0.02195547133319824,5.0489758713571255e-05,0.0
3.0,0.20126710688876742,210.0,0.24333333333333335,0.006063205098027373,0.001959295600940859,1.0
3.0,0.20126710688876742,211.0,0.24333333333333335,0.010923153988867187,0.0,0.0
3.0,0.20126710688876742,212.0,0.24333333333333335,0.02246226342439188,0.0,0.0
3.0,0.20126710688876742,213.0,0.24333333333333335,0.0076576168865624015,0.017415184699698508,1.0
3.0,0.20126710688876742,214.0,0.24333333333333335,0.003421700482380342,8.138908768860519,1.0
3.0,0.20126710688876742,215.0,0.24333333333333335,0.010002367227601415,0.0014665049190152638,0.0
3.0,0.20126710688876742,216.0,0.24333333333333335,0.006176719890356478,0.0014342192512861469,1.0
3.0,0.20126710688876742,217.0,0.24333333333333335,0.0025169876868257725,0.29089728507760837,1.0
3.0,0.20126710688876742,218.0,0.24333333333333335,0.010923605141534547,5.841392649061892e-05,0.0
3.0,0.20126710688876742,219.0,0.24333333333333335,0.005002212432335937,0.00026612290937171794,1.0
3.0,0.20126710688876742,220.0,0.24333333333333335,0.006695153622641367,0.0030612452013999416,0.0
3.0,0.20126710688876742,221.0,0.24333333333333335,0.00829600487264081,0.0008689153425036637,0.0
3.0,0.20126710688876742,222.0,0.24333333333333335,0.014295516486863388,0.022665591859305872,0.0
3.0,0.20126710688876742,223.0,0.24333333333333335,0.012336213555486199,3.360214979724733e-06,0.0
3.0,0.20126710688876742,224.0,0.24333333333333335,0.02171199976794572,0.0,0.0
3.0,0.20126710688876742,225.0,0.24333333333333335,0.011267546122075676,5.077693864697529e-05,0.0
3.0,0.20126710688876742,226.0,0.24333333333333335,0.01157524588921776,0.0,0.0
3.0,0.20126710688876742,227.0,0.24333333333333335,0.006645443525669001,5.572048615383895e-05,0.0
3.0,0.20126710688876742,228.0,0.24333333333333335,0.0031584396257868103,0.00019613725004664152,1.0
3.0,0.20126710688876742,229.0,0.24333333333333335,0.003126205046491073,0.001965989680404695,1.0
3.0,0.20126710688876742,230.0,0.24333333333333335,0.02092708657564974,0.0006193296986035886,0.0
3.0,0.20126710688876742,231.0,0.24333333333333335,0.010678240983177635,0.0014327683667131092,0.0
3.0,0.20126710688876742,232.0,0.24333333333333335,0.00741664550033768,0.0,0.0
3.0,0.20126710688876742,233.0,0.24333333333333335,0.02231842507811373,0.0,0.0
3.0,0.20126710688876742,234.0,0.24333333333333335,0.006626616906363073,2.906397384343275e-05,0.0
3.0,0.20126710688876742,235.0,0.24333333333333335,0.011358659136362047,0.0,0.0
3.0,0.20126710688876742,236.0,0.24333333333333335,0.007861222311047893,0.0,0.0
3.0,0.20126710688876742,237.0,0.24333333333333335,0.0016885380092129339,0.015460318925549452,1.0
3.0,0.20126710688876742,238.0,0.24333333333333335,0.0019056694919188676,0.0006213089271690978,1.0
3.0,0.20126710688876742,239.0,0.24333333333333335,0.012563627358105234,0.0,0.0
3.0,0.20126710688876742,240.0,0.24333333333333335,0.0027012172958243595,1.1403376771587124,1.0
3.0,0.20126710688876742,241.0,0.24333333333333335,0.002401268901538185,0.001521604830796085,1.0
3.0,0.20126710688876742,242.0,0.24333333333333335,0.022196954180452172,0.0,0.0
3.0,0.20126710688876742,243.0,0.24333333333333335,0.02139156930276284,4.0046098896857065e-07,0.0
3.0,0.20126710688876742,244.0,0.24333333333333335,0.012484076918445929,1.50824744708435,1.0
3.0,0.20126710688876742,245.0,0.24333333333333335,0.01026326843942415,0.006555228347222834,0.0
3.0,0.20126710688876742,246.0,0.24333333333333335,0.0020172431294424066,0.7142546899869907,1.0
3.0,0.20126710688876742,247.0,0.24333333333333335,0.00548001932207521,0.005976167695152517,0.0
3.0,0.20126710688876742,248.0,0.24333333333333335,0.019294807939508926,0.00029202577263654536,0.0
3.0,0.20126710688876742,249.0,0.24333333333333335,0.004653920016181057,0.027529879348460195,1.0
3.0,0.20126710688876742,250.0,0.24333333333333335,0.004588512500727792,0.0001444716150969738,1.0
3.0,0.20126710688876742,251.0,0.24333333333333335,0.00848388121662804,0.029040883725936092,0.0
3.0,0.20126710688876742,252.0,0.24333333333333335,0.007289367539778906,0.0,0.0
3.0,0.20126710688876742,253.0,0.24333333333333335,0.01631128936803722,0.001668641093751361,0.0
3.0,0.20126710688876742,254.0,0.24333333333333335,0.0025148998209105593,0.03716870051285274,1.0
3.0,0.20126710688876742,255.0,0.24333333333333335,0.0022031702368011793,0.0010112360046628964,1.0
3.0,0.20126710688876742,256.0,0.24333333333333335,0.01762858765953671,0.026078370150455527,0.0
3.0,0.20126710688876742,257.0,0.24333333333333335,0.0020704763197318433,0.000461794421346797,1.0
3.0,0.20126710688876742,258.0,0.24333333333333335,0.007237323306997417,0.0015566819636479053,0.0
3.0,0.20126710688876742,259.0,0.24333333333333335,0.011215410434007249,0.00014185566272422606,0.0
3.0,0.20126710688876742,260.0,0.24333333333333335,0.004176061373226412,0.0005234144325523944,1.0
3.0,0.20126710688876742,261.0,0.24333333333333335,0.007131907534149451,0.0001858730455021219,0.0
3.0,0.20126710688876742,262.0,0.24333333333333335,0.005027648636968859,0.03998925871902952,0.0
3.0,0.20126710688876742,263.0,0.24333333333333335,0.0018031928859740837,0.26806603714825195,1.0
3.0,0.20126710688876742,264.0,0.24333333333333335,0.0020426381729459616,0.0007182249678310164,1.0
3.0,0.20126710688876742,265.0,0.24333333333333335,0.0018396520214677848,1.8878183069381633,1.0
3.0,0.20126710688876742,266.0,0.24333333333333335,0.012648066656939733,0.00014624537999371171,0.0
3.0,0.20126710688876742,267.0,0.24333333333333335,0.0006701069910415844,0.015043821316264862,1.0
3.0,0.20126710688876742,268.0,0.24333333333333335,0.012027167483401654,8.308171339184605e-06,0.0
3.0,0.20126710688876742,269.0,0.24333333333333335,0.002335101305307957,0.049741105322496905,1.0
3.0,0.20126710688876742,270.0,0.24333333333333335,0.003942680406264773,2.0100009245885677,1.0
3.0,0.20126710688876742,271.0,0.24333333333333335,0.007240483071040443,0.0,0.0
3.0,0.20126710688876742,272.0,0.24333333333333335,0.021129400266568694,0.0027217182753205183,0.0
3.0,0.20126710688876742,273.0,0.24333333333333335,0.005169520736408506,0.0,0.0
3.0,0.20126710688876742,274.0,0.24333333333333335,0.004294090413518983,0.000309441900042136,1.0
3.0,0.20126710688876742,275.0,0.24333333333333335,0.0017729227631472898,0.2344645065094394,1.0
3.0,0.20126710688876742,276.0,0.24333333333333335,0.005753488500143089,0.0006401413620401676,1.0
3.0,0.20126710688876742,277.0,0.24333333333333335,0.00239771245430331,0.19209816515958097,1.0
3.0,0.20126710688876742,278.0,0.24333333333333335,0.006781999284115926,0.0018633112153391617,1.0
3.0,0.20126710688876742,279.0,0.24333333333333335,0.0005509839508166989,0.0007435968050129685,1.0
3.0,0.20126710688876742,280.0,0.24333333333333335,0.005470537141330348,0.0001180012778761673,1.0
3.0,0.20126710688876742,281.0,0.24333333333333335,0.007501941711886581,0.0,0.0
3.0,0.20126710688876742,282.0,0.24333333333333335,0.00457980601732302,0.023085690855841536,1.0
3.0,0.20126710688876742,283.0,0.24333333333333335,0.004333856254347037,8.16865855280757e-05,1.0
3.0,0.20126710688876742,284.0,0.24333333333333335,0.012633837066406235,0.0,0.0
3.0,0.20126710688876742,285.0,0.24333333333333335,0.011304361247038517,0.0,0.0
3.0,0.20126710688876742,286.0,0.24333333333333335,0.004768781922521347,6.058811651687585,1.0
3.0,0.20126710688876742,287.0,0.24333333333333335,0.01697987030192242,0.001088871892918524,0.0
3.0,0.20126710688876742,288.0,0.24333333333333335,0.0027975101441242217,1.4622776621819609,1.0
3.0,0.20126710688876742,289.0,0.24333333333333335,0.010400507027285233,0.0014658554294172319,0.0
3.0,0.20126710688876742,290.0,0.24333333333333335,0.021696556872553507,0.0,0.0
3.0,0.20126710688876742,291.0,0.24333333333333335,0.0009374769117031199,0.08019824764097702,1.0
3.0,0.20126710688876742,292.0,0.24333333333333335,0.0013823787612227928,0.005092238421761912,1.0
3.0,0.20126710688876742,293.0,0.24333333333333335,0.00505721856387303,0.0,0.0
3.0,0.20126710688876742,294.0,0.24333333333333335,0.007765696410045763,0.7425979247398534,1.0
3.0,0.20126710688876742,295.0,0.24333333333333335,0.005347413183898102,0.00037155584796424594,0.0
3.0,0.20126710688876742,296.0,0.24333333333333335,0.010257416226756834,9.698824288127208e-06,0.0
3.0,0.20126710688876742,297.0,0.24333333333333335,0.008888391275019664,0.03774913288991749,0.0
3.0,0.20126710688876742,298.0,0.24333333333333335,0.0018712484390720284,0.0008426692152058984,1.0
3.0,0.20126710688876742,299.0,0.24333333333333335,0.0021507826500221897,0.1995022520517831,1.0
3.0,0.20126710688876742,300.0,0.24333333333333335,0.012435882876242556,0.00012363180787928194,0.0
3.0,0.20126710688876742,301.0,0.24333333333333335,0.006496068976533228,0.0075607703097599135,0.0
3.0,0.20126710688876742,302.0,0.24333333333333335,0.00738999592299707,0.00419532387022107,0.0
3.0,0.20126710688876742,303.0,0.24333333333333335,0.021892093395364146,0.0,0.0
3.0,0.20126710688876742,304.0,0.24333333333333335,0.0016872108207791308,0.0005372510626114207,1.0
3.0,0.20126710688876742,305.0,0.24333333333333335,0.0159296956556205,0.019788815489931076,0.0
3.0,0.20126710688876742,306.0,0.24333333333333335,0.02268712865960467,0.0,0.0
3.0,0.20126710688876742,307.0,0.24333333333333335,0.0016072322630259974,0.32945936408057075,1.0
3.0,0.20126710688876742,308.0,0.24333333333333335,0.0017188461320105743,0.002746937464879539,1.0
3.0,0.20126710688876742,309.0,0.24333333333333335,0.007415049207657371,0.03504839665813704,0.0
3.0,0.20126710688876742,310.0,0.24333333333333335,0.007173546063654912,0.0,0.0
3.0,0.20126710688876742,311.0,0.24333333333333335,0.0023133923236161383,5.812844075757949,1.0
3.0,0.20126710688876742,312.0,0.24333333333333335,0.0037890293198638847,0.04363623383131185,1.0
3.0,0.20126710688876742,313.0,0.24333333333333335,0.001530322895695192,0.07522319469545045,1.0
3.0,0.20126710688876742,314.0,0.24333333333333335,0.0032842678033960255,0.003966210910334088,1.0
3.0,0.20126710688876742,315.0,0.24333333333333335,0.0054033046304085685,0.02362533401813746,1.0
3.0,0.20126710688876742,316.0,0.24333333333333335,0.022387174925009207,0.0,0.0
3.0,0.20126710688876742,317.0,0.24333333333333335,0.000973732774972223,1.8258597364024944,1.0
3.0,0.20126710688876742,318.0,0.24333333333333335,0.006679073260509771,0.002381087544365104,0.0
3.0,0.20126710688876742,319.0,0.24333333333333335,0.0072114798114763685,0.0003611191473191255,0.0
3.0,0.20126710688876742,320.0,0.24333333333333335,0.006056017504872249,0.0028607978453767005,1.0
3.0,0.20126710688876742,321.0,0.24333333333333335,0.003776310433992371,1.8029669294972517,1.0
3.0,0.20126710688876742,322.0,0.24333333333333335,0.001148812651409467,0.0008507433473851922,1.0
3.0,0.20126710688876742,323.0,0.24333333333333335,0.0019829042903622717,0.015595688299409986,1.0
3.0,0.20126710688876742,324.0,0.24333333333333335,0.003138126332913261,2.111718679608004e-05,1.0
3.0,0.20126710688876742,325.0,0.24333333333333335,0.0022981842578230363,0.004293999752183064,1.0
3.0,0.20126710688876742,326.0,0.24333333333333335,0.006814778259198045,0.0,0.0
3.0,0.20126710688876742,327.0,0.24333333333333335,0.010495777282481033,0.0,0.0
3.0,0.20126710688876742,328.0,0.24333333333333335,0.0022149523413703344,0.02147633748229214,1.0
3.0,0.20126710688876742,329.0,0.24333333333333335,0.0025365692665552885,0.7628305320664904,1.0
3.0,0.20126710688876742,330.0,0.24333333333333335,0.0030403341001630775,4.5868463867006355,1.0
3.0,0.20126710688876742,331.0,0.24333333333333335,0.006697070478292697,0.021450539128790955,0.0
3.0,0.20126710688876742,332.0,0.24333333333333335,0.011477973241534746,0.0,0.0
3.0,0.20126710688876742,333.0,0.24333333333333335,0.005155301172435524,5.814676636188427,1.0
3.0,0.20126710688876742,334.0,0.24333333333333335,0.00692366089352923,0.001496427215261013,1.0
3.0,0.20126710688876742,335.0,0.24333333333333335,0.0016622988261274483,0.0808034876553156,1.0
3.0,0.20126710688876742,336.0,0.24333333333333335,0.006922106569628052,0.01878810675193415,1.0
3.0,0.20126710688876742,337.0,0.24333333333333335,0.021425665813935443,0.001640749287627982,0.0
3.0,0.20126710688876742,338.0,0.24333333333333335,0.011902043725077999,5.995156584690525e-07,0.0
3.0,0.20126710688876742,339.0,0.24333333333333335,0.0026427256757155255,0.020543173334527546,1.0
3.0,0.20126710688876742,340.0,0.24333333333333335,0.001861402796005769,2.770613427084577,1.0
3.0,0.20126710688876742,341.0,0.24333333333333335,0.0017631905339909617,0.014757684652979396,1.0
3.0,0.20126710688876742,342.0,0.24333333333333335,0.0021675757634072894,0.000610138278678948,1.0
3.0,0.20126710688876742,343.0,0.24333333333333335,0.007158939840884418,1.989552251786956,1.0
3.0,0.20126710688876742,344.0,0.24333333333333335,0.0065565921882195025,0.006937502724201892,1.0
3.0,0.20126710688876742,345.0,0.24333333333333335,0.007314429502082431,0.0006704885381053954,0.0
3.0,0.20126710688876742,346.0,0.24333333333333335,0.007775144213364459,0.0,0.0
3.0,0.20126710688876742,347.0,0.24333333333333335,0.010688572199047616,0.0012588804365512192,0.0
3.0,0.20126710688876742,348.0,0.24333333333333335,0.0018200994970201275,0.08124766210476612,1.0
3.0,0.20126710688876742,349.0,0.24333333333333335,0.003498923185956023,0.15276105342200128,1.0
3.0,0.20126710688876742,350.0,0.24333333333333335,0.0013708184574012107,0.05838655424940488,1.0
3.0,0.20126710688876742,351.0,0.24333333333333335,0.010068260123631326,0.0868446216069116,1.0
3.0,0.20126710688876742,352.0,0.24333333333333335,0.0025523056604928214,0.0017846085866518818,1.0
3.0,0.20126710688876742,353.0,0.24333333333333335,0.007771037184925814,0.0,0.0
3.0,0.20126710688876742,354.0,0.24333333333333335,0.0019874593972881945,0.22004561362227973,1.0
3.0,0.20126710688876742,355.0,0.24333333333333335,0.018411265633013704,0.00022323086387538381,0.0
3.0,0.20126710688876742,356.0,0.24333333333333335,0.02201064770859297,0.0,0.0
3.0,0.20126710688876742,357.0,0.24333333333333335,0.021336059987977694,0.0,0.0
3.0,0.20126710688876742,358.0,0.24333333333333335,0.004553484848121019,0.0731646068352165,1.0
3.0,0.20126710688876742,359.0,0.24333333333333335,0.006864351531847918,2.7419065452011053,1.0
3.0,0.20126710688876742,360.0,0.24333333333333335,0.004582070064034669,0.0,0.0
3.0,0.20126710688876742,361.0,0.24333333333333335,0.003956968922823303,0.0009071334989591073,1.0
3.0,0.20126710688876742,362.0,0.24333333333333335,0.00715482600754659,0.0,0.0
3.0,0.20126710688876742,363.0,0.24333333333333335,0.007852651856645316,0.0,0.0
3.0,0.20126710688876742,364.0,0.24333333333333335,0.008617758318039802,5.3955454309749545e-06,0.0
3.0,0.20126710688876742,365.0,0.24333333333333335,0.012394315064913465,0.1204319158530195,1.0
3.0,0.20126710688876742,366.0,0.24333333333333335,0.01286359483101221,0.0,0.0
3.0,0.20126710688876742,367.0,0.24333333333333335,0.0024814020674501,0.4740319418185368,1.0
3.0,0.20126710688876742,368.0,0.24333333333333335,0.010259320123282858,3.414791910541747e-06,0.0
3.0,0.20126710688876742,369.0,0.24333333333333335,0.006225256700378039,3.435043968930451e-05,0.0
3.0,0.20126710688876742,370.0,0.24333333333333335,0.005267965575225155,0.0,0.0
3.0,0.20126710688876742,371.0,0.24333333333333335,0.004344238033062178,0.0012043870751931981,1.0
3.0,0.20126710688876742,372.0,0.24333333333333335,0.002636421392417704,0.0023526293037925607,1.0
3.0,0.20126710688876742,373.0,0.24333333333333335,0.006608781840138307,2.9726055145493204e-06,1.0
3.0,0.20126710688876742,374.0,0.24333333333333335,0.006593549720610424,0.009066502712512437,1.0
3.0,0.20126710688876742,375.0,0.24333333333333335,0.0015377638052609935,0.16036879133816803,1.0
3.0,0.20126710688876742,376.0,0.24333333333333335,0.019686833921569745,0.0,0.0
3.0,0.20126710688876742,377.0,0.24333333333333335,0.0013823518197133402,11.757264389522964,1.0
3.0,0.20126710688876742,378.0,0.24333333333333335,0.005433200522480161,0.0,0.0
3.0,0.20126710688876742,379.0,0.24333333333333335,0.001769037079826204,1.0008092593445215,1.0
3.0,0.20126710688876742,380.0,0.24333333333333335,0.0028422013889492096,0.01924080624112395,1.0
3.0,0.20126710688876742,381.0,0.24333333333333335,0.002263857217291417,0.2959150374025973,1.0
3.0,0.20126710688876742,382.0,0.24333333333333335,0.00337602777375202,2.8951398314546344,1.0
3.0,0.20126710688876742,383.0,0.24333333333333335,0.004511908688545292,0.0,0.0
3.0,0.20126710688876742,384.0,0.24333333333333335,0.0022647545948244596,0.16107072992673063,1.0
3.0,0.20126710688876742,385.0,0.24333333333333335,0.012688401430591278,0.0,0.0
3.0,0.20126710688876742,386.0,0.24333333333333335,0.011921392696730097,0.0,0.0
3.0,0.20126710688876742,387.0,0.24333333333333335,0.006368443951131885,2.4320092791687933,1.0
3.0,0.20126710688876742,388.0,0.24333333333333335,0.00495394343605981,2.396937144311103,1.0
3.0,0.20126710688876742,389.0,0.24333333333333335,0.005370916227541791,0.0003087937463085324,0.0
3.0,0.20126710688876742,390.0,0.24333333333333335,0.007364335250318685,0.02086505445180366,1.0
3.0,0.20126710688876742,391.0,0.24333333333333335,0.011780838557907899,0.0,0.0
3.0,0.20126710688876742,392.0,0.24333333333333335,0.007447539984868976,0.0,0.0
3.0,0.20126710688876742,393.0,0.24333333333333335,0.001723169843222518,1.1710224644552099,1.0
3.0,0.20126710688876742,394.0,0.24333333333333335,0.00211003213943776,0.0015654119540922393,1.0
3.0,0.20126710688876742,395.0,0.24333333333333335,0.0020455659132811556,0.4720189891072187,1.0
3.0,0.20126710688876742,396.0,0.24333333333333335,0.003550976447496323,0.3091635848951411,1.0
3.0,0.20126710688876742,397.0,0.24333333333333335,0.002999503318074363,1.3060420733449922,1.0
3.0,0.20126710688876742,398.0,0.24333333333333335,0.0011739382315030247,0.019893090702103766,1.0
3.0,0.20126710688876742,399.0,0.24333333333333335,0.0022059228719053013,0.016840925862272822,1.0
3.0,0.20126710688876742,0.0,0.2544444444444445,0.011334257777538905,0.0,0.0
3.0,0.20126710688876742,1.0,0.2544444444444445,0.006916811161009928,0.0006220219870876563,0.0
3.0,0.20126710688876742,2.0,0.2544444444444445,0.0011226089599401538,0.0354239427824668,1.0
3.0,0.20126710688876742,3.0,0.2544444444444445,0.0025098575468987827,12.060961568828768,1.0
3.0,0.20126710688876742,4.0,0.2544444444444445,0.001300559932734783,0.00022698928014901497,1.0
3.0,0.20126710688876742,5.0,0.2544444444444445,0.0031230917303578685,0.00010955941967353959,1.0
3.0,0.20126710688876742,6.0,0.2544444444444445,0.0029566946504993347,0.03588318644009103,1.0
3.0,0.20126710688876742,7.0,0.2544444444444445,0.010375149081325323,0.002122583718983811,0.0
3.0,0.20126710688876742,8.0,0.2544444444444445,0.01069217427996548,0.0,0.0
3.0,0.20126710688876742,9.0,0.2544444444444445,0.007033461098489821,0.040808017568433046,1.0
3.0,0.20126710688876742,10.0,0.2544444444444445,0.005208793445198234,0.0009293485801911969,0.0
3.0,0.20126710688876742,11.0,0.2544444444444445,0.008006887899939778,8.952713809682863e-09,0.0
3.0,0.20126710688876742,12.0,0.2544444444444445,0.001675074792360092,0.19933027843887915,1.0
3.0,0.20126710688876742,13.0,0.2544444444444445,0.009809176321759601,6.237627542169256,1.0
3.0,0.20126710688876742,14.0,0.2544444444444445,0.02271881846158151,0.0,0.0
3.0,0.20126710688876742,15.0,0.2544444444444445,0.0055528220621982585,4.320763486682303,1.0
3.0,0.20126710688876742,16.0,0.2544444444444445,0.01939015685909222,1.0674325652443649e-05,0.0
3.0,0.20126710688876742,17.0,0.2544444444444445,0.010591898964703146,0.0035985336606277714,0.0
3.0,0.20126710688876742,18.0,0.2544444444444445,0.008482370073970636,0.14964025767106776,1.0
3.0,0.20126710688876742,19.0,0.2544444444444445,0.006753775589997993,0.03932565791677049,1.0
3.0,0.20126710688876742,20.0,0.2544444444444445,0.00695338540337291,0.004326197904390512,1.0
3.0,0.20126710688876742,21.0,0.2544444444444445,0.013581828726529271,4.3926879316134e-05,0.0
3.0,0.20126710688876742,22.0,0.2544444444444445,0.0115812548911765,0.0,0.0
3.0,0.20126710688876742,23.0,0.2544444444444445,0.022203516817731788,0.0,0.0
3.0,0.20126710688876742,24.0,0.2544444444444445,0.00467174063657117,0.002844310626751576,0.0
3.0,0.20126710688876742,25.0,0.2544444444444445,0.002314969188856155,0.00015185591315842835,1.0
3.0,0.20126710688876742,26.0,0.2544444444444445,0.006668227073158402,4.9042277451825385e-05,0.0
3.0,0.20126710688876742,27.0,0.2544444444444445,0.00710828396536889,0.8304291707580915,1.0
3.0,0.20126710688876742,28.0,0.2544444444444445,0.006650944354315644,0.022501540753610785,1.0
3.0,0.20126710688876742,29.0,0.2544444444444445,0.006491395688664507,0.0012539371171417775,0.0
3.0,0.20126710688876742,30.0,0.2544444444444445,0.06711906776645608,0.00024601300386222717,1.0
3.0,0.20126710688876742,31.0,0.2544444444444445,0.005159839073060515,0.0,0.0
3.0,0.20126710688876742,32.0,0.2544444444444445,0.021130346560321034,0.03367029106892312,0.0
3.0,0.20126710688876742,33.0,0.2544444444444445,0.011080848312792204,0.0005788965370935375,0.0
3.0,0.20126710688876742,34.0,0.2544444444444445,0.0024894885307070844,2.713882079011734e-06,1.0
3.0,0.20126710688876742,35.0,0.2544444444444445,0.005289723241057337,0.0076753885425481306,1.0
3.0,0.20126710688876742,36.0,0.2544444444444445,0.006043994144024856,0.04670450792229753,1.0
3.0,0.20126710688876742,37.0,0.2544444444444445,0.0018999605097806175,1.2434734849738661e-05,1.0
3.0,0.20126710688876742,38.0,0.2544444444444445,0.017606418846106742,0.006636289577093619,0.0
3.0,0.20126710688876742,39.0,0.2544444444444445,0.0021645696821176,0.0002718490619855877,1.0
3.0,0.20126710688876742,40.0,0.2544444444444445,0.02167888372703262,0.0,0.0
3.0,0.20126710688876742,41.0,0.2544444444444445,0.01110754879763481,3.2877602488722795e-06,0.0
3.0,0.20126710688876742,42.0,0.2544444444444445,0.004078542993167593,0.10076975522710892,1.0
3.0,0.20126710688876742,43.0,0.2544444444444445,0.003157589907374529,0.00010900961552884159,1.0
3.0,0.20126710688876742,44.0,0.2544444444444445,0.004314600435127286,0.0,0.0
3.0,0.20126710688876742,45.0,0.2544444444444445,0.0080576245453963,0.984289118416998,1.0
3.0,0.20126710688876742,46.0,0.2544444444444445,0.005535056904265253,0.0,0.0
3.0,0.20126710688876742,47.0,0.2544444444444445,0.011300071771142495,0.0,0.0
3.0,0.20126710688876742,48.0,0.2544444444444445,0.0134569057669675,0.0,0.0
3.0,0.20126710688876742,49.0,0.2544444444444445,0.05719037219247824,1.04842945634672,1.0
3.0,0.20126710688876742,50.0,0.2544444444444445,0.004329539472785341,0.0,0.0
3.0,0.20126710688876742,51.0,0.2544444444444445,0.012581208447933034,0.0,0.0
3.0,0.20126710688876742,52.0,0.2544444444444445,0.012412705425457173,0.14422919439790385,1.0
3.0,0.20126710688876742,53.0,0.2544444444444445,0.004855153044501654,0.11382497237984224,1.0
3.0,0.20126710688876742,54.0,0.2544444444444445,0.004469149838886216,0.006563631460003591,0.0
3.0,0.20126710688876742,55.0,0.2544444444444445,0.013316150769515573,0.03862261248674933,1.0
3.0,0.20126710688876742,56.0,0.2544444444444445,0.004576131152101591,0.0,0.0
3.0,0.20126710688876742,57.0,0.2544444444444445,0.011335371938693365,0.0,0.0
3.0,0.20126710688876742,58.0,0.2544444444444445,0.022101218671478507,0.0,0.0
3.0,0.20126710688876742,59.0,0.2544444444444445,0.005444438553599232,0.0,0.0
3.0,0.20126710688876742,60.0,0.2544444444444445,0.005961663349827261,0.010940897868639223,1.0
3.0,0.20126710688876742,61.0,0.2544444444444445,0.0028981851522592956,0.0014628973116190646,1.0
3.0,0.20126710688876742,62.0,0.2544444444444445,0.005277198560282501,0.020715381259565242,0.0
3.0,0.20126710688876742,63.0,0.2544444444444445,0.007228305533496663,8.609577097570062,1.0
3.0,0.20126710688876742,64.0,0.2544444444444445,0.002007057533545688,0.09657692699355169,1.0
3.0,0.20126710688876742,65.0,0.2544444444444445,0.011522055543117776,0.0,0.0
3.0,0.20126710688876742,66.0,0.2544444444444445,0.0012859690115186214,0.001590941430443836,1.0
3.0,0.20126710688876742,67.0,0.2544444444444445,0.011639108359463747,0.0006947007274253344,0.0
3.0,0.20126710688876742,68.0,0.2544444444444445,0.006945558812027093,3.2548290592083022,1.0
3.0,0.20126710688876742,69.0,0.2544444444444445,0.08819095895887379,0.0,0.0
3.0,0.20126710688876742,70.0,0.2544444444444445,0.01084586960627024,0.0,0.0
3.0,0.20126710688876742,71.0,0.2544444444444445,0.011857966962892597,1.5770331732008982e-05,0.0
3.0,0.20126710688876742,72.0,0.2544444444444445,0.007217441088281214,0.149860435974405,1.0
3.0,0.20126710688876742,73.0,0.2544444444444445,0.0112569824869896,0.0,0.0
3.0,0.20126710688876742,74.0,0.2544444444444445,0.006840182573701235,2.9397610528838267e-06,0.0
3.0,0.20126710688876742,75.0,0.2544444444444445,0.005659679310807483,0.0006034801011333574,0.0
3.0,0.20126710688876742,76.0,0.2544444444444445,0.002293443651015991,1.0665853240383458,1.0
3.0,0.20126710688876742,77.0,0.2544444444444445,0.004052240895951491,0.0008361623070912576,1.0
3.0,0.20126710688876742,78.0,0.2544444444444445,0.0012394496192547667,0.007223840025498635,1.0
3.0,0.20126710688876742,79.0,0.2544444444444445,0.00671736409769255,2.0599960135896736e-05,1.0
3.0,0.20126710688876742,80.0,0.2544444444444445,0.007324083162135512,4.757174372400481,1.0
3.0,0.20126710688876742,81.0,0.2544444444444445,0.002027181088344621,0.004955338651381169,1.0
3.0,0.20126710688876742,82.0,0.2544444444444445,0.02141743135684713,0.0,0.0
3.0,0.20126710688876742,83.0,0.2544444444444445,0.002193633171291503,0.00015385513388875582,1.0
3.0,0.20126710688876742,84.0,0.2544444444444445,0.06062012936674072,0.037843284975893725,1.0
3.0,0.20126710688876742,85.0,0.2544444444444445,0.01253909820394115,0.0,0.0
3.0,0.20126710688876742,86.0,0.2544444444444445,0.0044309900988622475,0.15746660464848006,0.0
3.0,0.20126710688876742,87.0,0.2544444444444445,0.002207969161371024,6.313191939374918e-05,1.0
3.0,0.20126710688876742,88.0,0.2544444444444445,0.0075748053629522746,0.01997355284956046,0.0
3.0,0.20126710688876742,89.0,0.2544444444444445,0.0030197601123524097,0.006151400702523646,1.0
3.0,0.20126710688876742,90.0,0.2544444444444445,0.006618600154487904,0.00011934684280996599,0.0
3.0,0.20126710688876742,91.0,0.2544444444444445,0.002850652219729191,0.00016404071309178748,1.0
3.0,0.20126710688876742,92.0,0.2544444444444445,0.005062436599968812,0.2323726590009746,1.0
3.0,0.20126710688876742,93.0,0.2544444444444445,0.007060605907059019,0.03717427045156368,0.0
3.0,0.20126710688876742,94.0,0.2544444444444445,0.008074439275562381,0.0,0.0
3.0,0.20126710688876742,95.0,0.2544444444444445,0.005418583646267912,0.00024754535340905175,0.0
3.0,0.20126710688876742,96.0,0.2544444444444445,0.0069269070202251145,0.00023573755967064408,1.0
3.0,0.20126710688876742,97.0,0.2544444444444445,0.008201892234035063,0.011849428141261397,1.0
3.0,0.20126710688876742,98.0,0.2544444444444445,0.006759578625074352,0.0020730641205040914,0.0
3.0,0.20126710688876742,99.0,0.2544444444444445,0.0055587348124193576,0.6895789713303563,1.0
3.0,0.20126710688876742,100.0,0.2544444444444445,0.00735847240096223,0.06517079356976355,1.0
3.0,0.20126710688876742,101.0,0.2544444444444445,0.002980892163551757,0.014171880844859581,1.0
3.0,0.20126710688876742,102.0,0.2544444444444445,0.0029107767578236514,7.789677906768531,1.0
3.0,0.20126710688876742,103.0,0.2544444444444445,0.01121034097717187,1.5035792324497068e-05,0.0
3.0,0.20126710688876742,104.0,0.2544444444444445,0.0004993662392994043,0.24349531943070954,1.0
3.0,0.20126710688876742,105.0,0.2544444444444445,0.0007706045085260775,0.00012115684107446767,1.0
3.0,0.20126710688876742,106.0,0.2544444444444445,0.004684007816840779,3.2731802014002183,1.0
3.0,0.20126710688876742,107.0,0.2544444444444445,0.025988080610991445,0.48805225014071296,1.0
3.0,0.20126710688876742,108.0,0.2544444444444445,0.00655622555975984,0.7251100189042131,1.0
3.0,0.20126710688876742,109.0,0.2544444444444445,0.004026415490981702,0.0,0.0
3.0,0.20126710688876742,110.0,0.2544444444444445,0.0019393960165323498,0.0017436583269403367,1.0
3.0,0.20126710688876742,111.0,0.2544444444444445,0.004903016087308762,0.0070379954233090805,1.0
3.0,0.20126710688876742,112.0,0.2544444444444445,0.006860379263266608,0.0011376317678657068,1.0
3.0,0.20126710688876742,113.0,0.2544444444444445,0.01251321230197049,0.00145755183520882,0.0
3.0,0.20126710688876742,114.0,0.2544444444444445,0.006985362739148114,0.012951972982095458,0.0
3.0,0.20126710688876742,115.0,0.2544444444444445,0.001993656975178029,0.3280988784405389,1.0
3.0,0.20126710688876742,116.0,0.2544444444444445,0.007591251849537909,0.0,0.0
3.0,0.20126710688876742,117.0,0.2544444444444445,0.0213983696002594,0.0,0.0
3.0,0.20126710688876742,118.0,0.2544444444444445,0.012633333038910836,4.2338341190851215e-06,0.0
3.0,0.20126710688876742,119.0,0.2544444444444445,0.00775834018898146,0.0162524322165966,0.0
3.0,0.20126710688876742,120.0,0.2544444444444445,0.0060528422865549466,4.575569644940171,1.0
3.0,0.20126710688876742,121.0,0.2544444444444445,0.005793837365613442,0.12297613833942012,1.0
3.0,0.20126710688876742,122.0,0.2544444444444445,0.0009951186459545857,0.027333782863366306,1.0
3.0,0.20126710688876742,123.0,0.2544444444444445,0.0036047739148459355,0.06031759151324646,1.0
3.0,0.20126710688876742,124.0,0.2544444444444445,0.007088349313556357,0.0,0.0
3.0,0.20126710688876742,125.0,0.2544444444444445,0.005547831150242634,1.1640929420935588e-06,0.0
3.0,0.20126710688876742,126.0,0.2544444444444445,0.025596425656016837,0.0,0.0
3.0,0.20126710688876742,127.0,0.2544444444444445,0.008556602991154587,0.0001399480339633352,1.0
3.0,0.20126710688876742,128.0,0.2544444444444445,0.015394599676577504,0.0009586376666076189,1.0
3.0,0.20126710688876742,129.0,0.2544444444444445,0.011138807393856618,0.0,0.0
3.0,0.20126710688876742,130.0,0.2544444444444445,0.0014785332628621055,0.17644857252769267,1.0
3.0,0.20126710688876742,131.0,0.2544444444444445,0.005244337328127473,0.026926889178115896,0.0
3.0,0.20126710688876742,132.0,0.2544444444444445,0.0009648305974790643,0.7329756159497517,1.0
3.0,0.20126710688876742,133.0,0.2544444444444445,0.0020538226630237525,0.10709333934337188,1.0
3.0,0.20126710688876742,134.0,0.2544444444444445,0.0037289392556010027,0.32883473626191556,1.0
3.0,0.20126710688876742,135.0,0.2544444444444445,0.0034666538713833597,3.179952586157303,1.0
3.0,0.20126710688876742,136.0,0.2544444444444445,0.0019520226565133232,0.08659025999093599,1.0
3.0,0.20126710688876742,137.0,0.2544444444444445,0.0015815440680162025,0.06887845989992111,1.0
3.0,0.20126710688876742,138.0,0.2544444444444445,0.01172394628054849,0.0,0.0
3.0,0.20126710688876742,139.0,0.2544444444444445,0.0016481026045039213,0.6976222821281537,1.0
3.0,0.20126710688876742,140.0,0.2544444444444445,0.007849375244587833,0.0,0.0
3.0,0.20126710688876742,141.0,0.2544444444444445,0.010928299856654299,0.0,0.0
3.0,0.20126710688876742,142.0,0.2544444444444445,0.007036132758342797,0.0,0.0
3.0,0.20126710688876742,143.0,0.2544444444444445,0.012224102240200395,0.0,0.0
3.0,0.20126710688876742,144.0,0.2544444444444445,0.007347753688439523,3.031224712232106e-06,0.0
3.0,0.20126710688876742,145.0,0.2544444444444445,0.006803880427327142,0.021210829583100443,0.0
3.0,0.20126710688876742,146.0,0.2544444444444445,0.0019871008751809506,0.4976170815765091,1.0
3.0,0.20126710688876742,147.0,0.2544444444444445,0.007352622426463043,0.0003105809930660536,1.0
3.0,0.20126710688876742,148.0,0.2544444444444445,0.0020722691242686876,0.04551380611024756,1.0
3.0,0.20126710688876742,149.0,0.2544444444444445,0.001306910044142831,0.31662255345486545,1.0
3.0,0.20126710688876742,150.0,0.2544444444444445,0.002418241479593481,0.00979977093776999,1.0
3.0,0.20126710688876742,151.0,0.2544444444444445,0.022102254952962582,0.0,0.0
3.0,0.20126710688876742,152.0,0.2544444444444445,0.002872379975051523,0.0019241477685380177,1.0
3.0,0.20126710688876742,153.0,0.2544444444444445,0.0031010381242368764,0.00031106560287430643,1.0
3.0,0.20126710688876742,154.0,0.2544444444444445,0.007147247288449467,5.456921524119461,1.0
3.0,0.20126710688876742,155.0,0.2544444444444445,0.014425945924852164,1.2646535544866104e-05,0.0
3.0,0.20126710688876742,156.0,0.2544444444444445,0.006946484240300979,3.409766757891672,1.0
3.0,0.20126710688876742,157.0,0.2544444444444445,0.005762204309474714,3.532181795685533,1.0
3.0,0.20126710688876742,158.0,0.2544444444444445,0.0009153778247089357,0.010676941212394713,1.0
3.0,0.20126710688876742,159.0,0.2544444444444445,0.03533091181198993,0.0,0.0
3.0,0.20126710688876742,160.0,0.2544444444444445,0.002010393820727826,0.152315338384846,1.0
3.0,0.20126710688876742,161.0,0.2544444444444445,0.00523754932563477,0.024573814227205046,1.0
3.0,0.20126710688876742,162.0,0.2544444444444445,0.007095138089067345,0.00020067211893130292,0.0
3.0,0.20126710688876742,163.0,0.2544444444444445,0.006525735292082806,0.008507987215743024,1.0
3.0,0.20126710688876742,164.0,0.2544444444444445,0.021298810437881874,2.7668327968460017e-05,0.0
3.0,0.20126710688876742,165.0,0.2544444444444445,0.012127989552530347,0.0017901321190863357,0.0
3.0,0.20126710688876742,166.0,0.2544444444444445,0.012556467312427213,7.8598421508257e-06,0.0
3.0,0.20126710688876742,167.0,0.2544444444444445,0.0023625763234067783,0.0010980086266616418,1.0
3.0,0.20126710688876742,168.0,0.2544444444444445,0.0075631972850175285,0.0,0.0
3.0,0.20126710688876742,169.0,0.2544444444444445,0.0037986708579744993,0.002292683405106532,1.0
3.0,0.20126710688876742,170.0,0.2544444444444445,0.006840948231071937,0.0,0.0
3.0,0.20126710688876742,171.0,0.2544444444444445,0.002809043245774465,0.019398386986891187,1.0
3.0,0.20126710688876742,172.0,0.2544444444444445,0.011299943206232625,9.36981368738869e-06,0.0
3.0,0.20126710688876742,173.0,0.2544444444444445,0.0035142026606255943,2.651798045909907,1.0
3.0,0.20126710688876742,174.0,0.2544444444444445,0.0057202827884920045,4.789407169277938,1.0
3.0,0.20126710688876742,175.0,0.2544444444444445,0.001366754258182458,0.6723566758620892,1.0
3.0,0.20126710688876742,176.0,0.2544444444444445,0.011419452279146975,0.0,0.0
3.0,0.20126710688876742,177.0,0.2544444444444445,0.0015633469710361063,0.003142321147498615,1.0
3.0,0.20126710688876742,178.0,0.2544444444444445,0.0070985515858438585,1.4686661603576776,1.0
3.0,0.20126710688876742,179.0,0.2544444444444445,0.011025039783180462,0.0,0.0
3.0,0.20126710688876742,180.0,0.2544444444444445,0.005314403423730877,5.195714239257174e-05,0.0
3.0,0.20126710688876742,181.0,0.2544444444444445,0.007422354725423526,0.022742881551293323,0.0
3.0,0.20126710688876742,182.0,0.2544444444444445,0.00455177147856353,0.0,0.0
3.0,0.20126710688876742,183.0,0.2544444444444445,0.0068195700712668506,0.01191016420618053,0.0
3.0,0.20126710688876742,184.0,0.2544444444444445,0.008712467016235502,0.004587106297344151,1.0
3.0,0.20126710688876742,185.0,0.2544444444444445,0.0018876691795549861,0.09332629662150403,1.0
3.0,0.20126710688876742,186.0,0.2544444444444445,0.0009722815639062852,1.3037602771782608,1.0
3.0,0.20126710688876742,187.0,0.2544444444444445,0.0018799596059940755,0.0002650485522801481,1.0
3.0,0.20126710688876742,188.0,0.2544444444444445,0.007222965394253359,0.0003636495943718808,0.0
3.0,0.20126710688876742,189.0,0.2544444444444445,0.0025363704564853773,0.039667422508085026,1.0
3.0,0.20126710688876742,190.0,0.2544444444444445,0.007277056347509268,0.0,0.0
3.0,0.20126710688876742,191.0,0.2544444444444445,0.011643333104079124,0.020173010056074057,0.0
3.0,0.20126710688876742,192.0,0.2544444444444445,0.0012194963385190188,0.14947724995827616,1.0
3.0,0.20126710688876742,193.0,0.2544444444444445,0.00430265268170129,0.0,0.0
3.0,0.20126710688876742,194.0,0.2544444444444445,0.01105718826416063,0.00022998324826954867,0.0
3.0,0.20126710688876742,195.0,0.2544444444444445,0.0061368051301256155,4.582418767046009,1.0
3.0,0.20126710688876742,196.0,0.2544444444444445,0.0020759107423296893,0.005258591962058055,1.0
3.0,0.20126710688876742,197.0,0.2544444444444445,0.021983441583033246,0.0,0.0
3.0,0.20126710688876742,198.0,0.2544444444444445,0.021927317563349247,0.0,0.0
3.0,0.20126710688876742,199.0,0.2544444444444445,0.006068674303596225,0.00042824240415844045,1.0
3.0,0.20126710688876742,200.0,0.2544444444444445,0.0021895517678415253,0.00773008704470384,1.0
3.0,0.20126710688876742,201.0,0.2544444444444445,0.006422059970332128,0.0010528665275481635,1.0
3.0,0.20126710688876742,202.0,0.2544444444444445,0.021896830556112544,0.0,0.0
3.0,0.20126710688876742,203.0,0.2544444444444445,0.00670874065492409,1.1106953969385878e-05,0.0
3.0,0.20126710688876742,204.0,0.2544444444444445,0.011894912011513733,0.00025029783967331256,0.0
3.0,0.20126710688876742,205.0,0.2544444444444445,0.0013876737390949494,0.0072059786419526135,1.0
3.0,0.20126710688876742,206.0,0.2544444444444445,0.021844562776300296,0.0,0.0
3.0,0.20126710688876742,207.0,0.2544444444444445,0.004910186489271318,0.0,0.0
3.0,0.20126710688876742,208.0,0.2544444444444445,0.0026816752658118817,0.013680768130285315,1.0
3.0,0.20126710688876742,209.0,0.2544444444444445,0.012866839713931702,0.0,0.0
3.0,0.20126710688876742,210.0,0.2544444444444445,0.006072508192834169,0.14580192139781145,1.0
3.0,0.20126710688876742,211.0,0.2544444444444445,0.010027981824110514,0.006741869252037081,1.0
3.0,0.20126710688876742,212.0,0.2544444444444445,0.0069045523633114786,0.05798802888111818,1.0
3.0,0.20126710688876742,213.0,0.2544444444444445,0.010132910957103936,1.9321140697590277e-05,0.0
3.0,0.20126710688876742,214.0,0.2544444444444445,0.0022439026721931305,0.43002931690445767,1.0
3.0,0.20126710688876742,215.0,0.2544444444444445,0.02199748590094676,0.0,0.0
3.0,0.20126710688876742,216.0,0.2544444444444445,0.006352270061127313,5.84730365947094,1.0
3.0,0.20126710688876742,217.0,0.2544444444444445,0.0065936558243039215,9.772614074682677e-05,0.0
3.0,0.20126710688876742,218.0,0.2544444444444445,0.002799946231258931,3.8721132793131208,1.0
3.0,0.20126710688876742,219.0,0.2544444444444445,0.02248287943097478,0.0,0.0
3.0,0.20126710688876742,220.0,0.2544444444444445,0.006792702061378486,0.0,0.0
3.0,0.20126710688876742,221.0,0.2544444444444445,0.010882281916085671,6.27265331159098e-05,0.0
3.0,0.20126710688876742,222.0,0.2544444444444445,0.039576900696804466,0.7222232997546197,1.0
3.0,0.20126710688876742,223.0,0.2544444444444445,0.012932821817809088,0.0,0.0
3.0,0.20126710688876742,224.0,0.2544444444444445,0.011181365339234,3.9157023058444778,1.0
3.0,0.20126710688876742,225.0,0.2544444444444445,0.003887477403585318,0.005123904995185391,1.0
3.0,0.20126710688876742,226.0,0.2544444444444445,0.011842258599947674,1.0758874399007065e-06,0.0
3.0,0.20126710688876742,227.0,0.2544444444444445,0.0025546183504669123,0.00043636032535146376,1.0
3.0,0.20126710688876742,228.0,0.2544444444444445,0.00552672885546223,2.414057901840336,1.0
3.0,0.20126710688876742,229.0,0.2544444444444445,0.004863125184091655,0.1356740058338733,1.0
3.0,0.20126710688876742,230.0,0.2544444444444445,0.008905765005222386,5.83078644670979,1.0
3.0,0.20126710688876742,231.0,0.2544444444444445,0.00127265018549521,0.5998138536023038,1.0
3.0,0.20126710688876742,232.0,0.2544444444444445,0.0019238818479374524,0.11074927224077091,1.0
3.0,0.20126710688876742,233.0,0.2544444444444445,0.02184985278688349,0.0,0.0
3.0,0.20126710688876742,234.0,0.2544444444444445,0.0023278319239788863,0.004524805650431691,1.0
3.0,0.20126710688876742,235.0,0.2544444444444445,0.002667824694861326,0.008575854139401507,1.0
3.0,0.20126710688876742,236.0,0.2544444444444445,0.0039072047608099255,0.00216021007353972,1.0
3.0,0.20126710688876742,237.0,0.2544444444444445,0.008038717383538795,0.0,0.0
3.0,0.20126710688876742,238.0,0.2544444444444445,0.007251779253936304,1.5520001815752487e-06,0.0
3.0,0.20126710688876742,239.0,0.2544444444444445,0.022151074640811196,2.6632332931701703e-06,0.0
3.0,0.20126710688876742,240.0,0.2544444444444445,0.00706531421973258,3.3383488801319048e-06,0.0
3.0,0.20126710688876742,241.0,0.2544444444444445,0.0012194387518958368,0.0429744652506124,1.0
3.0,0.20126710688876742,242.0,0.2544444444444445,0.0060449577491571566,1.003260846726629,1.0
3.0,0.20126710688876742,243.0,0.2544444444444445,0.007069892683905537,0.7647929153342042,1.0
3.0,0.20126710688876742,244.0,0.2544444444444445,0.02124879654089926,1.0496793135592282e-05,0.0
3.0,0.20126710688876742,245.0,0.2544444444444445,0.009520695761347918,0.024172808184313117,1.0
3.0,0.20126710688876742,246.0,0.2544444444444445,0.005294530293973398,3.4976961084736226e-06,0.0
3.0,0.20126710688876742,247.0,0.2544444444444445,0.0026822261523614644,0.026727789533289373,1.0
3.0,0.20126710688876742,248.0,0.2544444444444445,0.004569246843217819,0.001801874335310517,1.0
3.0,0.20126710688876742,249.0,0.2544444444444445,0.019161987695640634,0.0009233610451936386,0.0
3.0,0.20126710688876742,250.0,0.2544444444444445,0.021069820184814944,1.7943692432142352e-06,0.0
3.0,0.20126710688876742,251.0,0.2544444444444445,0.008011198685292528,0.000612223330507794,0.0
3.0,0.20126710688876742,252.0,0.2544444444444445,0.011035601463644577,0.006807814219713093,0.0
3.0,0.20126710688876742,253.0,0.2544444444444445,0.012102535700324171,0.009579114139632068,1.0
3.0,0.20126710688876742,254.0,0.2544444444444445,0.002702155125880414,0.20839340854302194,1.0
3.0,0.20126710688876742,255.0,0.2544444444444445,0.0012229538752699517,0.01870706170127588,1.0
3.0,0.20126710688876742,256.0,0.2544444444444445,0.008658712854411117,0.0,0.0
3.0,0.20126710688876742,257.0,0.2544444444444445,0.00703332599057626,0.0,0.0
3.0,0.20126710688876742,258.0,0.2544444444444445,0.0022229303100964313,0.08998085078115513,1.0
3.0,0.20126710688876742,259.0,0.2544444444444445,0.006606831430878029,8.435968052093443e-07,0.0
3.0,0.20126710688876742,260.0,0.2544444444444445,0.0093468514584373,0.0,0.0
3.0,0.20126710688876742,261.0,0.2544444444444445,0.00403069615067698,0.0,0.0
3.0,0.20126710688876742,262.0,0.2544444444444445,0.0035521216183850178,0.1609529245862828,1.0
3.0,0.20126710688876742,263.0,0.2544444444444445,0.002943794914886202,1.510714230044532,1.0
3.0,0.20126710688876742,264.0,0.2544444444444445,0.0030362176994528063,0.2841888079708571,1.0
3.0,0.20126710688876742,265.0,0.2544444444444445,0.010597423191128923,0.0050822703261610425,0.0
3.0,0.20126710688876742,266.0,0.2544444444444445,0.011451640802923935,0.013311231452826028,1.0
3.0,0.20126710688876742,267.0,0.2544444444444445,0.0070892934081132385,1.6363060805422823e-05,0.0
3.0,0.20126710688876742,268.0,0.2544444444444445,0.006198070571872527,0.00034213150385053375,1.0
3.0,0.20126710688876742,269.0,0.2544444444444445,0.003933131418468037,0.0069433998570777086,1.0
3.0,0.20126710688876742,270.0,0.2544444444444445,0.007758486446762832,0.0,0.0
3.0,0.20126710688876742,271.0,0.2544444444444445,0.007131148204066002,0.0,0.0
3.0,0.20126710688876742,272.0,0.2544444444444445,0.02164715479338762,0.01831582964535396,0.0
3.0,0.20126710688876742,273.0,0.2544444444444445,0.005446013256973054,2.6740386811766386,1.0
3.0,0.20126710688876742,274.0,0.2544444444444445,0.008838597367978452,0.0,0.0
3.0,0.20126710688876742,275.0,0.2544444444444445,0.004098755603315742,0.0235598618853418,0.0
3.0,0.20126710688876742,276.0,0.2544444444444445,0.011492826189936625,0.00016049429048634067,0.0
3.0,0.20126710688876742,277.0,0.2544444444444445,0.005428460876349858,0.0,0.0
3.0,0.20126710688876742,278.0,0.2544444444444445,0.010770210645659606,0.0,0.0
3.0,0.20126710688876742,279.0,0.2544444444444445,0.002121092510146293,0.045287077293574514,1.0
3.0,0.20126710688876742,280.0,0.2544444444444445,0.010627702784478976,1.3516641789775569e-05,0.0
3.0,0.20126710688876742,281.0,0.2544444444444445,0.0025786465675402617,0.020364074889210684,1.0
3.0,0.20126710688876742,282.0,0.2544444444444445,0.005778507678724095,2.005100915278808e-06,0.0
3.0,0.20126710688876742,283.0,0.2544444444444445,0.0018814110847493915,0.0013088911042752926,1.0
3.0,0.20126710688876742,284.0,0.2544444444444445,0.011733253847751333,0.0,0.0
3.0,0.20126710688876742,285.0,0.2544444444444445,0.002204221405125552,0.030429848210384813,1.0
3.0,0.20126710688876742,286.0,0.2544444444444445,0.004857416073459778,0.0,0.0
3.0,0.20126710688876742,287.0,0.2544444444444445,0.006024215766506442,0.3900721964770075,1.0
3.0,0.20126710688876742,288.0,0.2544444444444445,0.0023531930237670243,0.0391905968212017,1.0
3.0,0.20126710688876742,289.0,0.2544444444444445,0.0010547546950876114,6.0327922247347345,1.0
3.0,0.20126710688876742,290.0,0.2544444444444445,0.01035734012283343,0.0,0.0
3.0,0.20126710688876742,291.0,0.2544444444444445,0.001130802034249331,0.00041131950565032694,1.0
3.0,0.20126710688876742,292.0,0.2544444444444445,0.006891848020063136,9.524392907397239e-05,0.0
3.0,0.20126710688876742,293.0,0.2544444444444445,0.007285084868000117,3.552855340766214e-05,0.0
3.0,0.20126710688876742,294.0,0.2544444444444445,0.018680296955983274,0.000585946683515499,1.0
3.0,0.20126710688876742,295.0,0.2544444444444445,0.005349293241268533,4.612910691941945e-05,0.0
3.0,0.20126710688876742,296.0,0.2544444444444445,0.006587569399788425,2.1104644042637607e-05,1.0
3.0,0.20126710688876742,297.0,0.2544444444444445,0.002772415649245751,6.073418916003906,1.0
3.0,0.20126710688876742,298.0,0.2544444444444445,0.01107002509375963,0.004570493038956983,0.0
3.0,0.20126710688876742,299.0,0.2544444444444445,0.006490589133849799,0.00025787171855148075,0.0
3.0,0.20126710688876742,300.0,0.2544444444444445,0.021519880486204804,2.1914772457490043e-05,0.0
3.0,0.20126710688876742,301.0,0.2544444444444445,0.007586362485273926,0.0,0.0
3.0,0.20126710688876742,302.0,0.2544444444444445,0.001841983780621859,0.25197050634829904,1.0
3.0,0.20126710688876742,303.0,0.2544444444444445,0.020247661956746977,0.0010499837717875117,0.0
3.0,0.20126710688876742,304.0,0.2544444444444445,0.007644427526971123,0.0007955623301750028,0.0
3.0,0.20126710688876742,305.0,0.2544444444444445,0.00740751268911298,1.1732348965422612,1.0
3.0,0.20126710688876742,306.0,0.2544444444444445,0.015989992825035784,0.0,0.0
3.0,0.20126710688876742,307.0,0.2544444444444445,0.001421770845709625,0.44574264145811665,1.0
3.0,0.20126710688876742,308.0,0.2544444444444445,0.002197042655495168,0.28776516793744733,1.0
3.0,0.20126710688876742,309.0,0.2544444444444445,0.004331970126918867,2.6771942257599153e-06,1.0
3.0,0.20126710688876742,310.0,0.2544444444444445,0.0016802345019966652,0.15166605172441203,1.0
3.0,0.20126710688876742,311.0,0.2544444444444445,0.007261152893985679,0.0,0.0
3.0,0.20126710688876742,312.0,0.2544444444444445,0.008429389077631999,1.7158570477150397e-06,0.0
3.0,0.20126710688876742,313.0,0.2544444444444445,0.007159626880496478,0.00011696577395747241,0.0
3.0,0.20126710688876742,314.0,0.2544444444444445,0.0037553219698950166,0.005158914690651059,1.0
3.0,0.20126710688876742,315.0,0.2544444444444445,0.005432492455860098,0.0003718012652414914,1.0
3.0,0.20126710688876742,316.0,0.2544444444444445,0.02064792145090286,0.00046411428674737195,0.0
3.0,0.20126710688876742,317.0,0.2544444444444445,0.0015660581198479427,0.0448211968379007,1.0
3.0,0.20126710688876742,318.0,0.2544444444444445,0.004098033774614489,0.003732477687959552,1.0
3.0,0.20126710688876742,319.0,0.2544444444444445,0.006553906082628069,0.009597254819117945,0.0
3.0,0.20126710688876742,320.0,0.2544444444444445,0.0218973753672388,0.005293696334587288,0.0
3.0,0.20126710688876742,321.0,0.2544444444444445,0.0028391409849492493,0.037325905313571134,1.0
3.0,0.20126710688876742,322.0,0.2544444444444445,0.007471305131511372,0.0,0.0
3.0,0.20126710688876742,323.0,0.2544444444444445,0.002327806716799596,5.845764919021283e-05,1.0
3.0,0.20126710688876742,324.0,0.2544444444444445,0.006852225718422049,0.0,0.0
3.0,0.20126710688876742,325.0,0.2544444444444445,0.0064815443419471794,0.0,0.0
3.0,0.20126710688876742,326.0,0.2544444444444445,0.0024794056044106475,3.5283719432292896e-06,1.0
3.0,0.20126710688876742,327.0,0.2544444444444445,0.02216706526754439,0.0,0.0
3.0,0.20126710688876742,328.0,0.2544444444444445,0.00172876199805113,0.2857577376205568,1.0
3.0,0.20126710688876742,329.0,0.2544444444444445,0.004344177873990416,0.010486575962195455,1.0
3.0,0.20126710688876742,330.0,0.2544444444444445,0.007795378591029129,0.00016629663837372524,0.0
3.0,0.20126710688876742,331.0,0.2544444444444445,0.006973350732191805,0.00021549501610472425,0.0
3.0,0.20126710688876742,332.0,0.2544444444444445,0.0067526321604657845,0.000326292210352381,0.0
3.0,0.20126710688876742,333.0,0.2544444444444445,0.006276819990335993,2.1058019184181536,1.0
3.0,0.20126710688876742,334.0,0.2544444444444445,0.010772782016234966,0.0,0.0
3.0,0.20126710688876742,335.0,0.2544444444444445,0.00088009412438815,0.07809823214767286,1.0
3.0,0.20126710688876742,336.0,0.2544444444444445,0.01062711858428707,0.0,0.0
3.0,0.20126710688876742,337.0,0.2544444444444445,0.006691017539664831,0.006504332528977686,1.0
3.0,0.20126710688876742,338.0,0.2544444444444445,0.02202103584517086,0.0,0.0
3.0,0.20126710688876742,339.0,0.2544444444444445,0.002998595825912298,0.0018264533516117011,1.0
3.0,0.20126710688876742,340.0,0.2544444444444445,0.0071999071999865405,4.1137654295953025e-05,0.0
3.0,0.20126710688876742,341.0,0.2544444444444445,0.0031186712487707457,1.2943869734442703,1.0
3.0,0.20126710688876742,342.0,0.2544444444444445,0.00752230022859892,0.0,0.0
3.0,0.20126710688876742,343.0,0.2544444444444445,0.004794490447761126,5.547320773411797,1.0
3.0,0.20126710688876742,344.0,0.2544444444444445,0.013042522995085893,0.0,0.0
3.0,0.20126710688876742,345.0,0.2544444444444445,0.002781946019399489,0.03447912418720856,1.0
3.0,0.20126710688876742,346.0,0.2544444444444445,0.007223723766516404,9.121617016745061e-05,0.0
3.0,0.20126710688876742,347.0,0.2544444444444445,0.0035807969463115727,11.364869687529753,1.0
3.0,0.20126710688876742,348.0,0.2544444444444445,0.006739380372081837,0.002813366441886685,0.0
3.0,0.20126710688876742,349.0,0.2544444444444445,0.0032914408473028946,0.0008489914595126491,1.0
3.0,0.20126710688876742,350.0,0.2544444444444445,0.0016273337482807656,0.0724567866985275,1.0
3.0,0.20126710688876742,351.0,0.2544444444444445,0.021916745127861577,0.0,0.0
3.0,0.20126710688876742,352.0,0.2544444444444445,0.004149082555957126,0.017241780159199777,1.0
3.0,0.20126710688876742,353.0,0.2544444444444445,0.002215920215148914,0.0037735365924476817,1.0
3.0,0.20126710688876742,354.0,0.2544444444444445,0.004543955829340219,0.0,0.0
3.0,0.20126710688876742,355.0,0.2544444444444445,0.009212586099508126,0.001630279702120116,1.0
3.0,0.20126710688876742,356.0,0.2544444444444445,0.011715895059807944,0.0012825807212989897,1.0
3.0,0.20126710688876742,357.0,0.2544444444444445,0.00676481953105894,0.06658727846114901,1.0
3.0,0.20126710688876742,358.0,0.2544444444444445,0.006049982950671037,0.04920462274800034,1.0
3.0,0.20126710688876742,359.0,0.2544444444444445,0.006951064535935512,0.003739770855107388,1.0
3.0,0.20126710688876742,360.0,0.2544444444444445,0.002710108622888641,0.001116208010653001,1.0
3.0,0.20126710688876742,361.0,0.2544444444444445,0.0058286240164159685,0.0,0.0
3.0,0.20126710688876742,362.0,0.2544444444444445,0.0023558792933936518,0.4788478581868884,1.0
3.0,0.20126710688876742,363.0,0.2544444444444445,0.0017674918645428127,0.0011326625103596144,1.0
3.0,0.20126710688876742,364.0,0.2544444444444445,0.0026662873402758247,2.205995044570944,1.0
3.0,0.20126710688876742,365.0,0.2544444444444445,0.0077141032960057285,0.00024647715118595204,1.0
3.0,0.20126710688876742,366.0,0.2544444444444445,0.0065602011343209605,0.016437645821812553,1.0
3.0,0.20126710688876742,367.0,0.2544444444444445,0.0006553749623200413,0.002163111559003981,1.0
3.0,0.20126710688876742,368.0,0.2544444444444445,0.018616829086904076,3.324631130280221e-06,0.0
3.0,0.20126710688876742,369.0,0.2544444444444445,0.007236335001651604,0.01919403753063428,0.0
3.0,0.20126710688876742,370.0,0.2544444444444445,0.005080131998913839,0.022739326722186624,0.0
3.0,0.20126710688876742,371.0,0.2544444444444445,0.005315625499136202,0.0001874333603670671,0.0
3.0,0.20126710688876742,372.0,0.2544444444444445,0.017443428483171798,0.0,0.0
3.0,0.20126710688876742,373.0,0.2544444444444445,0.006617428967482182,7.088757926349119e-05,1.0
3.0,0.20126710688876742,374.0,0.2544444444444445,0.01100551622861639,0.024191654342501867,0.0
3.0,0.20126710688876742,375.0,0.2544444444444445,0.006821276470342628,0.003436588872594057,0.0
3.0,0.20126710688876742,376.0,0.2544444444444445,0.009837804809380603,0.0,0.0
3.0,0.20126710688876742,377.0,0.2544444444444445,0.004163334275871804,0.0,0.0
3.0,0.20126710688876742,378.0,0.2544444444444445,0.0026412742783798963,0.5045300127063221,1.0
3.0,0.20126710688876742,379.0,0.2544444444444445,0.0071724800968314024,0.00019427982841898277,0.0
3.0,0.20126710688876742,380.0,0.2544444444444445,0.0036607874697367378,4.53743634239162,1.0
3.0,0.20126710688876742,381.0,0.2544444444444445,0.01079180793893933,0.0,0.0
3.0,0.20126710688876742,382.0,0.2544444444444445,0.0032072152765383896,0.004795670589444697,1.0
3.0,0.20126710688876742,383.0,0.2544444444444445,0.0022568551803087127,0.7636983823329808,1.0
3.0,0.20126710688876742,384.0,0.2544444444444445,0.003476427123510958,0.0006682202286959599,1.0
3.0,0.20126710688876742,385.0,0.2544444444444445,0.008319832091660038,0.4965282431697554,1.0
3.0,0.20126710688876742,386.0,0.2544444444444445,0.007768335726048093,0.3477257555272755,1.0
3.0,0.20126710688876742,387.0,0.2544444444444445,0.004903347090407669,0.0662294483279036,1.0
3.0,0.20126710688876742,388.0,0.2544444444444445,0.011688725073532476,0.0,0.0
3.0,0.20126710688876742,389.0,0.2544444444444445,0.0050386792403618146,0.0,0.0
3.0,0.20126710688876742,390.0,0.2544444444444445,0.01669599383836359,0.001063521981164926,0.0
3.0,0.20126710688876742,391.0,0.2544444444444445,0.0030594374190807626,0.0023059618503610217,1.0
3.0,0.20126710688876742,392.0,0.2544444444444445,0.0067138433687750675,4.1972151710866306e-05,0.0
3.0,0.20126710688876742,393.0,0.2544444444444445,0.0032379318776844974,0.0008560493899513526,1.0
3.0,0.20126710688876742,394.0,0.2544444444444445,0.002979199556266171,0.10513220253016843,1.0
3.0,0.20126710688876742,395.0,0.2544444444444445,0.006927505610652612,0.002855840552651322,0.0
3.0,0.20126710688876742,396.0,0.2544444444444445,0.005392889201278236,0.0,0.0
3.0,0.20126710688876742,397.0,0.2544444444444445,0.003214638462356467,0.0007693737884857585,1.0
3.0,0.20126710688876742,398.0,0.2544444444444445,0.0014823291133850985,8.573192940437041e-05,1.0
3.0,0.20126710688876742,399.0,0.2544444444444445,0.003234976740111567,0.06536400576373802,1.0
3.0,0.20126710688876742,0.0,0.26555555555555554,0.012060654384430925,2.821478392979566e-06,0.0
3.0,0.20126710688876742,1.0,0.26555555555555554,0.006805284777436979,0.0,0.0
3.0,0.20126710688876742,2.0,0.26555555555555554,0.002474126159191914,5.1836887761349205e-05,1.0
3.0,0.20126710688876742,3.0,0.26555555555555554,0.005042532052438443,0.006120535523168911,0.0
3.0,0.20126710688876742,4.0,0.26555555555555554,0.007161593155136616,1.571502160790023e-05,0.0
3.0,0.20126710688876742,5.0,0.26555555555555554,0.007101459039831444,6.879923245609737,1.0
3.0,0.20126710688876742,6.0,0.26555555555555554,0.0070126361301825115,0.00020672004615730766,0.0
3.0,0.20126710688876742,7.0,0.26555555555555554,0.020661254129932086,0.0,0.0
3.0,0.20126710688876742,8.0,0.26555555555555554,0.00752756780797396,6.432892103302248e-06,1.0
3.0,0.20126710688876742,9.0,0.26555555555555554,0.006055777119264805,0.12115202902419583,1.0
3.0,0.20126710688876742,10.0,0.26555555555555554,0.003662849337853014,4.556750188983226,1.0
3.0,0.20126710688876742,11.0,0.26555555555555554,0.0036937834741115373,0.028642782674308642,1.0
3.0,0.20126710688876742,12.0,0.26555555555555554,0.002024389314669819,0.17720218747025446,1.0
3.0,0.20126710688876742,13.0,0.26555555555555554,0.018688450719440555,0.0,0.0
3.0,0.20126710688876742,14.0,0.26555555555555554,0.006816976268364723,12.231011344958503,1.0
3.0,0.20126710688876742,15.0,0.26555555555555554,0.021627371052989272,7.761828258877786e-06,0.0
3.0,0.20126710688876742,16.0,0.26555555555555554,0.023427949408520686,0.8489920476568944,1.0
3.0,0.20126710688876742,17.0,0.26555555555555554,0.009388249157481252,0.45625568575040243,1.0
3.0,0.20126710688876742,18.0,0.26555555555555554,0.021071652818196493,0.0,0.0
3.0,0.20126710688876742,19.0,0.26555555555555554,0.020784500076770133,0.0,0.0
3.0,0.20126710688876742,20.0,0.26555555555555554,0.021795617897070577,0.0,0.0
3.0,0.20126710688876742,21.0,0.26555555555555554,0.006052478925209195,0.05325999921063958,1.0
3.0,0.20126710688876742,22.0,0.26555555555555554,0.0017891042448809206,0.00016282252385548616,1.0
3.0,0.20126710688876742,23.0,0.26555555555555554,0.02205326368137558,0.0,0.0
3.0,0.20126710688876742,24.0,0.26555555555555554,0.00449881828892441,0.003585968354682337,0.0
3.0,0.20126710688876742,25.0,0.26555555555555554,0.007744270292105738,0.0016319261124881144,0.0
3.0,0.20126710688876742,26.0,0.26555555555555554,0.006799560395471473,0.02195500877643269,0.0
3.0,0.20126710688876742,27.0,0.26555555555555554,0.010399409065189281,0.0,0.0
3.0,0.20126710688876742,28.0,0.26555555555555554,0.0070480143037563526,0.0006114817894962696,1.0
3.0,0.20126710688876742,29.0,0.26555555555555554,0.006265685039960515,2.6870371959233564e-05,0.0
3.0,0.20126710688876742,30.0,0.26555555555555554,0.013818445657976429,0.0007185613985648992,0.0
3.0,0.20126710688876742,31.0,0.26555555555555554,0.003287733209204883,0.05085337042810313,1.0
3.0,0.20126710688876742,32.0,0.26555555555555554,0.02149743168169635,0.12211412600811558,0.0
3.0,0.20126710688876742,33.0,0.26555555555555554,0.007601133648459067,0.0026887289727920683,0.0
3.0,0.20126710688876742,34.0,0.26555555555555554,0.003469450681065287,0.022899653853237906,1.0
3.0,0.20126710688876742,35.0,0.26555555555555554,0.021260132395963686,0.0,0.0
3.0,0.20126710688876742,36.0,0.26555555555555554,0.006676975595276639,4.2767916822241405,1.0
3.0,0.20126710688876742,37.0,0.26555555555555554,0.007201040756771956,0.0,0.0
3.0,0.20126710688876742,38.0,0.26555555555555554,0.00470634994427924,0.03473266426908861,1.0
3.0,0.20126710688876742,39.0,0.26555555555555554,0.002486949298995042,0.9216423321032053,1.0
3.0,0.20126710688876742,40.0,0.26555555555555554,0.021342916833976246,0.0,0.0
3.0,0.20126710688876742,41.0,0.26555555555555554,0.0016963075043713288,0.09131926685191277,1.0
3.0,0.20126710688876742,42.0,0.26555555555555554,0.005704823199397613,0.0,0.0
3.0,0.20126710688876742,43.0,0.26555555555555554,0.0018132313524083453,0.1869823894641222,1.0
3.0,0.20126710688876742,44.0,0.26555555555555554,0.0009838849869692316,0.004462541679858703,1.0
3.0,0.20126710688876742,45.0,0.26555555555555554,0.021782855807803023,1.0056442140138507e-06,0.0
3.0,0.20126710688876742,46.0,0.26555555555555554,0.0033129829715206624,0.1986782579066288,1.0
3.0,0.20126710688876742,47.0,0.26555555555555554,0.008323092889765136,1.3265057480249307,1.0
3.0,0.20126710688876742,48.0,0.26555555555555554,0.020823772858547057,8.609925615553688e-07,0.0
3.0,0.20126710688876742,49.0,0.26555555555555554,0.042104317868941886,0.005704709207630155,1.0
3.0,0.20126710688876742,50.0,0.26555555555555554,0.0026289367933535175,0.14834673856886696,1.0
3.0,0.20126710688876742,51.0,0.26555555555555554,0.007298757814145536,7.863929305689992e-05,1.0
3.0,0.20126710688876742,52.0,0.26555555555555554,0.007731883502813844,0.004318254761846563,1.0
3.0,0.20126710688876742,53.0,0.26555555555555554,0.005442531914686578,3.681195392831752,1.0
3.0,0.20126710688876742,54.0,0.26555555555555554,0.0032778261891089006,0.0003809603732364324,1.0
3.0,0.20126710688876742,55.0,0.26555555555555554,0.021858310639903785,0.021201734149248634,0.0
3.0,0.20126710688876742,56.0,0.26555555555555554,0.007567966710733143,1.952874787939216e-06,0.0
3.0,0.20126710688876742,57.0,0.26555555555555554,0.007350411831548219,0.0,0.0
3.0,0.20126710688876742,58.0,0.26555555555555554,0.005973719445069664,1.688579392385275,1.0
3.0,0.20126710688876742,59.0,0.26555555555555554,0.0029762067962122215,0.003058885481739328,1.0
3.0,0.20126710688876742,60.0,0.26555555555555554,0.010685483571846245,0.0012257345808608835,0.0
3.0,0.20126710688876742,61.0,0.26555555555555554,0.002255118386116151,7.485493127232493,1.0
3.0,0.20126710688876742,62.0,0.26555555555555554,0.002377129979089236,10.068926444502921,1.0
3.0,0.20126710688876742,63.0,0.26555555555555554,0.005206976277121933,0.0019385655596242547,1.0
3.0,0.20126710688876742,64.0,0.26555555555555554,0.0022155494940206896,0.047651420454643066,1.0
3.0,0.20126710688876742,65.0,0.26555555555555554,0.0016845059367819252,0.00026554492841662856,1.0
3.0,0.20126710688876742,66.0,0.26555555555555554,0.0022526354449395364,0.018128149895171714,1.0
3.0,0.20126710688876742,67.0,0.26555555555555554,0.012977210068909497,0.02578413263345451,0.0
3.0,0.20126710688876742,68.0,0.26555555555555554,0.005086991566080503,6.353893835415774,1.0
3.0,0.20126710688876742,69.0,0.26555555555555554,0.027413557875257448,0.00591442121464491,0.0
3.0,0.20126710688876742,70.0,0.26555555555555554,0.020906785951459422,0.0018241034534297795,0.0
3.0,0.20126710688876742,71.0,0.26555555555555554,0.006724247705656146,3.551393780096965e-05,1.0
3.0,0.20126710688876742,72.0,0.26555555555555554,0.011637635908421453,0.0013141412742787495,1.0
3.0,0.20126710688876742,73.0,0.26555555555555554,0.00755234796718623,2.112743294143567e-05,0.0
3.0,0.20126710688876742,74.0,0.26555555555555554,0.0024216682604106,0.027560073960795056,1.0
3.0,0.20126710688876742,75.0,0.26555555555555554,0.004356122848127809,0.02601287696571619,1.0
3.0,0.20126710688876742,76.0,0.26555555555555554,0.01045267607026668,0.023128253589078503,0.0
3.0,0.20126710688876742,77.0,0.26555555555555554,0.0023909103372980202,0.000583102715254385,1.0
3.0,0.20126710688876742,78.0,0.26555555555555554,0.006788092740555715,0.0,0.0
3.0,0.20126710688876742,79.0,0.26555555555555554,0.01465835160494096,0.1251363996190014,1.0
3.0,0.20126710688876742,80.0,0.26555555555555554,0.0032557822599832307,0.21875778095568554,1.0
3.0,0.20126710688876742,81.0,0.26555555555555554,0.003058468114134735,0.00017531900110344842,1.0
3.0,0.20126710688876742,82.0,0.26555555555555554,0.012267698846153058,0.0,0.0
3.0,0.20126710688876742,83.0,0.26555555555555554,0.0011209199371686814,0.754071779302499,1.0
3.0,0.20126710688876742,84.0,0.26555555555555554,0.014710955833829321,0.07066204673736518,1.0
3.0,0.20126710688876742,85.0,0.26555555555555554,0.021572917610377693,0.0,0.0
3.0,0.20126710688876742,86.0,0.26555555555555554,0.0019826576747756083,0.005776916798599274,1.0
3.0,0.20126710688876742,87.0,0.26555555555555554,0.008106575529131837,0.0,0.0
3.0,0.20126710688876742,88.0,0.26555555555555554,0.00208379096109024,0.0007657501455384033,1.0
3.0,0.20126710688876742,89.0,0.26555555555555554,0.0013093805873548633,1.7517830849065323,1.0
3.0,0.20126710688876742,90.0,0.26555555555555554,0.00740216385251647,7.57277418494324e-06,0.0
3.0,0.20126710688876742,91.0,0.26555555555555554,0.004426927001145678,1.0971997871042753e-05,0.0
3.0,0.20126710688876742,92.0,0.26555555555555554,0.02157026195479611,0.0,0.0
3.0,0.20126710688876742,93.0,0.26555555555555554,0.002019436391511805,0.047740928192138134,1.0
3.0,0.20126710688876742,94.0,0.26555555555555554,0.0024352475927951773,0.03764993297004606,1.0
3.0,0.20126710688876742,95.0,0.26555555555555554,0.002361688540738532,0.021680983651011065,1.0
3.0,0.20126710688876742,96.0,0.26555555555555554,0.02190704047525484,0.0,0.0
3.0,0.20126710688876742,97.0,0.26555555555555554,0.004169132668431682,0.059782976964975816,1.0
3.0,0.20126710688876742,98.0,0.26555555555555554,0.0021254073720139346,0.01797374404965303,1.0
3.0,0.20126710688876742,99.0,0.26555555555555554,0.008937006722422975,2.051480682560893,1.0
3.0,0.20126710688876742,100.0,0.26555555555555554,0.01136729323839386,3.108583548729378e-05,0.0
3.0,0.20126710688876742,101.0,0.26555555555555554,0.002436581679652961,3.373969343210093,1.0
3.0,0.20126710688876742,102.0,0.26555555555555554,0.010239407660842536,0.025326685491208634,0.0
3.0,0.20126710688876742,103.0,0.26555555555555554,0.011493265291439512,0.0,0.0
3.0,0.20126710688876742,104.0,0.26555555555555554,0.0020633104827262765,0.0069769632723618875,1.0
3.0,0.20126710688876742,105.0,0.26555555555555554,0.006829560421021872,0.017977472324107634,0.0
3.0,0.20126710688876742,106.0,0.26555555555555554,0.02105527396388004,0.0017706800152554373,0.0
3.0,0.20126710688876742,107.0,0.26555555555555554,0.028509238030057484,0.005229720273960335,1.0
3.0,0.20126710688876742,108.0,0.26555555555555554,0.00604935642060789,0.16893457613481316,1.0
3.0,0.20126710688876742,109.0,0.26555555555555554,0.0019444431759750424,0.0005293215887796258,1.0
3.0,0.20126710688876742,110.0,0.26555555555555554,0.007725083169774381,0.0,0.0
3.0,0.20126710688876742,111.0,0.26555555555555554,0.011588655947263802,0.12183806768092414,1.0
3.0,0.20126710688876742,112.0,0.26555555555555554,0.012257363327856208,6.747748638054533e-05,0.0
3.0,0.20126710688876742,113.0,0.26555555555555554,0.010504506879549574,0.003218948098900312,0.0
3.0,0.20126710688876742,114.0,0.26555555555555554,0.0071157123062653175,0.0027788050151639435,0.0
3.0,0.20126710688876742,115.0,0.26555555555555554,0.01019807356569179,2.6219583836145473e-05,0.0
3.0,0.20126710688876742,116.0,0.26555555555555554,0.0015475784989506585,0.0001298983830900554,1.0
3.0,0.20126710688876742,117.0,0.26555555555555554,0.014866744190258817,0.0015713450256127186,1.0
3.0,0.20126710688876742,118.0,0.26555555555555554,0.007694403534105389,0.0002722092723131591,1.0
3.0,0.20126710688876742,119.0,0.26555555555555554,0.0011801107690621283,0.011013833299055645,1.0
3.0,0.20126710688876742,120.0,0.26555555555555554,0.006255667536693996,0.08951516920589848,1.0
3.0,0.20126710688876742,121.0,0.26555555555555554,0.007010095785569359,0.004926818563500772,1.0
3.0,0.20126710688876742,122.0,0.26555555555555554,0.0028971756951631177,0.0022091026770318647,1.0
3.0,0.20126710688876742,123.0,0.26555555555555554,0.0029013742034861563,0.0430206349668534,1.0
3.0,0.20126710688876742,124.0,0.26555555555555554,0.006600864502589469,0.010627178250130277,0.0
3.0,0.20126710688876742,125.0,0.26555555555555554,0.004459990715719427,2.6397701754777247,1.0
3.0,0.20126710688876742,126.0,0.26555555555555554,0.04958277164402704,0.018302509288593206,1.0
3.0,0.20126710688876742,127.0,0.26555555555555554,0.00841043630592087,0.809218247357941,1.0
3.0,0.20126710688876742,128.0,0.26555555555555554,0.005418783920869259,0.16125868797853574,1.0
3.0,0.20126710688876742,129.0,0.26555555555555554,0.0016643701442449958,0.00036344629577175893,1.0
3.0,0.20126710688876742,130.0,0.26555555555555554,0.0021141011382040833,0.2542155582258116,1.0
3.0,0.20126710688876742,131.0,0.26555555555555554,0.0022964272553597435,0.2169901130615939,1.0
3.0,0.20126710688876742,132.0,0.26555555555555554,0.00155314469347613,0.0023467319431476293,1.0
3.0,0.20126710688876742,133.0,0.26555555555555554,0.010793991673414383,0.0,0.0
3.0,0.20126710688876742,134.0,0.26555555555555554,0.0019034193322297697,9.946806354146125e-05,1.0
3.0,0.20126710688876742,135.0,0.26555555555555554,0.0024355948914793696,0.0019487057848117744,1.0
3.0,0.20126710688876742,136.0,0.26555555555555554,0.0026536717376461176,0.42127090711413456,1.0
3.0,0.20126710688876742,137.0,0.26555555555555554,0.0010189932845777786,0.000508489175940388,1.0
3.0,0.20126710688876742,138.0,0.26555555555555554,0.005245646267711411,0.02278727198035754,1.0
3.0,0.20126710688876742,139.0,0.26555555555555554,0.0023562280012789406,0.3291100249093354,1.0
3.0,0.20126710688876742,140.0,0.26555555555555554,0.0012341175862278892,0.08902714272088356,1.0
3.0,0.20126710688876742,141.0,0.26555555555555554,0.006961010374288921,4.748432775950085e-05,0.0
3.0,0.20126710688876742,142.0,0.26555555555555554,0.001929325619451192,0.008739272096005257,1.0
3.0,0.20126710688876742,143.0,0.26555555555555554,0.010284129344543425,0.0034648617462851752,0.0
3.0,0.20126710688876742,144.0,0.26555555555555554,0.005014578980301549,0.0,0.0
3.0,0.20126710688876742,145.0,0.26555555555555554,0.0070514293371455265,0.02061729088966341,0.0
3.0,0.20126710688876742,146.0,0.26555555555555554,0.0010068834277650739,0.002608174261912508,1.0
3.0,0.20126710688876742,147.0,0.26555555555555554,0.006098221991278914,0.0011993034362054824,1.0
3.0,0.20126710688876742,148.0,0.26555555555555554,0.0017507439472701114,0.0027014446462621795,1.0
3.0,0.20126710688876742,149.0,0.26555555555555554,0.006791147425112809,0.0,0.0
3.0,0.20126710688876742,150.0,0.26555555555555554,0.007492576649738219,0.0,0.0
3.0,0.20126710688876742,151.0,0.26555555555555554,0.006274753120350387,4.951713098593293,1.0
3.0,0.20126710688876742,152.0,0.26555555555555554,0.002453128745031302,0.06575636162294718,1.0
3.0,0.20126710688876742,153.0,0.26555555555555554,0.0036019920473515463,2.641504928656645,1.0
3.0,0.20126710688876742,154.0,0.26555555555555554,0.021544141154435568,0.0,0.0
3.0,0.20126710688876742,155.0,0.26555555555555554,0.020309536559334932,0.025785863108089477,1.0
3.0,0.20126710688876742,156.0,0.26555555555555554,0.008509224156570096,0.23059082605406545,1.0
3.0,0.20126710688876742,157.0,0.26555555555555554,0.0018828708782003272,0.22919214475837546,1.0
3.0,0.20126710688876742,158.0,0.26555555555555554,0.01154836937237203,2.1712727663551287e-06,0.0
3.0,0.20126710688876742,159.0,0.26555555555555554,0.010061740230976798,0.013345512310752735,1.0
3.0,0.20126710688876742,160.0,0.26555555555555554,0.002145613667889965,1.132096144668778e-05,1.0
3.0,0.20126710688876742,161.0,0.26555555555555554,0.005495563960635497,1.824529561803071e-05,1.0
3.0,0.20126710688876742,162.0,0.26555555555555554,0.007729513203397287,0.009303104176549696,0.0
3.0,0.20126710688876742,163.0,0.26555555555555554,0.023013753391521615,0.0,0.0
3.0,0.20126710688876742,164.0,0.26555555555555554,0.005085880534430645,0.031185350222759083,1.0
3.0,0.20126710688876742,165.0,0.26555555555555554,0.006766412965017898,2.884250360861477,1.0
3.0,0.20126710688876742,166.0,0.26555555555555554,0.012995245783681962,1.5332300129460714e-05,0.0
3.0,0.20126710688876742,167.0,0.26555555555555554,0.005480134128698328,2.016126889255881e-05,0.0
3.0,0.20126710688876742,168.0,0.26555555555555554,0.0016164194008413085,1.870727943835174,1.0
3.0,0.20126710688876742,169.0,0.26555555555555554,0.0016990587535124291,0.2913481446212521,1.0
3.0,0.20126710688876742,170.0,0.26555555555555554,0.002098763676818911,0.0034116097607474706,1.0
3.0,0.20126710688876742,171.0,0.26555555555555554,0.01070544657384154,0.0026322256229088167,0.0
3.0,0.20126710688876742,172.0,0.26555555555555554,0.0018096608165656877,0.021118693361850863,1.0
3.0,0.20126710688876742,173.0,0.26555555555555554,0.002623137184039777,0.12292397524234223,1.0
3.0,0.20126710688876742,174.0,0.26555555555555554,0.0018749576345635476,0.006371202272017749,1.0
3.0,0.20126710688876742,175.0,0.26555555555555554,0.0074771419866313076,6.2392738272851585e-06,0.0
3.0,0.20126710688876742,176.0,0.26555555555555554,0.011288572935418144,7.856924511212237e-06,0.0
3.0,0.20126710688876742,177.0,0.26555555555555554,0.004833183354876341,12.382784107642387,1.0
3.0,0.20126710688876742,178.0,0.26555555555555554,0.007312265630659221,0.9593085731750497,1.0
3.0,0.20126710688876742,179.0,0.26555555555555554,0.011334568675424456,0.0,0.0
3.0,0.20126710688876742,180.0,0.26555555555555554,0.0022086428805963396,0.010390383388516713,1.0
3.0,0.20126710688876742,181.0,0.26555555555555554,0.001173099733249851,0.00018064705704866807,1.0
3.0,0.20126710688876742,182.0,0.26555555555555554,0.0022554778667474257,0.000273561509765814,1.0
3.0,0.20126710688876742,183.0,0.26555555555555554,0.006138766618445583,0.0006397556845995956,0.0
3.0,0.20126710688876742,184.0,0.26555555555555554,0.022070953572881788,0.0,0.0
3.0,0.20126710688876742,185.0,0.26555555555555554,0.0063552336294721515,12.95926644161066,1.0
3.0,0.20126710688876742,186.0,0.26555555555555554,0.002010493909054865,0.2090962520390267,1.0
3.0,0.20126710688876742,187.0,0.26555555555555554,0.002059581368069628,0.0004959999334399458,1.0
3.0,0.20126710688876742,188.0,0.26555555555555554,0.004178642153368969,0.20716574268278604,1.0
3.0,0.20126710688876742,189.0,0.26555555555555554,0.0013462395466092856,0.007721596829244506,1.0
3.0,0.20126710688876742,190.0,0.26555555555555554,0.0062660707000023515,0.01956614645426614,0.0
3.0,0.20126710688876742,191.0,0.26555555555555554,0.02207433306836893,0.0,0.0
3.0,0.20126710688876742,192.0,0.26555555555555554,0.006728038576424842,0.0,0.0
3.0,0.20126710688876742,193.0,0.26555555555555554,0.005030954555303267,0.0,0.0
3.0,0.20126710688876742,194.0,0.26555555555555554,0.006911027159183487,0.30934945715270384,1.0
3.0,0.20126710688876742,195.0,0.26555555555555554,0.007006320242310205,0.00991871346256458,0.0
3.0,0.20126710688876742,196.0,0.26555555555555554,0.0027445627160252017,0.0016729189159727079,1.0
3.0,0.20126710688876742,197.0,0.26555555555555554,0.010055170258608772,0.0003607335540530331,0.0
3.0,0.20126710688876742,198.0,0.26555555555555554,0.012444030504455358,1.0054242723277921e-05,0.0
3.0,0.20126710688876742,199.0,0.26555555555555554,0.0066744093554403664,0.9744698499582628,1.0
3.0,0.20126710688876742,200.0,0.26555555555555554,0.005592670590936298,0.0,0.0
3.0,0.20126710688876742,201.0,0.26555555555555554,0.00987258956406025,0.00014397307600223457,0.0
3.0,0.20126710688876742,202.0,0.26555555555555554,0.007908808494512346,0.6710605813445549,1.0
3.0,0.20126710688876742,203.0,0.26555555555555554,0.006776224409667547,0.036115345585685577,0.0
3.0,0.20126710688876742,204.0,0.26555555555555554,0.012806875411514445,0.01547551556767842,0.0
3.0,0.20126710688876742,205.0,0.26555555555555554,0.004254755283650541,0.6226763704060313,1.0
3.0,0.20126710688876742,206.0,0.26555555555555554,0.006286705264478817,6.40727068688799,1.0
3.0,0.20126710688876742,207.0,0.26555555555555554,0.0031058931261932856,0.5782611008376454,1.0
3.0,0.20126710688876742,208.0,0.26555555555555554,0.0019259454170043344,0.0026669735545080922,1.0
3.0,0.20126710688876742,209.0,0.26555555555555554,0.0215388018743961,0.0,0.0
3.0,0.20126710688876742,210.0,0.26555555555555554,0.021470539428067453,0.0,0.0
3.0,0.20126710688876742,211.0,0.26555555555555554,0.007307171137600325,0.03035274834229692,1.0
3.0,0.20126710688876742,212.0,0.26555555555555554,0.006443665801031476,0.0027046525753935064,1.0
3.0,0.20126710688876742,213.0,0.26555555555555554,0.021705820881393525,0.0052324924857023326,0.0
3.0,0.20126710688876742,214.0,0.26555555555555554,0.002256594582706384,0.031322491093516744,1.0
3.0,0.20126710688876742,215.0,0.26555555555555554,0.01081022305611935,0.0,0.0
3.0,0.20126710688876742,216.0,0.26555555555555554,0.011754044720001019,0.0,0.0
3.0,0.20126710688876742,217.0,0.26555555555555554,0.006921795293294715,0.0,0.0
3.0,0.20126710688876742,218.0,0.26555555555555554,0.007431283125533304,0.0,0.0
3.0,0.20126710688876742,219.0,0.26555555555555554,0.00604966199213796,1.272601509000377,1.0
3.0,0.20126710688876742,220.0,0.26555555555555554,0.00653322037742967,0.0,0.0
3.0,0.20126710688876742,221.0,0.26555555555555554,0.003686549198996732,6.773386075836523,1.0
3.0,0.20126710688876742,222.0,0.26555555555555554,0.036222071229094814,7.535746512010345,1.0
3.0,0.20126710688876742,223.0,0.26555555555555554,0.006050232791275129,1.747733359574207,1.0
3.0,0.20126710688876742,224.0,0.26555555555555554,0.005721373863833966,0.00017958841807851102,1.0
3.0,0.20126710688876742,225.0,0.26555555555555554,0.008334449773505996,5.588782511072866,1.0
3.0,0.20126710688876742,226.0,0.26555555555555554,0.006752009698585356,8.83906663169438e-07,0.0
3.0,0.20126710688876742,227.0,0.26555555555555554,0.0074407792486351305,0.0,0.0
3.0,0.20126710688876742,228.0,0.26555555555555554,0.0035993399796168824,0.002188706646316188,1.0
3.0,0.20126710688876742,229.0,0.26555555555555554,0.0056845138807473045,1.6608932420666018,1.0
3.0,0.20126710688876742,230.0,0.26555555555555554,0.011468205470471692,2.8440414534195675,1.0
3.0,0.20126710688876742,231.0,0.26555555555555554,0.0019149923910398963,0.002324049077463924,1.0
3.0,0.20126710688876742,232.0,0.26555555555555554,0.006926404762537473,0.0,0.0
3.0,0.20126710688876742,233.0,0.26555555555555554,0.006218833669999367,0.7446096590331471,1.0
3.0,0.20126710688876742,234.0,0.26555555555555554,0.0018400717429596365,0.3939419379658171,1.0
3.0,0.20126710688876742,235.0,0.26555555555555554,0.001618917000009693,0.0008581737968727047,1.0
3.0,0.20126710688876742,236.0,0.26555555555555554,0.011259200493634276,0.007859764173486099,0.0
3.0,0.20126710688876742,237.0,0.26555555555555554,0.007861378430229283,0.0008697727518675884,0.0
3.0,0.20126710688876742,238.0,0.26555555555555554,0.007190177828476879,0.021377867657768286,0.0
3.0,0.20126710688876742,239.0,0.26555555555555554,0.0053051577649309714,0.03356480736025521,1.0
3.0,0.20126710688876742,240.0,0.26555555555555554,0.007163838762519936,0.00011325553576763214,0.0
3.0,0.20126710688876742,241.0,0.26555555555555554,0.0022549854724068837,0.010271115858687747,1.0
3.0,0.20126710688876742,242.0,0.26555555555555554,0.00595974952808553,5.71090164003677,1.0
3.0,0.20126710688876742,243.0,0.26555555555555554,0.0059462581870188365,0.004667039742892944,1.0
3.0,0.20126710688876742,244.0,0.26555555555555554,0.01469939591667245,7.300293864992067,1.0
3.0,0.20126710688876742,245.0,0.26555555555555554,0.00864647309631435,1.4238845003377738,1.0
3.0,0.20126710688876742,246.0,0.26555555555555554,0.0025901692042258097,0.005857025410171345,1.0
3.0,0.20126710688876742,247.0,0.26555555555555554,0.005759695946485999,0.24231866604327856,1.0
3.0,0.20126710688876742,248.0,0.26555555555555554,0.003916564811429502,0.2401551943219662,1.0
3.0,0.20126710688876742,249.0,0.26555555555555554,0.0072872092270572005,6.201462079433303,1.0
3.0,0.20126710688876742,250.0,0.26555555555555554,0.011632237789563791,0.007593207754236941,0.0
3.0,0.20126710688876742,251.0,0.26555555555555554,0.0048948992178632295,1.5972094053741175,1.0
3.0,0.20126710688876742,252.0,0.26555555555555554,0.0017456409263785213,0.08274144369933671,1.0
3.0,0.20126710688876742,253.0,0.26555555555555554,0.006631863056886495,0.0033934626914090276,1.0
3.0,0.20126710688876742,254.0,0.26555555555555554,0.001853127661763656,0.00012909470443989493,1.0
3.0,0.20126710688876742,255.0,0.26555555555555554,0.00660630034455377,1.0820421701399362e-05,0.0
3.0,0.20126710688876742,256.0,0.26555555555555554,0.00810898473752327,0.0823816354116827,1.0
3.0,0.20126710688876742,257.0,0.26555555555555554,0.001876754578932985,0.0022120741697117894,1.0
3.0,0.20126710688876742,258.0,0.26555555555555554,0.0008840050296871472,0.05053518627288605,1.0
3.0,0.20126710688876742,259.0,0.26555555555555554,0.007408410293214486,0.0,0.0
3.0,0.20126710688876742,260.0,0.26555555555555554,0.0038638159512827965,0.05132959963965956,1.0
3.0,0.20126710688876742,261.0,0.26555555555555554,0.0022546800714088886,7.375415878743708,1.0
3.0,0.20126710688876742,262.0,0.26555555555555554,0.004930130989149386,1.5145584414628417e-06,0.0
3.0,0.20126710688876742,263.0,0.26555555555555554,0.004380708894340314,2.0968503254219667e-06,0.0
3.0,0.20126710688876742,264.0,0.26555555555555554,0.002068980127213527,0.0026225908974074692,1.0
3.0,0.20126710688876742,265.0,0.26555555555555554,0.0023264490251014114,8.523272869103304,1.0
3.0,0.20126710688876742,266.0,0.26555555555555554,0.02194758836657184,0.0,0.0
3.0,0.20126710688876742,267.0,0.26555555555555554,0.00705572847466311,0.01934175024052893,0.0
3.0,0.20126710688876742,268.0,0.26555555555555554,0.011223272226229077,0.0,0.0
3.0,0.20126710688876742,269.0,0.26555555555555554,0.003111278056800033,0.16923140581365406,1.0
3.0,0.20126710688876742,270.0,0.26555555555555554,0.002167619592352614,1.6166169596112412,1.0
3.0,0.20126710688876742,271.0,0.26555555555555554,0.0066034480741379385,0.0,0.0
3.0,0.20126710688876742,272.0,0.26555555555555554,0.01274436187486208,0.0,0.0
3.0,0.20126710688876742,273.0,0.26555555555555554,0.0035590490478563993,4.407711646111925,1.0
3.0,0.20126710688876742,274.0,0.26555555555555554,0.018630869047605008,0.0006136469637606604,0.0
3.0,0.20126710688876742,275.0,0.26555555555555554,0.00417547610910148,4.859124514164594e-05,0.0
3.0,0.20126710688876742,276.0,0.26555555555555554,0.0062905098601264645,0.1754060957767938,1.0
3.0,0.20126710688876742,277.0,0.26555555555555554,0.0030948575996786356,0.00017095084879300524,1.0
3.0,0.20126710688876742,278.0,0.26555555555555554,0.006185271212294014,0.0005730067669536424,1.0
3.0,0.20126710688876742,279.0,0.26555555555555554,0.006155076730147641,0.0,0.0
3.0,0.20126710688876742,280.0,0.26555555555555554,0.00528465020192591,0.04765799582366271,1.0
3.0,0.20126710688876742,281.0,0.26555555555555554,0.003057127649694193,1.558701213774975,1.0
3.0,0.20126710688876742,282.0,0.26555555555555554,0.0033011493037465632,0.8832035860821925,1.0
3.0,0.20126710688876742,283.0,0.26555555555555554,0.0027671791575724757,0.00018778065703366117,1.0
3.0,0.20126710688876742,284.0,0.26555555555555554,0.010933440710375546,0.00024093510091788606,0.0
3.0,0.20126710688876742,285.0,0.26555555555555554,0.0017297593485465887,0.3310540400345849,1.0
3.0,0.20126710688876742,286.0,0.26555555555555554,0.003164559752027202,0.051892122607950425,1.0
3.0,0.20126710688876742,287.0,0.26555555555555554,0.0017437343890252593,0.07937427871882342,1.0
3.0,0.20126710688876742,288.0,0.26555555555555554,0.0007356827937142077,0.0005876173873826675,1.0
3.0,0.20126710688876742,289.0,0.26555555555555554,0.006798335155498473,0.0,0.0
3.0,0.20126710688876742,290.0,0.26555555555555554,0.007906322533387066,0.55724655220666,1.0
3.0,0.20126710688876742,291.0,0.26555555555555554,0.007181375303820264,0.0,0.0
3.0,0.20126710688876742,292.0,0.26555555555555554,0.002557676444672469,0.08199268871415834,1.0
3.0,0.20126710688876742,293.0,0.26555555555555554,0.001038172178922155,0.05051035864868175,1.0
3.0,0.20126710688876742,294.0,0.26555555555555554,0.012502084995174956,0.0,0.0
3.0,0.20126710688876742,295.0,0.26555555555555554,0.003909861698316236,0.7811488242080713,1.0
3.0,0.20126710688876742,296.0,0.26555555555555554,0.006668036376401527,1.1674834816322723,1.0
3.0,0.20126710688876742,297.0,0.26555555555555554,0.008556409518454784,0.0,0.0
3.0,0.20126710688876742,298.0,0.26555555555555554,0.007134585471803316,0.0,0.0
3.0,0.20126710688876742,299.0,0.26555555555555554,0.0023401672850653123,2.2119310131437495,1.0
3.0,0.20126710688876742,300.0,0.26555555555555554,0.006050583773878425,0.00967483002227496,1.0
3.0,0.20126710688876742,301.0,0.26555555555555554,0.001791748920748218,0.023410793815060605,1.0
3.0,0.20126710688876742,302.0,0.26555555555555554,0.0017403654970268054,0.3578545588723398,1.0
3.0,0.20126710688876742,303.0,0.26555555555555554,0.009673152303783692,0.020223308767106714,0.0
3.0,0.20126710688876742,304.0,0.26555555555555554,0.006970771839770282,5.506418810554367e-06,0.0
3.0,0.20126710688876742,305.0,0.26555555555555554,0.01533400567852581,1.9958869968510575e-05,0.0
3.0,0.20126710688876742,306.0,0.26555555555555554,0.016472007395954384,0.0,0.0
3.0,0.20126710688876742,307.0,0.26555555555555554,0.011346886618283675,0.02381815269244549,0.0
3.0,0.20126710688876742,308.0,0.26555555555555554,0.0014538733059874102,0.0008487593635130684,1.0
3.0,0.20126710688876742,309.0,0.26555555555555554,0.007349547870647465,1.865123290234149e-05,0.0
3.0,0.20126710688876742,310.0,0.26555555555555554,0.0009471473353504004,2.112515827950946,1.0
3.0,0.20126710688876742,311.0,0.26555555555555554,0.0068670526967379115,0.0,0.0
3.0,0.20126710688876742,312.0,0.26555555555555554,0.0047344208836406065,0.00021003698387174046,1.0
3.0,0.20126710688876742,313.0,0.26555555555555554,0.011621081140815424,0.01787613206873085,0.0
3.0,0.20126710688876742,314.0,0.26555555555555554,0.009574273769865353,0.0,0.0
3.0,0.20126710688876742,315.0,0.26555555555555554,0.0061395725193954895,0.28305097766766124,1.0
3.0,0.20126710688876742,316.0,0.26555555555555554,0.02176670421574582,1.8390256107573115e-05,0.0
3.0,0.20126710688876742,317.0,0.26555555555555554,0.007297361918310012,0.0,0.0
3.0,0.20126710688876742,318.0,0.26555555555555554,0.006467289911405352,0.0007807369968203755,0.0
3.0,0.20126710688876742,319.0,0.26555555555555554,0.006868081632997637,2.9451817561736883e-05,0.0
3.0,0.20126710688876742,320.0,0.26555555555555554,0.021366707201690937,0.0,0.0
3.0,0.20126710688876742,321.0,0.26555555555555554,0.0018339742083829532,6.16062364896361,1.0
3.0,0.20126710688876742,322.0,0.26555555555555554,0.006734340098529423,2.0194099818512393e-05,0.0
3.0,0.20126710688876742,323.0,0.26555555555555554,0.004115506280108113,0.0003959673114762563,1.0
3.0,0.20126710688876742,324.0,0.26555555555555554,0.010655334561710222,0.0007536443591556102,0.0
3.0,0.20126710688876742,325.0,0.26555555555555554,0.0015899253505285422,0.031470673542288274,1.0
3.0,0.20126710688876742,326.0,0.26555555555555554,0.00162863001043358,0.010809968506225334,1.0
3.0,0.20126710688876742,327.0,0.26555555555555554,0.011672749208355065,0.0,0.0
3.0,0.20126710688876742,328.0,0.26555555555555554,0.0034369639721254426,0.004550045112138249,1.0
3.0,0.20126710688876742,329.0,0.26555555555555554,0.002961386947425598,0.002107291461976645,1.0
3.0,0.20126710688876742,330.0,0.26555555555555554,0.008001361927875424,0.0,0.0
3.0,0.20126710688876742,331.0,0.26555555555555554,0.0041759340907010795,4.248308837403673,1.0
3.0,0.20126710688876742,332.0,0.26555555555555554,0.0115266518291697,1.7363883709853217e-07,0.0
3.0,0.20126710688876742,333.0,0.26555555555555554,0.00316887477679334,0.000726626007922724,1.0
3.0,0.20126710688876742,334.0,0.26555555555555554,0.022050930025660796,0.0,0.0
3.0,0.20126710688876742,335.0,0.26555555555555554,0.00738437680318898,0.0,0.0
3.0,0.20126710688876742,336.0,0.26555555555555554,0.004641562341391774,0.05501983257305522,1.0
3.0,0.20126710688876742,337.0,0.26555555555555554,0.00885177493201678,4.758147951502866,1.0
3.0,0.20126710688876742,338.0,0.26555555555555554,0.02179592119552405,0.0,0.0
3.0,0.20126710688876742,339.0,0.26555555555555554,0.001554050392007359,0.1719573080615308,1.0
3.0,0.20126710688876742,340.0,0.26555555555555554,0.003036549591642606,4.994047962991209,1.0
3.0,0.20126710688876742,341.0,0.26555555555555554,0.002805961214009101,1.0771869716842017,1.0
3.0,0.20126710688876742,342.0,0.26555555555555554,0.007095406912057728,0.0,0.0
3.0,0.20126710688876742,343.0,0.26555555555555554,0.0061608856100289645,0.00026522175790559077,1.0
3.0,0.20126710688876742,344.0,0.26555555555555554,0.006480718846875795,0.00764975060672092,1.0
3.0,0.20126710688876742,345.0,0.26555555555555554,0.0018424639107818051,0.09661588637304419,1.0
3.0,0.20126710688876742,346.0,0.26555555555555554,0.002220628533364546,3.2342746053819036e-06,1.0
3.0,0.20126710688876742,347.0,0.26555555555555554,0.0010776696419407075,0.008283996134027399,1.0
3.0,0.20126710688876742,348.0,0.26555555555555554,0.0008925183730916339,0.0015155725558366013,1.0
3.0,0.20126710688876742,349.0,0.26555555555555554,0.0031925960363508843,0.0015085547189611663,1.0
3.0,0.20126710688876742,350.0,0.26555555555555554,0.0037585973732175274,0.02080265365146955,0.0
3.0,0.20126710688876742,351.0,0.26555555555555554,0.010038403659041262,0.0020074866414194047,1.0
3.0,0.20126710688876742,352.0,0.26555555555555554,0.004944927118829461,0.08664956606222016,0.0
3.0,0.20126710688876742,353.0,0.26555555555555554,0.004241354777132097,0.0,0.0
3.0,0.20126710688876742,354.0,0.26555555555555554,0.0004080744767888875,0.02186211653294269,1.0
3.0,0.20126710688876742,355.0,0.26555555555555554,0.01868299010464706,0.0,0.0
3.0,0.20126710688876742,356.0,0.26555555555555554,0.006731362077095627,0.25097717125279967,1.0
3.0,0.20126710688876742,357.0,0.26555555555555554,0.012257686943175368,0.0,0.0
3.0,0.20126710688876742,358.0,0.26555555555555554,0.007631991766071903,0.0313455933562776,1.0
3.0,0.20126710688876742,359.0,0.26555555555555554,0.011684093019553247,0.020299314725140464,0.0
3.0,0.20126710688876742,360.0,0.26555555555555554,0.002332742875284236,0.010424192783846513,1.0
3.0,0.20126710688876742,361.0,0.26555555555555554,0.00219881248693722,0.04005178031299113,1.0
3.0,0.20126710688876742,362.0,0.26555555555555554,0.0015947531498302068,0.12430848603062776,1.0
3.0,0.20126710688876742,363.0,0.26555555555555554,0.0012049257023059754,0.025018276595296166,1.0
3.0,0.20126710688876742,364.0,0.26555555555555554,0.002090076192346399,0.009892159879518353,1.0
3.0,0.20126710688876742,365.0,0.26555555555555554,0.00634138354531926,1.0314583495365306,1.0
3.0,0.20126710688876742,366.0,0.26555555555555554,0.012976435028122218,1.5952133809293557e-06,0.0
3.0,0.20126710688876742,367.0,0.26555555555555554,0.0015117619563980575,0.2656460756279134,1.0
3.0,0.20126710688876742,368.0,0.26555555555555554,0.006824130255319262,0.0,0.0
3.0,0.20126710688876742,369.0,0.26555555555555554,0.007163385636407965,0.0,0.0
3.0,0.20126710688876742,370.0,0.26555555555555554,0.0020607203076468085,0.06257030514389487,1.0
3.0,0.20126710688876742,371.0,0.26555555555555554,0.005036678599655842,0.0023095410787885256,0.0
3.0,0.20126710688876742,372.0,0.26555555555555554,0.002026406828588747,0.6704112958705117,1.0
3.0,0.20126710688876742,373.0,0.26555555555555554,0.018345484678073933,0.016350807879370797,1.0
3.0,0.20126710688876742,374.0,0.26555555555555554,0.011890664504389525,0.0,0.0
3.0,0.20126710688876742,375.0,0.26555555555555554,0.0010575473552290053,0.2954555960427336,1.0
3.0,0.20126710688876742,376.0,0.26555555555555554,0.003944639642222388,0.0005344706674042369,1.0
3.0,0.20126710688876742,377.0,0.26555555555555554,0.0024416886244273614,0.32070889287582915,1.0
3.0,0.20126710688876742,378.0,0.26555555555555554,0.0026676583469145,0.015887760059444374,1.0
3.0,0.20126710688876742,379.0,0.26555555555555554,0.006499265088159954,0.015973148307842612,0.0
3.0,0.20126710688876742,380.0,0.26555555555555554,0.004373986519856354,0.0015143275608409566,1.0
3.0,0.20126710688876742,381.0,0.26555555555555554,0.011324200993632036,3.9789377774221744e-05,0.0
3.0,0.20126710688876742,382.0,0.26555555555555554,0.0017519541302658376,0.0006423001457995302,1.0
3.0,0.20126710688876742,383.0,0.26555555555555554,0.001279053830784185,0.05207868113762437,1.0
3.0,0.20126710688876742,384.0,0.26555555555555554,0.0022529274215910017,0.523959612713273,1.0
3.0,0.20126710688876742,385.0,0.26555555555555554,0.012575943580012666,2.5035497577632206,1.0
3.0,0.20126710688876742,386.0,0.26555555555555554,0.007948506076951065,0.0018287665478609843,1.0
3.0,0.20126710688876742,387.0,0.26555555555555554,0.011320431914896595,0.0,0.0
3.0,0.20126710688876742,388.0,0.26555555555555554,0.007047269475043529,1.2644620977502998e-06,0.0
3.0,0.20126710688876742,389.0,0.26555555555555554,0.005253730172603454,1.204308052462266e-06,0.0
3.0,0.20126710688876742,390.0,0.26555555555555554,0.0030702617365766724,0.1571124385261489,1.0
3.0,0.20126710688876742,391.0,0.26555555555555554,0.0032695779570433604,0.029315771166584577,1.0
3.0,0.20126710688876742,392.0,0.26555555555555554,0.01085464747438411,0.0,0.0
3.0,0.20126710688876742,393.0,0.26555555555555554,0.00795510111065349,6.207870200198318e-06,0.0
3.0,0.20126710688876742,394.0,0.26555555555555554,0.002761136586708763,0.0030807024829958302,1.0
3.0,0.20126710688876742,395.0,0.26555555555555554,0.0014460685201117232,0.0034174049155908637,1.0
3.0,0.20126710688876742,396.0,0.26555555555555554,0.005236616739799275,4.592260475868636e-05,0.0
3.0,0.20126710688876742,397.0,0.26555555555555554,0.0052103077103038764,0.4277780321885984,1.0
3.0,0.20126710688876742,398.0,0.26555555555555554,0.003272213084151059,0.0002243060717957212,1.0
3.0,0.20126710688876742,399.0,0.26555555555555554,0.0021922378991741432,0.016277744908153032,1.0
3.0,0.20126710688876742,0.0,0.27666666666666667,0.008469926499401512,0.00020105657328874685,1.0
3.0,0.20126710688876742,1.0,0.27666666666666667,0.004106142723561308,5.475154803857405,1.0
3.0,0.20126710688876742,2.0,0.27666666666666667,0.006820320462546508,3.872863779466446e-08,0.0
3.0,0.20126710688876742,3.0,0.27666666666666667,0.004939121029657253,0.007584279269913231,0.0
3.0,0.20126710688876742,4.0,0.27666666666666667,0.0009615664290212308,0.10800974424355113,1.0
3.0,0.20126710688876742,5.0,0.27666666666666667,0.003732178819594914,0.00326372948130006,1.0
3.0,0.20126710688876742,6.0,0.27666666666666667,0.0045046245640273375,0.0,0.0
3.0,0.20126710688876742,7.0,0.27666666666666667,0.021162109678805545,2.5847335914373934e-06,0.0
3.0,0.20126710688876742,8.0,0.27666666666666667,0.012170951051559875,0.0005160977169575536,0.0
3.0,0.20126710688876742,9.0,0.27666666666666667,0.006832258520125249,5.6879579595275605e-05,1.0
3.0,0.20126710688876742,10.0,0.27666666666666667,0.004651225891011741,0.3999978590516464,1.0
3.0,0.20126710688876742,11.0,0.27666666666666667,0.001931117068599539,0.16129174789853282,1.0
3.0,0.20126710688876742,12.0,0.27666666666666667,0.004138977023572863,6.077880036683655,1.0
3.0,0.20126710688876742,13.0,0.27666666666666667,0.012149498763445298,0.08031601729508678,0.0
3.0,0.20126710688876742,14.0,0.27666666666666667,0.0061659244939801065,1.8246685165836523,1.0
3.0,0.20126710688876742,15.0,0.27666666666666667,0.009651047200603901,0.08575534608586817,1.0
3.0,0.20126710688876742,16.0,0.27666666666666667,0.050082728103720574,0.017560680024851793,1.0
3.0,0.20126710688876742,17.0,0.27666666666666667,0.006386618970198007,0.08161801334155808,1.0
3.0,0.20126710688876742,18.0,0.27666666666666667,0.006654180044351943,1.6974057885916527,1.0
3.0,0.20126710688876742,19.0,0.27666666666666667,0.006110457140524386,0.02492944139732898,1.0
3.0,0.20126710688876742,20.0,0.27666666666666667,0.011247857337926817,0.2927284518616958,1.0
3.0,0.20126710688876742,21.0,0.27666666666666667,0.007713499214886172,1.5234474507774053e-05,1.0
3.0,0.20126710688876742,22.0,0.27666666666666667,0.0011092561235859482,0.0081680591935678,1.0
3.0,0.20126710688876742,23.0,0.27666666666666667,0.02171483123078252,5.571642651931465e-06,0.0
3.0,0.20126710688876742,24.0,0.27666666666666667,0.00220901464108257,0.08373850747783655,1.0
3.0,0.20126710688876742,25.0,0.27666666666666667,0.007626471996938425,0.0,0.0
3.0,0.20126710688876742,26.0,0.27666666666666667,0.0012429175421607378,0.0001884664538934311,1.0
3.0,0.20126710688876742,27.0,0.27666666666666667,0.010736450382426335,0.0,0.0
3.0,0.20126710688876742,28.0,0.27666666666666667,0.0073914932626731236,0.002331570636320505,1.0
3.0,0.20126710688876742,29.0,0.27666666666666667,0.0018483100569658619,0.0006905427984548314,1.0
3.0,0.20126710688876742,30.0,0.27666666666666667,0.0670816427250149,0.3083368823712282,1.0
3.0,0.20126710688876742,31.0,0.27666666666666667,0.0021403254692444976,0.546260903107324,1.0
3.0,0.20126710688876742,32.0,0.27666666666666667,0.012625776985824268,0.0007080553517522593,0.0
3.0,0.20126710688876742,33.0,0.27666666666666667,0.0010500561154522174,0.0015542845074183417,1.0
3.0,0.20126710688876742,34.0,0.27666666666666667,0.004444725935283486,0.0,0.0
3.0,0.20126710688876742,35.0,0.27666666666666667,0.011128335369969981,0.0,0.0
3.0,0.20126710688876742,36.0,0.27666666666666667,0.010827608408958588,0.00012698357194269394,0.0
3.0,0.20126710688876742,37.0,0.27666666666666667,0.0021466182102777218,0.0496686631669307,1.0
3.0,0.20126710688876742,38.0,0.27666666666666667,0.02574587133566949,0.0013641652964695846,1.0
3.0,0.20126710688876742,39.0,0.27666666666666667,0.0074226882692970154,0.0003602122287117576,0.0
3.0,0.20126710688876742,40.0,0.27666666666666667,0.01256686170148259,0.005661022144694621,0.0
3.0,0.20126710688876742,41.0,0.27666666666666667,0.002876450127306543,0.626588263521395,1.0
3.0,0.20126710688876742,42.0,0.27666666666666667,0.005529898865381196,9.902754814983258,1.0
3.0,0.20126710688876742,43.0,0.27666666666666667,0.007132006568704566,0.0,0.0
3.0,0.20126710688876742,44.0,0.27666666666666667,0.002826998815419775,0.004498034267289913,1.0
3.0,0.20126710688876742,45.0,0.27666666666666667,0.005202800117777276,0.02738293619806573,1.0
3.0,0.20126710688876742,46.0,0.27666666666666667,0.005680842567595769,0.0,0.0
3.0,0.20126710688876742,47.0,0.27666666666666667,0.011217132028401949,0.0018014663005287044,0.0
3.0,0.20126710688876742,48.0,0.27666666666666667,0.007191145805027934,0.15168307110188017,1.0
3.0,0.20126710688876742,49.0,0.27666666666666667,0.043388894341854084,0.19957997119937132,1.0
3.0,0.20126710688876742,50.0,0.27666666666666667,0.007579672919161885,0.0,0.0
3.0,0.20126710688876742,51.0,0.27666666666666667,0.010462599411014777,0.00036729223056792827,0.0
3.0,0.20126710688876742,52.0,0.27666666666666667,0.021791064134790747,0.0,0.0
3.0,0.20126710688876742,53.0,0.27666666666666667,0.003396480809777031,5.365273939198666,1.0
3.0,0.20126710688876742,54.0,0.27666666666666667,0.0031704384277396486,10.633638932108209,1.0
3.0,0.20126710688876742,55.0,0.27666666666666667,0.0070818238043754665,0.0009754113366550032,1.0
3.0,0.20126710688876742,56.0,0.27666666666666667,0.004165776261038524,6.828499769012083e-06,0.0
3.0,0.20126710688876742,57.0,0.27666666666666667,0.003397346321271806,0.00037778332736630683,1.0
3.0,0.20126710688876742,58.0,0.27666666666666667,0.02130172031779417,0.0,0.0
3.0,0.20126710688876742,59.0,0.27666666666666667,0.0055838977019293835,0.0,0.0
3.0,0.20126710688876742,60.0,0.27666666666666667,0.010164441025442486,0.0,0.0
3.0,0.20126710688876742,61.0,0.27666666666666667,0.002943355148990521,0.017413600235824802,1.0
3.0,0.20126710688876742,62.0,0.27666666666666667,0.005202618865484321,0.0038320385225991127,0.0
3.0,0.20126710688876742,63.0,0.27666666666666667,0.006050650657966176,0.17391734018912025,1.0
3.0,0.20126710688876742,64.0,0.27666666666666667,0.0031406533249775147,3.4789879369699404,1.0
3.0,0.20126710688876742,65.0,0.27666666666666667,0.011663615008622254,0.0,0.0
3.0,0.20126710688876742,66.0,0.27666666666666667,0.0017988507609618444,0.5512067092323509,1.0
3.0,0.20126710688876742,67.0,0.27666666666666667,0.005725292451394757,0.3520563051216838,1.0
3.0,0.20126710688876742,68.0,0.27666666666666667,0.006444068898476113,5.598125650405255,1.0
3.0,0.20126710688876742,69.0,0.27666666666666667,0.04874497381980396,0.0,0.0
3.0,0.20126710688876742,70.0,0.27666666666666667,0.006380396738912916,0.0022840304779054915,1.0
3.0,0.20126710688876742,71.0,0.27666666666666667,0.02205228234630274,0.0,0.0
3.0,0.20126710688876742,72.0,0.27666666666666667,0.0067709051393060075,0.011557733184842761,1.0
3.0,0.20126710688876742,73.0,0.27666666666666667,0.0022884776977904627,0.00016525542616414936,1.0
3.0,0.20126710688876742,74.0,0.27666666666666667,0.007526882410522722,0.0,0.0
3.0,0.20126710688876742,75.0,0.27666666666666667,0.004844984103648082,0.0975014270105591,1.0
3.0,0.20126710688876742,76.0,0.27666666666666667,0.010867735371647367,0.0006317392184678478,0.0
3.0,0.20126710688876742,77.0,0.27666666666666667,0.0076664232367387964,0.0,0.0
3.0,0.20126710688876742,78.0,0.27666666666666667,0.002053318318174317,2.2234389171733318,1.0
3.0,0.20126710688876742,79.0,0.27666666666666667,0.011425647668124456,0.002540790787340868,0.0
3.0,0.20126710688876742,80.0,0.27666666666666667,0.002733994333562917,0.0255960438872516,1.0
3.0,0.20126710688876742,81.0,0.27666666666666667,0.002386771637026196,0.03197690067198038,1.0
3.0,0.20126710688876742,82.0,0.27666666666666667,0.00760002772954327,11.553840119938501,1.0
3.0,0.20126710688876742,83.0,0.27666666666666667,0.0005872068453295481,0.004654359487703204,1.0
3.0,0.20126710688876742,84.0,0.27666666666666667,0.025361935697479705,3.707008555316043,1.0
3.0,0.20126710688876742,85.0,0.27666666666666667,0.007005199614110677,0.10817403162663669,1.0
3.0,0.20126710688876742,86.0,0.27666666666666667,0.002601760979432071,0.00028254665088486304,1.0
3.0,0.20126710688876742,87.0,0.27666666666666667,0.002673544384551362,1.1192114138255912e-05,1.0
3.0,0.20126710688876742,88.0,0.27666666666666667,0.005267797191842083,12.058129066973521,1.0
3.0,0.20126710688876742,89.0,0.27666666666666667,0.0022101882314707775,0.38253100495968917,1.0
3.0,0.20126710688876742,90.0,0.27666666666666667,0.010808590408602263,5.449227645191232e-06,0.0
3.0,0.20126710688876742,91.0,0.27666666666666667,0.00767759324838641,0.002414086340080061,0.0
3.0,0.20126710688876742,92.0,0.27666666666666667,0.010468783719763767,0.48480599743820035,1.0
3.0,0.20126710688876742,93.0,0.27666666666666667,0.010645094724306445,0.0002588590594331876,0.0
3.0,0.20126710688876742,94.0,0.27666666666666667,0.0015207287771387963,0.0002042307661594135,1.0
3.0,0.20126710688876742,95.0,0.27666666666666667,0.002049458254995126,0.22504686997099532,1.0
3.0,0.20126710688876742,96.0,0.27666666666666667,0.010035672967973723,1.4502968099899713e-06,1.0
3.0,0.20126710688876742,97.0,0.27666666666666667,0.009723201821584955,0.002612153368693918,1.0
3.0,0.20126710688876742,98.0,0.27666666666666667,0.002503876068841953,0.04719178771353135,1.0
3.0,0.20126710688876742,99.0,0.27666666666666667,0.011077686476710782,0.0,0.0
3.0,0.20126710688876742,100.0,0.27666666666666667,0.007454302661519428,0.01815561803455578,1.0
3.0,0.20126710688876742,101.0,0.27666666666666667,0.0026477029812787506,0.07213333333778994,1.0
3.0,0.20126710688876742,102.0,0.27666666666666667,0.007420843470512879,0.0,0.0
3.0,0.20126710688876742,103.0,0.27666666666666667,0.007302555273657026,0.0,0.0
3.0,0.20126710688876742,104.0,0.27666666666666667,0.007398202599072386,0.0,0.0
3.0,0.20126710688876742,105.0,0.27666666666666667,0.0023258511971821815,0.0333175613741109,1.0
3.0,0.20126710688876742,106.0,0.27666666666666667,0.012438603165005915,0.10895003559440562,1.0
3.0,0.20126710688876742,107.0,0.27666666666666667,0.03576090050868529,0.06197600146735427,1.0
3.0,0.20126710688876742,108.0,0.27666666666666667,0.005630474237273832,0.42716206727969325,1.0
3.0,0.20126710688876742,109.0,0.27666666666666667,0.002007779100860786,0.10336806637625871,1.0
3.0,0.20126710688876742,110.0,0.27666666666666667,0.002619280554113113,0.1043050418522671,1.0
3.0,0.20126710688876742,111.0,0.27666666666666667,0.012757893200943853,0.08657534226223403,1.0
3.0,0.20126710688876742,112.0,0.27666666666666667,0.005126895154053128,0.18179297498826588,1.0
3.0,0.20126710688876742,113.0,0.27666666666666667,0.009976434372282355,0.008012985794959262,1.0
3.0,0.20126710688876742,114.0,0.27666666666666667,0.0020983810309514114,0.875051961921422,1.0
3.0,0.20126710688876742,115.0,0.27666666666666667,0.006870908882188128,0.0,0.0
3.0,0.20126710688876742,116.0,0.27666666666666667,0.001858935367987657,0.004698070661918852,1.0
3.0,0.20126710688876742,117.0,0.27666666666666667,0.010531720456413072,0.04221166852958159,0.0
3.0,0.20126710688876742,118.0,0.27666666666666667,0.005598790355162017,0.00026860765869881904,1.0
3.0,0.20126710688876742,119.0,0.27666666666666667,0.004843950273141887,0.0,0.0
3.0,0.20126710688876742,120.0,0.27666666666666667,0.00604874242999,0.2369396980036394,1.0
3.0,0.20126710688876742,121.0,0.27666666666666667,0.01783993174328509,0.0,0.0
3.0,0.20126710688876742,122.0,0.27666666666666667,0.004434972815412911,0.0,0.0
3.0,0.20126710688876742,123.0,0.27666666666666667,0.003441113586875628,0.004032375251789369,1.0
3.0,0.20126710688876742,124.0,0.27666666666666667,0.0033221203297658076,1.5177777416884648,1.0
3.0,0.20126710688876742,125.0,0.27666666666666667,0.005854551979880947,0.00015686565700389485,0.0
3.0,0.20126710688876742,126.0,0.27666666666666667,0.02449041675611232,7.892302421627571,1.0
3.0,0.20126710688876742,127.0,0.27666666666666667,0.005542053466260228,0.0019474700803362673,1.0
3.0,0.20126710688876742,128.0,0.27666666666666667,0.0072325953271228476,0.00037195913223385065,1.0
3.0,0.20126710688876742,129.0,0.27666666666666667,0.0028671642848806817,0.00014977148222263174,1.0
3.0,0.20126710688876742,130.0,0.27666666666666667,0.007396353106573947,0.0,0.0
3.0,0.20126710688876742,131.0,0.27666666666666667,0.0027721659288977617,0.0602566454782712,1.0
3.0,0.20126710688876742,132.0,0.27666666666666667,0.007249680960672144,0.0,0.0
3.0,0.20126710688876742,133.0,0.27666666666666667,0.007227332516967564,0.0002553034634342014,0.0
3.0,0.20126710688876742,134.0,0.27666666666666667,0.003352801963677903,0.00240932342904999,1.0
3.0,0.20126710688876742,135.0,0.27666666666666667,0.004416346949137506,0.020495563833602955,0.0
3.0,0.20126710688876742,136.0,0.27666666666666667,0.0037725534166275386,1.3569868805258565,1.0
3.0,0.20126710688876742,137.0,0.27666666666666667,0.00211635007520851,0.0013149890477773785,1.0
3.0,0.20126710688876742,138.0,0.27666666666666667,0.0070702853455449095,0.012941124468530183,1.0
3.0,0.20126710688876742,139.0,0.27666666666666667,0.012035579337468653,0.0,0.0
3.0,0.20126710688876742,140.0,0.27666666666666667,0.002868322905503767,6.816692354572786,1.0
3.0,0.20126710688876742,141.0,0.27666666666666667,0.006728474409500843,5.732664330785637e-05,0.0
3.0,0.20126710688876742,142.0,0.27666666666666667,0.006848632829888551,0.003602232065879688,0.0
3.0,0.20126710688876742,143.0,0.27666666666666667,0.006450146165691826,3.0877327281726923,1.0
3.0,0.20126710688876742,144.0,0.27666666666666667,0.0027441592045126303,0.020967592468577972,1.0
3.0,0.20126710688876742,145.0,0.27666666666666667,0.0070188888323933565,0.0,0.0
3.0,0.20126710688876742,146.0,0.27666666666666667,0.0012399564400086536,8.978045697535947,1.0
3.0,0.20126710688876742,147.0,0.27666666666666667,0.006262569372141831,0.8952625311821596,1.0
3.0,0.20126710688876742,148.0,0.27666666666666667,0.002372535511542385,0.006210265451732297,1.0
3.0,0.20126710688876742,149.0,0.27666666666666667,0.007676885025063652,0.0,0.0
3.0,0.20126710688876742,150.0,0.27666666666666667,0.0009858092095934188,0.05764358315267829,1.0
3.0,0.20126710688876742,151.0,0.27666666666666667,0.01191789799280958,0.0,0.0
3.0,0.20126710688876742,152.0,0.27666666666666667,0.002175350564982125,0.08941090454213727,1.0
3.0,0.20126710688876742,153.0,0.27666666666666667,0.005408912867285669,0.0,0.0
3.0,0.20126710688876742,154.0,0.27666666666666667,0.021557042966222524,0.00019560522930649207,0.0
3.0,0.20126710688876742,155.0,0.27666666666666667,0.006892730948989715,0.0003430436164142901,1.0
3.0,0.20126710688876742,156.0,0.27666666666666667,0.0089510976834286,0.0010349086170118877,1.0
3.0,0.20126710688876742,157.0,0.27666666666666667,0.002977043651028141,0.0004636049858857948,1.0
3.0,0.20126710688876742,158.0,0.27666666666666667,0.011365241787144756,0.0,0.0
3.0,0.20126710688876742,159.0,0.27666666666666667,0.0193896795460279,0.003919916445623532,1.0
3.0,0.20126710688876742,160.0,0.27666666666666667,0.0013229840080092106,0.008031002765996213,1.0
3.0,0.20126710688876742,161.0,0.27666666666666667,0.010688601371381189,0.0006939098440710516,0.0
3.0,0.20126710688876742,162.0,0.27666666666666667,0.011485165121258228,0.00021222854601370567,0.0
3.0,0.20126710688876742,163.0,0.27666666666666667,0.004651096554420154,0.025680935103066127,1.0
3.0,0.20126710688876742,164.0,0.27666666666666667,0.010621322195506556,0.0,0.0
3.0,0.20126710688876742,165.0,0.27666666666666667,0.007367117634666645,0.019810255521487064,1.0
3.0,0.20126710688876742,166.0,0.27666666666666667,0.006050007404671501,2.214293884919269,1.0
3.0,0.20126710688876742,167.0,0.27666666666666667,0.00225540228719866,0.48014688223571655,1.0
3.0,0.20126710688876742,168.0,0.27666666666666667,0.0029045079078729177,0.01221726024304273,1.0
3.0,0.20126710688876742,169.0,0.27666666666666667,0.00702899652261608,0.0005548432739830954,0.0
3.0,0.20126710688876742,170.0,0.27666666666666667,0.006664383005439126,0.00037329050470950767,0.0
3.0,0.20126710688876742,171.0,0.27666666666666667,0.0020132156476362307,0.0758270117549485,1.0
3.0,0.20126710688876742,172.0,0.27666666666666667,0.002134754398526304,0.047129662676316915,1.0
3.0,0.20126710688876742,173.0,0.27666666666666667,0.0017542004588287385,0.001178280623460366,1.0
3.0,0.20126710688876742,174.0,0.27666666666666667,0.0043015593329147304,0.8047507275594958,1.0
3.0,0.20126710688876742,175.0,0.27666666666666667,0.002308219251525146,0.05695735469606876,1.0
3.0,0.20126710688876742,176.0,0.27666666666666667,0.010604475968684489,0.00021201550335229428,0.0
3.0,0.20126710688876742,177.0,0.27666666666666667,0.0073208845049704905,0.0,0.0
3.0,0.20126710688876742,178.0,0.27666666666666667,0.02072096576514558,0.0,0.0
3.0,0.20126710688876742,179.0,0.27666666666666667,0.0035875481432903404,0.33611130879473894,1.0
3.0,0.20126710688876742,180.0,0.27666666666666667,0.005510357019880419,0.00040522775817886385,0.0
3.0,0.20126710688876742,181.0,0.27666666666666667,0.0025065286627127996,1.2362749685819192,1.0
3.0,0.20126710688876742,182.0,0.27666666666666667,0.007244806860296735,0.0005232249031383283,0.0
3.0,0.20126710688876742,183.0,0.27666666666666667,0.0033580013808424047,0.04158042415619351,1.0
3.0,0.20126710688876742,184.0,0.27666666666666667,0.021671082743487582,0.009411841742937613,0.0
3.0,0.20126710688876742,185.0,0.27666666666666667,0.007699417825257576,0.0005131735634472756,0.0
3.0,0.20126710688876742,186.0,0.27666666666666667,0.007511030668356913,0.0,0.0
3.0,0.20126710688876742,187.0,0.27666666666666667,0.006494556199630332,0.0022700483259030825,0.0
3.0,0.20126710688876742,188.0,0.27666666666666667,0.0016547922011335124,0.3021629987500335,1.0
3.0,0.20126710688876742,189.0,0.27666666666666667,0.001889194698478297,0.0012428537420954443,1.0
3.0,0.20126710688876742,190.0,0.27666666666666667,0.0011950618696071184,0.005932304131416741,1.0
3.0,0.20126710688876742,191.0,0.27666666666666667,0.021510553190801508,0.0,0.0
3.0,0.20126710688876742,192.0,0.27666666666666667,0.007112207122221041,0.0,0.0
3.0,0.20126710688876742,193.0,0.27666666666666667,0.007173173565500067,0.020045860866264267,0.0
3.0,0.20126710688876742,194.0,0.27666666666666667,0.010577055489121323,0.0,0.0
3.0,0.20126710688876742,195.0,0.27666666666666667,0.001206660217128824,2.2739092415176727,1.0
3.0,0.20126710688876742,196.0,0.27666666666666667,0.0022916373186831623,0.0035408623241850266,1.0
3.0,0.20126710688876742,197.0,0.27666666666666667,0.006322874306819262,2.509208157682627,1.0
3.0,0.20126710688876742,198.0,0.27666666666666667,0.006051491438728839,0.03923334980848429,1.0
3.0,0.20126710688876742,199.0,0.27666666666666667,0.011781236752523185,1.347018755071421,1.0
3.0,0.20126710688876742,200.0,0.27666666666666667,0.0020537668917407713,0.044314772135358824,1.0
3.0,0.20126710688876742,201.0,0.27666666666666667,0.006965230920334522,1.0844660617952708,1.0
3.0,0.20126710688876742,202.0,0.27666666666666667,0.015668172415757214,0.01291087527659597,1.0
3.0,0.20126710688876742,203.0,0.27666666666666667,0.001156673694675312,0.02571040120664065,1.0
3.0,0.20126710688876742,204.0,0.27666666666666667,0.011639070481981359,0.0036025456091122714,0.0
3.0,0.20126710688876742,205.0,0.27666666666666667,0.007306703977708915,0.0006071881495170326,0.0
3.0,0.20126710688876742,206.0,0.27666666666666667,0.009638160815167272,0.06594209888034126,1.0
3.0,0.20126710688876742,207.0,0.27666666666666667,0.003487154760145526,0.6749906835820852,1.0
3.0,0.20126710688876742,208.0,0.27666666666666667,0.00702333407814023,0.004175052624113361,0.0
3.0,0.20126710688876742,209.0,0.27666666666666667,0.012880671350082112,0.008023982248048624,0.0
3.0,0.20126710688876742,210.0,0.27666666666666667,0.009247734196252256,4.374272321109336,1.0
3.0,0.20126710688876742,211.0,0.27666666666666667,0.022447917865383894,0.0,0.0
3.0,0.20126710688876742,212.0,0.27666666666666667,0.006587264119220926,0.5707076255024301,1.0
3.0,0.20126710688876742,213.0,0.27666666666666667,0.00559948804149555,0.0003370522055833367,1.0
3.0,0.20126710688876742,214.0,0.27666666666666667,0.0033796070566936834,0.003337319558920104,1.0
3.0,0.20126710688876742,215.0,0.27666666666666667,0.011127131059974942,0.0,0.0
3.0,0.20126710688876742,216.0,0.27666666666666667,0.021741827851776543,0.0,0.0
3.0,0.20126710688876742,217.0,0.27666666666666667,0.002327378835768439,0.00809055451841499,1.0
3.0,0.20126710688876742,218.0,0.27666666666666667,0.007315323743094146,0.0,0.0
3.0,0.20126710688876742,219.0,0.27666666666666667,0.010524296462781272,0.0010716901460303355,0.0
3.0,0.20126710688876742,220.0,0.27666666666666667,0.011107691665609452,8.947189294930505e-06,0.0
3.0,0.20126710688876742,221.0,0.27666666666666667,0.002028373826746488,0.0035723257549244497,1.0
3.0,0.20126710688876742,222.0,0.27666666666666667,0.05522002673801081,3.8982159459623396,1.0
3.0,0.20126710688876742,223.0,0.27666666666666667,0.006413444287284503,0.0009105342534347731,1.0
3.0,0.20126710688876742,224.0,0.27666666666666667,0.012118137356236444,0.0,0.0
3.0,0.20126710688876742,225.0,0.27666666666666667,0.007098844905346733,5.761165897556214e-06,0.0
3.0,0.20126710688876742,226.0,0.27666666666666667,0.0010602892030011596,0.012189884575285094,1.0
3.0,0.20126710688876742,227.0,0.27666666666666667,0.0029578720080509187,0.024619457273582734,1.0
3.0,0.20126710688876742,228.0,0.27666666666666667,0.0023592745697702676,0.0015844104413725165,1.0
3.0,0.20126710688876742,229.0,0.27666666666666667,0.005582031502970191,0.0,0.0
3.0,0.20126710688876742,230.0,0.27666666666666667,0.008041670690477535,1.3480254744243718,1.0
3.0,0.20126710688876742,231.0,0.27666666666666667,0.011649247699370254,0.029543850709891826,0.0
3.0,0.20126710688876742,232.0,0.27666666666666667,0.007346984691842579,1.044897360519858e-06,0.0
3.0,0.20126710688876742,233.0,0.27666666666666667,0.011862034866559335,0.008576745101476296,0.0
3.0,0.20126710688876742,234.0,0.27666666666666667,0.00146511328768264,0.001621629842854249,1.0
3.0,0.20126710688876742,235.0,0.27666666666666667,0.007064765205493672,0.0,0.0
3.0,0.20126710688876742,236.0,0.27666666666666667,0.007435903568345781,0.0,0.0
3.0,0.20126710688876742,237.0,0.27666666666666667,0.0026040990015799154,0.04965162991581011,1.0
3.0,0.20126710688876742,238.0,0.27666666666666667,0.006589809682798127,0.0,0.0
3.0,0.20126710688876742,239.0,0.27666666666666667,0.012526541092850833,0.0,0.0
3.0,0.20126710688876742,240.0,0.27666666666666667,0.0073246546285405615,0.001516790494173276,0.0
3.0,0.20126710688876742,241.0,0.27666666666666667,0.0013461477529209686,0.025505983193402835,1.0
3.0,0.20126710688876742,242.0,0.27666666666666667,0.012030893927102656,0.0,0.0
3.0,0.20126710688876742,243.0,0.27666666666666667,0.004772460535487699,0.02789916226507728,1.0
3.0,0.20126710688876742,244.0,0.27666666666666667,0.01853467564578578,0.0,0.0
3.0,0.20126710688876742,245.0,0.27666666666666667,0.006254606541961591,1.2950967122557438e-05,1.0
3.0,0.20126710688876742,246.0,0.27666666666666667,0.01746437688667366,0.0017174504196966608,0.0
3.0,0.20126710688876742,247.0,0.27666666666666667,0.002659124244122748,2.414140642092669,1.0
3.0,0.20126710688876742,248.0,0.27666666666666667,0.010027666682700206,0.0,0.0
3.0,0.20126710688876742,249.0,0.27666666666666667,0.00517275085804989,0.02712947352141925,1.0
3.0,0.20126710688876742,250.0,0.27666666666666667,0.01045009899274153,0.0005176430188435681,0.0
3.0,0.20126710688876742,251.0,0.27666666666666667,0.009361992886748308,0.0016849586225642394,1.0
3.0,0.20126710688876742,252.0,0.27666666666666667,0.0036827326149664495,0.0001820747950325313,1.0
3.0,0.20126710688876742,253.0,0.27666666666666667,0.013605016458902622,1.0330869514949121e-06,0.0
3.0,0.20126710688876742,254.0,0.27666666666666667,0.004719302830528989,0.0,0.0
3.0,0.20126710688876742,255.0,0.27666666666666667,0.0018623628764020325,1.8646298611174545,1.0
3.0,0.20126710688876742,256.0,0.27666666666666667,0.010038587203407697,0.0,0.0
3.0,0.20126710688876742,257.0,0.27666666666666667,0.0067632511249992,0.0005222140181020997,0.0
3.0,0.20126710688876742,258.0,0.27666666666666667,0.001313507685861782,0.024371948895633412,1.0
3.0,0.20126710688876742,259.0,0.27666666666666667,0.0014789281930776867,0.013539591820652796,1.0
3.0,0.20126710688876742,260.0,0.27666666666666667,0.0033825281207994105,0.000583101537574663,1.0
3.0,0.20126710688876742,261.0,0.27666666666666667,0.0010627613147455364,0.10463655605603771,1.0
3.0,0.20126710688876742,262.0,0.27666666666666667,0.002965337082087913,0.03537565604509134,1.0
3.0,0.20126710688876742,263.0,0.27666666666666667,0.0038304697364734937,0.45496825554281217,1.0
3.0,0.20126710688876742,264.0,0.27666666666666667,0.0009128706384679461,0.0011023634820516688,1.0
3.0,0.20126710688876742,265.0,0.27666666666666667,0.0008620478155357778,0.08393638639390986,1.0
3.0,0.20126710688876742,266.0,0.27666666666666667,0.012295960562064544,0.00011072367678561447,0.0
3.0,0.20126710688876742,267.0,0.27666666666666667,0.002095556337711172,0.19008097946155894,1.0
3.0,0.20126710688876742,268.0,0.27666666666666667,0.01089660260064594,7.909695102422835e-05,0.0
3.0,0.20126710688876742,269.0,0.27666666666666667,0.001818052026364336,0.25993940825438483,1.0
3.0,0.20126710688876742,270.0,0.27666666666666667,0.004688342808570533,0.0,0.0
3.0,0.20126710688876742,271.0,0.27666666666666667,0.0034668817481662627,3.768878550545273e-05,1.0
3.0,0.20126710688876742,272.0,0.27666666666666667,0.02122831845086054,0.01892481373801434,0.0
3.0,0.20126710688876742,273.0,0.27666666666666667,0.004836089587776501,0.0,0.0
3.0,0.20126710688876742,274.0,0.27666666666666667,0.010586467456742927,0.0,0.0
3.0,0.20126710688876742,275.0,0.27666666666666667,0.0015725577927496108,0.0002410357734723382,1.0
3.0,0.20126710688876742,276.0,0.27666666666666667,0.006502681706640377,4.492752551969963,1.0
3.0,0.20126710688876742,277.0,0.27666666666666667,0.002315108592255484,1.224567036772945,1.0
3.0,0.20126710688876742,278.0,0.27666666666666667,0.020897503352222756,8.413506317258753e-05,0.0
3.0,0.20126710688876742,279.0,0.27666666666666667,0.006771744000240029,0.002599734308689914,0.0
3.0,0.20126710688876742,280.0,0.27666666666666667,0.013525741674856186,0.09893088980836298,1.0
3.0,0.20126710688876742,281.0,0.27666666666666667,0.006653333538751777,0.0,0.0
3.0,0.20126710688876742,282.0,0.27666666666666667,0.005099307840776061,8.59808983705072e-05,0.0
3.0,0.20126710688876742,283.0,0.27666666666666667,0.002175100899705147,0.0007475394739280847,1.0
3.0,0.20126710688876742,284.0,0.27666666666666667,0.011973092506231773,0.0,0.0
3.0,0.20126710688876742,285.0,0.27666666666666667,0.003144003757529559,0.006950366434439277,1.0
3.0,0.20126710688876742,286.0,0.27666666666666667,0.002552921417449297,4.2395047088229654e-05,1.0
3.0,0.20126710688876742,287.0,0.27666666666666667,0.0030066864324379263,0.05789252988323136,1.0
3.0,0.20126710688876742,288.0,0.27666666666666667,0.0109667152225175,1.6103412874588592e-06,0.0
3.0,0.20126710688876742,289.0,0.27666666666666667,0.010972925817643253,0.0004879154734459044,0.0
3.0,0.20126710688876742,290.0,0.27666666666666667,0.012563496479925582,1.4463653193044053,1.0
3.0,0.20126710688876742,291.0,0.27666666666666667,0.0016540588865848714,0.00042930619717725473,1.0
3.0,0.20126710688876742,292.0,0.27666666666666667,0.007034159012362964,0.022234410832412104,0.0
3.0,0.20126710688876742,293.0,0.27666666666666667,0.0071317472524575366,0.010384249712510684,0.0
3.0,0.20126710688876742,294.0,0.27666666666666667,0.0048001805650595385,1.724329776507854,1.0
3.0,0.20126710688876742,295.0,0.27666666666666667,0.0033090473249738563,0.021116741419163473,1.0
3.0,0.20126710688876742,296.0,0.27666666666666667,0.008699725214851392,0.0003007590225707057,1.0
3.0,0.20126710688876742,297.0,0.27666666666666667,0.009465142467963011,0.0,0.0
3.0,0.20126710688876742,298.0,0.27666666666666667,0.010476515794553817,0.026313634536413364,0.0
3.0,0.20126710688876742,299.0,0.27666666666666667,0.006638508953744781,3.50302086188698e-05,0.0
3.0,0.20126710688876742,300.0,0.27666666666666667,0.006644513665319241,0.0017997586438486435,1.0
3.0,0.20126710688876742,301.0,0.27666666666666667,0.002459281223924286,0.00025919612530309137,1.0
3.0,0.20126710688876742,302.0,0.27666666666666667,0.006697953040347911,0.0017037281576437304,0.0
3.0,0.20126710688876742,303.0,0.27666666666666667,0.020598431908336053,0.0,0.0
3.0,0.20126710688876742,304.0,0.27666666666666667,0.0017539252694882303,0.0030494044056290294,1.0
3.0,0.20126710688876742,305.0,0.27666666666666667,0.015996922546881908,3.9754596860832206e-07,0.0
3.0,0.20126710688876742,306.0,0.27666666666666667,0.008612838525257288,0.0006614135202941213,1.0
3.0,0.20126710688876742,307.0,0.27666666666666667,0.006901890683115032,0.0,0.0
3.0,0.20126710688876742,308.0,0.27666666666666667,0.0011963070598991377,3.709466110902071,1.0
3.0,0.20126710688876742,309.0,0.27666666666666667,0.002458502042656628,0.0010880628350914425,1.0
3.0,0.20126710688876742,310.0,0.27666666666666667,0.0017351642465924485,0.30486222875735663,1.0
3.0,0.20126710688876742,311.0,0.27666666666666667,0.00705577529022851,8.052486766270339e-06,0.0
3.0,0.20126710688876742,312.0,0.27666666666666667,0.007521554318675588,1.9568933558211316e-05,0.0
3.0,0.20126710688876742,313.0,0.27666666666666667,0.009054111548749244,3.0974915526785346e-06,0.0
3.0,0.20126710688876742,314.0,0.27666666666666667,0.005003440863998617,0.009282479867042176,1.0
3.0,0.20126710688876742,315.0,0.27666666666666667,0.005703749767454867,0.5506835337004063,1.0
3.0,0.20126710688876742,316.0,0.27666666666666667,0.005443812117169868,0.0028231946890948495,1.0
3.0,0.20126710688876742,317.0,0.27666666666666667,0.006967474977544404,4.483376024895603e-05,0.0
3.0,0.20126710688876742,318.0,0.27666666666666667,0.01169648208181064,0.0,0.0
3.0,0.20126710688876742,319.0,0.27666666666666667,0.003638462377466062,0.0010008195838967875,1.0
3.0,0.20126710688876742,320.0,0.27666666666666667,0.010835870263294498,0.0,0.0
3.0,0.20126710688876742,321.0,0.27666666666666667,0.0022948822793608004,0.07189600323617791,1.0
3.0,0.20126710688876742,322.0,0.27666666666666667,0.0019017166681346053,0.02890648274228421,1.0
3.0,0.20126710688876742,323.0,0.27666666666666667,0.005624627703563135,0.0,0.0
3.0,0.20126710688876742,324.0,0.27666666666666667,0.011108169840841318,4.0955063754705003e-07,0.0
3.0,0.20126710688876742,325.0,0.27666666666666667,0.0029338369960392277,0.0028377787643031785,1.0
3.0,0.20126710688876742,326.0,0.27666666666666667,0.00235589084612316,0.1199023172408192,1.0
3.0,0.20126710688876742,327.0,0.27666666666666667,0.011226676278640383,0.0017637443850562027,0.0
3.0,0.20126710688876742,328.0,0.27666666666666667,0.0029252451021254304,0.141707832166862,1.0
3.0,0.20126710688876742,329.0,0.27666666666666667,0.0023460808908206472,0.1605506416586093,1.0
3.0,0.20126710688876742,330.0,0.27666666666666667,0.0025164034975052956,0.30242126403930963,1.0
3.0,0.20126710688876742,331.0,0.27666666666666667,0.00216653410556823,0.0002495779937531916,1.0
3.0,0.20126710688876742,332.0,0.27666666666666667,0.0013704113118236032,0.005266481440901986,1.0
3.0,0.20126710688876742,333.0,0.27666666666666667,0.005154603130494239,9.518781819422064e-05,0.0
3.0,0.20126710688876742,334.0,0.27666666666666667,0.006051340792606275,1.8264352364169738,1.0
3.0,0.20126710688876742,335.0,0.27666666666666667,0.0017392002088334373,0.00010643239149089031,1.0
3.0,0.20126710688876742,336.0,0.27666666666666667,0.010692421575465301,0.0,0.0
3.0,0.20126710688876742,337.0,0.27666666666666667,0.010224660863341724,1.6789013392910996,1.0
3.0,0.20126710688876742,338.0,0.27666666666666667,0.0056649549397297955,0.17373576152150247,1.0
3.0,0.20126710688876742,339.0,0.27666666666666667,0.004995585784333277,0.00018652222097454406,0.0
3.0,0.20126710688876742,340.0,0.27666666666666667,0.004331641815333706,9.704305719184847e-06,0.0
3.0,0.20126710688876742,341.0,0.27666666666666667,0.003165155098993168,4.170311600478118,1.0
3.0,0.20126710688876742,342.0,0.27666666666666667,0.0012224350388523404,0.0024991145734232427,1.0
3.0,0.20126710688876742,343.0,0.27666666666666667,0.010440616935585324,5.5498903631787255e-06,0.0
3.0,0.20126710688876742,344.0,0.27666666666666667,0.007553005180694383,0.00046921995917097105,1.0
3.0,0.20126710688876742,345.0,0.27666666666666667,0.007152881431294741,0.0,0.0
3.0,0.20126710688876742,346.0,0.27666666666666667,0.0022358802304233835,0.02384359735818102,1.0
3.0,0.20126710688876742,347.0,0.27666666666666667,0.002737422905107324,0.03408057015780976,1.0
3.0,0.20126710688876742,348.0,0.27666666666666667,0.0010652498337787005,0.034670665781353006,1.0
3.0,0.20126710688876742,349.0,0.27666666666666667,0.01957539444647101,0.0,0.0
3.0,0.20126710688876742,350.0,0.27666666666666667,0.00785492655122198,0.0,0.0
3.0,0.20126710688876742,351.0,0.27666666666666667,0.010537259395126753,3.200468056682402e-05,0.0
3.0,0.20126710688876742,352.0,0.27666666666666667,0.0014835514407761546,0.03872375709919063,1.0
3.0,0.20126710688876742,353.0,0.27666666666666667,0.0008860442355749987,0.10749136228717147,1.0
3.0,0.20126710688876742,354.0,0.27666666666666667,0.001687599873326659,1.2795928839602286,1.0
3.0,0.20126710688876742,355.0,0.27666666666666667,0.009273725006937874,0.0,0.0
3.0,0.20126710688876742,356.0,0.27666666666666667,0.007656587608360791,0.0037366668265333696,1.0
3.0,0.20126710688876742,357.0,0.27666666666666667,0.021693903478206145,3.0450565694648065e-05,0.0
3.0,0.20126710688876742,358.0,0.27666666666666667,0.006994721363976363,0.8710908486384098,1.0
3.0,0.20126710688876742,359.0,0.27666666666666667,0.01245323906945939,0.0,0.0
3.0,0.20126710688876742,360.0,0.27666666666666667,0.004012099413769101,1.236254969733009,1.0
3.0,0.20126710688876742,361.0,0.27666666666666667,0.003913591435776407,0.05331781037395827,1.0
3.0,0.20126710688876742,362.0,0.27666666666666667,0.0071229619905115015,0.0,0.0
3.0,0.20126710688876742,363.0,0.27666666666666667,0.005092802140452151,6.640730525551354,1.0
3.0,0.20126710688876742,364.0,0.27666666666666667,0.018309434045822835,0.0,0.0
3.0,0.20126710688876742,365.0,0.27666666666666667,0.021555666668555767,0.019353767363366126,0.0
3.0,0.20126710688876742,366.0,0.27666666666666667,0.012603973879376191,0.0,0.0
3.0,0.20126710688876742,367.0,0.27666666666666667,0.007025915312087973,0.0,0.0
3.0,0.20126710688876742,368.0,0.27666666666666667,0.01928992334518759,1.9619264019831344e-06,0.0
3.0,0.20126710688876742,369.0,0.27666666666666667,0.0031894711347091064,0.0035500371612802164,1.0
3.0,0.20126710688876742,370.0,0.27666666666666667,0.0024589051628430016,2.215430830048587,1.0
3.0,0.20126710688876742,371.0,0.27666666666666667,0.005751525436403478,0.0,0.0
3.0,0.20126710688876742,372.0,0.27666666666666667,0.006842743702886083,0.00914079102584765,1.0
3.0,0.20126710688876742,373.0,0.27666666666666667,0.02106036556795947,0.0,0.0
3.0,0.20126710688876742,374.0,0.27666666666666667,0.010662334048289559,0.0,0.0
3.0,0.20126710688876742,375.0,0.27666666666666667,0.0020993176988985678,0.0012827228989449628,1.0
3.0,0.20126710688876742,376.0,0.27666666666666667,0.019047449504364544,0.0,0.0
3.0,0.20126710688876742,377.0,0.27666666666666667,0.007379403275996657,0.023600833853496404,0.0
3.0,0.20126710688876742,378.0,0.27666666666666667,0.0021254491559786343,0.0290709572689302,1.0
3.0,0.20126710688876742,379.0,0.27666666666666667,0.0066228339587692375,0.0003205182709887679,0.0
3.0,0.20126710688876742,380.0,0.27666666666666667,0.0030708680701477587,0.0011982972090460902,1.0
3.0,0.20126710688876742,381.0,0.27666666666666667,0.0064672080603317954,0.06581785565457639,0.0
3.0,0.20126710688876742,382.0,0.27666666666666667,0.006961679364593136,0.0,0.0
3.0,0.20126710688876742,383.0,0.27666666666666667,0.0015139575807840144,0.08350130762067864,1.0
3.0,0.20126710688876742,384.0,0.27666666666666667,0.005169316773262481,0.6594288139645247,1.0
3.0,0.20126710688876742,385.0,0.27666666666666667,0.006139817694311015,0.2409046418318884,1.0
3.0,0.20126710688876742,386.0,0.27666666666666667,0.005922920499117438,0.013666066185424826,1.0
3.0,0.20126710688876742,387.0,0.27666666666666667,0.006490116291160526,0.029592330556754615,1.0
3.0,0.20126710688876742,388.0,0.27666666666666667,0.00391901285970478,0.4942575553610062,1.0
3.0,0.20126710688876742,389.0,0.27666666666666667,0.0054807365573595725,0.0,0.0
3.0,0.20126710688876742,390.0,0.27666666666666667,0.016998366624571142,0.0,0.0
3.0,0.20126710688876742,391.0,0.27666666666666667,0.0075302532260730914,0.0,0.0
3.0,0.20126710688876742,392.0,0.27666666666666667,0.0014687938822890768,0.2834780395245693,1.0
3.0,0.20126710688876742,393.0,0.27666666666666667,0.002402811801672425,0.0002785859769965651,1.0
3.0,0.20126710688876742,394.0,0.27666666666666667,0.0029885951083004894,8.130078654901292,1.0
3.0,0.20126710688876742,395.0,0.27666666666666667,0.0018967829985252365,0.018888016412922974,1.0
3.0,0.20126710688876742,396.0,0.27666666666666667,0.005381501710963503,0.0,0.0
3.0,0.20126710688876742,397.0,0.27666666666666667,0.00307670039500871,4.486839764537212e-05,1.0
3.0,0.20126710688876742,398.0,0.27666666666666667,0.007020787058368272,5.243909702376837e-05,0.0
3.0,0.20126710688876742,399.0,0.27666666666666667,0.005068019905875661,0.0038804033341114956,0.0
3.0,0.20126710688876742,0.0,0.2877777777777778,0.006213943084891018,0.029244486843376123,1.0
3.0,0.20126710688876742,1.0,0.2877777777777778,0.0066814353204277584,0.004822792427167454,0.0
3.0,0.20126710688876742,2.0,0.2877777777777778,0.0022584493055748684,0.29615046879794416,1.0
3.0,0.20126710688876742,3.0,0.2877777777777778,0.003382564735874304,0.00191903471292869,1.0
3.0,0.20126710688876742,4.0,0.2877777777777778,0.007063709910552095,0.0,0.0
3.0,0.20126710688876742,5.0,0.2877777777777778,0.0052290476857211245,0.00017661887649312054,0.0
3.0,0.20126710688876742,6.0,0.2877777777777778,0.003764604843230131,0.00010082889958902804,1.0
3.0,0.20126710688876742,7.0,0.2877777777777778,0.008269096554692068,0.008244714464148682,1.0
3.0,0.20126710688876742,8.0,0.2877777777777778,0.006873672869768795,0.782697306521094,1.0
3.0,0.20126710688876742,9.0,0.2877777777777778,0.010994065864080733,6.944462577949618e-05,0.0
3.0,0.20126710688876742,10.0,0.2877777777777778,0.004677929035933266,4.110569159366554,1.0
3.0,0.20126710688876742,11.0,0.2877777777777778,0.004536497775907957,0.00022831302085649937,0.0
3.0,0.20126710688876742,12.0,0.2877777777777778,0.007110534625027819,0.0,0.0
3.0,0.20126710688876742,13.0,0.2877777777777778,0.009817224476633754,0.00048426341008953733,1.0
3.0,0.20126710688876742,14.0,0.2877777777777778,0.011741214738238406,0.0,0.0
3.0,0.20126710688876742,15.0,0.2877777777777778,0.012424594406292795,2.4027025479698896e-07,0.0
3.0,0.20126710688876742,16.0,0.2877777777777778,0.039057258365141685,1.8288351603948731,1.0
3.0,0.20126710688876742,17.0,0.2877777777777778,0.021233428342380293,0.0002493208854751642,0.0
3.0,0.20126710688876742,18.0,0.2877777777777778,0.010898075397795162,0.0,0.0
3.0,0.20126710688876742,19.0,0.2877777777777778,0.021102083737210627,0.0,0.0
3.0,0.20126710688876742,20.0,0.2877777777777778,0.021481684333903264,0.0,0.0
3.0,0.20126710688876742,21.0,0.2877777777777778,0.010010955938749675,0.0001212275628869908,0.0
3.0,0.20126710688876742,22.0,0.2877777777777778,0.0011836460680482621,0.21475588611312096,1.0
3.0,0.20126710688876742,23.0,0.2877777777777778,0.010299927563179124,0.005376479986025448,0.0
3.0,0.20126710688876742,24.0,0.2877777777777778,0.007787736703885485,0.0006748271430146939,0.0
3.0,0.20126710688876742,25.0,0.2877777777777778,0.00222492718674034,9.503778644314707e-05,1.0
3.0,0.20126710688876742,26.0,0.2877777777777778,0.0027372093401726205,0.17985916289185092,1.0
3.0,0.20126710688876742,27.0,0.2877777777777778,0.006033025748850629,0.002720624637559898,1.0
3.0,0.20126710688876742,28.0,0.2877777777777778,0.007071619314207315,0.011957389630242805,1.0
3.0,0.20126710688876742,29.0,0.2877777777777778,0.0071669445891711986,0.0,0.0
3.0,0.20126710688876742,30.0,0.2877777777777778,0.05192455724378646,0.028894921625374794,1.0
3.0,0.20126710688876742,31.0,0.2877777777777778,0.0025320001484450314,0.3916956058255409,1.0
3.0,0.20126710688876742,32.0,0.2877777777777778,0.005000100670375432,0.001357577623618366,1.0
3.0,0.20126710688876742,33.0,0.2877777777777778,0.011085643582212057,0.0,0.0
3.0,0.20126710688876742,34.0,0.2877777777777778,0.0013903220936336042,0.007581546947793623,1.0
3.0,0.20126710688876742,35.0,0.2877777777777778,0.004446375437297508,0.00341173032959454,1.0
3.0,0.20126710688876742,36.0,0.2877777777777778,0.009137218422347694,5.33596374023842e-06,1.0
3.0,0.20126710688876742,37.0,0.2877777777777778,0.0009803832289873838,0.0009307250012664404,1.0
3.0,0.20126710688876742,38.0,0.2877777777777778,0.01772763772354926,0.0,0.0
3.0,0.20126710688876742,39.0,0.2877777777777778,0.0028143120834704426,0.4826779413168175,1.0
3.0,0.20126710688876742,40.0,0.2877777777777778,0.005706911905690045,0.0003987060491924107,1.0
3.0,0.20126710688876742,41.0,0.2877777777777778,0.0019589393043788444,0.00035255648041512176,1.0
3.0,0.20126710688876742,42.0,0.2877777777777778,0.0030610527089582912,0.06033729383774754,1.0
3.0,0.20126710688876742,43.0,0.2877777777777778,0.007041266455427797,0.001672087858370635,0.0
3.0,0.20126710688876742,44.0,0.2877777777777778,0.0009838849869692316,1.6742249870801793,1.0
3.0,0.20126710688876742,45.0,0.2877777777777778,0.0073857621281934955,0.27059537767234604,1.0
3.0,0.20126710688876742,46.0,0.2877777777777778,0.002355045153302462,0.0038408848059253257,1.0
3.0,0.20126710688876742,47.0,0.2877777777777778,0.006057663365519629,2.3440075436511476,1.0
3.0,0.20126710688876742,48.0,0.2877777777777778,0.020907613542233014,0.020338123503983768,0.0
3.0,0.20126710688876742,49.0,0.2877777777777778,0.01707734811948091,0.005042513261383036,1.0
3.0,0.20126710688876742,50.0,0.2877777777777778,0.0012933097564313406,0.11770041523020093,1.0
3.0,0.20126710688876742,51.0,0.2877777777777778,0.012286504300076585,0.0001709346230825734,0.0
3.0,0.20126710688876742,52.0,0.2877777777777778,0.0072293497443914854,0.03201134630539597,1.0
3.0,0.20126710688876742,53.0,0.2877777777777778,0.005364081980550153,0.003641377889392698,0.0
3.0,0.20126710688876742,54.0,0.2877777777777778,0.0019927854194160713,2.5079308036654058,1.0
3.0,0.20126710688876742,55.0,0.2877777777777778,0.004897962349053014,0.13100665942696893,1.0
3.0,0.20126710688876742,56.0,0.2877777777777778,0.007736336520970121,0.0,0.0
3.0,0.20126710688876742,57.0,0.2877777777777778,0.0012101507349227495,0.8463823519087083,1.0
3.0,0.20126710688876742,58.0,0.2877777777777778,0.006064539141868875,0.5771269500051079,1.0
3.0,0.20126710688876742,59.0,0.2877777777777778,0.0058754967618104125,8.115002606005697e-07,0.0
3.0,0.20126710688876742,60.0,0.2877777777777778,0.012656893641242197,0.006454754967697919,0.0
3.0,0.20126710688876742,61.0,0.2877777777777778,0.003608340248492387,0.49518972193344,1.0
3.0,0.20126710688876742,62.0,0.2877777777777778,0.0033616188159852423,0.0004765556652188765,1.0
3.0,0.20126710688876742,63.0,0.2877777777777778,0.012866115198506795,0.0,0.0
3.0,0.20126710688876742,64.0,0.2877777777777778,0.0013925749785874172,9.665046576976305,1.0
3.0,0.20126710688876742,65.0,0.2877777777777778,0.0023500111800064134,6.882318996580746,1.0
3.0,0.20126710688876742,66.0,0.2877777777777778,0.0021072404498068175,0.14188220619121447,1.0
3.0,0.20126710688876742,67.0,0.2877777777777778,0.012135830035565058,0.0,0.0
3.0,0.20126710688876742,68.0,0.2877777777777778,0.0036674198785059606,0.026128282700650467,1.0
3.0,0.20126710688876742,69.0,0.2877777777777778,0.02678769791279539,5.072878635497168,1.0
3.0,0.20126710688876742,70.0,0.2877777777777778,0.008162970706501918,0.008643039656537871,1.0
3.0,0.20126710688876742,71.0,0.2877777777777778,0.012688587638857794,0.0076162258427549395,0.0
3.0,0.20126710688876742,72.0,0.2877777777777778,0.008244904741478334,0.002954243519841186,1.0
3.0,0.20126710688876742,73.0,0.2877777777777778,0.006577748935684153,0.0009419693846386285,0.0
3.0,0.20126710688876742,74.0,0.2877777777777778,0.006822522490810431,3.2352576283385254e-05,0.0
3.0,0.20126710688876742,75.0,0.2877777777777778,0.0058322828270350145,0.02050162024671715,0.0
3.0,0.20126710688876742,76.0,0.2877777777777778,0.007745297652138694,0.00048550781963418006,0.0
3.0,0.20126710688876742,77.0,0.2877777777777778,0.01119727623635117,7.013100304686815e-06,0.0
3.0,0.20126710688876742,78.0,0.2877777777777778,0.00715346756273047,0.0,0.0
3.0,0.20126710688876742,79.0,0.2877777777777778,0.007762576940935583,2.1444590944154687,1.0
3.0,0.20126710688876742,80.0,0.2877777777777778,0.0024427104380536956,0.04733468523806077,1.0
3.0,0.20126710688876742,81.0,0.2877777777777778,0.0036397513831175894,0.027053686343170024,1.0
3.0,0.20126710688876742,82.0,0.2877777777777778,0.006048551324418276,0.09924122133240477,1.0
3.0,0.20126710688876742,83.0,0.2877777777777778,0.0015693154508286983,0.005852551846053783,1.0
3.0,0.20126710688876742,84.0,0.2877777777777778,0.01715296598826017,0.0018409786199996526,1.0
3.0,0.20126710688876742,85.0,0.2877777777777778,0.02122804172384972,0.0,0.0
3.0,0.20126710688876742,86.0,0.2877777777777778,0.0014739228709243384,0.06873438086300389,1.0
3.0,0.20126710688876742,87.0,0.2877777777777778,0.0019645628266691927,0.34857284110684,1.0
3.0,0.20126710688876742,88.0,0.2877777777777778,0.007631138409001528,9.604195085585106e-05,0.0
3.0,0.20126710688876742,89.0,0.2877777777777778,0.010804223119286983,3.93361722960793e-05,0.0
3.0,0.20126710688876742,90.0,0.2877777777777778,0.0012994302317452832,0.24122528227723666,1.0
3.0,0.20126710688876742,91.0,0.2877777777777778,0.004821911122987151,0.0,0.0
3.0,0.20126710688876742,92.0,0.2877777777777778,0.005335926696301321,0.10072040599179068,1.0
3.0,0.20126710688876742,93.0,0.2877777777777778,0.0018312177347934195,0.6178020603124265,1.0
3.0,0.20126710688876742,94.0,0.2877777777777778,0.002754339110549885,0.554919608478287,1.0
3.0,0.20126710688876742,95.0,0.2877777777777778,0.004617277861935232,0.017084356910343684,1.0
3.0,0.20126710688876742,96.0,0.2877777777777778,0.010162781227877875,0.006630843377702484,0.0
3.0,0.20126710688876742,97.0,0.2877777777777778,0.01292408313423725,0.0,0.0
3.0,0.20126710688876742,98.0,0.2877777777777778,0.0006945023699419662,0.01745224770445176,1.0
3.0,0.20126710688876742,99.0,0.2877777777777778,0.006057251825711546,0.0005312664252218131,1.0
3.0,0.20126710688876742,100.0,0.2877777777777778,0.00668091604830631,0.14361276962442043,1.0
3.0,0.20126710688876742,101.0,0.2877777777777778,0.005675608990644487,0.0,0.0
3.0,0.20126710688876742,102.0,0.2877777777777778,0.0013394230353211086,0.00024665212710383953,1.0
3.0,0.20126710688876742,103.0,0.2877777777777778,0.002276142746051189,0.01806146517184217,1.0
3.0,0.20126710688876742,104.0,0.2877777777777778,0.007029535317413997,0.0006093596171067543,0.0
3.0,0.20126710688876742,105.0,0.2877777777777778,0.006838003988643756,0.0229132889517346,0.0
3.0,0.20126710688876742,106.0,0.2877777777777778,0.011545351157797814,0.0,0.0
3.0,0.20126710688876742,107.0,0.2877777777777778,0.028306702755888397,0.0004269339799446949,1.0
3.0,0.20126710688876742,108.0,0.2877777777777778,0.011083307333315829,0.0,0.0
3.0,0.20126710688876742,109.0,0.2877777777777778,0.0014065729412627217,0.007286034712980056,1.0
3.0,0.20126710688876742,110.0,0.2877777777777778,0.0015832282254487665,0.00024902023184108607,1.0
3.0,0.20126710688876742,111.0,0.2877777777777778,0.007013369567676585,0.331834613488483,1.0
3.0,0.20126710688876742,112.0,0.2877777777777778,0.006016549503276535,0.10631473604439151,1.0
3.0,0.20126710688876742,113.0,0.2877777777777778,0.008102590488307922,0.0659847301110493,1.0
3.0,0.20126710688876742,114.0,0.2877777777777778,0.0036586878210853697,0.0008335040471297796,1.0
3.0,0.20126710688876742,115.0,0.2877777777777778,0.011187024846081032,0.00462412116839882,0.0
3.0,0.20126710688876742,116.0,0.2877777777777778,0.006875169812382032,0.0036594013706372163,0.0
3.0,0.20126710688876742,117.0,0.2877777777777778,0.006646410400737653,3.4664062084151572,1.0
3.0,0.20126710688876742,118.0,0.2877777777777778,0.008593099689952139,2.062717948287872,1.0
3.0,0.20126710688876742,119.0,0.2877777777777778,0.004462502221059024,0.0003471759422170805,0.0
3.0,0.20126710688876742,120.0,0.2877777777777778,0.006750727396134366,0.47358556060872115,1.0
3.0,0.20126710688876742,121.0,0.2877777777777778,0.012603434623554127,0.0,0.0
3.0,0.20126710688876742,122.0,0.2877777777777778,0.001913584032809039,0.44107054541385826,1.0
3.0,0.20126710688876742,123.0,0.2877777777777778,0.0029557257585948954,0.019849578418587657,1.0
3.0,0.20126710688876742,124.0,0.2877777777777778,0.00694079488045061,0.021539502476000467,0.0
3.0,0.20126710688876742,125.0,0.2877777777777778,0.005636211526947292,0.00437238417049507,0.0
3.0,0.20126710688876742,126.0,0.2877777777777778,0.06245810909381217,7.909916561550358,1.0
3.0,0.20126710688876742,127.0,0.2877777777777778,0.006101682316653062,0.03864476084818091,1.0
3.0,0.20126710688876742,128.0,0.2877777777777778,0.004969315320876627,0.279018411811354,1.0
3.0,0.20126710688876742,129.0,0.2877777777777778,0.0018095262733102743,0.6810207355877878,1.0
3.0,0.20126710688876742,130.0,0.2877777777777778,0.002258026587753892,0.0005867302408534837,1.0
3.0,0.20126710688876742,131.0,0.2877777777777778,0.0026078595395469866,6.525936314492828,1.0
3.0,0.20126710688876742,132.0,0.2877777777777778,0.0014438204759958245,0.5285380442530203,1.0
3.0,0.20126710688876742,133.0,0.2877777777777778,0.002702864955516749,0.0009385112869098858,1.0
3.0,0.20126710688876742,134.0,0.2877777777777778,0.0023640133699178094,0.0030790265765699583,1.0
3.0,0.20126710688876742,135.0,0.2877777777777778,0.0014602955511108379,0.08366656396371544,1.0
3.0,0.20126710688876742,136.0,0.2877777777777778,0.002475296242088776,0.002367799902235987,1.0
3.0,0.20126710688876742,137.0,0.2877777777777778,0.002346021042876379,0.5891960715082671,1.0
3.0,0.20126710688876742,138.0,0.2877777777777778,0.02090238107965186,2.414622866723734e-06,0.0
3.0,0.20126710688876742,139.0,0.2877777777777778,0.006755287393053467,1.2722994517427567e-05,0.0
3.0,0.20126710688876742,140.0,0.2877777777777778,0.002175206504623032,1.0215444903604802,1.0
3.0,0.20126710688876742,141.0,0.2877777777777778,0.005982368187496879,0.11236475384759036,1.0
3.0,0.20126710688876742,142.0,0.2877777777777778,0.0022834324446585953,2.4490769786333813,1.0
3.0,0.20126710688876742,143.0,0.2877777777777778,0.022321740464320693,0.008345223119660095,0.0
3.0,0.20126710688876742,144.0,0.2877777777777778,0.0027164917997703694,0.05033086106460052,1.0
3.0,0.20126710688876742,145.0,0.2877777777777778,0.002055880604919595,0.1709079502974884,1.0
3.0,0.20126710688876742,146.0,0.2877777777777778,0.0020252525081586995,0.020117313824237017,1.0
3.0,0.20126710688876742,147.0,0.2877777777777778,0.006553653251495816,0.28513997890393417,1.0
3.0,0.20126710688876742,148.0,0.2877777777777778,0.0020071207043553547,0.05064937009484805,1.0
3.0,0.20126710688876742,149.0,0.2877777777777778,0.0017339037107483172,0.16966580581652438,1.0
3.0,0.20126710688876742,150.0,0.2877777777777778,0.002768370472683834,0.10562513098861774,1.0
3.0,0.20126710688876742,151.0,0.2877777777777778,0.007539914039927769,0.15860905690742202,1.0
3.0,0.20126710688876742,152.0,0.2877777777777778,0.0015862263094392497,0.005011780545636015,1.0
3.0,0.20126710688876742,153.0,0.2877777777777778,0.003168282028691183,0.008004934327085128,1.0
3.0,0.20126710688876742,154.0,0.2877777777777778,0.006802525761340151,3.8006085732543724,1.0
3.0,0.20126710688876742,155.0,0.2877777777777778,0.03367164030893824,0.00041852471485361096,1.0
3.0,0.20126710688876742,156.0,0.2877777777777778,0.02112876160720009,4.79217333959962e-06,0.0
3.0,0.20126710688876742,157.0,0.2877777777777778,0.001255073757278501,0.05783687847404744,1.0
3.0,0.20126710688876742,158.0,0.2877777777777778,0.004120083478402191,1.4434824677996832e-06,0.0
3.0,0.20126710688876742,159.0,0.2877777777777778,0.0052078344684662456,0.0020169527178788872,1.0
3.0,0.20126710688876742,160.0,0.2877777777777778,0.011114366289177332,0.0,0.0
3.0,0.20126710688876742,161.0,0.2877777777777778,0.006353356182133755,0.005233433320284719,1.0
3.0,0.20126710688876742,162.0,0.2877777777777778,0.01122258954667784,0.00010435110280035168,0.0
3.0,0.20126710688876742,163.0,0.2877777777777778,0.02141831758432119,0.02035541589738095,0.0
3.0,0.20126710688876742,164.0,0.2877777777777778,0.006478036675338021,0.09941636727771626,1.0
3.0,0.20126710688876742,165.0,0.2877777777777778,0.011106662909666911,0.01538161175184615,1.0
3.0,0.20126710688876742,166.0,0.2877777777777778,0.012097482181640598,1.0300202811807604e-05,0.0
3.0,0.20126710688876742,167.0,0.2877777777777778,0.005222035709631128,3.5393486155521537e-06,0.0
3.0,0.20126710688876742,168.0,0.2877777777777778,0.002141050727397475,0.02133460587199298,1.0
3.0,0.20126710688876742,169.0,0.2877777777777778,0.0019142884935091464,4.144456207688173,1.0
3.0,0.20126710688876742,170.0,0.2877777777777778,0.006339091082099535,0.01747024545718254,0.0
3.0,0.20126710688876742,171.0,0.2877777777777778,0.0019382532641926851,0.029637672120030475,1.0
3.0,0.20126710688876742,172.0,0.2877777777777778,0.0033754910774254636,0.00464383407823901,1.0
3.0,0.20126710688876742,173.0,0.2877777777777778,0.0024655236918949314,3.3367159978349563,1.0
3.0,0.20126710688876742,174.0,0.2877777777777778,0.0010402441420505125,0.028117422917851215,1.0
3.0,0.20126710688876742,175.0,0.2877777777777778,0.0015964258810525493,0.031525423207868705,1.0
3.0,0.20126710688876742,176.0,0.2877777777777778,0.0028241983989502214,0.5456698148886706,1.0
3.0,0.20126710688876742,177.0,0.2877777777777778,0.001052963325240444,5.134863907930502,1.0
3.0,0.20126710688876742,178.0,0.2877777777777778,0.006114224445157826,1.471306793230889,1.0
3.0,0.20126710688876742,179.0,0.2877777777777778,0.011197000645385112,0.0016047510638672777,0.0
3.0,0.20126710688876742,180.0,0.2877777777777778,0.005447523219110471,0.0,0.0
3.0,0.20126710688876742,181.0,0.2877777777777778,0.001890308010711352,0.28142514697378934,1.0
3.0,0.20126710688876742,182.0,0.2877777777777778,0.002674272091831237,2.277806526508352,1.0
3.0,0.20126710688876742,183.0,0.2877777777777778,0.00744457366270144,5.546190185481892e-06,0.0
3.0,0.20126710688876742,184.0,0.2877777777777778,0.010334144105450284,0.00018845766563467656,0.0
3.0,0.20126710688876742,185.0,0.2877777777777778,0.004828430922782599,0.0,0.0
3.0,0.20126710688876742,186.0,0.2877777777777778,0.0017477427275194915,0.21203250246378352,1.0
3.0,0.20126710688876742,187.0,0.2877777777777778,0.0022460429397286865,1.7432657782224315,1.0
3.0,0.20126710688876742,188.0,0.2877777777777778,0.004041046235120589,0.027350471450614675,0.0
3.0,0.20126710688876742,189.0,0.2877777777777778,0.007468572886449965,0.0,0.0
3.0,0.20126710688876742,190.0,0.2877777777777778,0.0068468215326226555,0.0,0.0
3.0,0.20126710688876742,191.0,0.2877777777777778,0.006062635227047476,0.9406665480762927,1.0
3.0,0.20126710688876742,192.0,0.2877777777777778,0.006929408456409942,0.0,0.0
3.0,0.20126710688876742,193.0,0.2877777777777778,0.0020740817403361173,0.00012486653193022972,1.0
3.0,0.20126710688876742,194.0,0.2877777777777778,0.007383797159776723,0.35603329370211306,1.0
3.0,0.20126710688876742,195.0,0.2877777777777778,0.0020577798231353464,1.3008575129962712,1.0
3.0,0.20126710688876742,196.0,0.2877777777777778,0.00811475032503885,0.0,0.0
3.0,0.20126710688876742,197.0,0.2877777777777778,0.012745975383037263,2.382775092405631e-06,0.0
3.0,0.20126710688876742,198.0,0.2877777777777778,0.007866787848635403,0.2742876820289133,1.0
3.0,0.20126710688876742,199.0,0.2877777777777778,0.009791526658545923,0.49830466699193543,1.0
3.0,0.20126710688876742,200.0,0.2877777777777778,0.002348661884149691,1.1893419929269853,1.0
3.0,0.20126710688876742,201.0,0.2877777777777778,0.0068581811700937755,0.00024982630189217644,1.0
3.0,0.20126710688876742,202.0,0.2877777777777778,0.01015465421142614,0.18450414481019786,1.0
3.0,0.20126710688876742,203.0,0.2877777777777778,0.0019668635624558502,0.000445594287804162,1.0
3.0,0.20126710688876742,204.0,0.2877777777777778,0.009129560249898966,1.6663067323806187,1.0
3.0,0.20126710688876742,205.0,0.2877777777777778,0.01164280959946629,0.0,0.0
3.0,0.20126710688876742,206.0,0.2877777777777778,0.01137970115412267,0.015953669265074424,0.0
3.0,0.20126710688876742,207.0,0.2877777777777778,0.004487166443906344,0.020159937859036706,0.0
3.0,0.20126710688876742,208.0,0.2877777777777778,0.006824590886245194,1.4191703767122673e-05,0.0
3.0,0.20126710688876742,209.0,0.2877777777777778,0.015765909050483078,7.360993475311087,1.0
3.0,0.20126710688876742,210.0,0.2877777777777778,0.007039275582630754,1.2299632841456656,1.0
3.0,0.20126710688876742,211.0,0.2877777777777778,0.00947115069241896,3.144456224149873,1.0
3.0,0.20126710688876742,212.0,0.2877777777777778,0.011920435255725847,0.0,0.0
3.0,0.20126710688876742,213.0,0.2877777777777778,0.012739481856618115,0.050976465202766906,1.0
3.0,0.20126710688876742,214.0,0.2877777777777778,0.005710925795064669,0.0,0.0
3.0,0.20126710688876742,215.0,0.2877777777777778,0.006785652744705929,0.0008217572449264517,1.0
3.0,0.20126710688876742,216.0,0.2877777777777778,0.006017992183344464,0.06718374313015854,1.0
3.0,0.20126710688876742,217.0,0.2877777777777778,0.007266112850092307,0.0,0.0
3.0,0.20126710688876742,218.0,0.2877777777777778,0.0013976666424033494,0.01494952125314841,1.0
3.0,0.20126710688876742,219.0,0.2877777777777778,0.012921526117721566,2.592413041467305e-06,0.0
3.0,0.20126710688876742,220.0,0.2877777777777778,0.0021664154104986074,7.023913191280067e-05,1.0
3.0,0.20126710688876742,221.0,0.2877777777777778,0.001312440707614512,0.0004276357603273194,1.0
3.0,0.20126710688876742,222.0,0.2877777777777778,0.035553806246646814,0.11358293855278537,1.0
3.0,0.20126710688876742,223.0,0.2877777777777778,0.011934864740380408,0.029613749797953535,0.0
3.0,0.20126710688876742,224.0,0.2877777777777778,0.006743971423382794,0.0017723156313410081,1.0
3.0,0.20126710688876742,225.0,0.2877777777777778,0.007042212451072737,0.0,0.0
3.0,0.20126710688876742,226.0,0.2877777777777778,0.011083696554966911,0.0,0.0
3.0,0.20126710688876742,227.0,0.2877777777777778,0.007241325552208703,0.0,0.0
3.0,0.20126710688876742,228.0,0.2877777777777778,0.0030757433256056116,1.096999149019825,1.0
3.0,0.20126710688876742,229.0,0.2877777777777778,0.005748338755833895,0.0,0.0
3.0,0.20126710688876742,230.0,0.2877777777777778,0.012642243949650325,0.04336127470956373,1.0
3.0,0.20126710688876742,231.0,0.2877777777777778,0.010716885278381029,0.022084997569846054,0.0
3.0,0.20126710688876742,232.0,0.2877777777777778,0.0025130608357262743,1.135036934783291,1.0
3.0,0.20126710688876742,233.0,0.2877777777777778,0.00817524953383122,0.0014118707857696266,1.0
3.0,0.20126710688876742,234.0,0.2877777777777778,0.006636417951689566,0.0006547517059918137,0.0
3.0,0.20126710688876742,235.0,0.2877777777777778,0.0072400706786575455,0.0,0.0
3.0,0.20126710688876742,236.0,0.2877777777777778,0.0020898459909993233,0.33758393526588126,1.0
3.0,0.20126710688876742,237.0,0.2877777777777778,0.002644328321683002,0.001423139660690414,1.0
3.0,0.20126710688876742,238.0,0.2877777777777778,0.0015778255574911068,0.0001931156161493713,1.0
3.0,0.20126710688876742,239.0,0.2877777777777778,0.006050729626671623,0.26757499535502266,1.0
3.0,0.20126710688876742,240.0,0.2877777777777778,0.0015050445909785093,0.01922898701122897,1.0
3.0,0.20126710688876742,241.0,0.2877777777777778,0.007026627896644097,0.0,0.0
3.0,0.20126710688876742,242.0,0.2877777777777778,0.006420899381694013,6.780427546311726,1.0
3.0,0.20126710688876742,243.0,0.2877777777777778,0.004382465977711265,0.014358755163992272,1.0
3.0,0.20126710688876742,244.0,0.2877777777777778,0.011568120983774315,0.24670556528452503,1.0
3.0,0.20126710688876742,245.0,0.2877777777777778,0.012538126361264303,3.4669230500337265e-05,0.0
3.0,0.20126710688876742,246.0,0.2877777777777778,0.0053135810089519455,2.0536723927674307,1.0
3.0,0.20126710688876742,247.0,0.2877777777777778,0.005431540428777125,0.0,0.0
3.0,0.20126710688876742,248.0,0.2877777777777778,0.006495595665658601,7.869139468070863,1.0
3.0,0.20126710688876742,249.0,0.2877777777777778,0.019871982328152335,0.0,0.0
3.0,0.20126710688876742,250.0,0.2877777777777778,0.02096069732162824,0.004000369496435025,0.0
3.0,0.20126710688876742,251.0,0.2877777777777778,0.0016262385739216334,0.004690856827522471,1.0
3.0,0.20126710688876742,252.0,0.2877777777777778,0.011787204878934369,0.0,0.0
3.0,0.20126710688876742,253.0,0.2877777777777778,0.008170392994179371,0.002861720371485582,1.0
3.0,0.20126710688876742,254.0,0.2877777777777778,0.0072864789591820505,0.042638029319820255,0.0
3.0,0.20126710688876742,255.0,0.2877777777777778,0.006903563976828847,2.3169307709151617e-06,0.0
3.0,0.20126710688876742,256.0,0.2877777777777778,0.0036649480890249683,0.00308951428263077,1.0
3.0,0.20126710688876742,257.0,0.2877777777777778,0.003293976362465164,0.00017224409816813698,1.0
3.0,0.20126710688876742,258.0,0.2877777777777778,0.0018156989024836478,0.6408057222166174,1.0
3.0,0.20126710688876742,259.0,0.2877777777777778,0.0020428369900584104,0.032251653414052686,1.0
3.0,0.20126710688876742,260.0,0.2877777777777778,0.009683690642213354,0.0,0.0
3.0,0.20126710688876742,261.0,0.2877777777777778,0.00256779664646652,0.0002753610356243226,1.0
3.0,0.20126710688876742,262.0,0.2877777777777778,0.0022733116976868762,0.07919599533550309,1.0
3.0,0.20126710688876742,263.0,0.2877777777777778,0.005039366963456084,1.4747611834866395e-07,0.0
3.0,0.20126710688876742,264.0,0.2877777777777778,0.002114697313645638,1.863325180996181e-05,1.0
3.0,0.20126710688876742,265.0,0.2877777777777778,0.002822713874985985,0.09248329875933249,1.0
3.0,0.20126710688876742,266.0,0.2877777777777778,0.006292091738336232,0.00011584391148062598,1.0
3.0,0.20126710688876742,267.0,0.2877777777777778,0.0015713370784329076,0.06344790722496595,1.0
3.0,0.20126710688876742,268.0,0.2877777777777778,0.007787353861427078,0.028243524532122675,1.0
3.0,0.20126710688876742,269.0,0.2877777777777778,0.002911768443850197,0.25753598393545873,1.0
3.0,0.20126710688876742,270.0,0.2877777777777778,0.0073145649159904215,3.2517596385782536e-05,0.0
3.0,0.20126710688876742,271.0,0.2877777777777778,0.007610113952223903,0.0,0.0
3.0,0.20126710688876742,272.0,0.2877777777777778,0.006760829022453197,0.000996908685994212,1.0
3.0,0.20126710688876742,273.0,0.2877777777777778,0.004866326287885627,0.0,0.0
3.0,0.20126710688876742,274.0,0.2877777777777778,0.004472912570048696,0.07826928896305663,1.0
3.0,0.20126710688876742,275.0,0.2877777777777778,0.002444003137310264,5.9103962223918876,1.0
3.0,0.20126710688876742,276.0,0.2877777777777778,0.021494009666498972,0.0,0.0
3.0,0.20126710688876742,277.0,0.2877777777777778,0.002300401678754755,0.001670035280309641,1.0
3.0,0.20126710688876742,278.0,0.2877777777777778,0.008568252321302934,0.018510961792607552,1.0
3.0,0.20126710688876742,279.0,0.2877777777777778,0.0016790158972736597,0.00013732841706174791,1.0
3.0,0.20126710688876742,280.0,0.2877777777777778,0.010191536205374574,0.0,0.0
3.0,0.20126710688876742,281.0,0.2877777777777778,0.001952897712844254,0.012983703004117818,1.0
3.0,0.20126710688876742,282.0,0.2877777777777778,0.0019069889704763537,0.024311480139059767,1.0
3.0,0.20126710688876742,283.0,0.2877777777777778,0.004918092781856948,0.0,0.0
3.0,0.20126710688876742,284.0,0.2877777777777778,0.012905064358949022,0.0,0.0
3.0,0.20126710688876742,285.0,0.2877777777777778,0.002640253629702902,0.589048816860801,1.0
3.0,0.20126710688876742,286.0,0.2877777777777778,0.004832394552133817,2.0719692562339196,1.0
3.0,0.20126710688876742,287.0,0.2877777777777778,0.003966023986630315,0.0016323760459920034,1.0
3.0,0.20126710688876742,288.0,0.2877777777777778,0.002396926843540811,0.606326925724827,1.0
3.0,0.20126710688876742,289.0,0.2877777777777778,0.002408695000002113,0.26073727853813783,1.0
3.0,0.20126710688876742,290.0,0.2877777777777778,0.006060813122284892,0.016223848028270437,1.0
3.0,0.20126710688876742,291.0,0.2877777777777778,0.007110686635457819,0.0,0.0
3.0,0.20126710688876742,292.0,0.2877777777777778,0.003935695785832072,0.021188446743058267,0.0
3.0,0.20126710688876742,293.0,0.2877777777777778,0.003959847312762641,10.15964761414285,1.0
3.0,0.20126710688876742,294.0,0.2877777777777778,0.010282260641685336,0.012226214147949435,0.0
3.0,0.20126710688876742,295.0,0.2877777777777778,0.005417837198831809,5.744839528991094e-05,0.0
3.0,0.20126710688876742,296.0,0.2877777777777778,0.006225834509537589,0.00149174731820202,1.0
3.0,0.20126710688876742,297.0,0.2877777777777778,0.018634931669049816,0.0,0.0
3.0,0.20126710688876742,298.0,0.2877777777777778,0.002125522880136078,0.007615229465849624,1.0
3.0,0.20126710688876742,299.0,0.2877777777777778,0.0018141479181730776,5.834943081159933,1.0
3.0,0.20126710688876742,300.0,0.2877777777777778,0.011692807924749977,3.09205900955578e-05,0.0
3.0,0.20126710688876742,301.0,0.2877777777777778,0.002153115913879081,0.004425230811262278,1.0
3.0,0.20126710688876742,302.0,0.2877777777777778,0.0017724703375307234,0.23816101009334484,1.0
3.0,0.20126710688876742,303.0,0.2877777777777778,0.006884099488781069,0.3792002063433,1.0
3.0,0.20126710688876742,304.0,0.2877777777777778,0.002070740986056114,0.0011695530297216338,1.0
3.0,0.20126710688876742,305.0,0.2877777777777778,0.006076927332728544,0.03150682022502056,1.0
3.0,0.20126710688876742,306.0,0.2877777777777778,0.007241200006480176,0.11463279857012508,1.0
3.0,0.20126710688876742,307.0,0.2877777777777778,0.010864396589792297,0.0,0.0
3.0,0.20126710688876742,308.0,0.2877777777777778,0.00641035194025243,0.0001500869998803581,0.0
3.0,0.20126710688876742,309.0,0.2877777777777778,0.002214554788927239,0.2138520870634151,1.0
3.0,0.20126710688876742,310.0,0.2877777777777778,0.007645005305913595,0.0,0.0
3.0,0.20126710688876742,311.0,0.2877777777777778,0.006803997585743196,0.014592923713093344,0.0
3.0,0.20126710688876742,312.0,0.2877777777777778,0.0027859096953980356,0.044372574154287775,1.0
3.0,0.20126710688876742,313.0,0.2877777777777778,0.007674612593971732,0.0,0.0
3.0,0.20126710688876742,314.0,0.2877777777777778,0.009474150478652354,0.0014221942838657043,0.0
3.0,0.20126710688876742,315.0,0.2877777777777778,0.0076439501973406335,0.0034528540340505597,1.0
3.0,0.20126710688876742,316.0,0.2877777777777778,0.007160633221507352,3.1827400538780206,1.0
3.0,0.20126710688876742,317.0,0.2877777777777778,0.0020990983782181944,0.01049704505971324,1.0
3.0,0.20126710688876742,318.0,0.2877777777777778,0.007312021383615446,0.0,0.0
3.0,0.20126710688876742,319.0,0.2877777777777778,0.0032437992038412975,0.001367310005437148,1.0
3.0,0.20126710688876742,320.0,0.2877777777777778,0.0071125713104043,0.008425546780534088,1.0
3.0,0.20126710688876742,321.0,0.2877777777777778,0.014504916801507835,10.033842999626513,1.0
3.0,0.20126710688876742,322.0,0.2877777777777778,0.007177126621336015,3.0734084751893208e-06,0.0
3.0,0.20126710688876742,323.0,0.2877777777777778,0.0052446337303032765,2.2367959574607763,1.0
3.0,0.20126710688876742,324.0,0.2877777777777778,0.001355551556655313,0.09584864009066424,1.0
3.0,0.20126710688876742,325.0,0.2877777777777778,0.006625498603556277,0.0,0.0
3.0,0.20126710688876742,326.0,0.2877777777777778,0.004220755855784497,6.721963315708789e-06,0.0
3.0,0.20126710688876742,327.0,0.2877777777777778,0.005441930068298786,1.156399866256625,1.0
3.0,0.20126710688876742,328.0,0.2877777777777778,0.0048324330805307614,0.39913622732689874,1.0
3.0,0.20126710688876742,329.0,0.2877777777777778,0.0049608421083155605,0.030381369522744874,1.0
3.0,0.20126710688876742,330.0,0.2877777777777778,0.00208377876170513,8.948056645132877e-05,1.0
3.0,0.20126710688876742,331.0,0.2877777777777778,0.007574506558730547,1.7185957273903042e-05,0.0
3.0,0.20126710688876742,332.0,0.2877777777777778,0.007801043788938852,0.0,0.0
3.0,0.20126710688876742,333.0,0.2877777777777778,0.005212973402527781,0.0,0.0
3.0,0.20126710688876742,334.0,0.2877777777777778,0.006071468395163689,3.802127772519114,1.0
3.0,0.20126710688876742,335.0,0.2877777777777778,0.011274155494729488,0.0,0.0
3.0,0.20126710688876742,336.0,0.2877777777777778,0.021226729765664462,0.0,0.0
3.0,0.20126710688876742,337.0,0.2877777777777778,0.006051312886865631,0.048973548098584466,1.0
3.0,0.20126710688876742,338.0,0.2877777777777778,0.006081308474584672,3.9547315203140747,1.0
3.0,0.20126710688876742,339.0,0.2877777777777778,0.0051563451322517335,0.0,0.0
3.0,0.20126710688876742,340.0,0.2877777777777778,0.004108837116826242,0.10217111029008176,1.0
3.0,0.20126710688876742,341.0,0.2877777777777778,0.0018476164127698039,0.009405073754463087,1.0
3.0,0.20126710688876742,342.0,0.2877777777777778,0.00651425125686882,0.00970829755592056,0.0
3.0,0.20126710688876742,343.0,0.2877777777777778,0.007570755609982071,0.7945724401517794,1.0
3.0,0.20126710688876742,344.0,0.2877777777777778,0.013255256277137133,0.0,0.0
3.0,0.20126710688876742,345.0,0.2877777777777778,0.0020725141079048,0.007692546795472839,1.0
3.0,0.20126710688876742,346.0,0.2877777777777778,0.001958516142403452,0.26439774484157796,1.0
3.0,0.20126710688876742,347.0,0.2877777777777778,0.007118107685066611,0.00025031716437668415,0.0
3.0,0.20126710688876742,348.0,0.2877777777777778,0.0011894825828516536,0.036023199629113746,1.0
3.0,0.20126710688876742,349.0,0.2877777777777778,0.0036903135339441365,0.004911810392781434,1.0
3.0,0.20126710688876742,350.0,0.2877777777777778,0.001468804959598319,0.0006113602988462404,1.0
3.0,0.20126710688876742,351.0,0.2877777777777778,0.021465054967007603,0.0,0.0
3.0,0.20126710688876742,352.0,0.2877777777777778,0.0033127822148685416,2.550005376445061,1.0
3.0,0.20126710688876742,353.0,0.2877777777777778,0.007184146719472633,0.0,0.0
3.0,0.20126710688876742,354.0,0.2877777777777778,0.0019194590774834575,9.301922439922438e-06,1.0
3.0,0.20126710688876742,355.0,0.2877777777777778,0.006972859631046335,0.12895118554238477,1.0
3.0,0.20126710688876742,356.0,0.2877777777777778,0.009168462524997284,0.22022507644629594,1.0
3.0,0.20126710688876742,357.0,0.2877777777777778,0.006051325066111338,0.003593836300447675,1.0
3.0,0.20126710688876742,358.0,0.2877777777777778,0.021339308116467684,0.0,0.0
3.0,0.20126710688876742,359.0,0.2877777777777778,0.00676541139179563,1.784114052950941,1.0
3.0,0.20126710688876742,360.0,0.2877777777777778,0.005520030861575034,1.4758411661295823e-05,0.0
3.0,0.20126710688876742,361.0,0.2877777777777778,0.0026152920128572647,1.6257168597206864,1.0
3.0,0.20126710688876742,362.0,0.2877777777777778,0.0026367599437097716,0.2112153345111533,1.0
3.0,0.20126710688876742,363.0,0.2877777777777778,0.004449399795875933,0.0,0.0
3.0,0.20126710688876742,364.0,0.2877777777777778,0.002125900372879024,1.6413686638273014e-05,1.0
3.0,0.20126710688876742,365.0,0.2877777777777778,0.00699716817300788,0.052200890725780415,1.0
3.0,0.20126710688876742,366.0,0.2877777777777778,0.007842252537346715,0.005785580494259982,1.0
3.0,0.20126710688876742,367.0,0.2877777777777778,0.00291373566091273,5.8754126547838935e-06,1.0
3.0,0.20126710688876742,368.0,0.2877777777777778,0.009633675163060889,0.0,0.0
3.0,0.20126710688876742,369.0,0.2877777777777778,0.002242808222697958,1.86527160764784,1.0
3.0,0.20126710688876742,370.0,0.2877777777777778,0.005092894031455762,5.762981638999204e-05,0.0
3.0,0.20126710688876742,371.0,0.2877777777777778,0.005441619149630206,0.0,0.0
3.0,0.20126710688876742,372.0,0.2877777777777778,0.002685463012582093,3.215088675401512,1.0
3.0,0.20126710688876742,373.0,0.2877777777777778,0.011593688537545332,5.741706029865675e-06,0.0
3.0,0.20126710688876742,374.0,0.2877777777777778,0.021271789330018796,0.0,0.0
3.0,0.20126710688876742,375.0,0.2877777777777778,0.002840687307651665,3.4521279559332823,1.0
3.0,0.20126710688876742,376.0,0.2877777777777778,0.0026564922360297802,0.0452969054399115,1.0
3.0,0.20126710688876742,377.0,0.2877777777777778,0.0016983827091977374,0.0006685813926318297,1.0
3.0,0.20126710688876742,378.0,0.2877777777777778,0.0025324118487048885,0.026600036459531885,1.0
3.0,0.20126710688876742,379.0,0.2877777777777778,0.002178781529997356,0.000316952774771127,1.0
3.0,0.20126710688876742,380.0,0.2877777777777778,0.005155917076157897,0.0,0.0
3.0,0.20126710688876742,381.0,0.2877777777777778,0.006538207054127342,0.0,0.0
3.0,0.20126710688876742,382.0,0.2877777777777778,0.006396855795708704,5.350998630923471e-05,0.0
3.0,0.20126710688876742,383.0,0.2877777777777778,0.002204939596613337,1.6470253428886972,1.0
3.0,0.20126710688876742,384.0,0.2877777777777778,0.002056234243038184,0.009668346526348032,1.0
3.0,0.20126710688876742,385.0,0.2877777777777778,0.006240183529590548,0.44380568555999483,1.0
3.0,0.20126710688876742,386.0,0.2877777777777778,0.006048823355034164,1.073261503316516,1.0
3.0,0.20126710688876742,387.0,0.2877777777777778,0.010069066836960796,9.534118722938219,1.0
3.0,0.20126710688876742,388.0,0.2877777777777778,0.0070174402018879315,5.66649354211728e-07,0.0
3.0,0.20126710688876742,389.0,0.2877777777777778,0.0026071805442172006,0.15321573975453398,1.0
3.0,0.20126710688876742,390.0,0.2877777777777778,0.0027276512034018667,7.038424465397135e-05,1.0
3.0,0.20126710688876742,391.0,0.2877777777777778,0.007464992882269651,5.387433191782264e-06,0.0
3.0,0.20126710688876742,392.0,0.2877777777777778,0.001800605915825166,4.1398407732299e-05,1.0
3.0,0.20126710688876742,393.0,0.2877777777777778,0.004465706718355611,0.0009307333608132926,0.0
3.0,0.20126710688876742,394.0,0.2877777777777778,0.0010286060173714056,0.007600831848679592,1.0
3.0,0.20126710688876742,395.0,0.2877777777777778,0.0018852527918225635,0.040684980956536755,1.0
3.0,0.20126710688876742,396.0,0.2877777777777778,0.0030364082231644175,0.03208774222751857,1.0
3.0,0.20126710688876742,397.0,0.2877777777777778,0.0029166666596804267,0.004810119291316143,1.0
3.0,0.20126710688876742,398.0,0.2877777777777778,0.0010781771717670134,0.01869725010894897,1.0
3.0,0.20126710688876742,399.0,0.2877777777777778,0.002026692114689355,0.002671685116046167,1.0
3.0,0.20126710688876742,0.0,0.29888888888888887,0.00488747464704848,3.1821014447639633,1.0
3.0,0.20126710688876742,1.0,0.29888888888888887,0.007381641405134168,0.0,0.0
3.0,0.20126710688876742,2.0,0.29888888888888887,0.006888255804929818,1.0569758347275698e-06,0.0
3.0,0.20126710688876742,3.0,0.29888888888888887,0.0053673894453168235,0.0,0.0
3.0,0.20126710688876742,4.0,0.29888888888888887,0.0065163598186832525,0.0,0.0
3.0,0.20126710688876742,5.0,0.29888888888888887,0.003556967697694622,0.053918638377961584,1.0
3.0,0.20126710688876742,6.0,0.29888888888888887,0.007742677014430668,0.0,0.0
3.0,0.20126710688876742,7.0,0.29888888888888887,0.006316804748218268,0.0001705113327492078,1.0
3.0,0.20126710688876742,8.0,0.29888888888888887,0.006781883399366092,3.3728040778253603,1.0
3.0,0.20126710688876742,9.0,0.29888888888888887,0.006095794279331164,0.9408867685804027,1.0
3.0,0.20126710688876742,10.0,0.29888888888888887,0.005409752196347183,0.0006088916716185728,0.0
3.0,0.20126710688876742,11.0,0.29888888888888887,0.0023123616160739754,0.04234588356383768,1.0
3.0,0.20126710688876742,12.0,0.29888888888888887,0.006955594842263096,0.0015081040016864781,0.0
3.0,0.20126710688876742,13.0,0.29888888888888887,0.021488038270102327,0.0001260613684866843,0.0
3.0,0.20126710688876742,14.0,0.29888888888888887,0.006040621671680502,0.7505005223549853,1.0
3.0,0.20126710688876742,15.0,0.29888888888888887,0.01196451212368432,4.408141498718206e-05,0.0
3.0,0.20126710688876742,16.0,0.29888888888888887,0.03743675168975118,0.006336921256950072,1.0
3.0,0.20126710688876742,17.0,0.29888888888888887,0.012340809318623013,0.021358479288171774,0.0
3.0,0.20126710688876742,18.0,0.29888888888888887,0.006011565970422652,0.0024984317409043224,1.0
3.0,0.20126710688876742,19.0,0.29888888888888887,0.008504205035520745,0.08663390227225683,1.0
3.0,0.20126710688876742,20.0,0.29888888888888887,0.010030055560215079,0.0026989797489357487,0.0
3.0,0.20126710688876742,21.0,0.29888888888888887,0.0061534239034386,0.0002785749974858731,1.0
3.0,0.20126710688876742,22.0,0.29888888888888887,0.011586146003400438,7.382606286523379e-05,0.0
3.0,0.20126710688876742,23.0,0.29888888888888887,0.006476810292891063,0.00204797719273912,1.0
3.0,0.20126710688876742,24.0,0.29888888888888887,0.00792752005962275,0.0,0.0
3.0,0.20126710688876742,25.0,0.29888888888888887,0.007693841915277477,0.0,0.0
3.0,0.20126710688876742,26.0,0.29888888888888887,0.007188028975420915,0.0,0.0
3.0,0.20126710688876742,27.0,0.29888888888888887,0.0054423189156431,0.09655561353635585,1.0
3.0,0.20126710688876742,28.0,0.29888888888888887,0.005731023074363555,0.2975945315105086,1.0
3.0,0.20126710688876742,29.0,0.29888888888888887,0.0019884298422597323,0.13983889993915466,1.0
3.0,0.20126710688876742,30.0,0.29888888888888887,0.08067741471222414,12.649659908507802,1.0
3.0,0.20126710688876742,31.0,0.29888888888888887,0.003616290390298511,0.0045537681385217615,1.0
3.0,0.20126710688876742,32.0,0.29888888888888887,0.007142832629357334,0.12214492481173161,1.0
3.0,0.20126710688876742,33.0,0.29888888888888887,0.0018547886488514485,0.0001748446617657623,1.0
3.0,0.20126710688876742,34.0,0.29888888888888887,0.00477387867893792,0.0,0.0
3.0,0.20126710688876742,35.0,0.29888888888888887,0.006171075751204711,3.388620604648141,1.0
3.0,0.20126710688876742,36.0,0.29888888888888887,0.011287530819379337,0.0,0.0
3.0,0.20126710688876742,37.0,0.29888888888888887,0.006848844585821088,7.175300290289716e-06,0.0
3.0,0.20126710688876742,38.0,0.29888888888888887,0.015148526236197156,0.0,0.0
3.0,0.20126710688876742,39.0,0.29888888888888887,0.0010125642149053902,0.02782904342446325,1.0
3.0,0.20126710688876742,40.0,0.29888888888888887,0.006558025592181596,0.012850273766085938,1.0
3.0,0.20126710688876742,41.0,0.29888888888888887,0.010953929044986639,0.0,0.0
3.0,0.20126710688876742,42.0,0.29888888888888887,0.0034813947278377814,0.02334382262157725,1.0
3.0,0.20126710688876742,43.0,0.29888888888888887,0.007061367721858454,0.0,0.0
3.0,0.20126710688876742,44.0,0.29888888888888887,0.002663201024809679,5.774074819616801,1.0
3.0,0.20126710688876742,45.0,0.29888888888888887,0.009647973407725295,0.025519620882409996,1.0
3.0,0.20126710688876742,46.0,0.29888888888888887,0.002104708989314244,0.03950262901020541,1.0
3.0,0.20126710688876742,47.0,0.29888888888888887,0.022011148473738893,0.0,0.0
3.0,0.20126710688876742,48.0,0.29888888888888887,0.004762540201183614,0.5182986984239878,1.0
3.0,0.20126710688876742,49.0,0.29888888888888887,0.04250741840806959,0.0009667739349873126,1.0
3.0,0.20126710688876742,50.0,0.29888888888888887,0.0025170786656897605,0.11617809580186976,1.0
3.0,0.20126710688876742,51.0,0.29888888888888887,0.012883707211538543,0.0,0.0
3.0,0.20126710688876742,52.0,0.29888888888888887,0.01087202850142223,1.4728649478372222,1.0
3.0,0.20126710688876742,53.0,0.29888888888888887,0.005752434266211805,2.240234087581035e-06,0.0
3.0,0.20126710688876742,54.0,0.29888888888888887,0.0023058895545990223,0.24922494685800423,1.0
3.0,0.20126710688876742,55.0,0.29888888888888887,0.021155341970726656,0.0,0.0
3.0,0.20126710688876742,56.0,0.29888888888888887,0.004721445920389689,0.0,0.0
3.0,0.20126710688876742,57.0,0.29888888888888887,0.0018029480484246419,0.010209750388518124,1.0
3.0,0.20126710688876742,58.0,0.29888888888888887,0.02165391933468859,0.0,0.0
3.0,0.20126710688876742,59.0,0.29888888888888887,0.0029094570944697444,0.03474322944405377,1.0
3.0,0.20126710688876742,60.0,0.29888888888888887,0.0050886634453641,0.0011468328575470592,1.0
3.0,0.20126710688876742,61.0,0.29888888888888887,0.005097217897824818,0.02295683965068846,0.0
3.0,0.20126710688876742,62.0,0.29888888888888887,0.003469921437324561,0.060537746899133035,1.0
3.0,0.20126710688876742,63.0,0.29888888888888887,0.00656419743185407,0.0064412699683989915,1.0
3.0,0.20126710688876742,64.0,0.29888888888888887,0.007292339965307462,5.9224776113473924e-05,0.0
3.0,0.20126710688876742,65.0,0.29888888888888887,0.006826120662199629,2.902075178543208e-06,0.0
3.0,0.20126710688876742,66.0,0.29888888888888887,0.0021058573953281205,1.9225893157186413,1.0
3.0,0.20126710688876742,67.0,0.29888888888888887,0.006152998457486941,0.23197704905791416,1.0
3.0,0.20126710688876742,68.0,0.29888888888888887,0.003224392391708004,0.02048099096933011,1.0
3.0,0.20126710688876742,69.0,0.29888888888888887,0.012854378935888297,1.456760040091086,1.0
3.0,0.20126710688876742,70.0,0.29888888888888887,0.012711998508492275,0.02187727956013775,0.0
3.0,0.20126710688876742,71.0,0.29888888888888887,0.007690072682410284,8.960073414066218e-05,1.0
3.0,0.20126710688876742,72.0,0.29888888888888887,0.005767163036991952,2.3038823008643123,1.0
3.0,0.20126710688876742,73.0,0.29888888888888887,0.001476374775507367,0.03912237031195801,1.0
3.0,0.20126710688876742,74.0,0.29888888888888887,0.0025569428335074744,8.249002836636345e-05,1.0
3.0,0.20126710688876742,75.0,0.29888888888888887,0.0035030770206948367,0.30677322628773906,1.0
3.0,0.20126710688876742,76.0,0.29888888888888887,0.0012265594598929804,0.053349615189924496,1.0
3.0,0.20126710688876742,77.0,0.29888888888888887,0.007052223588643859,0.0,0.0
3.0,0.20126710688876742,78.0,0.29888888888888887,0.0062867349515094186,0.01932377699650958,0.0
3.0,0.20126710688876742,79.0,0.29888888888888887,0.00761884930201055,2.1574147789146836,1.0
3.0,0.20126710688876742,80.0,0.29888888888888887,0.005641363299746823,0.0176753218019093,0.0
3.0,0.20126710688876742,81.0,0.29888888888888887,0.007883650245392629,3.442327588960178e-05,0.0
3.0,0.20126710688876742,82.0,0.29888888888888887,0.0049087542564345155,0.00307103270237486,1.0
3.0,0.20126710688876742,83.0,0.29888888888888887,0.0009370717417392765,0.004294332521253076,1.0
3.0,0.20126710688876742,84.0,0.29888888888888887,0.06884492097154593,2.1888610065374974,1.0
3.0,0.20126710688876742,85.0,0.29888888888888887,0.00796490656774213,3.097453533256558,1.0
3.0,0.20126710688876742,86.0,0.29888888888888887,0.0023367278881893196,6.386245430895796,1.0
3.0,0.20126710688876742,87.0,0.29888888888888887,0.002956358135635774,0.012193310633114594,1.0
3.0,0.20126710688876742,88.0,0.29888888888888887,0.001938781355791719,0.003348516872716036,1.0
3.0,0.20126710688876742,89.0,0.29888888888888887,0.010780725010875016,9.78783728256262e-05,0.0
3.0,0.20126710688876742,90.0,0.29888888888888887,0.011495066672943748,0.007573574099075473,0.0
3.0,0.20126710688876742,91.0,0.29888888888888887,0.004050106990992305,1.628479283111134,1.0
3.0,0.20126710688876742,92.0,0.29888888888888887,0.006187886265300471,0.004894636369557451,1.0
3.0,0.20126710688876742,93.0,0.29888888888888887,0.0018202234087710755,0.00026290228448727274,1.0
3.0,0.20126710688876742,94.0,0.29888888888888887,0.004562289613621642,0.02123296383303471,0.0
3.0,0.20126710688876742,95.0,0.29888888888888887,0.004241559683284809,0.06226326383609541,1.0
3.0,0.20126710688876742,96.0,0.29888888888888887,0.0219306161513073,0.0,0.0
3.0,0.20126710688876742,97.0,0.29888888888888887,0.01137835311917817,0.0009947987158062548,1.0
3.0,0.20126710688876742,98.0,0.29888888888888887,0.0015766490490761993,0.016783112034474124,1.0
3.0,0.20126710688876742,99.0,0.29888888888888887,0.005675489185672106,0.0015430115014609825,1.0
3.0,0.20126710688876742,100.0,0.29888888888888887,0.007924680864859323,2.158466976186066,1.0
3.0,0.20126710688876742,101.0,0.29888888888888887,0.005374115870625274,0.01762719011999192,0.0
3.0,0.20126710688876742,102.0,0.29888888888888887,0.007804169271317005,0.0,0.0
3.0,0.20126710688876742,103.0,0.29888888888888887,0.001283804920792319,0.044220625431774296,1.0
3.0,0.20126710688876742,104.0,0.29888888888888887,0.0014551986657477018,0.008752982219099611,1.0
3.0,0.20126710688876742,105.0,0.29888888888888887,0.00659222602254092,0.005579139815931237,0.0
3.0,0.20126710688876742,106.0,0.29888888888888887,0.012462799670389432,0.0,0.0
3.0,0.20126710688876742,107.0,0.29888888888888887,0.03367032483319096,0.0009311883096168485,0.0
3.0,0.20126710688876742,108.0,0.29888888888888887,0.004496746862537168,0.007848146643982992,1.0
3.0,0.20126710688876742,109.0,0.29888888888888887,0.0073002494714737975,0.0010766049602867556,0.0
3.0,0.20126710688876742,110.0,0.29888888888888887,0.00696720795951891,0.0,0.0
3.0,0.20126710688876742,111.0,0.29888888888888887,0.006048633139200499,0.1061581374226181,1.0
3.0,0.20126710688876742,112.0,0.29888888888888887,0.010968333718924847,0.01806880259076397,0.0
3.0,0.20126710688876742,113.0,0.29888888888888887,0.00527520800144603,0.0005238798289257518,1.0
3.0,0.20126710688876742,114.0,0.29888888888888887,0.0022429128608030804,0.0006687418000469839,1.0
3.0,0.20126710688876742,115.0,0.29888888888888887,0.0016412247293410254,0.027389623580479923,1.0
3.0,0.20126710688876742,116.0,0.29888888888888887,0.002305422373866212,0.821804115096126,1.0
3.0,0.20126710688876742,117.0,0.29888888888888887,0.007981273764669197,0.367949823231796,1.0
3.0,0.20126710688876742,118.0,0.29888888888888887,0.006483458107671201,0.279119433539951,1.0
3.0,0.20126710688876742,119.0,0.29888888888888887,0.0016197639222641695,0.05530388629715226,1.0
3.0,0.20126710688876742,120.0,0.29888888888888887,0.007826313446660356,1.980846274863658,1.0
3.0,0.20126710688876742,121.0,0.29888888888888887,0.009357151997184347,0.02382670095065137,1.0
3.0,0.20126710688876742,122.0,0.29888888888888887,0.001489363659500592,0.4617639381927371,1.0
3.0,0.20126710688876742,123.0,0.29888888888888887,0.005793032436252774,3.700321479172121,1.0
3.0,0.20126710688876742,124.0,0.29888888888888887,0.0027037502833093478,0.18532768499745175,1.0
3.0,0.20126710688876742,125.0,0.29888888888888887,0.002369066082254241,5.777593105355187,1.0
3.0,0.20126710688876742,126.0,0.29888888888888887,0.012674231242145725,0.0,0.0
3.0,0.20126710688876742,127.0,0.29888888888888887,0.004916318786681924,0.023746510308642974,1.0
3.0,0.20126710688876742,128.0,0.29888888888888887,0.007035880079376946,0.024859433676178405,1.0
3.0,0.20126710688876742,129.0,0.29888888888888887,0.006471917121417934,0.00046950359376614505,0.0
3.0,0.20126710688876742,130.0,0.29888888888888887,0.0013085276214843192,0.03809746395200011,1.0
3.0,0.20126710688876742,131.0,0.29888888888888887,0.0020293601242578926,0.6743186834737583,1.0
3.0,0.20126710688876742,132.0,0.29888888888888887,0.00720539148477624,0.0,0.0
3.0,0.20126710688876742,133.0,0.29888888888888887,0.011918985046249123,0.0,0.0
3.0,0.20126710688876742,134.0,0.29888888888888887,0.0015713949619622454,8.940217119736406,1.0
3.0,0.20126710688876742,135.0,0.29888888888888887,0.004630218553588184,0.0,0.0
3.0,0.20126710688876742,136.0,0.29888888888888887,0.0018140304450816095,0.006402332816809959,1.0
3.0,0.20126710688876742,137.0,0.29888888888888887,0.001898824138928601,0.01712590559685486,1.0
3.0,0.20126710688876742,138.0,0.29888888888888887,0.010882754688228424,0.0011539012899786567,0.0
3.0,0.20126710688876742,139.0,0.29888888888888887,0.011313694664691745,0.020419124008993688,0.0
3.0,0.20126710688876742,140.0,0.29888888888888887,0.0022014390625527637,0.0008347091138111863,1.0
3.0,0.20126710688876742,141.0,0.29888888888888887,0.0020337861289225862,0.0005956283026098851,1.0
3.0,0.20126710688876742,142.0,0.29888888888888887,0.006880475642062658,0.004669710207594552,0.0
3.0,0.20126710688876742,143.0,0.29888888888888887,0.021077705287835376,0.012521366416899033,0.0
3.0,0.20126710688876742,144.0,0.29888888888888887,0.003048618752781485,0.3474125247967926,1.0
3.0,0.20126710688876742,145.0,0.29888888888888887,0.006720745418349477,0.024754715643397047,0.0
3.0,0.20126710688876742,146.0,0.29888888888888887,0.001721733401235772,0.0006632096825593606,1.0
3.0,0.20126710688876742,147.0,0.29888888888888887,0.006346917101296046,2.1702463433527988,1.0
3.0,0.20126710688876742,148.0,0.29888888888888887,0.0015513511111588099,0.0036644807938035454,1.0
3.0,0.20126710688876742,149.0,0.29888888888888887,0.0020279584293885706,0.026012800346671947,1.0
3.0,0.20126710688876742,150.0,0.29888888888888887,0.0017921591738041635,4.43661605600472,1.0
3.0,0.20126710688876742,151.0,0.29888888888888887,0.0066777731454772,0.12668486359704934,1.0
3.0,0.20126710688876742,152.0,0.29888888888888887,0.0019267808075199705,0.2460041065543484,1.0
3.0,0.20126710688876742,153.0,0.29888888888888887,0.004088878986030277,1.11823846973947,1.0
3.0,0.20126710688876742,154.0,0.29888888888888887,0.00659037026722864,0.004502013918644264,1.0
3.0,0.20126710688876742,155.0,0.29888888888888887,0.01567051333530327,0.01970645432862522,0.0
3.0,0.20126710688876742,156.0,0.29888888888888887,0.02196148584737166,0.0,0.0
3.0,0.20126710688876742,157.0,0.29888888888888887,0.002618426509225804,0.2578987249234347,1.0
3.0,0.20126710688876742,158.0,0.29888888888888887,0.006438424615590141,4.102179796205087e-05,0.0
3.0,0.20126710688876742,159.0,0.29888888888888887,0.019587716215565133,8.03554114156055,1.0
3.0,0.20126710688876742,160.0,0.29888888888888887,0.006782083056013259,3.3858304509456693e-07,0.0
3.0,0.20126710688876742,161.0,0.29888888888888887,0.004695309722608473,0.4576278460440998,1.0
3.0,0.20126710688876742,162.0,0.29888888888888887,0.0026777648898301067,0.014637718785890236,1.0
3.0,0.20126710688876742,163.0,0.29888888888888887,0.010375693819296629,0.0,0.0
3.0,0.20126710688876742,164.0,0.29888888888888887,0.013007657220477404,0.0,0.0
3.0,0.20126710688876742,165.0,0.29888888888888887,0.02229452776592189,0.0004194988298568077,0.0
3.0,0.20126710688876742,166.0,0.29888888888888887,0.0060505455562283456,4.021198021184496,1.0
3.0,0.20126710688876742,167.0,0.29888888888888887,0.00523825996564406,6.919919309078689e-05,0.0
3.0,0.20126710688876742,168.0,0.29888888888888887,0.0015807297095528938,0.6474955978254361,1.0
3.0,0.20126710688876742,169.0,0.29888888888888887,0.006669213830340874,0.008594075532809402,0.0
3.0,0.20126710688876742,170.0,0.29888888888888887,0.0062265626226185875,2.1998390644870396e-05,0.0
3.0,0.20126710688876742,171.0,0.29888888888888887,0.002780304690416327,0.6438355913721826,1.0
3.0,0.20126710688876742,172.0,0.29888888888888887,0.004835775598377683,2.670549254368103e-07,0.0
3.0,0.20126710688876742,173.0,0.29888888888888887,0.0012890727072506227,0.1384798616710912,1.0
3.0,0.20126710688876742,174.0,0.29888888888888887,0.007106302867797133,0.000633738212833264,0.0
3.0,0.20126710688876742,175.0,0.29888888888888887,0.000661104412900405,0.0027458614836747782,1.0
3.0,0.20126710688876742,176.0,0.29888888888888887,0.0010983237014272342,0.03081640088491439,1.0
3.0,0.20126710688876742,177.0,0.29888888888888887,0.0071881098413867075,0.0,0.0
3.0,0.20126710688876742,178.0,0.29888888888888887,0.01125145388355111,0.07174210334403913,1.0
3.0,0.20126710688876742,179.0,0.29888888888888887,0.0018619059181207121,1.065292899361611,1.0
3.0,0.20126710688876742,180.0,0.29888888888888887,0.003207092833620876,0.1131908193454841,1.0
3.0,0.20126710688876742,181.0,0.29888888888888887,0.0017684935437951806,0.0004860310567743828,1.0
3.0,0.20126710688876742,182.0,0.29888888888888887,0.007401839308837012,0.0035845409665469234,0.0
3.0,0.20126710688876742,183.0,0.29888888888888887,0.007391908506947523,0.004748965580953952,0.0
3.0,0.20126710688876742,184.0,0.29888888888888887,0.006639604467881048,0.8046848824030105,1.0
3.0,0.20126710688876742,185.0,0.29888888888888887,0.00471655633349558,3.065812653611759e-07,0.0
3.0,0.20126710688876742,186.0,0.29888888888888887,0.007269490581122754,5.135064133588346e-07,0.0
3.0,0.20126710688876742,187.0,0.29888888888888887,0.0020757898527716326,8.057419943826833e-05,1.0
3.0,0.20126710688876742,188.0,0.29888888888888887,0.002436785757691127,0.00016169993002085897,1.0
3.0,0.20126710688876742,189.0,0.29888888888888887,0.0028476137311775965,1.695210243441293e-05,1.0
3.0,0.20126710688876742,190.0,0.29888888888888887,0.002773467274116769,0.0785829125564673,1.0
3.0,0.20126710688876742,191.0,0.29888888888888887,0.006912544705677278,0.08344074554358351,1.0
3.0,0.20126710688876742,192.0,0.29888888888888887,0.00674946173551259,1.0769038362764683e-06,0.0
3.0,0.20126710688876742,193.0,0.29888888888888887,0.002741916733602233,0.00016603348098236486,1.0
3.0,0.20126710688876742,194.0,0.29888888888888887,0.005630706587284242,0.008042364910344399,1.0
3.0,0.20126710688876742,195.0,0.29888888888888887,0.0110860428150878,0.03668893098956248,0.0
3.0,0.20126710688876742,196.0,0.29888888888888887,0.0016043014832853605,0.5727211251701573,1.0
3.0,0.20126710688876742,197.0,0.29888888888888887,0.0063548914394234695,0.0027986754779032235,1.0
3.0,0.20126710688876742,198.0,0.29888888888888887,0.006444240643521704,0.0007514551224605866,1.0
3.0,0.20126710688876742,199.0,0.29888888888888887,0.006159212188254175,0.0052160417578398875,1.0
3.0,0.20126710688876742,200.0,0.29888888888888887,0.0027789266466438033,0.6820272968503857,1.0
3.0,0.20126710688876742,201.0,0.29888888888888887,0.009220336776001026,0.010554811562859782,1.0
3.0,0.20126710688876742,202.0,0.29888888888888887,0.013765891549459114,0.2537447897126076,1.0
3.0,0.20126710688876742,203.0,0.29888888888888887,0.006503964698766745,0.01744894787911687,0.0
3.0,0.20126710688876742,204.0,0.29888888888888887,0.009927249092379273,1.766988153131561,1.0
3.0,0.20126710688876742,205.0,0.29888888888888887,0.004690444012639695,0.5087253425625136,1.0
3.0,0.20126710688876742,206.0,0.29888888888888887,0.006295298993228439,0.11286581324670611,1.0
3.0,0.20126710688876742,207.0,0.29888888888888887,0.003046549957576242,0.08076112568039102,1.0
3.0,0.20126710688876742,208.0,0.29888888888888887,0.0070348028030284325,0.01899672015842524,0.0
3.0,0.20126710688876742,209.0,0.29888888888888887,0.006592276450018192,0.8872110614368783,1.0
3.0,0.20126710688876742,210.0,0.29888888888888887,0.012313516199939483,1.4256562494382585e-05,0.0
3.0,0.20126710688876742,211.0,0.29888888888888887,0.005409766653032695,0.1473650264835107,1.0
3.0,0.20126710688876742,212.0,0.29888888888888887,0.021152313304568526,6.410305532297742e-06,0.0
3.0,0.20126710688876742,213.0,0.29888888888888887,0.004032393652532252,4.502330608995147,1.0
3.0,0.20126710688876742,214.0,0.29888888888888887,0.0049687422013061765,0.05968879300295994,1.0
3.0,0.20126710688876742,215.0,0.29888888888888887,0.004592446817662176,0.03632394520867604,1.0
3.0,0.20126710688876742,216.0,0.29888888888888887,0.006803288007146232,0.0009241584981700772,1.0
3.0,0.20126710688876742,217.0,0.29888888888888887,0.007177479682880532,0.0,0.0
3.0,0.20126710688876742,218.0,0.29888888888888887,0.001259869376040404,0.6053810906720677,1.0
3.0,0.20126710688876742,219.0,0.29888888888888887,0.022672727048745612,0.0,0.0
3.0,0.20126710688876742,220.0,0.29888888888888887,0.0024601140007930386,0.7290616457261371,1.0
3.0,0.20126710688876742,221.0,0.29888888888888887,0.006549710823486354,0.0332973416772658,0.0
3.0,0.20126710688876742,222.0,0.29888888888888887,0.04319923186179982,0.0003090763113904731,1.0
3.0,0.20126710688876742,223.0,0.29888888888888887,0.006653334066435355,2.134261665384676,1.0
3.0,0.20126710688876742,224.0,0.29888888888888887,0.021441727559698878,0.00017331832658660593,0.0
3.0,0.20126710688876742,225.0,0.29888888888888887,0.010689449607983903,0.00011119188921742288,0.0
3.0,0.20126710688876742,226.0,0.29888888888888887,0.011206507543686019,0.001554065040051173,0.0
3.0,0.20126710688876742,227.0,0.29888888888888887,0.006236680322714136,0.00040346417972672794,0.0
3.0,0.20126710688876742,228.0,0.29888888888888887,0.005449955542514732,0.0003870144650310534,0.0
3.0,0.20126710688876742,229.0,0.29888888888888887,0.0061224527570789165,0.0,0.0
3.0,0.20126710688876742,230.0,0.29888888888888887,0.011088949822584793,0.023103260463630707,0.0
3.0,0.20126710688876742,231.0,0.29888888888888887,0.003531952255609256,0.01259206095879226,1.0
3.0,0.20126710688876742,232.0,0.29888888888888887,0.007052915035142613,0.042542003603699814,0.0
3.0,0.20126710688876742,233.0,0.29888888888888887,0.012557886602698274,0.0,0.0
3.0,0.20126710688876742,234.0,0.29888888888888887,0.0015821318751744224,0.0006225218166126587,1.0
3.0,0.20126710688876742,235.0,0.29888888888888887,0.007220629844425452,0.019978676328298216,0.0
3.0,0.20126710688876742,236.0,0.29888888888888887,0.0017673570585518264,0.29591946389522306,1.0
3.0,0.20126710688876742,237.0,0.29888888888888887,0.001934117700333757,0.11498942109682539,1.0
3.0,0.20126710688876742,238.0,0.29888888888888887,0.001996100389657537,7.402854411427121,1.0
3.0,0.20126710688876742,239.0,0.29888888888888887,0.022186362429679855,0.0,0.0
3.0,0.20126710688876742,240.0,0.29888888888888887,0.007740921866151688,3.073636306312309e-05,0.0
3.0,0.20126710688876742,241.0,0.29888888888888887,0.0017562021763688027,0.023644899081434738,1.0
3.0,0.20126710688876742,242.0,0.29888888888888887,0.008494186172853784,0.844049925291941,1.0
3.0,0.20126710688876742,243.0,0.29888888888888887,0.009490114337070293,5.933651822482638,1.0
3.0,0.20126710688876742,244.0,0.29888888888888887,0.014804647963752644,0.1187698891539495,1.0
3.0,0.20126710688876742,245.0,0.29888888888888887,0.021652801268498643,9.353310102111044e-05,0.0
3.0,0.20126710688876742,246.0,0.29888888888888887,0.0038676823895683384,0.002380183435215648,1.0
3.0,0.20126710688876742,247.0,0.29888888888888887,0.0038283774298549884,0.004325883742064145,1.0
3.0,0.20126710688876742,248.0,0.29888888888888887,0.018986824715741556,3.371246999255736e-05,0.0
3.0,0.20126710688876742,249.0,0.29888888888888887,0.009309956621432034,0.0,0.0
3.0,0.20126710688876742,250.0,0.29888888888888887,0.01290459925336026,0.0,0.0
3.0,0.20126710688876742,251.0,0.29888888888888887,0.017658920072606294,0.0,0.0
3.0,0.20126710688876742,252.0,0.29888888888888887,0.0019247997757648853,0.000326290156312237,1.0
3.0,0.20126710688876742,253.0,0.29888888888888887,0.006686157823484828,5.961294004455573e-06,1.0
3.0,0.20126710688876742,254.0,0.29888888888888887,0.007129767292695483,0.00036423521572223784,0.0
3.0,0.20126710688876742,255.0,0.29888888888888887,0.007287325433562789,0.0,0.0
3.0,0.20126710688876742,256.0,0.29888888888888887,0.008181607681830124,4.4745112835280425,1.0
3.0,0.20126710688876742,257.0,0.29888888888888887,0.003188544145237866,2.1246158457756192,1.0
3.0,0.20126710688876742,258.0,0.29888888888888887,0.007043096201833145,0.010718386510973076,0.0
3.0,0.20126710688876742,259.0,0.29888888888888887,0.010417309069881036,0.0177009069562911,0.0
3.0,0.20126710688876742,260.0,0.29888888888888887,0.009325600538701549,1.10501019107525,1.0
3.0,0.20126710688876742,261.0,0.29888888888888887,0.0013553835347367106,0.0026400520144952725,1.0
3.0,0.20126710688876742,262.0,0.29888888888888887,0.0028860602942516484,3.246661850867025,1.0
3.0,0.20126710688876742,263.0,0.29888888888888887,0.0018714677136673474,9.919966560516315,1.0
3.0,0.20126710688876742,264.0,0.29888888888888887,0.007321051450741803,0.0008994645249127655,0.0
3.0,0.20126710688876742,265.0,0.29888888888888887,0.0015768373955778662,1.0206859861979574,1.0
3.0,0.20126710688876742,266.0,0.29888888888888887,0.006343287990842286,3.8022304922576913,1.0
3.0,0.20126710688876742,267.0,0.29888888888888887,0.0019744398213488363,0.11732275420056312,1.0
3.0,0.20126710688876742,268.0,0.29888888888888887,0.004491614879924903,0.002653849034327212,1.0
3.0,0.20126710688876742,269.0,0.29888888888888887,0.017383410965549573,2.2726177485141146e-07,0.0
3.0,0.20126710688876742,270.0,0.29888888888888887,0.001072890018701185,0.02723401249813712,1.0
3.0,0.20126710688876742,271.0,0.29888888888888887,0.0018740639518582286,2.4212466364374463,1.0
3.0,0.20126710688876742,272.0,0.29888888888888887,0.006377306116031666,4.0545832351014415,1.0
3.0,0.20126710688876742,273.0,0.29888888888888887,0.004952727063835474,2.2463335993410637e-06,0.0
3.0,0.20126710688876742,274.0,0.29888888888888887,0.01838797090549129,0.0,0.0
3.0,0.20126710688876742,275.0,0.29888888888888887,0.0016298785279629706,0.9628544552737928,1.0
3.0,0.20126710688876742,276.0,0.29888888888888887,0.021253781343104804,0.0,0.0
3.0,0.20126710688876742,277.0,0.29888888888888887,0.0024105131166994244,0.0001956564834191457,1.0
3.0,0.20126710688876742,278.0,0.29888888888888887,0.005667894843635677,7.116375908799388,1.0
3.0,0.20126710688876742,279.0,0.29888888888888887,0.0068064086084206514,0.00020961203326568561,0.0
3.0,0.20126710688876742,280.0,0.29888888888888887,0.004419792418223579,0.11434473097510812,1.0
3.0,0.20126710688876742,281.0,0.29888888888888887,0.007214108351877411,0.0,0.0
3.0,0.20126710688876742,282.0,0.29888888888888887,0.001844808516472151,1.3456718553583344,1.0
3.0,0.20126710688876742,283.0,0.29888888888888887,0.002293137327032858,0.013343737226925455,1.0
3.0,0.20126710688876742,284.0,0.29888888888888887,0.006487804921373756,0.22058377495116827,1.0
3.0,0.20126710688876742,285.0,0.29888888888888887,0.01125508417384036,0.00259668423005983,0.0
3.0,0.20126710688876742,286.0,0.29888888888888887,0.0014507502906759588,0.05901066378473266,1.0
3.0,0.20126710688876742,287.0,0.29888888888888887,0.007837936535100301,0.02216335539430517,0.0
3.0,0.20126710688876742,288.0,0.29888888888888887,0.001653360553099925,0.9834943062286552,1.0
3.0,0.20126710688876742,289.0,0.29888888888888887,0.011209062930313082,0.0,0.0
3.0,0.20126710688876742,290.0,0.29888888888888887,0.005178967845353082,0.10392208067475504,1.0
3.0,0.20126710688876742,291.0,0.29888888888888887,0.0008623364971850942,0.20659063224645477,1.0
3.0,0.20126710688876742,292.0,0.29888888888888887,0.0029476231897965473,6.892307150686964,1.0
3.0,0.20126710688876742,293.0,0.29888888888888887,0.003168381244714356,4.096476304667051,1.0
3.0,0.20126710688876742,294.0,0.29888888888888887,0.020369356093316433,0.005037148918178137,0.0
3.0,0.20126710688876742,295.0,0.29888888888888887,0.005448686832393565,0.003134063893905565,0.0
3.0,0.20126710688876742,296.0,0.29888888888888887,0.011396707746229173,0.23978937156618577,1.0
3.0,0.20126710688876742,297.0,0.29888888888888887,0.008374751686734036,0.000694019686551152,0.0
3.0,0.20126710688876742,298.0,0.29888888888888887,0.0011137865414341532,0.025660807305508876,1.0
3.0,0.20126710688876742,299.0,0.29888888888888887,0.0017121856582620323,0.01048416361213075,1.0
3.0,0.20126710688876742,300.0,0.29888888888888887,0.012342203003034916,0.0,0.0
3.0,0.20126710688876742,301.0,0.29888888888888887,0.0013286863066149198,0.031894239550841405,1.0
3.0,0.20126710688876742,302.0,0.29888888888888887,0.002130602422413239,0.0626551301465382,1.0
3.0,0.20126710688876742,303.0,0.29888888888888887,0.0050536672387964075,0.1679793512268052,1.0
3.0,0.20126710688876742,304.0,0.29888888888888887,0.002053116305996123,2.5166551351563093,1.0
3.0,0.20126710688876742,305.0,0.29888888888888887,0.007029331007709559,0.1480693790007786,1.0
3.0,0.20126710688876742,306.0,0.29888888888888887,0.012782024268501328,0.1373977711566273,1.0
3.0,0.20126710688876742,307.0,0.29888888888888887,0.001174782574375861,6.94112529070209,1.0
3.0,0.20126710688876742,308.0,0.29888888888888887,0.0015406046466572715,0.0001650878971827047,1.0
3.0,0.20126710688876742,309.0,0.29888888888888887,0.003258663157724044,4.14436575469744,1.0
3.0,0.20126710688876742,310.0,0.29888888888888887,0.007211206541042161,0.0,0.0
3.0,0.20126710688876742,311.0,0.29888888888888887,0.0015155473120520208,0.013027661163723432,1.0
3.0,0.20126710688876742,312.0,0.29888888888888887,0.0033303936116821677,0.02448720099979835,1.0
3.0,0.20126710688876742,313.0,0.29888888888888887,0.0013239784005212335,0.0003047278020855812,1.0
3.0,0.20126710688876742,314.0,0.29888888888888887,0.01949582771441599,0.0103438352880406,0.0
3.0,0.20126710688876742,315.0,0.29888888888888887,0.012314133428387868,0.00010341904510599382,0.0
3.0,0.20126710688876742,316.0,0.29888888888888887,0.005425101890305283,0.006435804730310915,1.0
3.0,0.20126710688876742,317.0,0.29888888888888887,0.007263022587168752,3.4161122759167706e-05,0.0
3.0,0.20126710688876742,318.0,0.29888888888888887,0.005437596196278585,0.0,0.0
3.0,0.20126710688876742,319.0,0.29888888888888887,0.002545228544744193,0.12223904921336705,1.0
3.0,0.20126710688876742,320.0,0.29888888888888887,0.012892438924559326,0.0003302744318143688,1.0
3.0,0.20126710688876742,321.0,0.29888888888888887,0.004925278897228521,0.009063826915858351,0.0
3.0,0.20126710688876742,322.0,0.29888888888888887,0.002720578111340844,0.8648207710420976,1.0
3.0,0.20126710688876742,323.0,0.29888888888888887,0.002898348387172996,0.07240831889677646,1.0
3.0,0.20126710688876742,324.0,0.29888888888888887,0.010971437254487253,0.020541582149612415,0.0
3.0,0.20126710688876742,325.0,0.29888888888888887,0.002282474559426837,1.1202257494344177,1.0
3.0,0.20126710688876742,326.0,0.29888888888888887,0.0031109871950933126,4.243512628446434,1.0
3.0,0.20126710688876742,327.0,0.29888888888888887,0.021127637439460032,0.002636418527521458,0.0
3.0,0.20126710688876742,328.0,0.29888888888888887,0.005301095548330978,0.0,0.0
3.0,0.20126710688876742,329.0,0.29888888888888887,0.0033995602768804,0.00014689564055646531,1.0
3.0,0.20126710688876742,330.0,0.29888888888888887,0.0010271150003579406,0.0359023388298849,1.0
3.0,0.20126710688876742,331.0,0.29888888888888887,0.0015789966884237573,0.0027991743005558794,1.0
3.0,0.20126710688876742,332.0,0.29888888888888887,0.008567862065488471,0.004606789489651248,0.0
3.0,0.20126710688876742,333.0,0.29888888888888887,0.0029390608896151284,0.2490659208003948,1.0
3.0,0.20126710688876742,334.0,0.29888888888888887,0.006051340792606275,2.958022926272076,1.0
3.0,0.20126710688876742,335.0,0.29888888888888887,0.001515770753856845,0.029781179860383467,1.0
3.0,0.20126710688876742,336.0,0.29888888888888887,0.011032859949819767,2.63670659369661,1.0
3.0,0.20126710688876742,337.0,0.29888888888888887,0.006366763145411368,0.06507808406540612,1.0
3.0,0.20126710688876742,338.0,0.29888888888888887,0.01020287253226178,1.9900053418112208e-05,0.0
3.0,0.20126710688876742,339.0,0.29888888888888887,0.002247628055662054,0.03588116804430683,1.0
3.0,0.20126710688876742,340.0,0.29888888888888887,0.001752541140991094,0.011475457242761678,1.0
3.0,0.20126710688876742,341.0,0.29888888888888887,0.0016500278466612763,1.333423710094015,1.0
3.0,0.20126710688876742,342.0,0.29888888888888887,0.006104515693937291,0.0620693462851882,0.0
3.0,0.20126710688876742,343.0,0.29888888888888887,0.010649658918729944,0.0,0.0
3.0,0.20126710688876742,344.0,0.29888888888888887,0.010192916447348502,0.7429100589210251,1.0
3.0,0.20126710688876742,345.0,0.29888888888888887,0.007102027808892035,0.0,0.0
3.0,0.20126710688876742,346.0,0.29888888888888887,0.004529161776318935,0.0,0.0
3.0,0.20126710688876742,347.0,0.29888888888888887,0.007325751484560024,0.0,0.0
3.0,0.20126710688876742,348.0,0.29888888888888887,0.006557873100614156,0.00442880820006682,0.0
3.0,0.20126710688876742,349.0,0.29888888888888887,0.005111082606347834,5.504030626823156,1.0
3.0,0.20126710688876742,350.0,0.29888888888888887,0.0009280835140790519,0.16535458672404155,1.0
3.0,0.20126710688876742,351.0,0.29888888888888887,0.007775504697131791,0.14213355220623888,1.0
3.0,0.20126710688876742,352.0,0.29888888888888887,0.0025357679638004656,0.02936678228054447,1.0
3.0,0.20126710688876742,353.0,0.29888888888888887,0.007676781579476254,8.199995626122588,1.0
3.0,0.20126710688876742,354.0,0.29888888888888887,0.0018118275101683453,0.01651434505990803,1.0
3.0,0.20126710688876742,355.0,0.29888888888888887,0.004446955226334726,0.007093211551775792,1.0
3.0,0.20126710688876742,356.0,0.29888888888888887,0.005066253883218691,0.023004625933605097,1.0
3.0,0.20126710688876742,357.0,0.29888888888888887,0.021859247000142648,0.0,0.0
3.0,0.20126710688876742,358.0,0.29888888888888887,0.012485184360541909,0.00011103231750214699,0.0
3.0,0.20126710688876742,359.0,0.29888888888888887,0.00941006213207609,0.1584073144102684,1.0
3.0,0.20126710688876742,360.0,0.29888888888888887,0.005204736462882031,0.0,0.0
3.0,0.20126710688876742,361.0,0.29888888888888887,0.005457200983589728,0.00984212609670788,0.0
3.0,0.20126710688876742,362.0,0.29888888888888887,0.0022582838613218947,0.0004116032209226517,1.0
3.0,0.20126710688876742,363.0,0.29888888888888887,0.005316355400887462,2.2102223422539105,1.0
3.0,0.20126710688876742,364.0,0.29888888888888887,0.002740905835792346,0.0003496967964391945,1.0
3.0,0.20126710688876742,365.0,0.29888888888888887,0.010704518689173622,0.0,0.0
3.0,0.20126710688876742,366.0,0.29888888888888887,0.02111112835359632,9.106463193756847e-05,0.0
3.0,0.20126710688876742,367.0,0.29888888888888887,0.0012856792134124833,0.0009335543943773126,1.0
3.0,0.20126710688876742,368.0,0.29888888888888887,0.002504587054765864,0.027309606496325543,1.0
3.0,0.20126710688876742,369.0,0.29888888888888887,0.005298556273188813,0.8026214554427603,1.0
3.0,0.20126710688876742,370.0,0.29888888888888887,0.0023123527512618537,0.08779963363689763,1.0
3.0,0.20126710688876742,371.0,0.29888888888888887,0.005181077562384699,2.3331789011879973,1.0
3.0,0.20126710688876742,372.0,0.29888888888888887,0.003914256938227632,0.06879736947387512,1.0
3.0,0.20126710688876742,373.0,0.29888888888888887,0.012706056173098019,0.0,0.0
3.0,0.20126710688876742,374.0,0.29888888888888887,0.021214711722007652,0.002051894399354168,0.0
3.0,0.20126710688876742,375.0,0.29888888888888887,0.00122196690709293,0.0010636710766408384,1.0
3.0,0.20126710688876742,376.0,0.29888888888888887,0.0028265782750015235,0.00036687138389544826,1.0
3.0,0.20126710688876742,377.0,0.29888888888888887,0.0016163462835906235,2.5367321092201736,1.0
3.0,0.20126710688876742,378.0,0.29888888888888887,0.002252367744598682,2.888495444928225,1.0
3.0,0.20126710688876742,379.0,0.29888888888888887,0.0018822159406707113,0.03465742090893279,1.0
3.0,0.20126710688876742,380.0,0.29888888888888887,0.0030350704418439477,0.1344751702970994,1.0
3.0,0.20126710688876742,381.0,0.29888888888888887,0.0021835925243809413,0.0019090749557329866,1.0
3.0,0.20126710688876742,382.0,0.29888888888888887,0.005775080527990837,5.928030691600756e-06,1.0
3.0,0.20126710688876742,383.0,0.29888888888888887,0.0066944375116691785,0.020673686434343943,0.0
3.0,0.20126710688876742,384.0,0.29888888888888887,0.004184554553392821,0.2853536959760699,1.0
3.0,0.20126710688876742,385.0,0.29888888888888887,0.010198201899952703,0.0061785240749823635,0.0
3.0,0.20126710688876742,386.0,0.29888888888888887,0.00503177563942424,0.0001795890071984948,1.0
3.0,0.20126710688876742,387.0,0.29888888888888887,0.01207474426396366,0.018607223895585483,0.0
3.0,0.20126710688876742,388.0,0.29888888888888887,0.002710473190136882,0.06255897550050184,1.0
3.0,0.20126710688876742,389.0,0.29888888888888887,0.004940552966959215,0.005633209144480905,0.0
3.0,0.20126710688876742,390.0,0.29888888888888887,0.006292892695442996,0.35582753178985166,1.0
3.0,0.20126710688876742,391.0,0.29888888888888887,0.004239824325397777,0.01501207102750109,1.0
3.0,0.20126710688876742,392.0,0.29888888888888887,0.0019935288809384737,1.2624742157389597,1.0
3.0,0.20126710688876742,393.0,0.29888888888888887,0.002936827168518392,0.46133548846870076,1.0
3.0,0.20126710688876742,394.0,0.29888888888888887,0.0041149364656140495,2.8194132802278466e-05,0.0
3.0,0.20126710688876742,395.0,0.29888888888888887,0.0007535954449115816,0.0026100688181412714,1.0
3.0,0.20126710688876742,396.0,0.29888888888888887,0.003192550480059267,0.1380359125207918,1.0
3.0,0.20126710688876742,397.0,0.29888888888888887,0.0023766364977845927,0.0027199105813737706,1.0
3.0,0.20126710688876742,398.0,0.29888888888888887,0.006470033119496507,0.0008518974450095496,0.0
3.0,0.20126710688876742,399.0,0.29888888888888887,0.004897999634129329,0.49503798581315683,1.0
3.0,0.20126710688876742,0.0,0.31,0.005856065473680971,5.454001558227623e-06,1.0
3.0,0.20126710688876742,1.0,0.31,0.0008578616189210923,0.017588712562524356,1.0
3.0,0.20126710688876742,2.0,0.31,0.0020411064953447834,0.0026497421971076376,1.0
3.0,0.20126710688876742,3.0,0.31,0.0053476868556702065,2.9372714728356176e-08,0.0
3.0,0.20126710688876742,4.0,0.31,0.00144626400155276,0.019382716553832724,1.0
3.0,0.20126710688876742,5.0,0.31,0.0026922751226366327,0.005213877130362001,1.0
3.0,0.20126710688876742,6.0,0.31,0.0024846089233004354,0.034117221630029,1.0
3.0,0.20126710688876742,7.0,0.31,0.006065795224495855,0.0023077968461176915,1.0
3.0,0.20126710688876742,8.0,0.31,0.0075027031324726105,0.2146740455892268,1.0
3.0,0.20126710688876742,9.0,0.31,0.020976469638673074,0.0,0.0
3.0,0.20126710688876742,10.0,0.31,0.004175066190434736,0.02592145947783679,1.0
3.0,0.20126710688876742,11.0,0.31,0.004759225222740589,0.0,0.0
3.0,0.20126710688876742,12.0,0.31,0.0022858007218662275,0.6515801495201583,1.0
3.0,0.20126710688876742,13.0,0.31,0.006399145160310028,0.0006312215645068657,1.0
3.0,0.20126710688876742,14.0,0.31,0.021658572872498956,4.67085422867023e-05,0.0
3.0,0.20126710688876742,15.0,0.31,0.021286882100816685,0.0,0.0
3.0,0.20126710688876742,16.0,0.31,0.02090497887479984,0.011875557355541713,0.0
3.0,0.20126710688876742,17.0,0.31,0.015585895015377414,0.008203471230305114,0.0
3.0,0.20126710688876742,18.0,0.31,0.005782534524857332,0.05319018194886679,1.0
3.0,0.20126710688876742,19.0,0.31,0.006076287749139491,0.0030095888797571804,1.0
3.0,0.20126710688876742,20.0,0.31,0.021055565490934163,0.0,0.0
3.0,0.20126710688876742,21.0,0.31,0.0073526961214402005,0.2495864833339256,1.0
3.0,0.20126710688876742,22.0,0.31,0.0008581652220318644,0.006507838155217838,1.0
3.0,0.20126710688876742,23.0,0.31,0.021649249933716915,0.004241472931645574,0.0
3.0,0.20126710688876742,24.0,0.31,0.0021409743492068756,0.002262395967261528,1.0
3.0,0.20126710688876742,25.0,0.31,0.001899077492193192,0.02810344677135601,1.0
3.0,0.20126710688876742,26.0,0.31,0.0021323638237505365,0.0001241564861208084,1.0
3.0,0.20126710688876742,27.0,0.31,0.02239330696920013,0.0,0.0
3.0,0.20126710688876742,28.0,0.31,0.021398454305776984,0.0,0.0
3.0,0.20126710688876742,29.0,0.31,0.006939581634568822,6.883291040693362e-07,0.0
3.0,0.20126710688876742,30.0,0.31,0.045991698680905885,1.3698816276336294,1.0
3.0,0.20126710688876742,31.0,0.31,0.002239174224490313,6.2023394569184855,1.0
3.0,0.20126710688876742,32.0,0.31,0.02074547831232879,0.001681933250590691,0.0
3.0,0.20126710688876742,33.0,0.31,0.0015113608921424036,0.08574604656431384,1.0
3.0,0.20126710688876742,34.0,0.31,0.0016146356999952526,0.0411745476943162,1.0
3.0,0.20126710688876742,35.0,0.31,0.007523096648776979,0.4224000824042452,1.0
3.0,0.20126710688876742,36.0,0.31,0.00645794354302318,0.16929649368862124,1.0
3.0,0.20126710688876742,37.0,0.31,0.003167442665112975,0.9645036080023974,1.0
3.0,0.20126710688876742,38.0,0.31,0.028556506742266872,0.8214503799526404,1.0
3.0,0.20126710688876742,39.0,0.31,0.0023098729456712216,2.953930347004309,1.0
3.0,0.20126710688876742,40.0,0.31,0.021965496784690106,1.3920767586922616e-07,0.0
3.0,0.20126710688876742,41.0,0.31,0.007005786966275667,0.0011998327433180697,0.0
3.0,0.20126710688876742,42.0,0.31,0.0032022736941323135,0.011136634637081063,1.0
3.0,0.20126710688876742,43.0,0.31,0.007115388926218725,0.0,0.0
3.0,0.20126710688876742,44.0,0.31,0.008238599374137498,0.0,0.0
3.0,0.20126710688876742,45.0,0.31,0.021501896610339136,0.0,0.0
3.0,0.20126710688876742,46.0,0.31,0.005034792711456532,0.021276849992278916,0.0
3.0,0.20126710688876742,47.0,0.31,0.007547172899763839,0.8673932562242634,1.0
3.0,0.20126710688876742,48.0,0.31,0.007558668021391234,0.3183103447684473,1.0
3.0,0.20126710688876742,49.0,0.31,0.03955170669559354,2.2261678325157956,1.0
3.0,0.20126710688876742,50.0,0.31,0.0018380058841043862,0.026390157293905894,1.0
3.0,0.20126710688876742,51.0,0.31,0.010310996024311068,1.084003699603098e-06,1.0
3.0,0.20126710688876742,52.0,0.31,0.01147677384405234,0.4057045889042175,1.0
3.0,0.20126710688876742,53.0,0.31,0.003886189305899317,0.24191020718998998,1.0
3.0,0.20126710688876742,54.0,0.31,0.008361723528836044,0.0,0.0
3.0,0.20126710688876742,55.0,0.31,0.008973457122890062,0.07005829091826428,1.0
3.0,0.20126710688876742,56.0,0.31,0.002633185366367286,0.00023584424849449993,1.0
3.0,0.20126710688876742,57.0,0.31,0.01062237218049399,0.0,0.0
3.0,0.20126710688876742,58.0,0.31,0.006571796072382833,0.012113872566174735,1.0
3.0,0.20126710688876742,59.0,0.31,0.006081554388667566,2.430035484158168,1.0
3.0,0.20126710688876742,60.0,0.31,0.012524731074944614,0.020582520220589904,0.0
3.0,0.20126710688876742,61.0,0.31,0.0035939079090163647,0.00043505463923519276,1.0
3.0,0.20126710688876742,62.0,0.31,0.005146714526093327,0.018928764168580463,0.0
3.0,0.20126710688876742,63.0,0.31,0.0121402143345529,0.006229144492166977,0.0
3.0,0.20126710688876742,64.0,0.31,0.0015943992473341434,0.08300487275119908,1.0
3.0,0.20126710688876742,65.0,0.31,0.007406746499541384,0.0,0.0
3.0,0.20126710688876742,66.0,0.31,0.0038599830600830054,0.8905024927738914,1.0
3.0,0.20126710688876742,67.0,0.31,0.01292310202232903,0.0008246869715049858,0.0
3.0,0.20126710688876742,68.0,0.31,0.0021183346103495456,0.6283837268309254,1.0
3.0,0.20126710688876742,69.0,0.31,0.029543667122863538,0.0010021315281976187,0.0
3.0,0.20126710688876742,70.0,0.31,0.015768574800518718,0.0003248951047838261,0.0
3.0,0.20126710688876742,71.0,0.31,0.021192092879477084,0.0,0.0
3.0,0.20126710688876742,72.0,0.31,0.010965074331520686,2.567941290534097,1.0
3.0,0.20126710688876742,73.0,0.31,0.011879194502298917,0.0,0.0
3.0,0.20126710688876742,74.0,0.31,0.006572702840464441,0.005989781913868257,0.0
3.0,0.20126710688876742,75.0,0.31,0.0027130549297204208,7.199685585517676,1.0
3.0,0.20126710688876742,76.0,0.31,0.004710942057250004,2.39567605330694,1.0
3.0,0.20126710688876742,77.0,0.31,0.0012483191039346778,0.04027265185370374,1.0
3.0,0.20126710688876742,78.0,0.31,0.001806596980863722,0.021659605324877325,1.0
3.0,0.20126710688876742,79.0,0.31,0.020992775355522235,0.0009708366343102862,0.0
3.0,0.20126710688876742,80.0,0.31,0.0054346403236377626,4.3177975957105594e-05,0.0
3.0,0.20126710688876742,81.0,0.31,0.007974485606006084,0.0,0.0
3.0,0.20126710688876742,82.0,0.31,0.004967805489778131,0.06395139876958239,1.0
3.0,0.20126710688876742,83.0,0.31,0.006556640087767667,0.027148856795999463,0.0
3.0,0.20126710688876742,84.0,0.31,0.014567966327127027,0.022745760261186403,0.0
3.0,0.20126710688876742,85.0,0.31,0.007434183481787758,0.02076451261452231,1.0
3.0,0.20126710688876742,86.0,0.31,0.002420019291323779,0.0013209221756706974,1.0
3.0,0.20126710688876742,87.0,0.31,0.004089445342328388,0.16528195836343215,1.0
3.0,0.20126710688876742,88.0,0.31,0.0027437776742044516,0.022576312288499833,1.0
3.0,0.20126710688876742,89.0,0.31,0.0019284707242771982,0.1895186282845904,1.0
3.0,0.20126710688876742,90.0,0.31,0.002907189980182152,0.011607391548916001,1.0
3.0,0.20126710688876742,91.0,0.31,0.0020375743409969125,0.004161523451183989,1.0
3.0,0.20126710688876742,92.0,0.31,0.008850831624218722,0.02321829612202865,1.0
3.0,0.20126710688876742,93.0,0.31,0.0036159876186134393,0.03392333369058825,1.0
3.0,0.20126710688876742,94.0,0.31,0.007440315143094855,1.3112904637257357e-05,0.0
3.0,0.20126710688876742,95.0,0.31,0.005815553969051525,0.007617863072009356,0.0
3.0,0.20126710688876742,96.0,0.31,0.006234353916068474,0.00021022146422022573,1.0
3.0,0.20126710688876742,97.0,0.31,0.00630671500183937,0.000999703622610876,1.0
3.0,0.20126710688876742,98.0,0.31,0.006445093525126452,0.024312038019467023,0.0
3.0,0.20126710688876742,99.0,0.31,0.010672583965807888,0.0,0.0
3.0,0.20126710688876742,100.0,0.31,0.0043988951350649955,0.06855477487413492,1.0
3.0,0.20126710688876742,101.0,0.31,0.0036199766613977595,0.5403450493543657,1.0
3.0,0.20126710688876742,102.0,0.31,0.006685540594400809,8.578563600090063e-06,0.0
3.0,0.20126710688876742,103.0,0.31,0.0021251029508981955,0.09692162116961488,1.0
3.0,0.20126710688876742,104.0,0.31,0.0011891904107856845,0.03467982515719172,1.0
3.0,0.20126710688876742,105.0,0.31,0.0033182482105804543,0.0016300627324508704,1.0
3.0,0.20126710688876742,106.0,0.31,0.021850974797328934,0.00038882198277917707,0.0
3.0,0.20126710688876742,107.0,0.31,0.007634477876527727,1.0273665287677103,1.0
3.0,0.20126710688876742,108.0,0.31,0.021566576400033247,0.0,0.0
3.0,0.20126710688876742,109.0,0.31,0.0031136385287891407,2.4527434398199444,1.0
3.0,0.20126710688876742,110.0,0.31,0.0016555157255086737,0.011601950852498467,1.0
3.0,0.20126710688876742,111.0,0.31,0.006396232810188642,8.451634372406984,1.0
3.0,0.20126710688876742,112.0,0.31,0.005906386403089367,0.29753730177160653,1.0
3.0,0.20126710688876742,113.0,0.31,0.005859709631601283,0.000603706267897711,1.0
3.0,0.20126710688876742,114.0,0.31,0.002193457100022463,3.999227082517705e-05,1.0
3.0,0.20126710688876742,115.0,0.31,0.0021398243296526956,0.13348482701332104,1.0
3.0,0.20126710688876742,116.0,0.31,0.001240766567457453,0.017831155247690453,1.0
3.0,0.20126710688876742,117.0,0.31,0.021107007647226173,0.0,0.0
3.0,0.20126710688876742,118.0,0.31,0.018137787796779117,0.0,0.0
3.0,0.20126710688876742,119.0,0.31,0.001949725586240206,0.24143108191865598,1.0
3.0,0.20126710688876742,120.0,0.31,0.006299635866232139,0.005500781096272154,1.0
3.0,0.20126710688876742,121.0,0.31,0.021156121394655857,7.870008008159976e-05,0.0
3.0,0.20126710688876742,122.0,0.31,0.002473393006874867,0.02971650949747559,1.0
3.0,0.20126710688876742,123.0,0.31,0.004475810918956318,4.568939377360966,1.0
3.0,0.20126710688876742,124.0,0.31,0.002013947596565245,0.0030282887681704054,1.0
3.0,0.20126710688876742,125.0,0.31,0.004892229540449405,0.0641794175564646,1.0
3.0,0.20126710688876742,126.0,0.31,0.01721069517988717,1.2133489825232513e-05,0.0
3.0,0.20126710688876742,127.0,0.31,0.00937554518570693,6.249757806520238e-05,1.0
3.0,0.20126710688876742,128.0,0.31,0.010125335654915125,0.0009955988794381231,0.0
3.0,0.20126710688876742,129.0,0.31,0.0022675903943925164,1.1526242318963913,1.0
3.0,0.20126710688876742,130.0,0.31,0.0013620978275412563,1.0105098291567793,1.0
3.0,0.20126710688876742,131.0,0.31,0.0025181787999466044,0.009497428443171913,1.0
3.0,0.20126710688876742,132.0,0.31,0.004210790685546898,0.036673295863740296,1.0
3.0,0.20126710688876742,133.0,0.31,0.0027445638821810385,0.23344998562234015,1.0
3.0,0.20126710688876742,134.0,0.31,0.0024945428112111163,1.4337402120923255,1.0
3.0,0.20126710688876742,135.0,0.31,0.0021774442056007063,0.003142654902910556,1.0
3.0,0.20126710688876742,136.0,0.31,0.0029691484783936116,4.135332864310947,1.0
3.0,0.20126710688876742,137.0,0.31,0.0014071145692602794,0.002040496862744876,1.0
3.0,0.20126710688876742,138.0,0.31,0.00670495076299272,4.302701579047138,1.0
3.0,0.20126710688876742,139.0,0.31,0.011051851467635914,0.0,0.0
3.0,0.20126710688876742,140.0,0.31,0.0027379716328519914,1.335264738504766,1.0
3.0,0.20126710688876742,141.0,0.31,0.01181794652979679,0.0,0.0
3.0,0.20126710688876742,142.0,0.31,0.007057694721492175,0.0,0.0
3.0,0.20126710688876742,143.0,0.31,0.02142169278556077,0.0025016763998409824,0.0
3.0,0.20126710688876742,144.0,0.31,0.004019167955028446,4.0463153762922705e-05,1.0
3.0,0.20126710688876742,145.0,0.31,0.0014438622558557688,0.1766540003232617,1.0
3.0,0.20126710688876742,146.0,0.31,0.0022389260562013487,0.0676403506561087,1.0
3.0,0.20126710688876742,147.0,0.31,0.006061961846961978,0.00935973480365307,1.0
3.0,0.20126710688876742,148.0,0.31,0.006901188566640309,0.022555465769693635,0.0
3.0,0.20126710688876742,149.0,0.31,0.0019287021705609668,0.06363824188304487,1.0
3.0,0.20126710688876742,150.0,0.31,0.0017466944710227699,2.172921433984005,1.0
3.0,0.20126710688876742,151.0,0.31,0.021881542788184237,0.0,0.0
3.0,0.20126710688876742,152.0,0.31,0.003042531012581089,0.15408910638361992,1.0
3.0,0.20126710688876742,153.0,0.31,0.005266082971444699,4.352458026483949e-06,0.0
3.0,0.20126710688876742,154.0,0.31,0.012293228109682721,0.01390769058221738,0.0
3.0,0.20126710688876742,155.0,0.31,0.01661339040897812,0.0,0.0
3.0,0.20126710688876742,156.0,0.31,0.011552364599587655,0.027262013678372284,0.0
3.0,0.20126710688876742,157.0,0.31,0.003990752446545656,4.745938511561781e-05,0.0
3.0,0.20126710688876742,158.0,0.31,0.010277174378803716,1.799169990995402e-06,0.0
3.0,0.20126710688876742,159.0,0.31,0.01431323879086822,0.001499798479902338,0.0
3.0,0.20126710688876742,160.0,0.31,0.0021754531917679214,0.5444354577941982,1.0
3.0,0.20126710688876742,161.0,0.31,0.006284144629564901,1.98296093787671,1.0
3.0,0.20126710688876742,162.0,0.31,0.0010277002586200302,0.0020223995695053164,1.0
3.0,0.20126710688876742,163.0,0.31,0.007560762513421998,0.3825103458926761,1.0
3.0,0.20126710688876742,164.0,0.31,0.021860053843463293,1.9254510224928404e-05,0.0
3.0,0.20126710688876742,165.0,0.31,0.00731122522518453,0.725928773899403,1.0
3.0,0.20126710688876742,166.0,0.31,0.011038375414382382,0.0,0.0
3.0,0.20126710688876742,167.0,0.31,0.005220406409206445,0.0,0.0
3.0,0.20126710688876742,168.0,0.31,0.0027201602080185816,0.04061823941555138,1.0
3.0,0.20126710688876742,169.0,0.31,0.0009931104950832755,3.1070186909977537,1.0
3.0,0.20126710688876742,170.0,0.31,0.006504070515571905,2.5256253383910282e-05,0.0
3.0,0.20126710688876742,171.0,0.31,0.007418292022926869,0.0,0.0
3.0,0.20126710688876742,172.0,0.31,0.0009984178618548754,0.015233400047450973,1.0
3.0,0.20126710688876742,173.0,0.31,0.0007753644378493297,10.232414355242291,1.0
3.0,0.20126710688876742,174.0,0.31,0.0038176384636410474,1.919885312649682,1.0
3.0,0.20126710688876742,175.0,0.31,0.00323912380127185,0.2696401181817636,1.0
3.0,0.20126710688876742,176.0,0.31,0.0018648653048899308,0.13777456342559616,1.0
3.0,0.20126710688876742,177.0,0.31,0.0017254141567746763,0.08205595186065791,1.0
3.0,0.20126710688876742,178.0,0.31,0.006050150243122987,0.012158036700082133,1.0
3.0,0.20126710688876742,179.0,0.31,0.0025363324628389413,0.009245102952355396,1.0
3.0,0.20126710688876742,180.0,0.31,0.002125054717266864,0.015172050883346501,1.0
3.0,0.20126710688876742,181.0,0.31,0.010913035640001647,1.110674728373855e-06,0.0
3.0,0.20126710688876742,182.0,0.31,0.0021441465676568325,0.0037271811047523223,1.0
3.0,0.20126710688876742,183.0,0.31,0.0005747989827876356,0.012875371675393814,1.0
3.0,0.20126710688876742,184.0,0.31,0.012632181552177463,2.2592070766989175e-05,0.0
3.0,0.20126710688876742,185.0,0.31,0.001319047724417338,0.015748642064302043,1.0
3.0,0.20126710688876742,186.0,0.31,0.0015873501031213313,0.008147127313840274,1.0
3.0,0.20126710688876742,187.0,0.31,0.0016962958615859987,1.183261332651331,1.0
3.0,0.20126710688876742,188.0,0.31,0.0023349128926324608,0.050786879330880046,1.0
3.0,0.20126710688876742,189.0,0.31,0.007634199525877308,9.873417967826552e-06,0.0
3.0,0.20126710688876742,190.0,0.31,0.0016278811200784351,0.006587544869207083,1.0
3.0,0.20126710688876742,191.0,0.31,0.012264517378956478,0.0,0.0
3.0,0.20126710688876742,192.0,0.31,0.00641597133796993,0.0029071310649948215,0.0
3.0,0.20126710688876742,193.0,0.31,0.006954137940049125,0.0001020723482915811,0.0
3.0,0.20126710688876742,194.0,0.31,0.006504844334572464,0.8213815686721175,1.0
3.0,0.20126710688876742,195.0,0.31,0.006619769380918964,0.00020582918393465956,0.0
3.0,0.20126710688876742,196.0,0.31,0.002121114625761409,0.21198350323214185,1.0
3.0,0.20126710688876742,197.0,0.31,0.005658808538623997,0.0018236719517758634,1.0
3.0,0.20126710688876742,198.0,0.31,0.006542465899811881,0.0002251193453273242,1.0
3.0,0.20126710688876742,199.0,0.31,0.021537632338096836,0.0,0.0
3.0,0.20126710688876742,200.0,0.31,0.0023692597259383054,0.09223245989228016,1.0
3.0,0.20126710688876742,201.0,0.31,0.012482707718328528,0.0,0.0
3.0,0.20126710688876742,202.0,0.31,0.012092063476259279,9.070445362718943e-06,0.0
3.0,0.20126710688876742,203.0,0.31,0.007036972333812558,1.3488907684884758e-07,0.0
3.0,0.20126710688876742,204.0,0.31,0.006286645286928826,0.18723790065829113,1.0
3.0,0.20126710688876742,205.0,0.31,0.007269057935798852,0.0,0.0
3.0,0.20126710688876742,206.0,0.31,0.021656585682752985,0.0,0.0
3.0,0.20126710688876742,207.0,0.31,0.00242041710954108,0.22941755326913962,1.0
3.0,0.20126710688876742,208.0,0.31,0.004467452595641213,3.836769761643633,1.0
3.0,0.20126710688876742,209.0,0.31,0.006303938845145506,0.0004914871761593871,1.0
3.0,0.20126710688876742,210.0,0.31,0.010316087792528154,2.619150732111781e-07,0.0
3.0,0.20126710688876742,211.0,0.31,0.006202281404216062,0.2219591639063988,1.0
3.0,0.20126710688876742,212.0,0.31,0.013859067496648123,0.7958255510917667,1.0
3.0,0.20126710688876742,213.0,0.31,0.011877207890080923,0.0,0.0
3.0,0.20126710688876742,214.0,0.31,0.0032251442888326268,0.038242450939508524,1.0
3.0,0.20126710688876742,215.0,0.31,0.0049882189844835875,0.03623432147579575,1.0
3.0,0.20126710688876742,216.0,0.31,0.02105412283708255,0.0006670658102395857,0.0
3.0,0.20126710688876742,217.0,0.31,0.001135001353302997,0.07004037098054179,1.0
3.0,0.20126710688876742,218.0,0.31,0.001614777614174306,0.07221260848659562,1.0
3.0,0.20126710688876742,219.0,0.31,0.00660915830614754,0.10103710440633504,1.0
3.0,0.20126710688876742,220.0,0.31,0.0012174286469010564,0.04340541980317864,1.0
3.0,0.20126710688876742,221.0,0.31,0.007178077574327207,0.0,0.0
3.0,0.20126710688876742,222.0,0.31,0.012071594697848801,0.0,0.0
3.0,0.20126710688876742,223.0,0.31,0.007424222138016885,0.31945831243541817,1.0
3.0,0.20126710688876742,224.0,0.31,0.021120175113200718,0.00031758049538661045,0.0
3.0,0.20126710688876742,225.0,0.31,0.0006944489983659931,0.01691104950860133,1.0
3.0,0.20126710688876742,226.0,0.31,0.006347096540326744,0.0002231611609628685,0.0
3.0,0.20126710688876742,227.0,0.31,0.000987694268346568,0.36230630025103105,1.0
3.0,0.20126710688876742,228.0,0.31,0.0023990385290637898,6.945276527567654,1.0
3.0,0.20126710688876742,229.0,0.31,0.0020821758684802334,0.11371167860862616,1.0
3.0,0.20126710688876742,230.0,0.31,0.008202354026124167,0.0005115006507557157,1.0
3.0,0.20126710688876742,231.0,0.31,0.001239324918372022,0.01590263232515285,1.0
3.0,0.20126710688876742,232.0,0.31,0.007175877433828173,0.0,0.0
3.0,0.20126710688876742,233.0,0.31,0.009867002151604704,3.1354811853035076,1.0
3.0,0.20126710688876742,234.0,0.31,0.006600434357445156,0.0009203351110361815,0.0
3.0,0.20126710688876742,235.0,0.31,0.0020634843333101156,1.0234604531323026,1.0
3.0,0.20126710688876742,236.0,0.31,0.0006046123471850928,0.0014761938315575984,1.0
3.0,0.20126710688876742,237.0,0.31,0.003461160841734978,1.9640459022742425,1.0
3.0,0.20126710688876742,238.0,0.31,0.0018070779167947753,0.006271524414247084,1.0
3.0,0.20126710688876742,239.0,0.31,0.02154149477705476,1.1999711840114811e-06,0.0
3.0,0.20126710688876742,240.0,0.31,0.002675104259051428,0.3906614768584527,1.0
3.0,0.20126710688876742,241.0,0.31,0.0013903853205376564,0.2542290854819272,1.0
3.0,0.20126710688876742,242.0,0.31,0.009112336795675432,0.005419029891153666,1.0
3.0,0.20126710688876742,243.0,0.31,0.0054102093368176086,0.8553265221859727,1.0
3.0,0.20126710688876742,244.0,0.31,0.007814143132289406,0.04160264337714431,1.0
3.0,0.20126710688876742,245.0,0.31,0.009249111350370272,2.695165088746419e-06,1.0
3.0,0.20126710688876742,246.0,0.31,0.002395852019136349,2.7361703486751255e-05,1.0
3.0,0.20126710688876742,247.0,0.31,0.004884714515343777,0.0008922296331788557,0.0
3.0,0.20126710688876742,248.0,0.31,0.010110198744768671,3.3955808783305916,1.0
3.0,0.20126710688876742,249.0,0.31,0.010087064754818374,0.0012771771606788355,1.0
3.0,0.20126710688876742,250.0,0.31,0.006133622173964439,0.3412089633690098,1.0
3.0,0.20126710688876742,251.0,0.31,0.00356881721252924,9.061536751627486,1.0
3.0,0.20126710688876742,252.0,0.31,0.006695689873447494,0.00048713730272333686,0.0
3.0,0.20126710688876742,253.0,0.31,0.005075137234113023,0.07633442284154195,1.0
3.0,0.20126710688876742,254.0,0.31,0.004155291428184306,0.008946809261143222,0.0
3.0,0.20126710688876742,255.0,0.31,0.0014353139111795846,0.007516885317620386,1.0
3.0,0.20126710688876742,256.0,0.31,0.014652389572401236,0.00017884236943480633,0.0
3.0,0.20126710688876742,257.0,0.31,0.007089991622735516,0.02203552376647237,0.0
3.0,0.20126710688876742,258.0,0.31,0.0021490731612361447,0.18370874156994818,1.0
3.0,0.20126710688876742,259.0,0.31,0.007257565996506815,1.7456657291016776e-06,0.0
3.0,0.20126710688876742,260.0,0.31,0.009896135974203277,0.21402122211025384,1.0
3.0,0.20126710688876742,261.0,0.31,0.003980114312561763,0.0033341695124307013,0.0
3.0,0.20126710688876742,262.0,0.31,0.004279215953153115,0.014830662168968375,1.0
3.0,0.20126710688876742,263.0,0.31,0.004609114889405182,0.0046692200806379425,0.0
3.0,0.20126710688876742,264.0,0.31,0.007678192281929504,0.0,0.0
3.0,0.20126710688876742,265.0,0.31,0.0017241574031903188,0.0012055753180464368,1.0
3.0,0.20126710688876742,266.0,0.31,0.004627790668063969,0.00692120359266085,1.0
3.0,0.20126710688876742,267.0,0.31,0.006790312539805134,0.017929208117761122,0.0
3.0,0.20126710688876742,268.0,0.31,0.006113889428409476,0.003059365355395818,1.0
3.0,0.20126710688876742,269.0,0.31,0.017338611627794893,0.0,0.0
3.0,0.20126710688876742,270.0,0.31,0.0020726183104569787,0.3269031996147174,1.0
3.0,0.20126710688876742,271.0,0.31,0.002072989182047722,0.000149829603147823,1.0
3.0,0.20126710688876742,272.0,0.31,0.00850413010920038,1.4991730532943852,1.0
3.0,0.20126710688876742,273.0,0.31,0.0028652024090764635,7.859863309012112,1.0
3.0,0.20126710688876742,274.0,0.31,0.004639739585111348,0.10988138169090221,1.0
3.0,0.20126710688876742,275.0,0.31,0.00439659110843019,0.0,0.0
3.0,0.20126710688876742,276.0,0.31,0.006818313018619003,0.0035817488852801804,1.0
3.0,0.20126710688876742,277.0,0.31,0.003034000097072162,0.0001987212480900859,1.0
3.0,0.20126710688876742,278.0,0.31,0.012712703442592531,0.0,0.0
3.0,0.20126710688876742,279.0,0.31,0.0021484970964295944,0.0035054332912464506,1.0
3.0,0.20126710688876742,280.0,0.31,0.003206518599756827,0.0016285845337056972,1.0
3.0,0.20126710688876742,281.0,0.31,0.004185962858761557,9.809325126714382,1.0
3.0,0.20126710688876742,282.0,0.31,0.0047909233244896815,9.695228932519209,1.0
3.0,0.20126710688876742,283.0,0.31,0.003052790344278576,0.10484544288956578,1.0
3.0,0.20126710688876742,284.0,0.31,0.00733721251985746,5.284983065482804,1.0
3.0,0.20126710688876742,285.0,0.31,0.0025542095852351615,0.029057578454474133,1.0
3.0,0.20126710688876742,286.0,0.31,0.003218513962007996,0.0023617719881485278,1.0
3.0,0.20126710688876742,287.0,0.31,0.00518831337354434,0.0009294258553852832,1.0
3.0,0.20126710688876742,288.0,0.31,0.0036142803676608884,1.7330098928754731,1.0
3.0,0.20126710688876742,289.0,0.31,0.0039448775883767,2.4223210856823685e-05,1.0
3.0,0.20126710688876742,290.0,0.31,0.007128831082193183,0.980534015314154,1.0
3.0,0.20126710688876742,291.0,0.31,0.007177585027025417,0.06866194582073165,0.0
3.0,0.20126710688876742,292.0,0.31,0.0019630648305234027,0.036218011042732534,1.0
3.0,0.20126710688876742,293.0,0.31,0.002027018969579456,0.2720798779357238,1.0
3.0,0.20126710688876742,294.0,0.31,0.012606136575636405,0.0,0.0
3.0,0.20126710688876742,295.0,0.31,0.005309991443044939,0.02502820884943685,0.0
3.0,0.20126710688876742,296.0,0.31,0.006401415386303742,7.165040391116997,1.0
3.0,0.20126710688876742,297.0,0.31,0.018482320900792666,0.024054452450505602,0.0
3.0,0.20126710688876742,298.0,0.31,0.0007606548705273045,0.09425564936542709,1.0
3.0,0.20126710688876742,299.0,0.31,0.0032302540245830952,0.11841039997921471,1.0
3.0,0.20126710688876742,300.0,0.31,0.021030951258872787,0.0,0.0
3.0,0.20126710688876742,301.0,0.31,0.0015901660375495425,0.002215489668333067,1.0
3.0,0.20126710688876742,302.0,0.31,0.006676092829741716,0.016067020134424202,0.0
3.0,0.20126710688876742,303.0,0.31,0.004729531646164775,0.21946145364431222,1.0
3.0,0.20126710688876742,304.0,0.31,0.0008844116633921186,0.008320057910979376,1.0
3.0,0.20126710688876742,305.0,0.31,0.005023309141953975,0.00046470858171725464,1.0
3.0,0.20126710688876742,306.0,0.31,0.005742691521116433,0.31574933262008287,1.0
3.0,0.20126710688876742,307.0,0.31,0.00703122819386705,0.0,0.0
3.0,0.20126710688876742,308.0,0.31,0.010741370987242989,0.0,0.0
3.0,0.20126710688876742,309.0,0.31,0.0019395147427715613,0.001889112532810936,1.0
3.0,0.20126710688876742,310.0,0.31,0.002630848885907568,0.17204995438435852,1.0
3.0,0.20126710688876742,311.0,0.31,0.006481068666182276,0.004057112043074038,0.0
3.0,0.20126710688876742,312.0,0.31,0.008627752336309089,0.0,0.0
3.0,0.20126710688876742,313.0,0.31,0.0021810021009101284,2.8464846511952224,1.0
3.0,0.20126710688876742,314.0,0.31,0.01973909858124622,0.0,0.0
3.0,0.20126710688876742,315.0,0.31,0.007439427402789676,0.034206158772030044,1.0
3.0,0.20126710688876742,316.0,0.31,0.005517424132001867,8.986497303660576,1.0
3.0,0.20126710688876742,317.0,0.31,0.002083157312923181,0.0028012355617523716,1.0
3.0,0.20126710688876742,318.0,0.31,0.007431033651482001,0.0,0.0
3.0,0.20126710688876742,319.0,0.31,0.006595110656958362,0.02063659326896776,0.0
3.0,0.20126710688876742,320.0,0.31,0.010418247348687995,1.8347189441750498,1.0
3.0,0.20126710688876742,321.0,0.31,0.0045688003441043,0.000145380175837077,0.0
3.0,0.20126710688876742,322.0,0.31,0.006408309995984553,6.356852708541572e-06,0.0
3.0,0.20126710688876742,323.0,0.31,0.0029897019120360456,0.008375528030307663,1.0
3.0,0.20126710688876742,324.0,0.31,0.010855588217103793,6.445442037782356e-08,0.0
3.0,0.20126710688876742,325.0,0.31,0.011066851083492996,0.02249993134551076,0.0
3.0,0.20126710688876742,326.0,0.31,0.006997532343304869,1.7571013002437262e-06,0.0
3.0,0.20126710688876742,327.0,0.31,0.021155015412974185,0.0004537113995391237,0.0
3.0,0.20126710688876742,328.0,0.31,0.0044334249073242436,1.0193466425989872,1.0
3.0,0.20126710688876742,329.0,0.31,0.0039001940415230698,1.659312618032901,1.0
3.0,0.20126710688876742,330.0,0.31,0.007273669976921454,7.978256639926431e-05,0.0
3.0,0.20126710688876742,331.0,0.31,0.002259356391478426,0.0009601256021505788,1.0
3.0,0.20126710688876742,332.0,0.31,0.0069959046998497015,0.0010012702419212466,0.0
3.0,0.20126710688876742,333.0,0.31,0.002204573191983113,0.3674672170559042,1.0
3.0,0.20126710688876742,334.0,0.31,0.004045402702627611,0.004763799854493337,1.0
3.0,0.20126710688876742,335.0,0.31,0.005129472750850388,5.999140474132381,1.0
3.0,0.20126710688876742,336.0,0.31,0.004431639008937791,0.02629041779396483,1.0
3.0,0.20126710688876742,337.0,0.31,0.005742022614190252,0.00018342088552466938,1.0
3.0,0.20126710688876742,338.0,0.31,0.004943456297421801,3.7324144301054263,1.0
3.0,0.20126710688876742,339.0,0.31,0.004956918920166592,0.0295022989724797,0.0
3.0,0.20126710688876742,340.0,0.31,0.0015566013497665748,0.8398562486067668,1.0
3.0,0.20126710688876742,341.0,0.31,0.00390811705530065,7.693737831746039,1.0
3.0,0.20126710688876742,342.0,0.31,0.0028356730355937527,0.2844488130841511,1.0
3.0,0.20126710688876742,343.0,0.31,0.006144834959054135,6.053877795748251,1.0
3.0,0.20126710688876742,344.0,0.31,0.007653065590812427,0.4473474434878194,1.0
3.0,0.20126710688876742,345.0,0.31,0.0031529613607544716,0.5002644306539045,1.0
3.0,0.20126710688876742,346.0,0.31,0.00477248223840758,0.0007629037706131157,0.0
3.0,0.20126710688876742,347.0,0.31,0.0013421627314717508,0.008156885980422648,1.0
3.0,0.20126710688876742,348.0,0.31,0.0013831491602065513,0.0029178304873854386,1.0
3.0,0.20126710688876742,349.0,0.31,0.003960085641074142,1.0060796622269352,1.0
3.0,0.20126710688876742,350.0,0.31,0.006877286146231394,0.007386887642771655,0.0
3.0,0.20126710688876742,351.0,0.31,0.006454963090213149,0.8442406126106358,1.0
3.0,0.20126710688876742,352.0,0.31,0.0027021711464790313,0.007867123216940337,1.0
3.0,0.20126710688876742,353.0,0.31,0.006630420240036607,0.002384099615521993,0.0
3.0,0.20126710688876742,354.0,0.31,0.0014748647665127242,0.0008527237036474264,1.0
3.0,0.20126710688876742,355.0,0.31,0.006105143384334174,0.09410921371819439,1.0
3.0,0.20126710688876742,356.0,0.31,0.013542732035317886,0.11991324612865656,1.0
3.0,0.20126710688876742,357.0,0.31,0.006668364351109433,0.0344296507298324,1.0
3.0,0.20126710688876742,358.0,0.31,0.010928164349193196,0.0,0.0
3.0,0.20126710688876742,359.0,0.31,0.011533250753219842,0.1564889246873786,1.0
3.0,0.20126710688876742,360.0,0.31,0.0047017681805416045,5.591843103612033e-05,0.0
3.0,0.20126710688876742,361.0,0.31,0.0020838907495855995,0.09142625838683817,1.0
3.0,0.20126710688876742,362.0,0.31,0.007017709786153725,0.0,0.0
3.0,0.20126710688876742,363.0,0.31,0.004917633136951388,0.0,0.0
3.0,0.20126710688876742,364.0,0.31,0.005708055057938765,0.18467310941100284,1.0
3.0,0.20126710688876742,365.0,0.31,0.0047618866473695285,0.8232041091510517,1.0
3.0,0.20126710688876742,366.0,0.31,0.008376208486237068,2.828982673262202,1.0
3.0,0.20126710688876742,367.0,0.31,0.006996931383772954,0.0,0.0
3.0,0.20126710688876742,368.0,0.31,0.004376497449185845,0.4585377252823405,1.0
3.0,0.20126710688876742,369.0,0.31,0.006884119437354389,0.0,0.0
3.0,0.20126710688876742,370.0,0.31,0.0031215134201180513,0.0011616653382414133,1.0
3.0,0.20126710688876742,371.0,0.31,0.0032592758942133213,0.0016587925568946839,1.0
3.0,0.20126710688876742,372.0,0.31,0.007813102524186887,1.8696155652047464,1.0
3.0,0.20126710688876742,373.0,0.31,0.0063628202474815725,1.0153344897477903,1.0
3.0,0.20126710688876742,374.0,0.31,0.010457100448021468,0.0,0.0
3.0,0.20126710688876742,375.0,0.31,0.00729382235690197,0.0,0.0
3.0,0.20126710688876742,376.0,0.31,0.004117611597299851,0.7117760251994854,1.0
3.0,0.20126710688876742,377.0,0.31,0.0017360273842550763,0.20077711007081966,1.0
3.0,0.20126710688876742,378.0,0.31,0.006576819309358847,13.260249020239298,1.0
3.0,0.20126710688876742,379.0,0.31,0.0015050086260874691,0.34275104801142214,1.0
3.0,0.20126710688876742,380.0,0.31,0.005331225793002995,0.0,0.0
3.0,0.20126710688876742,381.0,0.31,0.0026719743548380796,0.02332298341671761,1.0
3.0,0.20126710688876742,382.0,0.31,0.006545963560522377,0.0064911785020801424,0.0
3.0,0.20126710688876742,383.0,0.31,0.0011390726397676292,0.013902814589512851,1.0
3.0,0.20126710688876742,384.0,0.31,0.01686581655415281,0.0004997263965369813,0.0
3.0,0.20126710688876742,385.0,0.31,0.00832829657708092,0.1472972609983366,1.0
3.0,0.20126710688876742,386.0,0.31,0.021794104177740366,0.0036570132914129066,0.0
3.0,0.20126710688876742,387.0,0.31,0.004504920514555472,0.032628115971229096,1.0
3.0,0.20126710688876742,388.0,0.31,0.004112228158245836,6.045170231345306,1.0
3.0,0.20126710688876742,389.0,0.31,0.003002958885941661,0.0009366667798004009,1.0
3.0,0.20126710688876742,390.0,0.31,0.0052076088995867895,0.5550421972862174,1.0
3.0,0.20126710688876742,391.0,0.31,0.0021661090984296744,2.772962977156656e-07,1.0
3.0,0.20126710688876742,392.0,0.31,0.0016551623729866528,0.4376274561259056,1.0
3.0,0.20126710688876742,393.0,0.31,0.0048492498587392125,0.0,0.0
3.0,0.20126710688876742,394.0,0.31,0.007883844210037287,7.508383239395646e-05,0.0
3.0,0.20126710688876742,395.0,0.31,0.007060954051495102,0.004815395350126054,0.0
3.0,0.20126710688876742,396.0,0.31,0.005384818097659661,0.0,0.0
3.0,0.20126710688876742,397.0,0.31,0.005570698234631696,0.0,0.0
3.0,0.20126710688876742,398.0,0.31,0.002008196637083677,6.9220694438046415,1.0
3.0,0.20126710688876742,399.0,0.31,0.00461407733771985,0.0,0.0
